sample_id,source_video_id,video_path,source_dataset,original_label,mapped_label,label_id,label_type,window_type,duration,fps,num_frames,width,height,split,scene_id,camera_id,group_id,start_frame,end_frame,clip_start_sec,clip_end_sec,notes,clip_path,annotation_split,annotation_profile
-2UPLUV7JLg_00__accident,-2UPLUV7JLg_00,/autodl-fs/data/traffic_accident_rnd/ACCIDENT_dataset/real_videos/-2UPLUV7JLg_00.mp4,ACCIDENT-real,single,accident,1,weak_clip_event_window,accident_window,30.0,9.966667,299,960,720,train,Virginia,Virginia::highway,-2UPLUV7JLg_00,47,107,4.715719,10.735786,accident_time=6.708;type=single;weak_clip=true,/autodl-fs/data/traffic_accident_rnd/ACCIDENT_mmaction_clips/medium/train/-2UPLUV7JLg_00__accident.mp4,train,medium
-RE3XseZINA_00__accident,-RE3XseZINA_00,/autodl-fs/data/traffic_accident_rnd/ACCIDENT_dataset/real_videos/-RE3XseZINA_00.mp4,ACCIDENT-real,rear-end,accident,1,weak_clip_event_window,accident_window,30.333333,12.989011,394,1080,720,train,Alabama,Alabama::highway,-RE3XseZINA_00,272,350,20.940778,26.945854,accident_time=22.958;type=rear-end;weak_clip=true,/autodl-fs/data/traffic_accident_rnd/ACCIDENT_mmaction_clips/medium/train/-RE3XseZINA_00__accident.mp4,train,medium
-dVU8qW4ik8_00__accident,-dVU8qW4ik8_00,/autodl-fs/data/traffic_accident_rnd/ACCIDENT_dataset/real_videos/-dVU8qW4ik8_00.mp4,ACCIDENT-real,single,accident,1,weak_clip_event_window,accident_window,30.041667,14.979196,450,1080,720,train,Tennessee,Tennessee::highway,-dVU8qW4ik8_00,39,129,2.603611,8.611944,accident_time=4.625;type=single;weak_clip=true,/autodl-fs/data/traffic_accident_rnd/ACCIDENT_mmaction_clips/medium/train/-dVU8qW4ik8_00__accident.mp4,train,medium
-dmYsQc-odI_00__pre_event_non_accident,-dmYsQc-odI_00,/autodl-fs/data/traffic_accident_rnd/ACCIDENT_dataset/real_videos/-dmYsQc-odI_00.mp4,ACCIDENT-real,rear-end,non_accident,0,weak_clip_pre_event,pre_event_non_accident,30.125,8.033195,242,1280,720,train,Arkansas,Arkansas::highway,-dmYsQc-odI_00,0,22,0.0,2.738636,derived_pre_accident_until=2.750;weak_negative=true,/autodl-fs/data/traffic_accident_rnd/ACCIDENT_mmaction_clips/medium/train/-dmYsQc-odI_00__pre_event_non_accident.mp4,train,medium
0DB7w7rLGrk_00__accident,0DB7w7rLGrk_00,/autodl-fs/data/traffic_accident_rnd/ACCIDENT_dataset/real_videos/0DB7w7rLGrk_00.mp4,ACCIDENT-real,rear-end,accident,1,weak_clip_event_window,accident_window,29.958333,15.020862,450,960,720,train,Virginia,Virginia::highway,0DB7w7rLGrk_00,0,84,0.0,5.592222,accident_time=1.625;type=rear-end;weak_clip=true,/autodl-fs/data/traffic_accident_rnd/ACCIDENT_mmaction_clips/medium/train/0DB7w7rLGrk_00__accident.mp4,train,medium
1fpsdsKWH_M_00__pre_event_non_accident,1fpsdsKWH_M_00,/autodl-fs/data/traffic_accident_rnd/ACCIDENT_dataset/real_videos/1fpsdsKWH_M_00.mp4,ACCIDENT-real,rear-end,non_accident,0,weak_clip_pre_event,pre_event_non_accident,30.037037,22.938348,689,1280,720,train,Seattle,Seattle::highway,1fpsdsKWH_M_00,0,51,0.0,2.223351,derived_pre_accident_until=2.222;weak_negative=true,/autodl-fs/data/traffic_accident_rnd/ACCIDENT_mmaction_clips/medium/train/1fpsdsKWH_M_00__pre_event_non_accident.mp4,train,medium
1fpsdsKWH_M_00__accident,1fpsdsKWH_M_00,/autodl-fs/data/traffic_accident_rnd/ACCIDENT_dataset/real_videos/1fpsdsKWH_M_00.mp4,ACCIDENT-real,rear-end,accident,1,weak_clip_event_window,accident_window,30.037037,22.938348,689,1280,720,train,Seattle,Seattle::highway,1fpsdsKWH_M_00,74,212,3.226039,9.242165,accident_time=5.222;type=rear-end;weak_clip=true,/autodl-fs/data/traffic_accident_rnd/ACCIDENT_mmaction_clips/medium/train/1fpsdsKWH_M_00__accident.mp4,train,medium
1jCpA4y5NHY_00__accident,1jCpA4y5NHY_00,/autodl-fs/data/traffic_accident_rnd/ACCIDENT_dataset/real_videos/1jCpA4y5NHY_00.mp4,ACCIDENT-real,rear-end,accident,1,weak_clip_event_window,accident_window,30.033333,14.950055,449,1920,1080,train,Georgia,Georgia::highway,1jCpA4y5NHY_00,25,115,1.672235,7.692279,accident_time=3.7;type=rear-end;weak_clip=true,/autodl-fs/data/traffic_accident_rnd/ACCIDENT_mmaction_clips/medium/train/1jCpA4y5NHY_00__accident.mp4,train,medium
2vEysG50vYY_00__pre_event_non_accident,2vEysG50vYY_00,/autodl-fs/data/traffic_accident_rnd/ACCIDENT_dataset/real_videos/2vEysG50vYY_00.mp4,ACCIDENT-real,single,non_accident,0,weak_clip_pre_event,pre_event_non_accident,29.916667,10.027855,300,960,720,train,Virginia,Virginia::highway,2vEysG50vYY_00,0,23,0.0,2.293611,derived_pre_accident_until=2.292;weak_negative=true,/autodl-fs/data/traffic_accident_rnd/ACCIDENT_mmaction_clips/medium/train/2vEysG50vYY_00__pre_event_non_accident.mp4,train,medium
3Jiii8dJ4UY_00__pre_event_non_accident,3Jiii8dJ4UY_00,/autodl-fs/data/traffic_accident_rnd/ACCIDENT_dataset/real_videos/3Jiii8dJ4UY_00.mp4,ACCIDENT-real,single,non_accident,0,weak_clip_pre_event,pre_event_non_accident,29.958333,10.047288,301,960,720,train,Virginia,Virginia::highway,3Jiii8dJ4UY_00,0,22,0.0,2.189646,derived_pre_accident_until=2.167;weak_negative=true,/autodl-fs/data/traffic_accident_rnd/ACCIDENT_mmaction_clips/medium/train/3Jiii8dJ4UY_00__pre_event_non_accident.mp4,train,medium
3Jiii8dJ4UY_00__accident,3Jiii8dJ4UY_00,/autodl-fs/data/traffic_accident_rnd/ACCIDENT_dataset/real_videos/3Jiii8dJ4UY_00.mp4,ACCIDENT-real,single,accident,1,weak_clip_event_window,accident_window,29.958333,10.047288,301,960,720,train,Virginia,Virginia::highway,3Jiii8dJ4UY_00,32,92,3.184939,9.1567,accident_time=5.167;type=single;weak_clip=true,/autodl-fs/data/traffic_accident_rnd/ACCIDENT_mmaction_clips/medium/train/3Jiii8dJ4UY_00__accident.mp4,train,medium
3Xd6PxEvbNk_2_00__pre_event_non_accident,3Xd6PxEvbNk_2_00,/autodl-fs/data/traffic_accident_rnd/ACCIDENT_dataset/real_videos/3Xd6PxEvbNk_2_00.mp4,ACCIDENT-real,t-bone,non_accident,0,weak_clip_pre_event,pre_event_non_accident,11.9119,16.202285,193,480,360,train,World,World::signalized_intersection,3Xd6PxEvbNk_2_00,0,47,0.0,2.900825,derived_pre_accident_until=2.873;weak_negative=true,/autodl-fs/data/traffic_accident_rnd/ACCIDENT_mmaction_clips/medium/train/3Xd6PxEvbNk_2_00__pre_event_non_accident.mp4,train,medium
3Xd6PxEvbNk_2_00__accident,3Xd6PxEvbNk_2_00,/autodl-fs/data/traffic_accident_rnd/ACCIDENT_dataset/real_videos/3Xd6PxEvbNk_2_00.mp4,ACCIDENT-real,t-bone,accident,1,weak_clip_event_window,accident_window,11.9119,16.202285,193,480,360,train,World,World::signalized_intersection,3Xd6PxEvbNk_2_00,63,160,3.88834,9.87515,accident_time=5.872533;type=t-bone;weak_clip=true,/autodl-fs/data/traffic_accident_rnd/ACCIDENT_mmaction_clips/medium/train/3Xd6PxEvbNk_2_00__accident.mp4,train,medium
3Xd6PxEvbNk_5_00__pre_event_non_accident,3Xd6PxEvbNk_5_00,/autodl-fs/data/traffic_accident_rnd/ACCIDENT_dataset/real_videos/3Xd6PxEvbNk_5_00.mp4,ACCIDENT-real,t-bone,non_accident,0,weak_clip_pre_event,pre_event_non_accident,14.748067,22.850453,337,480,360,train,World,World::signalized_intersection,3Xd6PxEvbNk_5_00,0,150,0.0,6.564421,derived_pre_accident_until=6.543;weak_negative=true,/autodl-fs/data/traffic_accident_rnd/ACCIDENT_mmaction_clips/medium/train/3Xd6PxEvbNk_5_00__pre_event_non_accident.mp4,train,medium
3Xd6PxEvbNk_5_00__accident,3Xd6PxEvbNk_5_00,/autodl-fs/data/traffic_accident_rnd/ACCIDENT_dataset/real_videos/3Xd6PxEvbNk_5_00.mp4,ACCIDENT-real,t-bone,accident,1,weak_clip_event_window,accident_window,14.748067,22.850453,337,480,360,train,World,World::signalized_intersection,3Xd6PxEvbNk_5_00,172,309,7.527203,13.522708,accident_time=9.542867;type=t-bone;weak_clip=true,/autodl-fs/data/traffic_accident_rnd/ACCIDENT_mmaction_clips/medium/train/3Xd6PxEvbNk_5_00__accident.mp4,train,medium
3Xd6PxEvbNk_9_00__pre_event_non_accident,3Xd6PxEvbNk_9_00,/autodl-fs/data/traffic_accident_rnd/ACCIDENT_dataset/real_videos/3Xd6PxEvbNk_9_00.mp4,ACCIDENT-real,t-bone,non_accident,0,weak_clip_pre_event,pre_event_non_accident,15.281933,16.49006,252,480,360,train,World,World::signalized_intersection,3Xd6PxEvbNk_9_00,0,48,0.0,2.910844,derived_pre_accident_until=2.939;weak_negative=true,/autodl-fs/data/traffic_accident_rnd/ACCIDENT_mmaction_clips/medium/train/3Xd6PxEvbNk_9_00__pre_event_non_accident.mp4,train,medium
3gFe7GtkEPk_00__pre_event_non_accident,3gFe7GtkEPk_00,/autodl-fs/data/traffic_accident_rnd/ACCIDENT_dataset/real_videos/3gFe7GtkEPk_00.mp4,ACCIDENT-real,single,non_accident,0,weak_clip_pre_event,pre_event_non_accident,20.016667,30.024979,601,3240,2160,train,Virginia,Virginia::highway,3gFe7GtkEPk_00,0,273,0.0,9.092429,derived_pre_accident_until=9.100;weak_negative=true,/autodl-fs/data/traffic_accident_rnd/ACCIDENT_mmaction_clips/medium/train/3gFe7GtkEPk_00__pre_event_non_accident.mp4,train,medium
63jg9PMxHZM_00__pre_event_non_accident,63jg9PMxHZM_00,/autodl-fs/data/traffic_accident_rnd/ACCIDENT_dataset/real_videos/63jg9PMxHZM_00.mp4,ACCIDENT-real,rear-end,non_accident,0,weak_clip_pre_event,pre_event_non_accident,29.333333,14.965909,439,960,720,train,Virginia,Virginia::highway,63jg9PMxHZM_00,0,21,0.0,1.403189,derived_pre_accident_until=1.375;weak_negative=true,/autodl-fs/data/traffic_accident_rnd/ACCIDENT_mmaction_clips/medium/train/63jg9PMxHZM_00__pre_event_non_accident.mp4,train,medium
63jg9PMxHZM_00__accident,63jg9PMxHZM_00,/autodl-fs/data/traffic_accident_rnd/ACCIDENT_dataset/real_videos/63jg9PMxHZM_00.mp4,ACCIDENT-real,rear-end,accident,1,weak_clip_event_window,accident_window,29.333333,14.965909,439,960,720,train,Virginia,Virginia::highway,63jg9PMxHZM_00,35,125,2.338648,8.352316,accident_time=4.375;type=rear-end;weak_clip=true,/autodl-fs/data/traffic_accident_rnd/ACCIDENT_mmaction_clips/medium/train/63jg9PMxHZM_00__accident.mp4,train,medium
651RQwxB3WA_17_00__accident,651RQwxB3WA_17_00,/autodl-fs/data/traffic_accident_rnd/ACCIDENT_dataset/real_videos/651RQwxB3WA_17_00.mp4,ACCIDENT-real,t-bone,accident,1,weak_clip_event_window,accident_window,4.166667,5.04,21,320,160,train,World,World::signalized_intersection,651RQwxB3WA_17_00,0,21,0.0,4.166667,accident_time=1.833333;type=t-bone;weak_clip=true,/autodl-fs/data/traffic_accident_rnd/ACCIDENT_mmaction_clips/medium/train/651RQwxB3WA_17_00__accident.mp4,train,medium
651RQwxB3WA_2_00__pre_event_non_accident,651RQwxB3WA_2_00,/autodl-fs/data/traffic_accident_rnd/ACCIDENT_dataset/real_videos/651RQwxB3WA_2_00.mp4,ACCIDENT-real,rear-end,non_accident,0,weak_clip_pre_event,pre_event_non_accident,8.833333,5.09434,45,320,160,train,World,World::city_street,651RQwxB3WA_2_00,0,8,0.0,1.57037,derived_pre_accident_until=1.500;weak_negative=true,/autodl-fs/data/traffic_accident_rnd/ACCIDENT_mmaction_clips/medium/train/651RQwxB3WA_2_00__pre_event_non_accident.mp4,train,medium
67eBRe-YfEE_2_00__accident,67eBRe-YfEE_2_00,/autodl-fs/data/traffic_accident_rnd/ACCIDENT_dataset/real_videos/67eBRe-YfEE_2_00.mp4,ACCIDENT-real,rear-end,accident,1,weak_clip_event_window,accident_window,7.3073,25.864546,189,1280,720,train,World,World::city_street,67eBRe-YfEE_2_00,0,142,0.0,5.490141,accident_time=1.5014999999999996;type=rear-end;weak_clip=true,/autodl-fs/data/traffic_accident_rnd/ACCIDENT_mmaction_clips/medium/train/67eBRe-YfEE_2_00__accident.mp4,train,medium
6AzIoSDn5Qs_00__accident,6AzIoSDn5Qs_00,/autodl-fs/data/traffic_accident_rnd/ACCIDENT_dataset/real_videos/6AzIoSDn5Qs_00.mp4,ACCIDENT-real,rear-end,accident,1,weak_clip_event_window,accident_window,18.041667,15.020785,271,960,720,train,New_York,New_York::highway,6AzIoSDn5Qs_00,0,84,0.0,5.592251,accident_time=1.5839999999999996;type=rear-end;weak_clip=true,/autodl-fs/data/traffic_accident_rnd/ACCIDENT_mmaction_clips/medium/train/6AzIoSDn5Qs_00__accident.mp4,train,medium
6mVcTFd5TzI_0_00__accident,6mVcTFd5TzI_0_00,/autodl-fs/data/traffic_accident_rnd/ACCIDENT_dataset/real_videos/6mVcTFd5TzI_0_00.mp4,ACCIDENT-real,t-bone,accident,1,weak_clip_event_window,accident_window,3.92,25.0,98,320,240,train,World,World::signalized_intersection,6mVcTFd5TzI_0_00,3,98,0.12,3.92,accident_time=2.12;type=t-bone;weak_clip=true,/autodl-fs/data/traffic_accident_rnd/ACCIDENT_mmaction_clips/medium/train/6mVcTFd5TzI_0_00__accident.mp4,train,medium
6mVcTFd5TzI_20_00__accident,6mVcTFd5TzI_20_00,/autodl-fs/data/traffic_accident_rnd/ACCIDENT_dataset/real_videos/6mVcTFd5TzI_20_00.mp4,ACCIDENT-real,sideswipe,accident,1,weak_clip_event_window,accident_window,4.36,24.311927,106,320,240,train,World,World::simple_intersection,6mVcTFd5TzI_20_00,0,106,0.0,4.36,accident_time=1.52;type=sideswipe;weak_clip=true,/autodl-fs/data/traffic_accident_rnd/ACCIDENT_mmaction_clips/medium/train/6mVcTFd5TzI_20_00__accident.mp4,train,medium
6mVcTFd5TzI_22_00__pre_event_non_accident,6mVcTFd5TzI_22_00,/autodl-fs/data/traffic_accident_rnd/ACCIDENT_dataset/real_videos/6mVcTFd5TzI_22_00.mp4,ACCIDENT-real,t-bone,non_accident,0,weak_clip_pre_event,pre_event_non_accident,7.64,24.34555,186,320,240,train,World,World::simple_intersection,6mVcTFd5TzI_22_00,0,67,0.0,2.752043,derived_pre_accident_until=2.760;weak_negative=true,/autodl-fs/data/traffic_accident_rnd/ACCIDENT_mmaction_clips/medium/train/6mVcTFd5TzI_22_00__pre_event_non_accident.mp4,train,medium
6mVcTFd5TzI_22_00__accident,6mVcTFd5TzI_22_00,/autodl-fs/data/traffic_accident_rnd/ACCIDENT_dataset/real_videos/6mVcTFd5TzI_22_00.mp4,ACCIDENT-real,t-bone,accident,1,weak_clip_event_window,accident_window,7.64,24.34555,186,320,240,train,World,World::simple_intersection,6mVcTFd5TzI_22_00,91,186,3.737849,7.64,accident_time=5.76;type=t-bone;weak_clip=true,/autodl-fs/data/traffic_accident_rnd/ACCIDENT_mmaction_clips/medium/train/6mVcTFd5TzI_22_00__accident.mp4,train,medium
7CO_LqgfiFg_00__accident,7CO_LqgfiFg_00,/autodl-fs/data/traffic_accident_rnd/ACCIDENT_dataset/real_videos/7CO_LqgfiFg_00.mp4,ACCIDENT-real,sideswipe,accident,1,weak_clip_event_window,accident_window,30.0,14.966667,449,1080,720,train,Alabama,Alabama::highway,7CO_LqgfiFg_00,7,97,0.467706,6.481069,accident_time=2.5;type=sideswipe;weak_clip=true,/autodl-fs/data/traffic_accident_rnd/ACCIDENT_mmaction_clips/medium/train/7CO_LqgfiFg_00__accident.mp4,train,medium
7UHfU52BUbQ_00__accident,7UHfU52BUbQ_00,/autodl-fs/data/traffic_accident_rnd/ACCIDENT_dataset/real_videos/7UHfU52BUbQ_00.mp4,ACCIDENT-real,single,accident,1,weak_clip_event_window,accident_window,11.833333,15.042254,178,960,720,train,Tennessee,Tennessee::grade_separated_intersection,7UHfU52BUbQ_00,18,108,1.196629,7.179775,accident_time=3.208;type=single;weak_clip=true,/autodl-fs/data/traffic_accident_rnd/ACCIDENT_mmaction_clips/medium/train/7UHfU52BUbQ_00__accident.mp4,train,medium
7YEUfIVVk9Y_0_00__accident,7YEUfIVVk9Y_0_00,/autodl-fs/data/traffic_accident_rnd/ACCIDENT_dataset/real_videos/7YEUfIVVk9Y_0_00.mp4,ACCIDENT-real,rear-end,accident,1,weak_clip_event_window,accident_window,6.68,24.700599,165,1280,720,train,World,World::city_street,7YEUfIVVk9Y_0_00,0,116,0.0,4.696242,accident_time=0.68;type=rear-end;weak_clip=true,/autodl-fs/data/traffic_accident_rnd/ACCIDENT_mmaction_clips/medium/train/7YEUfIVVk9Y_0_00__accident.mp4,train,medium
7YEUfIVVk9Y_4_00__accident,7YEUfIVVk9Y_4_00,/autodl-fs/data/traffic_accident_rnd/ACCIDENT_dataset/real_videos/7YEUfIVVk9Y_4_00.mp4,ACCIDENT-real,t-bone,accident,1,weak_clip_event_window,accident_window,4.32,25.0,108,1280,720,train,World,World::signalized_intersection,7YEUfIVVk9Y_4_00,0,108,0.0,4.32,accident_time=0.52;type=t-bone;weak_clip=true,/autodl-fs/data/traffic_accident_rnd/ACCIDENT_mmaction_clips/medium/train/7YEUfIVVk9Y_4_00__accident.mp4,train,medium
7ZCKQq8C3X0_00__pre_event_non_accident,7ZCKQq8C3X0_00,/autodl-fs/data/traffic_accident_rnd/ACCIDENT_dataset/real_videos/7ZCKQq8C3X0_00.mp4,ACCIDENT-real,single,non_accident,0,weak_clip_pre_event,pre_event_non_accident,30.033333,29.933407,899,1080,720,train,Minnesota,Minnesota::highway,7ZCKQq8C3X0_00,0,34,0.0,1.135855,derived_pre_accident_until=1.133;weak_negative=true,/autodl-fs/data/traffic_accident_rnd/ACCIDENT_mmaction_clips/medium/train/7ZCKQq8C3X0_00__pre_event_non_accident.mp4,train,medium
8UJFstPfuhU_00__accident,8UJFstPfuhU_00,/autodl-fs/data/traffic_accident_rnd/ACCIDENT_dataset/real_videos/8UJFstPfuhU_00.mp4,ACCIDENT-real,single,accident,1,weak_clip_event_window,accident_window,30.033333,30.0,901,1920,1080,train,Alabama,Alabama::highway,8UJFstPfuhU_00,48,228,1.6,7.6,accident_time=3.6;type=single;weak_clip=true,/autodl-fs/data/traffic_accident_rnd/ACCIDENT_mmaction_clips/medium/train/8UJFstPfuhU_00__accident.mp4,train,medium
9DRFJxKHc6g_2_00__pre_event_non_accident,9DRFJxKHc6g_2_00,/autodl-fs/data/traffic_accident_rnd/ACCIDENT_dataset/real_videos/9DRFJxKHc6g_2_00.mp4,ACCIDENT-real,t-bone,non_accident,0,weak_clip_pre_event,pre_event_non_accident,8.775433,24.272306,213,1280,720,train,World,World::signalized_intersection,9DRFJxKHc6g_2_00,0,52,0.0,2.142359,derived_pre_accident_until=2.138;weak_negative=true,/autodl-fs/data/traffic_accident_rnd/ACCIDENT_mmaction_clips/medium/train/9DRFJxKHc6g_2_00__pre_event_non_accident.mp4,train,medium
9DRFJxKHc6g_4_00__pre_event_non_accident,9DRFJxKHc6g_4_00,/autodl-fs/data/traffic_accident_rnd/ACCIDENT_dataset/real_videos/9DRFJxKHc6g_4_00.mp4,ACCIDENT-real,head-on,non_accident,0,weak_clip_pre_event,pre_event_non_accident,12.746067,25.027329,319,1280,720,train,World,World::simple_intersection,9DRFJxKHc6g_4_00,0,94,0.0,3.755894,derived_pre_accident_until=3.740;weak_negative=true,/autodl-fs/data/traffic_accident_rnd/ACCIDENT_mmaction_clips/medium/train/9DRFJxKHc6g_4_00__pre_event_non_accident.mp4,train,medium
9DRFJxKHc6g_5_00__pre_event_non_accident,9DRFJxKHc6g_5_00,/autodl-fs/data/traffic_accident_rnd/ACCIDENT_dataset/real_videos/9DRFJxKHc6g_5_00.mp4,ACCIDENT-real,t-bone,non_accident,0,weak_clip_pre_event,pre_event_non_accident,15.682333,24.486152,384,1280,720,train,World,World::signalized_intersection,9DRFJxKHc6g_5_00,0,172,0.0,7.024378,derived_pre_accident_until=7.043;weak_negative=true,/autodl-fs/data/traffic_accident_rnd/ACCIDENT_mmaction_clips/medium/train/9DRFJxKHc6g_5_00__pre_event_non_accident.mp4,train,medium
9PeFHB3oBKg_00__pre_event_non_accident,9PeFHB3oBKg_00,/autodl-fs/data/traffic_accident_rnd/ACCIDENT_dataset/real_videos/9PeFHB3oBKg_00.mp4,ACCIDENT-real,rear-end,non_accident,0,weak_clip_pre_event,pre_event_non_accident,30.0,11.233333,337,960,720,train,Alabama,Alabama::highway,9PeFHB3oBKg_00,0,32,0.0,2.848665,derived_pre_accident_until=2.875;weak_negative=true,/autodl-fs/data/traffic_accident_rnd/ACCIDENT_mmaction_clips/medium/train/9PeFHB3oBKg_00__pre_event_non_accident.mp4,train,medium
9XfMq4ikGTU_00__accident,9XfMq4ikGTU_00,/autodl-fs/data/traffic_accident_rnd/ACCIDENT_dataset/real_videos/9XfMq4ikGTU_00.mp4,ACCIDENT-real,rear-end,accident,1,weak_clip_event_window,accident_window,30.0,29.466667,884,1080,720,train,Minnesota,Minnesota::grade_separated_intersection,9XfMq4ikGTU_00,113,290,3.834842,9.841629,accident_time=5.8333330000000005;type=rear-end;weak_clip=true,/autodl-fs/data/traffic_accident_rnd/ACCIDENT_mmaction_clips/medium/train/9XfMq4ikGTU_00__accident.mp4,train,medium
9fKAb-gGLRM_1_00__pre_event_non_accident,9fKAb-gGLRM_1_00,/autodl-fs/data/traffic_accident_rnd/ACCIDENT_dataset/real_videos/9fKAb-gGLRM_1_00.mp4,ACCIDENT-real,single,non_accident,0,weak_clip_pre_event,pre_event_non_accident,11.8,9.830508,116,1280,720,train,World,World::simple_intersection,9fKAb-gGLRM_1_00,0,20,0.0,2.034483,derived_pre_accident_until=2.000;weak_negative=true,/autodl-fs/data/traffic_accident_rnd/ACCIDENT_mmaction_clips/medium/train/9fKAb-gGLRM_1_00__pre_event_non_accident.mp4,train,medium
9fKAb-gGLRM_1_00__accident,9fKAb-gGLRM_1_00,/autodl-fs/data/traffic_accident_rnd/ACCIDENT_dataset/real_videos/9fKAb-gGLRM_1_00.mp4,ACCIDENT-real,single,accident,1,weak_clip_event_window,accident_window,11.8,9.830508,116,1280,720,train,World,World::simple_intersection,9fKAb-gGLRM_1_00,29,88,2.95,8.951724,accident_time=5.0;type=single;weak_clip=true,/autodl-fs/data/traffic_accident_rnd/ACCIDENT_mmaction_clips/medium/train/9fKAb-gGLRM_1_00__accident.mp4,train,medium
AJKLxHzIHYY_13_00__accident,AJKLxHzIHYY_13_00,/autodl-fs/data/traffic_accident_rnd/ACCIDENT_dataset/real_videos/AJKLxHzIHYY_13_00.mp4,ACCIDENT-real,t-bone,accident,1,weak_clip_event_window,accident_window,2.6,24.230769,63,480,360,train,World,World::signalized_intersection,AJKLxHzIHYY_13_00,0,63,0.0,2.6,accident_time=1.08;type=t-bone;weak_clip=true,/autodl-fs/data/traffic_accident_rnd/ACCIDENT_mmaction_clips/medium/train/AJKLxHzIHYY_13_00__accident.mp4,train,medium
ALFF5620ljk_10_00__pre_event_non_accident,ALFF5620ljk_10_00,/autodl-fs/data/traffic_accident_rnd/ACCIDENT_dataset/real_videos/ALFF5620ljk_10_00.mp4,ACCIDENT-real,t-bone,non_accident,0,weak_clip_pre_event,pre_event_non_accident,11.633333,20.114613,234,540,360,train,World,World::signalized_intersection,ALFF5620ljk_10_00,0,99,0.0,4.921795,derived_pre_accident_until=4.900;weak_negative=true,/autodl-fs/data/traffic_accident_rnd/ACCIDENT_mmaction_clips/medium/train/ALFF5620ljk_10_00__pre_event_non_accident.mp4,train,medium
ALFF5620ljk_10_00__accident,ALFF5620ljk_10_00,/autodl-fs/data/traffic_accident_rnd/ACCIDENT_dataset/real_videos/ALFF5620ljk_10_00.mp4,ACCIDENT-real,t-bone,accident,1,weak_clip_event_window,accident_window,11.633333,20.114613,234,540,360,train,World,World::signalized_intersection,ALFF5620ljk_10_00,119,234,5.916097,11.633333,accident_time=7.9;type=t-bone;weak_clip=true,/autodl-fs/data/traffic_accident_rnd/ACCIDENT_mmaction_clips/medium/train/ALFF5620ljk_10_00__accident.mp4,train,medium
ALFF5620ljk_12_00__accident,ALFF5620ljk_12_00,/autodl-fs/data/traffic_accident_rnd/ACCIDENT_dataset/real_videos/ALFF5620ljk_12_00.mp4,ACCIDENT-real,head-on,accident,1,weak_clip_event_window,accident_window,11.133333,15.988024,178,540,360,train,World,World::signalized_intersection,ALFF5620ljk_12_00,76,172,4.753558,10.758052,accident_time=6.733333;type=head-on;weak_clip=true,/autodl-fs/data/traffic_accident_rnd/ACCIDENT_mmaction_clips/medium/train/ALFF5620ljk_12_00__accident.mp4,train,medium
ALFF5620ljk_1_00__pre_event_non_accident,ALFF5620ljk_1_00,/autodl-fs/data/traffic_accident_rnd/ACCIDENT_dataset/real_videos/ALFF5620ljk_1_00.mp4,ACCIDENT-real,t-bone,non_accident,0,weak_clip_pre_event,pre_event_non_accident,11.666667,20.057143,234,540,360,train,World,World::signalized_intersection,ALFF5620ljk_1_00,0,120,0.0,5.982906,derived_pre_accident_until=6.000;weak_negative=true,/autodl-fs/data/traffic_accident_rnd/ACCIDENT_mmaction_clips/medium/train/ALFF5620ljk_1_00__pre_event_non_accident.mp4,train,medium
ALFF5620ljk_1_00__accident,ALFF5620ljk_1_00,/autodl-fs/data/traffic_accident_rnd/ACCIDENT_dataset/real_videos/ALFF5620ljk_1_00.mp4,ACCIDENT-real,t-bone,accident,1,weak_clip_event_window,accident_window,11.666667,20.057143,234,540,360,train,World,World::signalized_intersection,ALFF5620ljk_1_00,141,234,7.029915,11.666667,accident_time=9.0;type=t-bone;weak_clip=true,/autodl-fs/data/traffic_accident_rnd/ACCIDENT_mmaction_clips/medium/train/ALFF5620ljk_1_00__accident.mp4,train,medium
ALFF5620ljk_2_00__pre_event_non_accident,ALFF5620ljk_2_00,/autodl-fs/data/traffic_accident_rnd/ACCIDENT_dataset/real_videos/ALFF5620ljk_2_00.mp4,ACCIDENT-real,t-bone,non_accident,0,weak_clip_pre_event,pre_event_non_accident,11.833333,20.028169,237,540,360,train,World,World::signalized_intersection,ALFF5620ljk_2_00,0,86,0.0,4.293952,derived_pre_accident_until=4.300;weak_negative=true,/autodl-fs/data/traffic_accident_rnd/ACCIDENT_mmaction_clips/medium/train/ALFF5620ljk_2_00__pre_event_non_accident.mp4,train,medium
ALFF5620ljk_3_00__accident,ALFF5620ljk_3_00,/autodl-fs/data/traffic_accident_rnd/ACCIDENT_dataset/real_videos/ALFF5620ljk_3_00.mp4,ACCIDENT-real,t-bone,accident,1,weak_clip_event_window,accident_window,11.133333,19.221557,214,540,360,train,World,World::signalized_intersection,ALFF5620ljk_3_00,113,214,5.878816,11.133333,accident_time=7.833333;type=t-bone;weak_clip=true,/autodl-fs/data/traffic_accident_rnd/ACCIDENT_mmaction_clips/medium/train/ALFF5620ljk_3_00__accident.mp4,train,medium
ALFF5620ljk_5_00__pre_event_non_accident,ALFF5620ljk_5_00,/autodl-fs/data/traffic_accident_rnd/ACCIDENT_dataset/real_videos/ALFF5620ljk_5_00.mp4,ACCIDENT-real,t-bone,non_accident,0,weak_clip_pre_event,pre_event_non_accident,15.0,24.6,369,540,360,train,World,World::signalized_intersection,ALFF5620ljk_5_00,0,200,0.0,8.130081,derived_pre_accident_until=8.133;weak_negative=true,/autodl-fs/data/traffic_accident_rnd/ACCIDENT_mmaction_clips/medium/train/ALFF5620ljk_5_00__pre_event_non_accident.mp4,train,medium
ALFF5620ljk_7_00__pre_event_non_accident,ALFF5620ljk_7_00,/autodl-fs/data/traffic_accident_rnd/ACCIDENT_dataset/real_videos/ALFF5620ljk_7_00.mp4,ACCIDENT-real,t-bone,non_accident,0,weak_clip_pre_event,pre_event_non_accident,11.166667,19.164179,214,540,360,train,World,World::signalized_intersection,ALFF5620ljk_7_00,0,96,0.0,5.009346,derived_pre_accident_until=5.033;weak_negative=true,/autodl-fs/data/traffic_accident_rnd/ACCIDENT_mmaction_clips/medium/train/ALFF5620ljk_7_00__pre_event_non_accident.mp4,train,medium
ALFF5620ljk_7_00__accident,ALFF5620ljk_7_00,/autodl-fs/data/traffic_accident_rnd/ACCIDENT_dataset/real_videos/ALFF5620ljk_7_00.mp4,ACCIDENT-real,t-bone,accident,1,weak_clip_event_window,accident_window,11.166667,19.164179,214,540,360,train,World,World::signalized_intersection,ALFF5620ljk_7_00,116,214,6.05296,11.166667,accident_time=8.033333;type=t-bone;weak_clip=true,/autodl-fs/data/traffic_accident_rnd/ACCIDENT_mmaction_clips/medium/train/ALFF5620ljk_7_00__accident.mp4,train,medium
ALFF5620ljk_8_00__pre_event_non_accident,ALFF5620ljk_8_00,/autodl-fs/data/traffic_accident_rnd/ACCIDENT_dataset/real_videos/ALFF5620ljk_8_00.mp4,ACCIDENT-real,t-bone,non_accident,0,weak_clip_pre_event,pre_event_non_accident,11.9,19.579832,233,540,360,train,World,World::signalized_intersection,ALFF5620ljk_8_00,0,100,0.0,5.107296,derived_pre_accident_until=5.100;weak_negative=true,/autodl-fs/data/traffic_accident_rnd/ACCIDENT_mmaction_clips/medium/train/ALFF5620ljk_8_00__pre_event_non_accident.mp4,train,medium
ALFF5620ljk_8_00__accident,ALFF5620ljk_8_00,/autodl-fs/data/traffic_accident_rnd/ACCIDENT_dataset/real_videos/ALFF5620ljk_8_00.mp4,ACCIDENT-real,t-bone,accident,1,weak_clip_event_window,accident_window,11.9,19.579832,233,540,360,train,World,World::signalized_intersection,ALFF5620ljk_8_00,120,233,6.128755,11.9,accident_time=8.1;type=t-bone;weak_clip=true,/autodl-fs/data/traffic_accident_rnd/ACCIDENT_mmaction_clips/medium/train/ALFF5620ljk_8_00__accident.mp4,train,medium
ALFF5620ljk_9_00__pre_event_non_accident,ALFF5620ljk_9_00,/autodl-fs/data/traffic_accident_rnd/ACCIDENT_dataset/real_videos/ALFF5620ljk_9_00.mp4,ACCIDENT-real,t-bone,non_accident,0,weak_clip_pre_event,pre_event_non_accident,20.9,8.229665,172,540,360,train,World,World::signalized_intersection,ALFF5620ljk_9_00,0,61,0.0,7.412209,derived_pre_accident_until=7.433;weak_negative=true,/autodl-fs/data/traffic_accident_rnd/ACCIDENT_mmaction_clips/medium/train/ALFF5620ljk_9_00__pre_event_non_accident.mp4,train,medium
ApyekBAgfg8_00__pre_event_non_accident,ApyekBAgfg8_00,/autodl-fs/data/traffic_accident_rnd/ACCIDENT_dataset/real_videos/ApyekBAgfg8_00.mp4,ACCIDENT-real,head-on,non_accident,0,weak_clip_pre_event,pre_event_non_accident,30.041667,14.945908,449,1056,720,train,Alabama,Alabama::signalized_intersection,ApyekBAgfg8_00,0,15,0.0,1.003619,derived_pre_accident_until=1.000;weak_negative=true,/autodl-fs/data/traffic_accident_rnd/ACCIDENT_mmaction_clips/medium/train/ApyekBAgfg8_00__pre_event_non_accident.mp4,train,medium
ApyekBAgfg8_00__accident,ApyekBAgfg8_00,/autodl-fs/data/traffic_accident_rnd/ACCIDENT_dataset/real_videos/ApyekBAgfg8_00.mp4,ACCIDENT-real,head-on,accident,1,weak_clip_event_window,accident_window,30.041667,14.945908,449,1056,720,train,Alabama,Alabama::signalized_intersection,ApyekBAgfg8_00,30,120,2.007238,8.028953,accident_time=4.0;type=head-on;weak_clip=true,/autodl-fs/data/traffic_accident_rnd/ACCIDENT_mmaction_clips/medium/train/ApyekBAgfg8_00__accident.mp4,train,medium
BF5W6-8AkGM_00__pre_event_non_accident,BF5W6-8AkGM_00,/autodl-fs/data/traffic_accident_rnd/ACCIDENT_dataset/real_videos/BF5W6-8AkGM_00.mp4,ACCIDENT-real,single,non_accident,0,weak_clip_pre_event,pre_event_non_accident,30.0,11.466667,344,960,720,train,Virginia,Virginia::highway,BF5W6-8AkGM_00,0,16,0.0,1.395349,derived_pre_accident_until=1.417;weak_negative=true,/autodl-fs/data/traffic_accident_rnd/ACCIDENT_mmaction_clips/medium/train/BF5W6-8AkGM_00__pre_event_non_accident.mp4,train,medium
BSNh9UoKY54_1_00__accident,BSNh9UoKY54_1_00,/autodl-fs/data/traffic_accident_rnd/ACCIDENT_dataset/real_videos/BSNh9UoKY54_1_00.mp4,ACCIDENT-real,t-bone,accident,1,weak_clip_event_window,accident_window,4.2,15.0,63,1280,720,train,World,World::signalized_intersection,BSNh9UoKY54_1_00,0,63,0.0,4.2,accident_time=1.2800000000000002;type=t-bone;weak_clip=true,/autodl-fs/data/traffic_accident_rnd/ACCIDENT_mmaction_clips/medium/train/BSNh9UoKY54_1_00__accident.mp4,train,medium
BVXW2dz2OYA_00__accident,BVXW2dz2OYA_00,/autodl-fs/data/traffic_accident_rnd/ACCIDENT_dataset/real_videos/BVXW2dz2OYA_00.mp4,ACCIDENT-real,single,accident,1,weak_clip_event_window,accident_window,6.875,10.036364,69,960,720,train,Virginia,Virginia::highway,BVXW2dz2OYA_00,14,69,1.394928,6.875,accident_time=3.375;type=single;weak_clip=true,/autodl-fs/data/traffic_accident_rnd/ACCIDENT_mmaction_clips/medium/train/BVXW2dz2OYA_00__accident.mp4,train,medium
BX8gqiZIIHs_00__pre_event_non_accident,BX8gqiZIIHs_00,/autodl-fs/data/traffic_accident_rnd/ACCIDENT_dataset/real_videos/BX8gqiZIIHs_00.mp4,ACCIDENT-real,single,non_accident,0,weak_clip_pre_event,pre_event_non_accident,9.9,14.848485,147,1920,1080,train,Virginia,Virginia::highway,BX8gqiZIIHs_00,0,62,0.0,4.17551,derived_pre_accident_until=4.200;weak_negative=true,/autodl-fs/data/traffic_accident_rnd/ACCIDENT_mmaction_clips/medium/train/BX8gqiZIIHs_00__pre_event_non_accident.mp4,train,medium
BpMHNEa79lo_2_00__pre_event_non_accident,BpMHNEa79lo_2_00,/autodl-fs/data/traffic_accident_rnd/ACCIDENT_dataset/real_videos/BpMHNEa79lo_2_00.mp4,ACCIDENT-real,sideswipe,non_accident,0,weak_clip_pre_event,pre_event_non_accident,12.233333,24.93188,305,1280,720,train,World,World::signalized_intersection,BpMHNEa79lo_2_00,0,132,0.0,5.294426,derived_pre_accident_until=5.300;weak_negative=true,/autodl-fs/data/traffic_accident_rnd/ACCIDENT_mmaction_clips/medium/train/BpMHNEa79lo_2_00__pre_event_non_accident.mp4,train,medium
BpMHNEa79lo_3_00__pre_event_non_accident,BpMHNEa79lo_3_00,/autodl-fs/data/traffic_accident_rnd/ACCIDENT_dataset/real_videos/BpMHNEa79lo_3_00.mp4,ACCIDENT-real,sideswipe,non_accident,0,weak_clip_pre_event,pre_event_non_accident,11.866667,15.926966,189,1280,720,train,World,World::signalized_intersection,BpMHNEa79lo_3_00,0,47,0.0,2.95097,derived_pre_accident_until=2.967;weak_negative=true,/autodl-fs/data/traffic_accident_rnd/ACCIDENT_mmaction_clips/medium/train/BpMHNEa79lo_3_00__pre_event_non_accident.mp4,train,medium
CVSBJThqVgA_00__pre_event_non_accident,CVSBJThqVgA_00,/autodl-fs/data/traffic_accident_rnd/ACCIDENT_dataset/real_videos/CVSBJThqVgA_00.mp4,ACCIDENT-real,single,non_accident,0,weak_clip_pre_event,pre_event_non_accident,25.7,14.941634,384,1920,1080,train,Alabama,Alabama::grade_separated_intersection,CVSBJThqVgA_00,0,78,0.0,5.220313,derived_pre_accident_until=5.200;weak_negative=true,/autodl-fs/data/traffic_accident_rnd/ACCIDENT_mmaction_clips/medium/train/CVSBJThqVgA_00__pre_event_non_accident.mp4,train,medium
CkI203kbHQ8_12_00__pre_event_non_accident,CkI203kbHQ8_12_00,/autodl-fs/data/traffic_accident_rnd/ACCIDENT_dataset/real_videos/CkI203kbHQ8_12_00.mp4,ACCIDENT-real,sideswipe,non_accident,0,weak_clip_pre_event,pre_event_non_accident,7.0,25.0,175,400,296,train,World,World::city_street,CkI203kbHQ8_12_00,0,80,0.0,3.2,derived_pre_accident_until=3.200;weak_negative=true,/autodl-fs/data/traffic_accident_rnd/ACCIDENT_mmaction_clips/medium/train/CkI203kbHQ8_12_00__pre_event_non_accident.mp4,train,medium
CkI203kbHQ8_12_00__accident,CkI203kbHQ8_12_00,/autodl-fs/data/traffic_accident_rnd/ACCIDENT_dataset/real_videos/CkI203kbHQ8_12_00.mp4,ACCIDENT-real,sideswipe,accident,1,weak_clip_event_window,accident_window,7.0,25.0,175,400,296,train,World,World::city_street,CkI203kbHQ8_12_00,105,175,4.2,7.0,accident_time=6.2;type=sideswipe;weak_clip=true,/autodl-fs/data/traffic_accident_rnd/ACCIDENT_mmaction_clips/medium/train/CkI203kbHQ8_12_00__accident.mp4,train,medium
CkI203kbHQ8_29_00__pre_event_non_accident,CkI203kbHQ8_29_00,/autodl-fs/data/traffic_accident_rnd/ACCIDENT_dataset/real_videos/CkI203kbHQ8_29_00.mp4,ACCIDENT-real,rear-end,non_accident,0,weak_clip_pre_event,pre_event_non_accident,7.6,13.815789,105,400,296,train,World,World::city_street,CkI203kbHQ8_29_00,0,27,0.0,1.954286,derived_pre_accident_until=1.920;weak_negative=true,/autodl-fs/data/traffic_accident_rnd/ACCIDENT_mmaction_clips/medium/train/CkI203kbHQ8_29_00__pre_event_non_accident.mp4,train,medium
CkI203kbHQ8_29_00__accident,CkI203kbHQ8_29_00,/autodl-fs/data/traffic_accident_rnd/ACCIDENT_dataset/real_videos/CkI203kbHQ8_29_00.mp4,ACCIDENT-real,rear-end,accident,1,weak_clip_event_window,accident_window,7.6,13.815789,105,400,296,train,World,World::city_street,CkI203kbHQ8_29_00,40,105,2.895238,7.6,accident_time=4.92;type=rear-end;weak_clip=true,/autodl-fs/data/traffic_accident_rnd/ACCIDENT_mmaction_clips/medium/train/CkI203kbHQ8_29_00__accident.mp4,train,medium
CkI203kbHQ8_5_00__pre_event_non_accident,CkI203kbHQ8_5_00,/autodl-fs/data/traffic_accident_rnd/ACCIDENT_dataset/real_videos/CkI203kbHQ8_5_00.mp4,ACCIDENT-real,rear-end,non_accident,0,weak_clip_pre_event,pre_event_non_accident,4.84,20.247934,98,400,296,train,World,World::parking_lot,CkI203kbHQ8_5_00,0,20,0.0,0.987755,derived_pre_accident_until=1.000;weak_negative=true,/autodl-fs/data/traffic_accident_rnd/ACCIDENT_mmaction_clips/medium/train/CkI203kbHQ8_5_00__pre_event_non_accident.mp4,train,medium
CkI203kbHQ8_5_00__accident,CkI203kbHQ8_5_00,/autodl-fs/data/traffic_accident_rnd/ACCIDENT_dataset/real_videos/CkI203kbHQ8_5_00.mp4,ACCIDENT-real,rear-end,accident,1,weak_clip_event_window,accident_window,4.84,20.247934,98,400,296,train,World,World::parking_lot,CkI203kbHQ8_5_00,41,98,2.024898,4.84,accident_time=4.0;type=rear-end;weak_clip=true,/autodl-fs/data/traffic_accident_rnd/ACCIDENT_mmaction_clips/medium/train/CkI203kbHQ8_5_00__accident.mp4,train,medium
CnsDyfXdf8s_0_00__pre_event_non_accident,CnsDyfXdf8s_0_00,/autodl-fs/data/traffic_accident_rnd/ACCIDENT_dataset/real_videos/CnsDyfXdf8s_0_00.mp4,ACCIDENT-real,t-bone,non_accident,0,weak_clip_pre_event,pre_event_non_accident,16.683333,15.824176,264,1280,720,train,World,World::signalized_intersection,CnsDyfXdf8s_0_00,0,88,0.0,5.561111,derived_pre_accident_until=5.542;weak_negative=true,/autodl-fs/data/traffic_accident_rnd/ACCIDENT_mmaction_clips/medium/train/CnsDyfXdf8s_0_00__pre_event_non_accident.mp4,train,medium
CnsDyfXdf8s_1_00__pre_event_non_accident,CnsDyfXdf8s_1_00,/autodl-fs/data/traffic_accident_rnd/ACCIDENT_dataset/real_videos/CnsDyfXdf8s_1_00.mp4,ACCIDENT-real,t-bone,non_accident,0,weak_clip_pre_event,pre_event_non_accident,14.047367,23.136009,325,1280,720,train,World,World::simple_intersection,CnsDyfXdf8s_1_00,0,43,0.0,1.858575,derived_pre_accident_until=1.872;weak_negative=true,/autodl-fs/data/traffic_accident_rnd/ACCIDENT_mmaction_clips/medium/train/CnsDyfXdf8s_1_00__pre_event_non_accident.mp4,train,medium
CnsDyfXdf8s_1_00__accident,CnsDyfXdf8s_1_00,/autodl-fs/data/traffic_accident_rnd/ACCIDENT_dataset/real_videos/CnsDyfXdf8s_1_00.mp4,ACCIDENT-real,t-bone,accident,1,weak_clip_event_window,accident_window,14.047367,23.136009,325,1280,720,train,World,World::simple_intersection,CnsDyfXdf8s_1_00,67,206,2.895919,8.903869,accident_time=4.871533;type=t-bone;weak_clip=true,/autodl-fs/data/traffic_accident_rnd/ACCIDENT_mmaction_clips/medium/train/CnsDyfXdf8s_1_00__accident.mp4,train,medium
CpBPz9n7_Rg_00__pre_event_non_accident,CpBPz9n7_Rg_00,/autodl-fs/data/traffic_accident_rnd/ACCIDENT_dataset/real_videos/CpBPz9n7_Rg_00.mp4,ACCIDENT-real,single,non_accident,0,weak_clip_pre_event,pre_event_non_accident,25.041667,14.815308,371,1280,720,train,Iowa,Iowa::highway,CpBPz9n7_Rg_00,0,22,0.0,1.484951,derived_pre_accident_until=1.458;weak_negative=true,/autodl-fs/data/traffic_accident_rnd/ACCIDENT_mmaction_clips/medium/train/CpBPz9n7_Rg_00__pre_event_non_accident.mp4,train,medium
CvNTYeiVF7s_00__pre_event_non_accident,CvNTYeiVF7s_00,/autodl-fs/data/traffic_accident_rnd/ACCIDENT_dataset/real_videos/CvNTYeiVF7s_00.mp4,ACCIDENT-real,rear-end,non_accident,0,weak_clip_pre_event,pre_event_non_accident,24.375,14.974359,365,1080,720,train,Tennessee,Tennessee::highway,CvNTYeiVF7s_00,0,61,0.0,4.07363,derived_pre_accident_until=4.042;weak_negative=true,/autodl-fs/data/traffic_accident_rnd/ACCIDENT_mmaction_clips/medium/train/CvNTYeiVF7s_00__pre_event_non_accident.mp4,train,medium
D1eP4Bn4hDQ_0_00__pre_event_non_accident,D1eP4Bn4hDQ_0_00,/autodl-fs/data/traffic_accident_rnd/ACCIDENT_dataset/real_videos/D1eP4Bn4hDQ_0_00.mp4,ACCIDENT-real,t-bone,non_accident,0,weak_clip_pre_event,pre_event_non_accident,17.916667,20.818605,373,1280,720,train,World,World::signalized_intersection,D1eP4Bn4hDQ_0_00,0,43,0.0,2.06546,derived_pre_accident_until=2.083;weak_negative=true,/autodl-fs/data/traffic_accident_rnd/ACCIDENT_mmaction_clips/medium/train/D1eP4Bn4hDQ_0_00__pre_event_non_accident.mp4,train,medium
EAXHuVGCmSA_00__pre_event_non_accident,EAXHuVGCmSA_00,/autodl-fs/data/traffic_accident_rnd/ACCIDENT_dataset/real_videos/EAXHuVGCmSA_00.mp4,ACCIDENT-real,single,non_accident,0,weak_clip_pre_event,pre_event_non_accident,30.041667,14.979196,450,960,720,train,Virginia,Virginia::highway,EAXHuVGCmSA_00,0,31,0.0,2.069537,derived_pre_accident_until=2.042;weak_negative=true,/autodl-fs/data/traffic_accident_rnd/ACCIDENT_mmaction_clips/medium/train/EAXHuVGCmSA_00__pre_event_non_accident.mp4,train,medium
EYu49m3fAp4_00__pre_event_non_accident,EYu49m3fAp4_00,/autodl-fs/data/traffic_accident_rnd/ACCIDENT_dataset/real_videos/EYu49m3fAp4_00.mp4,ACCIDENT-real,rear-end,non_accident,0,weak_clip_pre_event,pre_event_non_accident,25.6,15.15625,388,1620,1080,train,Alabama,Alabama::highway,EYu49m3fAp4_00,0,43,0.0,2.837113,derived_pre_accident_until=2.833;weak_negative=true,/autodl-fs/data/traffic_accident_rnd/ACCIDENT_mmaction_clips/medium/train/EYu49m3fAp4_00__pre_event_non_accident.mp4,train,medium
EzI5Rn3z4ew_00__pre_event_non_accident,EzI5Rn3z4ew_00,/autodl-fs/data/traffic_accident_rnd/ACCIDENT_dataset/real_videos/EzI5Rn3z4ew_00.mp4,ACCIDENT-real,rear-end,non_accident,0,weak_clip_pre_event,pre_event_non_accident,30.033333,14.983352,450,1920,1080,train,Virginia,Virginia::highway,EzI5Rn3z4ew_00,0,31,0.0,2.068963,derived_pre_accident_until=2.100;weak_negative=true,/autodl-fs/data/traffic_accident_rnd/ACCIDENT_mmaction_clips/medium/train/EzI5Rn3z4ew_00__pre_event_non_accident.mp4,train,medium
FFkOuMBHngY_00__accident,FFkOuMBHngY_00,/autodl-fs/data/traffic_accident_rnd/ACCIDENT_dataset/real_videos/FFkOuMBHngY_00.mp4,ACCIDENT-real,single,accident,1,weak_clip_event_window,accident_window,30.0,14.966667,449,960,720,train,Virginia,Virginia::highway,FFkOuMBHngY_00,0,87,0.0,5.812918,accident_time=1.833333;type=single;weak_clip=true,/autodl-fs/data/traffic_accident_rnd/ACCIDENT_mmaction_clips/medium/train/FFkOuMBHngY_00__accident.mp4,train,medium
FGZ7r8JC1MY_00__pre_event_non_accident,FGZ7r8JC1MY_00,/autodl-fs/data/traffic_accident_rnd/ACCIDENT_dataset/real_videos/FGZ7r8JC1MY_00.mp4,ACCIDENT-real,single,non_accident,0,weak_clip_pre_event,pre_event_non_accident,18.958333,14.98022,284,960,720,train,Virginia,Virginia::highway,FGZ7r8JC1MY_00,0,59,0.0,3.938527,derived_pre_accident_until=3.958;weak_negative=true,/autodl-fs/data/traffic_accident_rnd/ACCIDENT_mmaction_clips/medium/train/FGZ7r8JC1MY_00__pre_event_non_accident.mp4,train,medium
Fb1XWmXZTZw_00__pre_event_non_accident,Fb1XWmXZTZw_00,/autodl-fs/data/traffic_accident_rnd/ACCIDENT_dataset/real_videos/Fb1XWmXZTZw_00.mp4,ACCIDENT-real,single,non_accident,0,weak_clip_pre_event,pre_event_non_accident,26.625,14.985915,399,1280,720,train,Alabama,Alabama::highway,Fb1XWmXZTZw_00,0,76,0.0,5.071429,derived_pre_accident_until=5.083;weak_negative=true,/autodl-fs/data/traffic_accident_rnd/ACCIDENT_mmaction_clips/medium/train/Fb1XWmXZTZw_00__pre_event_non_accident.mp4,train,medium
Fix7_GpawXw_00__pre_event_non_accident,Fix7_GpawXw_00,/autodl-fs/data/traffic_accident_rnd/ACCIDENT_dataset/real_videos/Fix7_GpawXw_00.mp4,ACCIDENT-real,rear-end,non_accident,0,weak_clip_pre_event,pre_event_non_accident,30.0,27.0,810,1280,720,train,Seattle,Seattle::highway,Fix7_GpawXw_00,0,195,0.0,7.222222,derived_pre_accident_until=7.222;weak_negative=true,/autodl-fs/data/traffic_accident_rnd/ACCIDENT_mmaction_clips/medium/train/Fix7_GpawXw_00__pre_event_non_accident.mp4,train,medium
GIm11SfAp8c_00__pre_event_non_accident,GIm11SfAp8c_00,/autodl-fs/data/traffic_accident_rnd/ACCIDENT_dataset/real_videos/GIm11SfAp8c_00.mp4,ACCIDENT-real,single,non_accident,0,weak_clip_pre_event,pre_event_non_accident,30.0,14.833333,445,1080,720,train,Alabama,Alabama::tunnel,GIm11SfAp8c_00,0,93,0.0,6.269663,derived_pre_accident_until=6.250;weak_negative=true,/autodl-fs/data/traffic_accident_rnd/ACCIDENT_mmaction_clips/medium/train/GIm11SfAp8c_00__pre_event_non_accident.mp4,train,medium
GnpwLP2THmM_5_00__accident,GnpwLP2THmM_5_00,/autodl-fs/data/traffic_accident_rnd/ACCIDENT_dataset/real_videos/GnpwLP2THmM_5_00.mp4,ACCIDENT-real,t-bone,accident,1,weak_clip_event_window,accident_window,3.003,15.318015,46,1280,720,train,World,World::signalized_intersection,GnpwLP2THmM_5_00,3,46,0.195848,3.003,accident_time=2.2022;type=t-bone;weak_clip=true,/autodl-fs/data/traffic_accident_rnd/ACCIDENT_mmaction_clips/medium/train/GnpwLP2THmM_5_00__accident.mp4,train,medium
GnpwLP2THmM_7_00__accident,GnpwLP2THmM_7_00,/autodl-fs/data/traffic_accident_rnd/ACCIDENT_dataset/real_videos/GnpwLP2THmM_7_00.mp4,ACCIDENT-real,t-bone,accident,1,weak_clip_event_window,accident_window,4.270933,29.501748,126,1280,720,train,World,World::signalized_intersection,GnpwLP2THmM_7_00,0,126,0.0,4.270933,accident_time=1.668333;type=t-bone;weak_clip=true,/autodl-fs/data/traffic_accident_rnd/ACCIDENT_mmaction_clips/medium/train/GnpwLP2THmM_7_00__accident.mp4,train,medium
H6FXwjTkWYI_00__pre_event_non_accident,H6FXwjTkWYI_00,/autodl-fs/data/traffic_accident_rnd/ACCIDENT_dataset/real_videos/H6FXwjTkWYI_00.mp4,ACCIDENT-real,single,non_accident,0,weak_clip_pre_event,pre_event_non_accident,20.625,7.90303,163,1280,720,train,Arkansas,Arkansas::highway,H6FXwjTkWYI_00,0,40,0.0,5.06135,derived_pre_accident_until=5.083;weak_negative=true,/autodl-fs/data/traffic_accident_rnd/ACCIDENT_mmaction_clips/medium/train/H6FXwjTkWYI_00__pre_event_non_accident.mp4,train,medium
HD6QGx9d8ow_0_00__accident,HD6QGx9d8ow_0_00,/autodl-fs/data/traffic_accident_rnd/ACCIDENT_dataset/real_videos/HD6QGx9d8ow_0_00.mp4,ACCIDENT-real,rear-end,accident,1,weak_clip_event_window,accident_window,7.3073,29.696331,217,1280,720,train,World,World::signalized_intersection,HD6QGx9d8ow_0_00,10,188,0.336742,6.330748,accident_time=2.335667;type=rear-end;weak_clip=true,/autodl-fs/data/traffic_accident_rnd/ACCIDENT_mmaction_clips/medium/train/HD6QGx9d8ow_0_00__accident.mp4,train,medium
HD6QGx9d8ow_1_00__accident,HD6QGx9d8ow_1_00,/autodl-fs/data/traffic_accident_rnd/ACCIDENT_dataset/real_videos/HD6QGx9d8ow_1_00.mp4,ACCIDENT-real,rear-end,accident,1,weak_clip_event_window,accident_window,7.374033,29.698808,219,1280,720,train,World,World::signalized_intersection,HD6QGx9d8ow_1_00,31,209,1.043813,7.037319,accident_time=3.036367;type=rear-end;weak_clip=true,/autodl-fs/data/traffic_accident_rnd/ACCIDENT_mmaction_clips/medium/train/HD6QGx9d8ow_1_00__accident.mp4,train,medium
HLK2xLUfMsM_00__pre_event_non_accident,HLK2xLUfMsM_00,/autodl-fs/data/traffic_accident_rnd/ACCIDENT_dataset/real_videos/HLK2xLUfMsM_00.mp4,ACCIDENT-real,single,non_accident,0,weak_clip_pre_event,pre_event_non_accident,14.541667,15.060172,219,960,720,train,Virginia,Virginia::highway,HLK2xLUfMsM_00,0,97,0.0,6.44083,derived_pre_accident_until=6.458;weak_negative=true,/autodl-fs/data/traffic_accident_rnd/ACCIDENT_mmaction_clips/medium/train/HLK2xLUfMsM_00__pre_event_non_accident.mp4,train,medium
HMdWAx9g5eI_00__pre_event_non_accident,HMdWAx9g5eI_00,/autodl-fs/data/traffic_accident_rnd/ACCIDENT_dataset/real_videos/HMdWAx9g5eI_00.mp4,ACCIDENT-real,single,non_accident,0,weak_clip_pre_event,pre_event_non_accident,8.633333,7.876448,68,1920,1080,train,Arkansas,Arkansas::highway,HMdWAx9g5eI_00,0,23,0.0,2.920098,derived_pre_accident_until=2.867;weak_negative=true,/autodl-fs/data/traffic_accident_rnd/ACCIDENT_mmaction_clips/medium/train/HMdWAx9g5eI_00__pre_event_non_accident.mp4,train,medium
HMh6V4MXD38_00__pre_event_non_accident,HMh6V4MXD38_00,/autodl-fs/data/traffic_accident_rnd/ACCIDENT_dataset/real_videos/HMh6V4MXD38_00.mp4,ACCIDENT-real,single,non_accident,0,weak_clip_pre_event,pre_event_non_accident,15.625,15.04,235,960,720,train,Virginia,Virginia::highway,HMh6V4MXD38_00,0,55,0.0,3.656915,derived_pre_accident_until=3.625;weak_negative=true,/autodl-fs/data/traffic_accident_rnd/ACCIDENT_mmaction_clips/medium/train/HMh6V4MXD38_00__pre_event_non_accident.mp4,train,medium
HSDqCUHuz8Q_0_00__accident,HSDqCUHuz8Q_0_00,/autodl-fs/data/traffic_accident_rnd/ACCIDENT_dataset/real_videos/HSDqCUHuz8Q_0_00.mp4,ACCIDENT-real,rear-end,accident,1,weak_clip_event_window,accident_window,5.533333,25.120482,139,1280,720,train,World,World::city_street,HSDqCUHuz8Q_0_00,17,139,0.676739,5.533333,accident_time=2.666667;type=rear-end;weak_clip=true,/autodl-fs/data/traffic_accident_rnd/ACCIDENT_mmaction_clips/medium/train/HSDqCUHuz8Q_0_00__accident.mp4,train,medium
HSDqCUHuz8Q_3_00__accident,HSDqCUHuz8Q_3_00,/autodl-fs/data/traffic_accident_rnd/ACCIDENT_dataset/real_videos/HSDqCUHuz8Q_3_00.mp4,ACCIDENT-real,rear-end,accident,1,weak_clip_event_window,accident_window,20.066667,14.302326,287,1280,720,train,World,World::parking_lot,HSDqCUHuz8Q_3_00,26,112,1.817886,7.830894,accident_time=3.833333;type=rear-end;weak_clip=true,/autodl-fs/data/traffic_accident_rnd/ACCIDENT_mmaction_clips/medium/train/HSDqCUHuz8Q_3_00__accident.mp4,train,medium
HYr1QeHHFkI_00__pre_event_non_accident,HYr1QeHHFkI_00,/autodl-fs/data/traffic_accident_rnd/ACCIDENT_dataset/real_videos/HYr1QeHHFkI_00.mp4,ACCIDENT-real,sideswipe,non_accident,0,weak_clip_pre_event,pre_event_non_accident,30.033333,29.733629,893,1080,720,train,Florida,Florida::highway,HYr1QeHHFkI_00,0,41,0.0,1.37891,derived_pre_accident_until=1.367;weak_negative=true,/autodl-fs/data/traffic_accident_rnd/ACCIDENT_mmaction_clips/medium/train/HYr1QeHHFkI_00__pre_event_non_accident.mp4,train,medium
HxxaCH818LI_00__pre_event_non_accident,HxxaCH818LI_00,/autodl-fs/data/traffic_accident_rnd/ACCIDENT_dataset/real_videos/HxxaCH818LI_00.mp4,ACCIDENT-real,single,non_accident,0,weak_clip_pre_event,pre_event_non_accident,30.133333,7.964602,240,1920,1080,train,Arkansas,Arkansas::highway,HxxaCH818LI_00,0,23,0.0,2.887778,derived_pre_accident_until=2.867;weak_negative=true,/autodl-fs/data/traffic_accident_rnd/ACCIDENT_mmaction_clips/medium/train/HxxaCH818LI_00__pre_event_non_accident.mp4,train,medium
IAhGJNVqs1M_14_00__pre_event_non_accident,IAhGJNVqs1M_14_00,/autodl-fs/data/traffic_accident_rnd/ACCIDENT_dataset/real_videos/IAhGJNVqs1M_14_00.mp4,ACCIDENT-real,t-bone,non_accident,0,weak_clip_pre_event,pre_event_non_accident,42.6,22.910798,976,320,240,train,World,World::signalized_intersection,IAhGJNVqs1M_14_00,0,146,0.0,6.372541,derived_pre_accident_until=6.360;weak_negative=true,/autodl-fs/data/traffic_accident_rnd/ACCIDENT_mmaction_clips/medium/train/IAhGJNVqs1M_14_00__pre_event_non_accident.mp4,train,medium
IAhGJNVqs1M_9_00__accident,IAhGJNVqs1M_9_00,/autodl-fs/data/traffic_accident_rnd/ACCIDENT_dataset/real_videos/IAhGJNVqs1M_9_00.mp4,ACCIDENT-real,t-bone,accident,1,weak_clip_event_window,accident_window,16.12,24.565757,396,320,240,train,World,World::signalized_intersection,IAhGJNVqs1M_9_00,36,183,1.465455,7.449394,accident_time=3.44;type=t-bone;weak_clip=true,/autodl-fs/data/traffic_accident_rnd/ACCIDENT_mmaction_clips/medium/train/IAhGJNVqs1M_9_00__accident.mp4,train,medium
IbJBE53NXZc_00__pre_event_non_accident,IbJBE53NXZc_00,/autodl-fs/data/traffic_accident_rnd/ACCIDENT_dataset/real_videos/IbJBE53NXZc_00.mp4,ACCIDENT-real,single,non_accident,0,weak_clip_pre_event,pre_event_non_accident,9.833333,14.745763,145,1280,720,train,Iowa,Iowa::highway,IbJBE53NXZc_00,0,53,0.0,3.594253,derived_pre_accident_until=3.625;weak_negative=true,/autodl-fs/data/traffic_accident_rnd/ACCIDENT_mmaction_clips/medium/train/IbJBE53NXZc_00__pre_event_non_accident.mp4,train,medium
Img4DcUjRmo_00__pre_event_non_accident,Img4DcUjRmo_00,/autodl-fs/data/traffic_accident_rnd/ACCIDENT_dataset/real_videos/Img4DcUjRmo_00.mp4,ACCIDENT-real,rear-end,non_accident,0,weak_clip_pre_event,pre_event_non_accident,30.0,15.0,450,1080,720,train,Alabama,Alabama::highway,Img4DcUjRmo_00,0,42,0.0,2.8,derived_pre_accident_until=2.792;weak_negative=true,/autodl-fs/data/traffic_accident_rnd/ACCIDENT_mmaction_clips/medium/train/Img4DcUjRmo_00__pre_event_non_accident.mp4,train,medium
Img4DcUjRmo_00__accident,Img4DcUjRmo_00,/autodl-fs/data/traffic_accident_rnd/ACCIDENT_dataset/real_videos/Img4DcUjRmo_00.mp4,ACCIDENT-real,rear-end,accident,1,weak_clip_event_window,accident_window,30.0,15.0,450,1080,720,train,Alabama,Alabama::highway,Img4DcUjRmo_00,57,147,3.8,9.8,accident_time=5.792;type=rear-end;weak_clip=true,/autodl-fs/data/traffic_accident_rnd/ACCIDENT_mmaction_clips/medium/train/Img4DcUjRmo_00__accident.mp4,train,medium
Iy_GdGD-ySg_00__pre_event_non_accident,Iy_GdGD-ySg_00,/autodl-fs/data/traffic_accident_rnd/ACCIDENT_dataset/real_videos/Iy_GdGD-ySg_00.mp4,ACCIDENT-real,single,non_accident,0,weak_clip_pre_event,pre_event_non_accident,30.041667,14.979196,450,960,720,train,Virginia,Virginia::highway,Iy_GdGD-ySg_00,0,94,0.0,6.27537,derived_pre_accident_until=6.292;weak_negative=true,/autodl-fs/data/traffic_accident_rnd/ACCIDENT_mmaction_clips/medium/train/Iy_GdGD-ySg_00__pre_event_non_accident.mp4,train,medium
L2cVGFG5rwE_00__accident,L2cVGFG5rwE_00,/autodl-fs/data/traffic_accident_rnd/ACCIDENT_dataset/real_videos/L2cVGFG5rwE_00.mp4,ACCIDENT-real,rear-end,accident,1,weak_clip_event_window,accident_window,30.0,23.166667,695,1280,720,train,Seattle,Seattle::city_street,L2cVGFG5rwE_00,77,216,3.323741,9.323741,accident_time=5.296296;type=rear-end;weak_clip=true,/autodl-fs/data/traffic_accident_rnd/ACCIDENT_mmaction_clips/medium/train/L2cVGFG5rwE_00__accident.mp4,train,medium
LQ3ERldwsJQ_00__pre_event_non_accident,LQ3ERldwsJQ_00,/autodl-fs/data/traffic_accident_rnd/ACCIDENT_dataset/real_videos/LQ3ERldwsJQ_00.mp4,ACCIDENT-real,head-on,non_accident,0,weak_clip_pre_event,pre_event_non_accident,30.066667,28.569845,859,1280,720,train,Seattle,Seattle::signalized_intersection,LQ3ERldwsJQ_00,0,150,0.0,5.250291,derived_pre_accident_until=5.267;weak_negative=true,/autodl-fs/data/traffic_accident_rnd/ACCIDENT_mmaction_clips/medium/train/LQ3ERldwsJQ_00__pre_event_non_accident.mp4,train,medium
LQ3ERldwsJQ_00__accident,LQ3ERldwsJQ_00,/autodl-fs/data/traffic_accident_rnd/ACCIDENT_dataset/real_videos/LQ3ERldwsJQ_00.mp4,ACCIDENT-real,head-on,accident,1,weak_clip_event_window,accident_window,30.066667,28.569845,859,1280,720,train,Seattle,Seattle::signalized_intersection,LQ3ERldwsJQ_00,179,350,6.265347,12.250679,accident_time=8.267;type=head-on;weak_clip=true,/autodl-fs/data/traffic_accident_rnd/ACCIDENT_mmaction_clips/medium/train/LQ3ERldwsJQ_00__accident.mp4,train,medium
LklNl33KztU_00__pre_event_non_accident,LklNl33KztU_00,/autodl-fs/data/traffic_accident_rnd/ACCIDENT_dataset/real_videos/LklNl33KztU_00.mp4,ACCIDENT-real,single,non_accident,0,weak_clip_pre_event,pre_event_non_accident,26.633333,15.018773,400,1620,1080,train,Alabama,Alabama::highway,LklNl33KztU_00,0,55,0.0,3.662083,derived_pre_accident_until=3.667;weak_negative=true,/autodl-fs/data/traffic_accident_rnd/ACCIDENT_mmaction_clips/medium/train/LklNl33KztU_00__pre_event_non_accident.mp4,train,medium
LklNl33KztU_00__accident,LklNl33KztU_00,/autodl-fs/data/traffic_accident_rnd/ACCIDENT_dataset/real_videos/LklNl33KztU_00.mp4,ACCIDENT-real,single,accident,1,weak_clip_event_window,accident_window,26.633333,15.018773,400,1620,1080,train,Alabama,Alabama::highway,LklNl33KztU_00,70,160,4.660833,10.653333,accident_time=6.667;type=single;weak_clip=true,/autodl-fs/data/traffic_accident_rnd/ACCIDENT_mmaction_clips/medium/train/LklNl33KztU_00__accident.mp4,train,medium
LmWvBPSBxNE_00__pre_event_non_accident,LmWvBPSBxNE_00,/autodl-fs/data/traffic_accident_rnd/ACCIDENT_dataset/real_videos/LmWvBPSBxNE_00.mp4,ACCIDENT-real,single,non_accident,0,weak_clip_pre_event,pre_event_non_accident,29.958333,5.006954,150,1280,720,train,Arkansas,Arkansas::highway,LmWvBPSBxNE_00,0,5,0.0,0.998611,derived_pre_accident_until=1.042;weak_negative=true,/autodl-fs/data/traffic_accident_rnd/ACCIDENT_mmaction_clips/medium/train/LmWvBPSBxNE_00__pre_event_non_accident.mp4,train,medium
LrMyR9M_g3I_00__accident,LrMyR9M_g3I_00,/autodl-fs/data/traffic_accident_rnd/ACCIDENT_dataset/real_videos/LrMyR9M_g3I_00.mp4,ACCIDENT-real,single,accident,1,weak_clip_event_window,accident_window,30.041667,14.945908,449,960,720,train,Virginia,Virginia::highway,LrMyR9M_g3I_00,28,118,1.873422,7.895137,accident_time=3.875;type=single;weak_clip=true,/autodl-fs/data/traffic_accident_rnd/ACCIDENT_mmaction_clips/medium/train/LrMyR9M_g3I_00__accident.mp4,train,medium
ML52jXyFltw_0_00__accident,ML52jXyFltw_0_00,/autodl-fs/data/traffic_accident_rnd/ACCIDENT_dataset/real_videos/ML52jXyFltw_0_00.mp4,ACCIDENT-real,t-bone,accident,1,weak_clip_event_window,accident_window,2.133333,9.84375,21,320,240,train,World,World::city_street,ML52jXyFltw_0_00,0,21,0.0,2.133333,accident_time=0.866667;type=t-bone;weak_clip=true,/autodl-fs/data/traffic_accident_rnd/ACCIDENT_mmaction_clips/medium/train/ML52jXyFltw_0_00__accident.mp4,train,medium
MxiC2UdOzE8_0_00__pre_event_non_accident,MxiC2UdOzE8_0_00,/autodl-fs/data/traffic_accident_rnd/ACCIDENT_dataset/real_videos/MxiC2UdOzE8_0_00.mp4,ACCIDENT-real,t-bone,non_accident,0,weak_clip_pre_event,pre_event_non_accident,39.205833,27.164325,1065,1280,720,train,World,World::signalized_intersection,MxiC2UdOzE8_0_00,0,592,0.0,21.79329,derived_pre_accident_until=21.791;weak_negative=true,/autodl-fs/data/traffic_accident_rnd/ACCIDENT_mmaction_clips/medium/train/MxiC2UdOzE8_0_00__pre_event_non_accident.mp4,train,medium
N6zJ2inqJn0_0_00__pre_event_non_accident,N6zJ2inqJn0_0_00,/autodl-fs/data/traffic_accident_rnd/ACCIDENT_dataset/real_videos/N6zJ2inqJn0_0_00.mp4,ACCIDENT-real,t-bone,non_accident,0,weak_clip_pre_event,pre_event_non_accident,12.045367,24.905842,300,1280,720,train,World,World::simple_intersection,N6zJ2inqJn0_0_00,0,93,0.0,3.734064,derived_pre_accident_until=3.740;weak_negative=true,/autodl-fs/data/traffic_accident_rnd/ACCIDENT_mmaction_clips/medium/train/N6zJ2inqJn0_0_00__pre_event_non_accident.mp4,train,medium
N6zJ2inqJn0_1_00__accident,N6zJ2inqJn0_1_00,/autodl-fs/data/traffic_accident_rnd/ACCIDENT_dataset/real_videos/N6zJ2inqJn0_1_00.mp4,ACCIDENT-real,head-on,accident,1,weak_clip_event_window,accident_window,9.976633,24.056211,240,1280,720,train,World,World::signalized_intersection,N6zJ2inqJn0_1_00,0,142,0.0,5.902841,accident_time=1.9019;type=head-on;weak_clip=true,/autodl-fs/data/traffic_accident_rnd/ACCIDENT_mmaction_clips/medium/train/N6zJ2inqJn0_1_00__accident.mp4,train,medium
NIwmS3dbHY0_00__accident,NIwmS3dbHY0_00,/autodl-fs/data/traffic_accident_rnd/ACCIDENT_dataset/real_videos/NIwmS3dbHY0_00.mp4,ACCIDENT-real,rear-end,accident,1,weak_clip_event_window,accident_window,6.5,24.307692,158,1280,720,train,Seattle,Seattle::signalized_intersection,NIwmS3dbHY0_00,28,158,1.151899,6.5,accident_time=3.1666659999999998;type=rear-end;weak_clip=true,/autodl-fs/data/traffic_accident_rnd/ACCIDENT_mmaction_clips/medium/train/NIwmS3dbHY0_00__accident.mp4,train,medium
O1AHOHWpTv8_00__accident,O1AHOHWpTv8_00,/autodl-fs/data/traffic_accident_rnd/ACCIDENT_dataset/real_videos/O1AHOHWpTv8_00.mp4,ACCIDENT-real,sideswipe,accident,1,weak_clip_event_window,accident_window,11.56,17.560554,203,1920,1080,train,Iowa,Iowa::highway,O1AHOHWpTv8_00,79,184,4.498719,10.47803,accident_time=6.48;type=sideswipe;weak_clip=true,/autodl-fs/data/traffic_accident_rnd/ACCIDENT_mmaction_clips/medium/train/O1AHOHWpTv8_00__accident.mp4,train,medium
O8x8fTbKfQo_00__accident,O8x8fTbKfQo_00,/autodl-fs/data/traffic_accident_rnd/ACCIDENT_dataset/real_videos/O8x8fTbKfQo_00.mp4,ACCIDENT-real,single,accident,1,weak_clip_event_window,accident_window,29.958333,10.013908,300,960,720,train,Virginia,Virginia::highway,O8x8fTbKfQo_00,38,98,3.794722,9.786389,accident_time=5.833333;type=single;weak_clip=true,/autodl-fs/data/traffic_accident_rnd/ACCIDENT_mmaction_clips/medium/train/O8x8fTbKfQo_00__accident.mp4,train,medium
ODXaUnji7LI_00__pre_event_non_accident,ODXaUnji7LI_00,/autodl-fs/data/traffic_accident_rnd/ACCIDENT_dataset/real_videos/ODXaUnji7LI_00.mp4,ACCIDENT-real,single,non_accident,0,weak_clip_pre_event,pre_event_non_accident,29.964286,17.287247,518,1280,720,train,Seattle,Seattle::signalized_intersection,ODXaUnji7LI_00,0,40,0.0,2.313844,derived_pre_accident_until=2.286;weak_negative=true,/autodl-fs/data/traffic_accident_rnd/ACCIDENT_mmaction_clips/medium/train/ODXaUnji7LI_00__pre_event_non_accident.mp4,train,medium
ODXaUnji7LI_00__accident,ODXaUnji7LI_00,/autodl-fs/data/traffic_accident_rnd/ACCIDENT_dataset/real_videos/ODXaUnji7LI_00.mp4,ACCIDENT-real,single,accident,1,weak_clip_event_window,accident_window,29.964286,17.287247,518,1280,720,train,Seattle,Seattle::signalized_intersection,ODXaUnji7LI_00,56,160,3.239382,9.255378,accident_time=5.2857140000000005;type=single;weak_clip=true,/autodl-fs/data/traffic_accident_rnd/ACCIDENT_mmaction_clips/medium/train/ODXaUnji7LI_00__accident.mp4,train,medium
OdgIl355A80_00__pre_event_non_accident,OdgIl355A80_00,/autodl-fs/data/traffic_accident_rnd/ACCIDENT_dataset/real_videos/OdgIl355A80_00.mp4,ACCIDENT-real,rear-end,non_accident,0,weak_clip_pre_event,pre_event_non_accident,7.125,15.017544,107,1056,720,train,Louisiana,Louisiana::highway,OdgIl355A80_00,0,24,0.0,1.598131,derived_pre_accident_until=1.583;weak_negative=true,/autodl-fs/data/traffic_accident_rnd/ACCIDENT_mmaction_clips/medium/train/OdgIl355A80_00__pre_event_non_accident.mp4,train,medium
OehnhIPFm4Q_00__accident,OehnhIPFm4Q_00,/autodl-fs/data/traffic_accident_rnd/ACCIDENT_dataset/real_videos/OehnhIPFm4Q_00.mp4,ACCIDENT-real,single,accident,1,weak_clip_event_window,accident_window,4.92,20.121951,99,1920,1080,train,UAE,UAE::highway,OehnhIPFm4Q_00,25,99,1.242424,4.92,accident_time=3.2399999999999998;type=single;weak_clip=true,/autodl-fs/data/traffic_accident_rnd/ACCIDENT_mmaction_clips/medium/train/OehnhIPFm4Q_00__accident.mp4,train,medium
OlyJb8yf1dI_00__accident,OlyJb8yf1dI_00,/autodl-fs/data/traffic_accident_rnd/ACCIDENT_dataset/real_videos/OlyJb8yf1dI_00.mp4,ACCIDENT-real,sideswipe,accident,1,weak_clip_event_window,accident_window,30.1,14.950166,450,1440,1080,train,Tennessee,Tennessee::highway,OlyJb8yf1dI_00,96,186,6.421333,12.441333,accident_time=8.4;type=sideswipe;weak_clip=true,/autodl-fs/data/traffic_accident_rnd/ACCIDENT_mmaction_clips/medium/train/OlyJb8yf1dI_00__accident.mp4,train,medium
P74ieG--On8_00__accident,P74ieG--On8_00,/autodl-fs/data/traffic_accident_rnd/ACCIDENT_dataset/real_videos/P74ieG--On8_00.mp4,ACCIDENT-real,single,accident,1,weak_clip_event_window,accident_window,15.592711,15.071145,235,2400,1080,train,Georgia,Georgia::highway,P74ieG--On8_00,40,130,2.654078,8.625755,accident_time=4.634;type=single;weak_clip=true,/autodl-fs/data/traffic_accident_rnd/ACCIDENT_mmaction_clips/medium/train/P74ieG--On8_00__accident.mp4,train,medium
P7BOK9E4kS8_00__pre_event_non_accident,P7BOK9E4kS8_00,/autodl-fs/data/traffic_accident_rnd/ACCIDENT_dataset/real_videos/P7BOK9E4kS8_00.mp4,ACCIDENT-real,sideswipe,non_accident,0,weak_clip_pre_event,pre_event_non_accident,30.041667,14.979196,450,1056,720,train,Louisiana,Louisiana::highway,P7BOK9E4kS8_00,0,59,0.0,3.938796,derived_pre_accident_until=3.958;weak_negative=true,/autodl-fs/data/traffic_accident_rnd/ACCIDENT_mmaction_clips/medium/train/P7BOK9E4kS8_00__pre_event_non_accident.mp4,train,medium
PAuYsJns-Fc_00__pre_event_non_accident,PAuYsJns-Fc_00,/autodl-fs/data/traffic_accident_rnd/ACCIDENT_dataset/real_videos/PAuYsJns-Fc_00.mp4,ACCIDENT-real,single,non_accident,0,weak_clip_pre_event,pre_event_non_accident,30.066667,7.982262,240,1920,1080,train,Arkansas,Arkansas::highway,PAuYsJns-Fc_00,0,73,0.0,9.145278,derived_pre_accident_until=9.200;weak_negative=true,/autodl-fs/data/traffic_accident_rnd/ACCIDENT_mmaction_clips/medium/train/PAuYsJns-Fc_00__pre_event_non_accident.mp4,train,medium
PNXLwYc7TFo_00__pre_event_non_accident,PNXLwYc7TFo_00,/autodl-fs/data/traffic_accident_rnd/ACCIDENT_dataset/real_videos/PNXLwYc7TFo_00.mp4,ACCIDENT-real,rear-end,non_accident,0,weak_clip_pre_event,pre_event_non_accident,15.433333,14.967603,231,1280,720,train,Alabama,Alabama::highway,PNXLwYc7TFo_00,0,58,0.0,3.875036,derived_pre_accident_until=3.867;weak_negative=true,/autodl-fs/data/traffic_accident_rnd/ACCIDENT_mmaction_clips/medium/train/PNXLwYc7TFo_00__pre_event_non_accident.mp4,train,medium
Qi7voHChFxk_00__accident,Qi7voHChFxk_00,/autodl-fs/data/traffic_accident_rnd/ACCIDENT_dataset/real_videos/Qi7voHChFxk_00.mp4,ACCIDENT-real,single,accident,1,weak_clip_event_window,accident_window,6.333333,14.842105,94,1080,720,train,Tennessee,Tennessee::highway,Qi7voHChFxk_00,13,94,0.875887,6.333333,accident_time=2.917;type=single;weak_clip=true,/autodl-fs/data/traffic_accident_rnd/ACCIDENT_mmaction_clips/medium/train/Qi7voHChFxk_00__accident.mp4,train,medium
RHwcGsU3d08_00__pre_event_non_accident,RHwcGsU3d08_00,/autodl-fs/data/traffic_accident_rnd/ACCIDENT_dataset/real_videos/RHwcGsU3d08_00.mp4,ACCIDENT-real,sideswipe,non_accident,0,weak_clip_pre_event,pre_event_non_accident,29.958333,15.020862,450,960,720,train,Virginia,Virginia::highway,RHwcGsU3d08_00,0,37,0.0,2.463241,derived_pre_accident_until=2.458;weak_negative=true,/autodl-fs/data/traffic_accident_rnd/ACCIDENT_mmaction_clips/medium/train/RHwcGsU3d08_00__pre_event_non_accident.mp4,train,medium
SVcqRcsvGak_00__pre_event_non_accident,SVcqRcsvGak_00,/autodl-fs/data/traffic_accident_rnd/ACCIDENT_dataset/real_videos/SVcqRcsvGak_00.mp4,ACCIDENT-real,sideswipe,non_accident,0,weak_clip_pre_event,pre_event_non_accident,30.041667,14.979196,450,960,720,train,Virginia,Virginia::highway,SVcqRcsvGak_00,0,46,0.0,3.070926,derived_pre_accident_until=3.042;weak_negative=true,/autodl-fs/data/traffic_accident_rnd/ACCIDENT_mmaction_clips/medium/train/SVcqRcsvGak_00__pre_event_non_accident.mp4,train,medium
SVcqRcsvGak_00__accident,SVcqRcsvGak_00,/autodl-fs/data/traffic_accident_rnd/ACCIDENT_dataset/real_videos/SVcqRcsvGak_00.mp4,ACCIDENT-real,sideswipe,accident,1,weak_clip_event_window,accident_window,30.041667,14.979196,450,960,720,train,Virginia,Virginia::highway,SVcqRcsvGak_00,61,151,4.072315,10.080648,accident_time=6.042;type=sideswipe;weak_clip=true,/autodl-fs/data/traffic_accident_rnd/ACCIDENT_mmaction_clips/medium/train/SVcqRcsvGak_00__accident.mp4,train,medium
Sv7nUzdTUDo_00__pre_event_non_accident,Sv7nUzdTUDo_00,/autodl-fs/data/traffic_accident_rnd/ACCIDENT_dataset/real_videos/Sv7nUzdTUDo_00.mp4,ACCIDENT-real,single,non_accident,0,weak_clip_pre_event,pre_event_non_accident,23.0625,14.95935,345,2400,1080,train,Virginia,Virginia::highway,Sv7nUzdTUDo_00,0,69,0.0,4.6125,derived_pre_accident_until=4.625;weak_negative=true,/autodl-fs/data/traffic_accident_rnd/ACCIDENT_mmaction_clips/medium/train/Sv7nUzdTUDo_00__pre_event_non_accident.mp4,train,medium
T1WbCBVGCHg_0_00__pre_event_non_accident,T1WbCBVGCHg_0_00,/autodl-fs/data/traffic_accident_rnd/ACCIDENT_dataset/real_videos/T1WbCBVGCHg_0_00.mp4,ACCIDENT-real,t-bone,non_accident,0,weak_clip_pre_event,pre_event_non_accident,12.12,23.59736,286,1280,720,train,World,World::highway,T1WbCBVGCHg_0_00,0,81,0.0,3.432587,derived_pre_accident_until=3.440;weak_negative=true,/autodl-fs/data/traffic_accident_rnd/ACCIDENT_mmaction_clips/medium/train/T1WbCBVGCHg_0_00__pre_event_non_accident.mp4,train,medium
T1WbCBVGCHg_8_00__pre_event_non_accident,T1WbCBVGCHg_8_00,/autodl-fs/data/traffic_accident_rnd/ACCIDENT_dataset/real_videos/T1WbCBVGCHg_8_00.mp4,ACCIDENT-real,t-bone,non_accident,0,weak_clip_pre_event,pre_event_non_accident,21.92,17.883212,392,1280,720,train,World,World::highway,T1WbCBVGCHg_8_00,0,78,0.0,4.361633,derived_pre_accident_until=4.360;weak_negative=true,/autodl-fs/data/traffic_accident_rnd/ACCIDENT_mmaction_clips/medium/train/T1WbCBVGCHg_8_00__pre_event_non_accident.mp4,train,medium
THjJUsS8MXk_00__pre_event_non_accident,THjJUsS8MXk_00,/autodl-fs/data/traffic_accident_rnd/ACCIDENT_dataset/real_videos/THjJUsS8MXk_00.mp4,ACCIDENT-real,rear-end,non_accident,0,weak_clip_pre_event,pre_event_non_accident,30.033333,15.016648,451,1620,1080,train,Virginia,Virginia::highway,THjJUsS8MXk_00,0,60,0.0,3.995565,derived_pre_accident_until=4.000;weak_negative=true,/autodl-fs/data/traffic_accident_rnd/ACCIDENT_mmaction_clips/medium/train/THjJUsS8MXk_00__pre_event_non_accident.mp4,train,medium
Tbl7dpfeXl8_00__pre_event_non_accident,Tbl7dpfeXl8_00,/autodl-fs/data/traffic_accident_rnd/ACCIDENT_dataset/real_videos/Tbl7dpfeXl8_00.mp4,ACCIDENT-real,rear-end,non_accident,0,weak_clip_pre_event,pre_event_non_accident,29.666667,12.910112,383,320,240,train,Virginia,Virginia::highway,Tbl7dpfeXl8_00,0,178,0.0,13.787641,derived_pre_accident_until=13.800;weak_negative=true,/autodl-fs/data/traffic_accident_rnd/ACCIDENT_mmaction_clips/medium/train/Tbl7dpfeXl8_00__pre_event_non_accident.mp4,train,medium
TilBcBFe1gc_00__pre_event_non_accident,TilBcBFe1gc_00,/autodl-fs/data/traffic_accident_rnd/ACCIDENT_dataset/real_videos/TilBcBFe1gc_00.mp4,ACCIDENT-real,head-on,non_accident,0,weak_clip_pre_event,pre_event_non_accident,30.0,19.366667,581,1280,720,train,Seattle,Seattle::signalized_intersection,TilBcBFe1gc_00,0,35,0.0,1.807229,derived_pre_accident_until=1.792;weak_negative=true,/autodl-fs/data/traffic_accident_rnd/ACCIDENT_mmaction_clips/medium/train/TilBcBFe1gc_00__pre_event_non_accident.mp4,train,medium
TilBcBFe1gc_00__accident,TilBcBFe1gc_00,/autodl-fs/data/traffic_accident_rnd/ACCIDENT_dataset/real_videos/TilBcBFe1gc_00.mp4,ACCIDENT-real,head-on,accident,1,weak_clip_event_window,accident_window,30.0,19.366667,581,1280,720,train,Seattle,Seattle::signalized_intersection,TilBcBFe1gc_00,54,170,2.788296,8.777969,accident_time=4.792;type=head-on;weak_clip=true,/autodl-fs/data/traffic_accident_rnd/ACCIDENT_mmaction_clips/medium/train/TilBcBFe1gc_00__accident.mp4,train,medium
TqwcLiIQq3A_3_00__accident,TqwcLiIQq3A_3_00,/autodl-fs/data/traffic_accident_rnd/ACCIDENT_dataset/real_videos/TqwcLiIQq3A_3_00.mp4,ACCIDENT-real,t-bone,accident,1,weak_clip_event_window,accident_window,98.364933,9.66808,951,480,360,train,World,World::signalized_intersection,TqwcLiIQq3A_3_00,861,919,89.055949,95.055072,accident_time=91.024267;type=t-bone;weak_clip=true,/autodl-fs/data/traffic_accident_rnd/ACCIDENT_mmaction_clips/medium/train/TqwcLiIQq3A_3_00__accident.mp4,train,medium
TvdgqAnb3QM_00__pre_event_non_accident,TvdgqAnb3QM_00,/autodl-fs/data/traffic_accident_rnd/ACCIDENT_dataset/real_videos/TvdgqAnb3QM_00.mp4,ACCIDENT-real,single,non_accident,0,weak_clip_pre_event,pre_event_non_accident,30.041667,14.979196,450,960,720,train,Virginia,Virginia::highway,TvdgqAnb3QM_00,0,107,0.0,7.143241,derived_pre_accident_until=7.125;weak_negative=true,/autodl-fs/data/traffic_accident_rnd/ACCIDENT_mmaction_clips/medium/train/TvdgqAnb3QM_00__pre_event_non_accident.mp4,train,medium
TvdgqAnb3QM_00__accident,TvdgqAnb3QM_00,/autodl-fs/data/traffic_accident_rnd/ACCIDENT_dataset/real_videos/TvdgqAnb3QM_00.mp4,ACCIDENT-real,single,accident,1,weak_clip_event_window,accident_window,30.041667,14.979196,450,960,720,train,Virginia,Virginia::highway,TvdgqAnb3QM_00,122,212,8.14463,14.152963,accident_time=10.125;type=single;weak_clip=true,/autodl-fs/data/traffic_accident_rnd/ACCIDENT_mmaction_clips/medium/train/TvdgqAnb3QM_00__accident.mp4,train,medium
Tzh_MXLofUI_00__pre_event_non_accident,Tzh_MXLofUI_00,/autodl-fs/data/traffic_accident_rnd/ACCIDENT_dataset/real_videos/Tzh_MXLofUI_00.mp4,ACCIDENT-real,single,non_accident,0,weak_clip_pre_event,pre_event_non_accident,30.041667,14.912621,448,960,720,train,Virginia,Virginia::highway,Tzh_MXLofUI_00,0,15,0.0,1.005859,derived_pre_accident_until=1.000;weak_negative=true,/autodl-fs/data/traffic_accident_rnd/ACCIDENT_mmaction_clips/medium/train/Tzh_MXLofUI_00__pre_event_non_accident.mp4,train,medium
Tzh_MXLofUI_00__accident,Tzh_MXLofUI_00,/autodl-fs/data/traffic_accident_rnd/ACCIDENT_dataset/real_videos/Tzh_MXLofUI_00.mp4,ACCIDENT-real,single,accident,1,weak_clip_event_window,accident_window,30.041667,14.912621,448,960,720,train,Virginia,Virginia::highway,Tzh_MXLofUI_00,30,120,2.011719,8.046875,accident_time=4.0;type=single;weak_clip=true,/autodl-fs/data/traffic_accident_rnd/ACCIDENT_mmaction_clips/medium/train/Tzh_MXLofUI_00__accident.mp4,train,medium
U9lXW10TLQw_00__pre_event_non_accident,U9lXW10TLQw_00,/autodl-fs/data/traffic_accident_rnd/ACCIDENT_dataset/real_videos/U9lXW10TLQw_00.mp4,ACCIDENT-real,single,non_accident,0,weak_clip_pre_event,pre_event_non_accident,30.0,8.0,240,1280,720,train,Arkansas,Arkansas::highway,U9lXW10TLQw_00,0,29,0.0,3.625,derived_pre_accident_until=3.667;weak_negative=true,/autodl-fs/data/traffic_accident_rnd/ACCIDENT_mmaction_clips/medium/train/U9lXW10TLQw_00__pre_event_non_accident.mp4,train,medium
U9lXW10TLQw_00__accident,U9lXW10TLQw_00,/autodl-fs/data/traffic_accident_rnd/ACCIDENT_dataset/real_videos/U9lXW10TLQw_00.mp4,ACCIDENT-real,single,accident,1,weak_clip_event_window,accident_window,30.0,8.0,240,1280,720,train,Arkansas,Arkansas::highway,U9lXW10TLQw_00,37,85,4.625,10.625,accident_time=6.667;type=single;weak_clip=true,/autodl-fs/data/traffic_accident_rnd/ACCIDENT_mmaction_clips/medium/train/U9lXW10TLQw_00__accident.mp4,train,medium
UCNyjybsbiU_00__accident,UCNyjybsbiU_00,/autodl-fs/data/traffic_accident_rnd/ACCIDENT_dataset/real_videos/UCNyjybsbiU_00.mp4,ACCIDENT-real,single,accident,1,weak_clip_event_window,accident_window,25.6,14.921875,382,1920,1080,train,Kansas,Kansas::grade_separated_intersection,UCNyjybsbiU_00,7,97,0.46911,6.500524,accident_time=2.5;type=single;weak_clip=true,/autodl-fs/data/traffic_accident_rnd/ACCIDENT_mmaction_clips/medium/train/UCNyjybsbiU_00__accident.mp4,train,medium
UarP8qU1S-c_00__pre_event_non_accident,UarP8qU1S-c_00,/autodl-fs/data/traffic_accident_rnd/ACCIDENT_dataset/real_videos/UarP8qU1S-c_00.mp4,ACCIDENT-real,single,non_accident,0,weak_clip_pre_event,pre_event_non_accident,15.233333,14.63895,223,3840,2160,train,Virginia,Virginia::highway,UarP8qU1S-c_00,0,83,0.0,5.669806,derived_pre_accident_until=5.667;weak_negative=true,/autodl-fs/data/traffic_accident_rnd/ACCIDENT_mmaction_clips/medium/train/UarP8qU1S-c_00__pre_event_non_accident.mp4,train,medium
UcJKeuDYOzc_16_00__pre_event_non_accident,UcJKeuDYOzc_16_00,/autodl-fs/data/traffic_accident_rnd/ACCIDENT_dataset/real_videos/UcJKeuDYOzc_16_00.mp4,ACCIDENT-real,t-bone,non_accident,0,weak_clip_pre_event,pre_event_non_accident,9.88,25.0,247,450,360,train,World,World::signalized_intersection,UcJKeuDYOzc_16_00,0,76,0.0,3.04,derived_pre_accident_until=3.040;weak_negative=true,/autodl-fs/data/traffic_accident_rnd/ACCIDENT_mmaction_clips/medium/train/UcJKeuDYOzc_16_00__pre_event_non_accident.mp4,train,medium
UcJKeuDYOzc_3_00__accident,UcJKeuDYOzc_3_00,/autodl-fs/data/traffic_accident_rnd/ACCIDENT_dataset/real_videos/UcJKeuDYOzc_3_00.mp4,ACCIDENT-real,t-bone,accident,1,weak_clip_event_window,accident_window,14.08,25.0,352,450,360,train,World,World::simple_intersection,UcJKeuDYOzc_3_00,146,296,5.84,11.84,accident_time=7.84;type=t-bone;weak_clip=true,/autodl-fs/data/traffic_accident_rnd/ACCIDENT_mmaction_clips/medium/train/UcJKeuDYOzc_3_00__accident.mp4,train,medium
UcJKeuDYOzc_8_00__accident,UcJKeuDYOzc_8_00,/autodl-fs/data/traffic_accident_rnd/ACCIDENT_dataset/real_videos/UcJKeuDYOzc_8_00.mp4,ACCIDENT-real,t-bone,accident,1,weak_clip_event_window,accident_window,7.2,23.75,171,450,360,train,World,World::signalized_intersection,UcJKeuDYOzc_8_00,39,171,1.642105,7.2,accident_time=3.68;type=t-bone;weak_clip=true,/autodl-fs/data/traffic_accident_rnd/ACCIDENT_mmaction_clips/medium/train/UcJKeuDYOzc_8_00__accident.mp4,train,medium
UcJKeuDYOzc_9_00__pre_event_non_accident,UcJKeuDYOzc_9_00,/autodl-fs/data/traffic_accident_rnd/ACCIDENT_dataset/real_videos/UcJKeuDYOzc_9_00.mp4,ACCIDENT-real,single,non_accident,0,weak_clip_pre_event,pre_event_non_accident,9.84,22.96748,226,450,360,train,World,World::signalized_intersection,UcJKeuDYOzc_9_00,0,66,0.0,2.873628,derived_pre_accident_until=2.880;weak_negative=true,/autodl-fs/data/traffic_accident_rnd/ACCIDENT_mmaction_clips/medium/train/UcJKeuDYOzc_9_00__pre_event_non_accident.mp4,train,medium
UjEFjnXKXXc_00__pre_event_non_accident,UjEFjnXKXXc_00,/autodl-fs/data/traffic_accident_rnd/ACCIDENT_dataset/real_videos/UjEFjnXKXXc_00.mp4,ACCIDENT-real,head-on,non_accident,0,weak_clip_pre_event,pre_event_non_accident,6.666667,13.8,92,1080,720,train,Seattle,Seattle::signalized_intersection,UjEFjnXKXXc_00,0,35,0.0,2.536232,derived_pre_accident_until=2.542;weak_negative=true,/autodl-fs/data/traffic_accident_rnd/ACCIDENT_mmaction_clips/medium/train/UjEFjnXKXXc_00__pre_event_non_accident.mp4,train,medium
V0iWmOFca7w_4_00__pre_event_non_accident,V0iWmOFca7w_4_00,/autodl-fs/data/traffic_accident_rnd/ACCIDENT_dataset/real_videos/V0iWmOFca7w_4_00.mp4,ACCIDENT-real,t-bone,non_accident,0,weak_clip_pre_event,pre_event_non_accident,22.689333,18.687195,424,1280,720,train,World,World::signalized_intersection,V0iWmOFca7w_4_00,0,292,0.0,15.625673,derived_pre_accident_until=15.602;weak_negative=true,/autodl-fs/data/traffic_accident_rnd/ACCIDENT_mmaction_clips/medium/train/V0iWmOFca7w_4_00__pre_event_non_accident.mp4,train,medium
V3oNEkBwP7M_00__pre_event_non_accident,V3oNEkBwP7M_00,/autodl-fs/data/traffic_accident_rnd/ACCIDENT_dataset/real_videos/V3oNEkBwP7M_00.mp4,ACCIDENT-real,single,non_accident,0,weak_clip_pre_event,pre_event_non_accident,25.133333,29.761273,748,1620,1080,train,Minnesota,Minnesota::highway,V3oNEkBwP7M_00,0,120,0.0,4.032086,derived_pre_accident_until=4.033;weak_negative=true,/autodl-fs/data/traffic_accident_rnd/ACCIDENT_mmaction_clips/medium/train/V3oNEkBwP7M_00__pre_event_non_accident.mp4,train,medium
V3oNEkBwP7M_00__accident,V3oNEkBwP7M_00,/autodl-fs/data/traffic_accident_rnd/ACCIDENT_dataset/real_videos/V3oNEkBwP7M_00.mp4,ACCIDENT-real,single,accident,1,weak_clip_event_window,accident_window,25.133333,29.761273,748,1620,1080,train,Minnesota,Minnesota::highway,V3oNEkBwP7M_00,149,328,5.006506,11.021034,accident_time=7.033;type=single;weak_clip=true,/autodl-fs/data/traffic_accident_rnd/ACCIDENT_mmaction_clips/medium/train/V3oNEkBwP7M_00__accident.mp4,train,medium
Vh13EbZJAiA_00__pre_event_non_accident,Vh13EbZJAiA_00,/autodl-fs/data/traffic_accident_rnd/ACCIDENT_dataset/real_videos/Vh13EbZJAiA_00.mp4,ACCIDENT-real,single,non_accident,0,weak_clip_pre_event,pre_event_non_accident,25.966667,30.0,779,1620,1080,train,Minnesota,Minnesota::grade_separated_intersection,Vh13EbZJAiA_00,0,363,0.0,12.1,derived_pre_accident_until=12.100;weak_negative=true,/autodl-fs/data/traffic_accident_rnd/ACCIDENT_mmaction_clips/medium/train/Vh13EbZJAiA_00__pre_event_non_accident.mp4,train,medium
VpQn6ugiG1M_00__accident,VpQn6ugiG1M_00,/autodl-fs/data/traffic_accident_rnd/ACCIDENT_dataset/real_videos/VpQn6ugiG1M_00.mp4,ACCIDENT-real,sideswipe,accident,1,weak_clip_event_window,accident_window,30.1,14.983389,451,1920,1080,train,Alabama,Alabama::highway,VpQn6ugiG1M_00,0,88,0.0,5.873171,accident_time=1.9;type=sideswipe;weak_clip=true,/autodl-fs/data/traffic_accident_rnd/ACCIDENT_mmaction_clips/medium/train/VpQn6ugiG1M_00__accident.mp4,train,medium
W0KJ7kxqtQo_00__accident,W0KJ7kxqtQo_00,/autodl-fs/data/traffic_accident_rnd/ACCIDENT_dataset/real_videos/W0KJ7kxqtQo_00.mp4,ACCIDENT-real,head-on,accident,1,weak_clip_event_window,accident_window,21.25,15.058824,320,1280,720,train,Seattle,Seattle::signalized_intersection,W0KJ7kxqtQo_00,25,115,1.660156,7.636719,accident_time=3.667;type=head-on;weak_clip=true,/autodl-fs/data/traffic_accident_rnd/ACCIDENT_mmaction_clips/medium/train/W0KJ7kxqtQo_00__accident.mp4,train,medium
WR1xUm9CjqY_00__accident,WR1xUm9CjqY_00,/autodl-fs/data/traffic_accident_rnd/ACCIDENT_dataset/real_videos/WR1xUm9CjqY_00.mp4,ACCIDENT-real,rear-end,accident,1,weak_clip_event_window,accident_window,25.3,15.098814,382,1584,1080,train,Wisconsin,Wisconsin::highway,WR1xUm9CjqY_00,0,87,0.0,5.762042,accident_time=1.766;type=rear-end;weak_clip=true,/autodl-fs/data/traffic_accident_rnd/ACCIDENT_mmaction_clips/medium/train/WR1xUm9CjqY_00__accident.mp4,train,medium
WvBtraA2jsA_00__pre_event_non_accident,WvBtraA2jsA_00,/autodl-fs/data/traffic_accident_rnd/ACCIDENT_dataset/real_videos/WvBtraA2jsA_00.mp4,ACCIDENT-real,rear-end,non_accident,0,weak_clip_pre_event,pre_event_non_accident,30.0,8.033333,241,1920,1080,train,Arkansas,Arkansas::highway,WvBtraA2jsA_00,0,22,0.0,2.738589,derived_pre_accident_until=2.733;weak_negative=true,/autodl-fs/data/traffic_accident_rnd/ACCIDENT_mmaction_clips/medium/train/WvBtraA2jsA_00__pre_event_non_accident.mp4,train,medium
XI9xhHUOo5o_00__accident,XI9xhHUOo5o_00,/autodl-fs/data/traffic_accident_rnd/ACCIDENT_dataset/real_videos/XI9xhHUOo5o_00.mp4,ACCIDENT-real,single,accident,1,weak_clip_event_window,accident_window,25.233333,14.940555,377,1920,1080,train,Virginia,Virginia::highway,XI9xhHUOo5o_00,15,105,1.003979,7.027851,accident_time=3.0;type=single;weak_clip=true,/autodl-fs/data/traffic_accident_rnd/ACCIDENT_mmaction_clips/medium/train/XI9xhHUOo5o_00__accident.mp4,train,medium
Xe9CoVqpv9c_2_00__pre_event_non_accident,Xe9CoVqpv9c_2_00,/autodl-fs/data/traffic_accident_rnd/ACCIDENT_dataset/real_videos/Xe9CoVqpv9c_2_00.mp4,ACCIDENT-real,rear-end,non_accident,0,weak_clip_pre_event,pre_event_non_accident,7.0,25.142857,176,1280,720,train,World,World::simple_intersection,Xe9CoVqpv9c_2_00,0,74,0.0,2.943182,derived_pre_accident_until=2.933;weak_negative=true,/autodl-fs/data/traffic_accident_rnd/ACCIDENT_mmaction_clips/medium/train/Xe9CoVqpv9c_2_00__pre_event_non_accident.mp4,train,medium
Xe9CoVqpv9c_2_00__accident,Xe9CoVqpv9c_2_00,/autodl-fs/data/traffic_accident_rnd/ACCIDENT_dataset/real_videos/Xe9CoVqpv9c_2_00.mp4,ACCIDENT-real,rear-end,accident,1,weak_clip_event_window,accident_window,7.0,25.142857,176,1280,720,train,World,World::simple_intersection,Xe9CoVqpv9c_2_00,99,176,3.9375,7.0,accident_time=5.933333;type=rear-end;weak_clip=true,/autodl-fs/data/traffic_accident_rnd/ACCIDENT_mmaction_clips/medium/train/Xe9CoVqpv9c_2_00__accident.mp4,train,medium
XqNrTjSsGrg_00__accident,XqNrTjSsGrg_00,/autodl-fs/data/traffic_accident_rnd/ACCIDENT_dataset/real_videos/XqNrTjSsGrg_00.mp4,ACCIDENT-real,rear-end,accident,1,weak_clip_event_window,accident_window,6.666667,29.7,198,1280,720,train,Alabama,Alabama::highway,XqNrTjSsGrg_00,58,198,1.952862,6.666667,accident_time=3.933;type=rear-end;weak_clip=true,/autodl-fs/data/traffic_accident_rnd/ACCIDENT_mmaction_clips/medium/train/XqNrTjSsGrg_00__accident.mp4,train,medium
Xu1KsH1j2iQ_11_00__pre_event_non_accident,Xu1KsH1j2iQ_11_00,/autodl-fs/data/traffic_accident_rnd/ACCIDENT_dataset/real_videos/Xu1KsH1j2iQ_11_00.mp4,ACCIDENT-real,single,non_accident,0,weak_clip_pre_event,pre_event_non_accident,17.684333,20.074265,355,960,720,train,World,World::city_street,Xu1KsH1j2iQ_11_00,0,70,0.0,3.487052,derived_pre_accident_until=3.506;weak_negative=true,/autodl-fs/data/traffic_accident_rnd/ACCIDENT_mmaction_clips/medium/train/Xu1KsH1j2iQ_11_00__pre_event_non_accident.mp4,train,medium
Xu1KsH1j2iQ_1_00__pre_event_non_accident,Xu1KsH1j2iQ_1_00,/autodl-fs/data/traffic_accident_rnd/ACCIDENT_dataset/real_videos/Xu1KsH1j2iQ_1_00.mp4,ACCIDENT-real,t-bone,non_accident,0,weak_clip_pre_event,pre_event_non_accident,9.142467,24.719806,226,960,720,train,World,World::signalized_intersection,Xu1KsH1j2iQ_1_00,0,47,0.0,1.901309,derived_pre_accident_until=1.905;weak_negative=true,/autodl-fs/data/traffic_accident_rnd/ACCIDENT_mmaction_clips/medium/train/Xu1KsH1j2iQ_1_00__pre_event_non_accident.mp4,train,medium
Y3OQspLTLok_00__pre_event_non_accident,Y3OQspLTLok_00,/autodl-fs/data/traffic_accident_rnd/ACCIDENT_dataset/real_videos/Y3OQspLTLok_00.mp4,ACCIDENT-real,rear-end,non_accident,0,weak_clip_pre_event,pre_event_non_accident,30.033333,29.933407,899,1080,720,train,Minnesota,Minnesota::grade_separated_intersection,Y3OQspLTLok_00,0,34,0.0,1.135855,derived_pre_accident_until=1.133;weak_negative=true,/autodl-fs/data/traffic_accident_rnd/ACCIDENT_mmaction_clips/medium/train/Y3OQspLTLok_00__pre_event_non_accident.mp4,train,medium
Y3OQspLTLok_00__accident,Y3OQspLTLok_00,/autodl-fs/data/traffic_accident_rnd/ACCIDENT_dataset/real_videos/Y3OQspLTLok_00.mp4,ACCIDENT-real,rear-end,accident,1,weak_clip_event_window,accident_window,30.033333,29.933407,899,1080,720,train,Minnesota,Minnesota::grade_separated_intersection,Y3OQspLTLok_00,64,244,2.138079,8.151428,accident_time=4.133333;type=rear-end;weak_clip=true,/autodl-fs/data/traffic_accident_rnd/ACCIDENT_mmaction_clips/medium/train/Y3OQspLTLok_00__accident.mp4,train,medium
YD-7Fnztg_4_00__accident,YD-7Fnztg_4_00,/autodl-fs/data/traffic_accident_rnd/ACCIDENT_dataset/real_videos/YD-7Fnztg_4_00.mp4,ACCIDENT-real,single,accident,1,weak_clip_event_window,accident_window,30.041667,14.979196,450,960,720,train,Virginia,Virginia::highway,YD-7Fnztg_4_00,0,85,0.0,5.674537,accident_time=1.667;type=single;weak_clip=true,/autodl-fs/data/traffic_accident_rnd/ACCIDENT_mmaction_clips/medium/train/YD-7Fnztg_4_00__accident.mp4,train,medium
YGBuLu9t4Ts_00__accident,YGBuLu9t4Ts_00,/autodl-fs/data/traffic_accident_rnd/ACCIDENT_dataset/real_videos/YGBuLu9t4Ts_00.mp4,ACCIDENT-real,rear-end,accident,1,weak_clip_event_window,accident_window,15.633333,15.095949,236,1920,1080,train,Wisconsin,Wisconsin::highway,YGBuLu9t4Ts_00,14,104,0.927401,6.889266,accident_time=2.933;type=rear-end;weak_clip=true,/autodl-fs/data/traffic_accident_rnd/ACCIDENT_mmaction_clips/medium/train/YGBuLu9t4Ts_00__accident.mp4,train,medium
YP7fpPBpqis_00__pre_event_non_accident,YP7fpPBpqis_00,/autodl-fs/data/traffic_accident_rnd/ACCIDENT_dataset/real_videos/YP7fpPBpqis_00.mp4,ACCIDENT-real,single,non_accident,0,weak_clip_pre_event,pre_event_non_accident,25.233333,14.980185,378,1440,1080,train,Virginia,Virginia::grade_separated_intersection,YP7fpPBpqis_00,0,35,0.0,2.33642,derived_pre_accident_until=2.367;weak_negative=true,/autodl-fs/data/traffic_accident_rnd/ACCIDENT_mmaction_clips/medium/train/YP7fpPBpqis_00__pre_event_non_accident.mp4,train,medium
YnYUC6nonG8_00__accident,YnYUC6nonG8_00,/autodl-fs/data/traffic_accident_rnd/ACCIDENT_dataset/real_videos/YnYUC6nonG8_00.mp4,ACCIDENT-real,single,accident,1,weak_clip_event_window,accident_window,30.1,14.850498,447,1440,1080,train,Alabama,Alabama::grade_separated_intersection,YnYUC6nonG8_00,6,95,0.404027,6.397092,accident_time=2.4;type=single;weak_clip=true,/autodl-fs/data/traffic_accident_rnd/ACCIDENT_mmaction_clips/medium/train/YnYUC6nonG8_00__accident.mp4,train,medium
YueG1zLkV8o_00__accident,YueG1zLkV8o_00,/autodl-fs/data/traffic_accident_rnd/ACCIDENT_dataset/real_videos/YueG1zLkV8o_00.mp4,ACCIDENT-real,rear-end,accident,1,weak_clip_event_window,accident_window,2.48,25.0,62,1920,1080,train,UAE,UAE::highway,YueG1zLkV8o_00,4,62,0.16,2.48,accident_time=2.16;type=rear-end;weak_clip=true,/autodl-fs/data/traffic_accident_rnd/ACCIDENT_mmaction_clips/medium/train/YueG1zLkV8o_00__accident.mp4,train,medium
Z52L6jGdSkY_12_00__accident,Z52L6jGdSkY_12_00,/autodl-fs/data/traffic_accident_rnd/ACCIDENT_dataset/real_videos/Z52L6jGdSkY_12_00.mp4,ACCIDENT-real,t-bone,accident,1,weak_clip_event_window,accident_window,3.370033,29.97003,101,1280,720,train,World,World::signalized_intersection,Z52L6jGdSkY_12_00,5,101,0.166833,3.370033,accident_time=2.168833;type=t-bone;weak_clip=true,/autodl-fs/data/traffic_accident_rnd/ACCIDENT_mmaction_clips/medium/train/Z52L6jGdSkY_12_00__accident.mp4,train,medium
Z52L6jGdSkY_6_00__accident,Z52L6jGdSkY_6_00,/autodl-fs/data/traffic_accident_rnd/ACCIDENT_dataset/real_videos/Z52L6jGdSkY_6_00.mp4,ACCIDENT-real,t-bone,accident,1,weak_clip_event_window,accident_window,3.870533,25.061146,97,1280,720,train,World,World::signalized_intersection,Z52L6jGdSkY_6_00,0,97,0.0,3.870533,accident_time=1.034367;type=t-bone;weak_clip=true,/autodl-fs/data/traffic_accident_rnd/ACCIDENT_mmaction_clips/medium/train/Z52L6jGdSkY_6_00__accident.mp4,train,medium
Z52L6jGdSkY_7_00__accident,Z52L6jGdSkY_7_00,/autodl-fs/data/traffic_accident_rnd/ACCIDENT_dataset/real_videos/Z52L6jGdSkY_7_00.mp4,ACCIDENT-real,t-bone,accident,1,weak_clip_event_window,accident_window,4.237567,24.778371,105,1280,720,train,World,World::signalized_intersection,Z52L6jGdSkY_7_00,0,105,0.0,4.237567,accident_time=1.868533;type=t-bone;weak_clip=true,/autodl-fs/data/traffic_accident_rnd/ACCIDENT_mmaction_clips/medium/train/Z52L6jGdSkY_7_00__accident.mp4,train,medium
ZGDoRBiCxEA_00__pre_event_non_accident,ZGDoRBiCxEA_00,/autodl-fs/data/traffic_accident_rnd/ACCIDENT_dataset/real_videos/ZGDoRBiCxEA_00.mp4,ACCIDENT-real,rear-end,non_accident,0,weak_clip_pre_event,pre_event_non_accident,28.875,14.961039,432,960,720,train,Virginia,Virginia::highway,ZGDoRBiCxEA_00,0,113,0.0,7.552951,derived_pre_accident_until=7.542;weak_negative=true,/autodl-fs/data/traffic_accident_rnd/ACCIDENT_mmaction_clips/medium/train/ZGDoRBiCxEA_00__pre_event_non_accident.mp4,train,medium
ZQOzzKybkTA_00__accident,ZQOzzKybkTA_00,/autodl-fs/data/traffic_accident_rnd/ACCIDENT_dataset/real_videos/ZQOzzKybkTA_00.mp4,ACCIDENT-real,single,accident,1,weak_clip_event_window,accident_window,30.033333,29.36737,882,1080,720,train,Minnesota,Minnesota::grade_separated_intersection,ZQOzzKybkTA_00,274,450,9.330083,15.323129,accident_time=11.333333;type=single;weak_clip=true,/autodl-fs/data/traffic_accident_rnd/ACCIDENT_mmaction_clips/medium/train/ZQOzzKybkTA_00__accident.mp4,train,medium
ZTLYOhzf8Jw_00__pre_event_non_accident,ZTLYOhzf8Jw_00,/autodl-fs/data/traffic_accident_rnd/ACCIDENT_dataset/real_videos/ZTLYOhzf8Jw_00.mp4,ACCIDENT-real,rear-end,non_accident,0,weak_clip_pre_event,pre_event_non_accident,20.7,14.927536,309,1920,1080,train,Virginia,Virginia::highway,ZTLYOhzf8Jw_00,0,26,0.0,1.741748,derived_pre_accident_until=1.733;weak_negative=true,/autodl-fs/data/traffic_accident_rnd/ACCIDENT_mmaction_clips/medium/train/ZTLYOhzf8Jw_00__pre_event_non_accident.mp4,train,medium
ZTLYOhzf8Jw_00__accident,ZTLYOhzf8Jw_00,/autodl-fs/data/traffic_accident_rnd/ACCIDENT_dataset/real_videos/ZTLYOhzf8Jw_00.mp4,ACCIDENT-real,rear-end,accident,1,weak_clip_event_window,accident_window,20.7,14.927536,309,1920,1080,train,Virginia,Virginia::highway,ZTLYOhzf8Jw_00,41,131,2.746602,8.775728,accident_time=4.733;type=rear-end;weak_clip=true,/autodl-fs/data/traffic_accident_rnd/ACCIDENT_mmaction_clips/medium/train/ZTLYOhzf8Jw_00__accident.mp4,train,medium
Zq0TjWFlXQI_00__accident,Zq0TjWFlXQI_00,/autodl-fs/data/traffic_accident_rnd/ACCIDENT_dataset/real_videos/Zq0TjWFlXQI_00.mp4,ACCIDENT-real,sideswipe,accident,1,weak_clip_event_window,accident_window,30.041667,14.979196,450,960,720,train,Virginia,Virginia::highway,Zq0TjWFlXQI_00,19,109,1.268426,7.276759,accident_time=3.25;type=sideswipe;weak_clip=true,/autodl-fs/data/traffic_accident_rnd/ACCIDENT_mmaction_clips/medium/train/Zq0TjWFlXQI_00__accident.mp4,train,medium
ZyHloKpLTDs_00__accident,ZyHloKpLTDs_00,/autodl-fs/data/traffic_accident_rnd/ACCIDENT_dataset/real_videos/ZyHloKpLTDs_00.mp4,ACCIDENT-real,rear-end,accident,1,weak_clip_event_window,accident_window,30.033333,30.0,901,1920,1080,train,Georgia,Georgia::highway,ZyHloKpLTDs_00,136,316,4.533333,10.533333,accident_time=6.533;type=rear-end;weak_clip=true,/autodl-fs/data/traffic_accident_rnd/ACCIDENT_mmaction_clips/medium/train/ZyHloKpLTDs_00__accident.mp4,train,medium
_9tp71S2Gwg_00__pre_event_non_accident,_9tp71S2Gwg_00,/autodl-fs/data/traffic_accident_rnd/ACCIDENT_dataset/real_videos/_9tp71S2Gwg_00.mp4,ACCIDENT-real,single,non_accident,0,weak_clip_pre_event,pre_event_non_accident,30.041667,14.646325,440,960,720,train,Virginia,Virginia::highway,_9tp71S2Gwg_00,0,38,0.0,2.594508,derived_pre_accident_until=2.583;weak_negative=true,/autodl-fs/data/traffic_accident_rnd/ACCIDENT_mmaction_clips/medium/train/_9tp71S2Gwg_00__pre_event_non_accident.mp4,train,medium
_FjROQyb1C8_1_00__accident,_FjROQyb1C8_1_00,/autodl-fs/data/traffic_accident_rnd/ACCIDENT_dataset/real_videos/_FjROQyb1C8_1_00.mp4,ACCIDENT-real,sideswipe,accident,1,weak_clip_event_window,accident_window,7.5075,21.978022,165,640,360,train,World,World::city_street,_FjROQyb1C8_1_00,20,152,0.91,6.916,accident_time=2.9029;type=sideswipe;weak_clip=true,/autodl-fs/data/traffic_accident_rnd/ACCIDENT_mmaction_clips/medium/train/_FjROQyb1C8_1_00__accident.mp4,train,medium
aPXUOJ6X43E_00__pre_event_non_accident,aPXUOJ6X43E_00,/autodl-fs/data/traffic_accident_rnd/ACCIDENT_dataset/real_videos/aPXUOJ6X43E_00.mp4,ACCIDENT-real,single,non_accident,0,weak_clip_pre_event,pre_event_non_accident,10.5,10.571429,111,1280,720,train,Arkansas,Arkansas::highway,aPXUOJ6X43E_00,0,18,0.0,1.702703,derived_pre_accident_until=1.708;weak_negative=true,/autodl-fs/data/traffic_accident_rnd/ACCIDENT_mmaction_clips/medium/train/aPXUOJ6X43E_00__pre_event_non_accident.mp4,train,medium
acmBtouCwIU_00__pre_event_non_accident,acmBtouCwIU_00,/autodl-fs/data/traffic_accident_rnd/ACCIDENT_dataset/real_videos/acmBtouCwIU_00.mp4,ACCIDENT-real,rear-end,non_accident,0,weak_clip_pre_event,pre_event_non_accident,30.041667,14.846047,446,1080,720,train,Alabama,Alabama::highway,acmBtouCwIU_00,0,54,0.0,3.637332,derived_pre_accident_until=3.625;weak_negative=true,/autodl-fs/data/traffic_accident_rnd/ACCIDENT_mmaction_clips/medium/train/acmBtouCwIU_00__pre_event_non_accident.mp4,train,medium
acmBtouCwIU_00__accident,acmBtouCwIU_00,/autodl-fs/data/traffic_accident_rnd/ACCIDENT_dataset/real_videos/acmBtouCwIU_00.mp4,ACCIDENT-real,rear-end,accident,1,weak_clip_event_window,accident_window,30.041667,14.846047,446,1080,720,train,Alabama,Alabama::highway,acmBtouCwIU_00,68,157,4.580344,10.575206,accident_time=6.625;type=rear-end;weak_clip=true,/autodl-fs/data/traffic_accident_rnd/ACCIDENT_mmaction_clips/medium/train/acmBtouCwIU_00__accident.mp4,train,medium
ao3VuM_p4_8_00__accident,ao3VuM_p4_8_00,/autodl-fs/data/traffic_accident_rnd/ACCIDENT_dataset/real_videos/ao3VuM_p4_8_00.mp4,ACCIDENT-real,single,accident,1,weak_clip_event_window,accident_window,25.233333,29.92074,755,1620,1080,train,Minnesota,Minnesota::grade_separated_intersection,ao3VuM_p4_8_00,0,163,0.0,5.447726,accident_time=1.4340000000000002;type=single;weak_clip=true,/autodl-fs/data/traffic_accident_rnd/ACCIDENT_mmaction_clips/medium/train/ao3VuM_p4_8_00__accident.mp4,train,medium
bDLOyLAi51k_00__pre_event_non_accident,bDLOyLAi51k_00,/autodl-fs/data/traffic_accident_rnd/ACCIDENT_dataset/real_videos/bDLOyLAi51k_00.mp4,ACCIDENT-real,single,non_accident,0,weak_clip_pre_event,pre_event_non_accident,25.72,19.984448,514,1056,720,train,Florida,Florida::grade_separated_intersection,bDLOyLAi51k_00,0,90,0.0,4.503502,derived_pre_accident_until=4.520;weak_negative=true,/autodl-fs/data/traffic_accident_rnd/ACCIDENT_mmaction_clips/medium/train/bDLOyLAi51k_00__pre_event_non_accident.mp4,train,medium
bDLOyLAi51k_00__accident,bDLOyLAi51k_00,/autodl-fs/data/traffic_accident_rnd/ACCIDENT_dataset/real_videos/bDLOyLAi51k_00.mp4,ACCIDENT-real,single,accident,1,weak_clip_event_window,accident_window,25.72,19.984448,514,1056,720,train,Florida,Florida::grade_separated_intersection,bDLOyLAi51k_00,110,230,5.50428,11.508949,accident_time=7.52;type=single;weak_clip=true,/autodl-fs/data/traffic_accident_rnd/ACCIDENT_mmaction_clips/medium/train/bDLOyLAi51k_00__accident.mp4,train,medium
bXaAw1730zE_0_00__accident,bXaAw1730zE_0_00,/autodl-fs/data/traffic_accident_rnd/ACCIDENT_dataset/real_videos/bXaAw1730zE_0_00.mp4,ACCIDENT-real,t-bone,accident,1,weak_clip_event_window,accident_window,6.333333,14.368421,91,1280,720,train,World,World::simple_intersection,bXaAw1730zE_0_00,15,91,1.043956,6.333333,accident_time=3.066667;type=t-bone;weak_clip=true,/autodl-fs/data/traffic_accident_rnd/ACCIDENT_mmaction_clips/medium/train/bXaAw1730zE_0_00__accident.mp4,train,medium
bn7c9LxpeuA_00__accident,bn7c9LxpeuA_00,/autodl-fs/data/traffic_accident_rnd/ACCIDENT_dataset/real_videos/bn7c9LxpeuA_00.mp4,ACCIDENT-real,rear-end,accident,1,weak_clip_event_window,accident_window,25.166667,15.019868,378,1080,720,train,Alabama,Alabama::highway,bn7c9LxpeuA_00,17,107,1.131834,7.123898,accident_time=3.125;type=rear-end;weak_clip=true,/autodl-fs/data/traffic_accident_rnd/ACCIDENT_mmaction_clips/medium/train/bn7c9LxpeuA_00__accident.mp4,train,medium
bow1eKeR6oY_00__accident,bow1eKeR6oY_00,/autodl-fs/data/traffic_accident_rnd/ACCIDENT_dataset/real_videos/bow1eKeR6oY_00.mp4,ACCIDENT-real,single,accident,1,weak_clip_event_window,accident_window,30.0,14.966667,449,1080,720,train,Alabama,Alabama::highway,bow1eKeR6oY_00,11,101,0.734967,6.74833,accident_time=2.75;type=single;weak_clip=true,/autodl-fs/data/traffic_accident_rnd/ACCIDENT_mmaction_clips/medium/train/bow1eKeR6oY_00__accident.mp4,train,medium
bwW_wL4TwZg_1_00__accident,bwW_wL4TwZg_1_00,/autodl-fs/data/traffic_accident_rnd/ACCIDENT_dataset/real_videos/bwW_wL4TwZg_1_00.mp4,ACCIDENT-real,single,accident,1,weak_clip_event_window,accident_window,3.4,24.411765,83,320,240,train,World,World::tunnel,bwW_wL4TwZg_1_00,0,83,0.0,3.4,accident_time=1.28;type=single;weak_clip=true,/autodl-fs/data/traffic_accident_rnd/ACCIDENT_mmaction_clips/medium/train/bwW_wL4TwZg_1_00__accident.mp4,train,medium
bwW_wL4TwZg_2_00__pre_event_non_accident,bwW_wL4TwZg_2_00,/autodl-fs/data/traffic_accident_rnd/ACCIDENT_dataset/real_videos/bwW_wL4TwZg_2_00.mp4,ACCIDENT-real,single,non_accident,0,weak_clip_pre_event,pre_event_non_accident,11.12,24.820144,276,320,240,train,World,World::tunnel,bwW_wL4TwZg_2_00,0,84,0.0,3.384348,derived_pre_accident_until=3.400;weak_negative=true,/autodl-fs/data/traffic_accident_rnd/ACCIDENT_mmaction_clips/medium/train/bwW_wL4TwZg_2_00__pre_event_non_accident.mp4,train,medium
cFpwh4gBvDc_00__pre_event_non_accident,cFpwh4gBvDc_00,/autodl-fs/data/traffic_accident_rnd/ACCIDENT_dataset/real_videos/cFpwh4gBvDc_00.mp4,ACCIDENT-real,single,non_accident,0,weak_clip_pre_event,pre_event_non_accident,8.708333,14.813397,129,960,720,train,Tennessee,Tennessee::highway,cFpwh4gBvDc_00,0,19,0.0,1.282623,derived_pre_accident_until=1.250;weak_negative=true,/autodl-fs/data/traffic_accident_rnd/ACCIDENT_mmaction_clips/medium/train/cFpwh4gBvDc_00__pre_event_non_accident.mp4,train,medium
cFpwh4gBvDc_00__accident,cFpwh4gBvDc_00,/autodl-fs/data/traffic_accident_rnd/ACCIDENT_dataset/real_videos/cFpwh4gBvDc_00.mp4,ACCIDENT-real,single,accident,1,weak_clip_event_window,accident_window,8.708333,14.813397,129,960,720,train,Tennessee,Tennessee::highway,cFpwh4gBvDc_00,33,122,2.227713,8.235788,accident_time=4.25;type=single;weak_clip=true,/autodl-fs/data/traffic_accident_rnd/ACCIDENT_mmaction_clips/medium/train/cFpwh4gBvDc_00__accident.mp4,train,medium
cYmWOy46zF8_00__accident,cYmWOy46zF8_00,/autodl-fs/data/traffic_accident_rnd/ACCIDENT_dataset/real_videos/cYmWOy46zF8_00.mp4,ACCIDENT-real,single,accident,1,weak_clip_event_window,accident_window,19.833333,30.0,595,1920,1080,train,Seattle,Seattle::signalized_intersection,cYmWOy46zF8_00,0,165,0.0,5.5,accident_time=1.5;type=single;weak_clip=true,/autodl-fs/data/traffic_accident_rnd/ACCIDENT_mmaction_clips/medium/train/cYmWOy46zF8_00__accident.mp4,train,medium
dmwcqNAuZcM_1_00__pre_event_non_accident,dmwcqNAuZcM_1_00,/autodl-fs/data/traffic_accident_rnd/ACCIDENT_dataset/real_videos/dmwcqNAuZcM_1_00.mp4,ACCIDENT-real,t-bone,non_accident,0,weak_clip_pre_event,pre_event_non_accident,52.052,13.870745,722,1276,720,train,World,World::signalized_intersection,dmwcqNAuZcM_1_00,0,314,0.0,22.637573,derived_pre_accident_until=22.659;weak_negative=true,/autodl-fs/data/traffic_accident_rnd/ACCIDENT_mmaction_clips/medium/train/dmwcqNAuZcM_1_00__pre_event_non_accident.mp4,train,medium
dmwcqNAuZcM_1_00__accident,dmwcqNAuZcM_1_00,/autodl-fs/data/traffic_accident_rnd/ACCIDENT_dataset/real_videos/dmwcqNAuZcM_1_00.mp4,ACCIDENT-real,t-bone,accident,1,weak_clip_event_window,accident_window,52.052,13.870745,722,1276,720,train,World,World::signalized_intersection,dmwcqNAuZcM_1_00,328,411,23.646892,29.630709,accident_time=25.658967;type=t-bone;weak_clip=true,/autodl-fs/data/traffic_accident_rnd/ACCIDENT_mmaction_clips/medium/train/dmwcqNAuZcM_1_00__accident.mp4,train,medium
eaAiEUwvy20_00__accident,eaAiEUwvy20_00,/autodl-fs/data/traffic_accident_rnd/ACCIDENT_dataset/real_videos/eaAiEUwvy20_00.mp4,ACCIDENT-real,head-on,accident,1,weak_clip_event_window,accident_window,30.033333,29.966704,900,1280,720,train,Seattle,Seattle::signalized_intersection,eaAiEUwvy20_00,108,288,3.604,9.610667,accident_time=5.6;type=head-on;weak_clip=true,/autodl-fs/data/traffic_accident_rnd/ACCIDENT_mmaction_clips/medium/train/eaAiEUwvy20_00__accident.mp4,train,medium
gS2xiB7q7sk_00__accident,gS2xiB7q7sk_00,/autodl-fs/data/traffic_accident_rnd/ACCIDENT_dataset/real_videos/gS2xiB7q7sk_00.mp4,ACCIDENT-real,single,accident,1,weak_clip_event_window,accident_window,30.041667,14.945908,449,960,720,train,Virginia,Virginia::highway,gS2xiB7q7sk_00,13,103,0.869803,6.891518,accident_time=2.875;type=single;weak_clip=true,/autodl-fs/data/traffic_accident_rnd/ACCIDENT_mmaction_clips/medium/train/gS2xiB7q7sk_00__accident.mp4,train,medium
gtKsxCrjJ2Q_00__pre_event_non_accident,gtKsxCrjJ2Q_00,/autodl-fs/data/traffic_accident_rnd/ACCIDENT_dataset/real_videos/gtKsxCrjJ2Q_00.mp4,ACCIDENT-real,single,non_accident,0,weak_clip_pre_event,pre_event_non_accident,29.916667,10.061281,301,960,720,train,Virginia,Virginia::highway,gtKsxCrjJ2Q_00,0,40,0.0,3.975637,derived_pre_accident_until=3.958;weak_negative=true,/autodl-fs/data/traffic_accident_rnd/ACCIDENT_mmaction_clips/medium/train/gtKsxCrjJ2Q_00__pre_event_non_accident.mp4,train,medium
hHLYbcQzL0U_00__pre_event_non_accident,hHLYbcQzL0U_00,/autodl-fs/data/traffic_accident_rnd/ACCIDENT_dataset/real_videos/hHLYbcQzL0U_00.mp4,ACCIDENT-real,single,non_accident,0,weak_clip_pre_event,pre_event_non_accident,7.958333,14.95288,119,960,720,train,Virginia,Virginia::highway,hHLYbcQzL0U_00,0,40,0.0,2.67507,derived_pre_accident_until=2.708;weak_negative=true,/autodl-fs/data/traffic_accident_rnd/ACCIDENT_mmaction_clips/medium/train/hHLYbcQzL0U_00__pre_event_non_accident.mp4,train,medium
ieFXAiS97A0_1_00__pre_event_non_accident,ieFXAiS97A0_1_00,/autodl-fs/data/traffic_accident_rnd/ACCIDENT_dataset/real_videos/ieFXAiS97A0_1_00.mp4,ACCIDENT-real,sideswipe,non_accident,0,weak_clip_pre_event,pre_event_non_accident,9.743067,14.266555,139,450,338,train,World,World::signalized_intersection,ieFXAiS97A0_1_00,0,28,0.0,1.962632,derived_pre_accident_until=1.938;weak_negative=true,/autodl-fs/data/traffic_accident_rnd/ACCIDENT_mmaction_clips/medium/train/ieFXAiS97A0_1_00__pre_event_non_accident.mp4,train,medium
ig4k6LEEMy0_00__pre_event_non_accident,ig4k6LEEMy0_00,/autodl-fs/data/traffic_accident_rnd/ACCIDENT_dataset/real_videos/ig4k6LEEMy0_00.mp4,ACCIDENT-real,t-bone,non_accident,0,weak_clip_pre_event,pre_event_non_accident,30.125,7.966805,240,1280,720,train,Arkansas,Arkansas::highway,ig4k6LEEMy0_00,0,49,0.0,6.150521,derived_pre_accident_until=6.208;weak_negative=true,/autodl-fs/data/traffic_accident_rnd/ACCIDENT_mmaction_clips/medium/train/ig4k6LEEMy0_00__pre_event_non_accident.mp4,train,medium
ig4k6LEEMy0_00__accident,ig4k6LEEMy0_00,/autodl-fs/data/traffic_accident_rnd/ACCIDENT_dataset/real_videos/ig4k6LEEMy0_00.mp4,ACCIDENT-real,t-bone,accident,1,weak_clip_event_window,accident_window,30.125,7.966805,240,1280,720,train,Arkansas,Arkansas::highway,ig4k6LEEMy0_00,57,105,7.154687,13.179688,accident_time=9.208;type=t-bone;weak_clip=true,/autodl-fs/data/traffic_accident_rnd/ACCIDENT_mmaction_clips/medium/train/ig4k6LEEMy0_00__accident.mp4,train,medium
jJ4IJnInYnE_00__pre_event_non_accident,jJ4IJnInYnE_00,/autodl-fs/data/traffic_accident_rnd/ACCIDENT_dataset/real_videos/jJ4IJnInYnE_00.mp4,ACCIDENT-real,single,non_accident,0,weak_clip_pre_event,pre_event_non_accident,24.766667,15.020188,372,1620,1080,train,Tennessee,Tennessee::grade_separated_intersection,jJ4IJnInYnE_00,0,21,0.0,1.398118,derived_pre_accident_until=1.400;weak_negative=true,/autodl-fs/data/traffic_accident_rnd/ACCIDENT_mmaction_clips/medium/train/jJ4IJnInYnE_00__pre_event_non_accident.mp4,train,medium
jgAGNNIG13E_00__pre_event_non_accident,jgAGNNIG13E_00,/autodl-fs/data/traffic_accident_rnd/ACCIDENT_dataset/real_videos/jgAGNNIG13E_00.mp4,ACCIDENT-real,single,non_accident,0,weak_clip_pre_event,pre_event_non_accident,30.0,14.966667,449,1280,720,train,Alabama,Alabama::grade_separated_intersection,jgAGNNIG13E_00,0,65,0.0,4.342984,derived_pre_accident_until=4.375;weak_negative=true,/autodl-fs/data/traffic_accident_rnd/ACCIDENT_mmaction_clips/medium/train/jgAGNNIG13E_00__pre_event_non_accident.mp4,train,medium
jgAGNNIG13E_00__accident,jgAGNNIG13E_00,/autodl-fs/data/traffic_accident_rnd/ACCIDENT_dataset/real_videos/jgAGNNIG13E_00.mp4,ACCIDENT-real,single,accident,1,weak_clip_event_window,accident_window,30.0,14.966667,449,1280,720,train,Alabama,Alabama::grade_separated_intersection,jgAGNNIG13E_00,80,170,5.345212,11.358575,accident_time=7.375;type=single;weak_clip=true,/autodl-fs/data/traffic_accident_rnd/ACCIDENT_mmaction_clips/medium/train/jgAGNNIG13E_00__accident.mp4,train,medium
jnarvwUc5NU_00__pre_event_non_accident,jnarvwUc5NU_00,/autodl-fs/data/traffic_accident_rnd/ACCIDENT_dataset/real_videos/jnarvwUc5NU_00.mp4,ACCIDENT-real,rear-end,non_accident,0,weak_clip_pre_event,pre_event_non_accident,30.041667,14.779473,444,960,720,train,Virginia,Virginia::highway,jnarvwUc5NU_00,0,91,0.0,6.157188,derived_pre_accident_until=6.167;weak_negative=true,/autodl-fs/data/traffic_accident_rnd/ACCIDENT_mmaction_clips/medium/train/jnarvwUc5NU_00__pre_event_non_accident.mp4,train,medium
jnarvwUc5NU_00__accident,jnarvwUc5NU_00,/autodl-fs/data/traffic_accident_rnd/ACCIDENT_dataset/real_videos/jnarvwUc5NU_00.mp4,ACCIDENT-real,rear-end,accident,1,weak_clip_event_window,accident_window,30.041667,14.779473,444,960,720,train,Virginia,Virginia::highway,jnarvwUc5NU_00,105,194,7.104448,13.126314,accident_time=9.166666;type=rear-end;weak_clip=true,/autodl-fs/data/traffic_accident_rnd/ACCIDENT_mmaction_clips/medium/train/jnarvwUc5NU_00__accident.mp4,train,medium
jzFOvz-C9q0_00__pre_event_non_accident,jzFOvz-C9q0_00,/autodl-fs/data/traffic_accident_rnd/ACCIDENT_dataset/real_videos/jzFOvz-C9q0_00.mp4,ACCIDENT-real,sideswipe,non_accident,0,weak_clip_pre_event,pre_event_non_accident,27.466667,30.0,824,1080,720,train,Minnesota,Minnesota::highway,jzFOvz-C9q0_00,0,65,0.0,2.166667,derived_pre_accident_until=2.167;weak_negative=true,/autodl-fs/data/traffic_accident_rnd/ACCIDENT_mmaction_clips/medium/train/jzFOvz-C9q0_00__pre_event_non_accident.mp4,train,medium
k932VZGqE6c_1_00__pre_event_non_accident,k932VZGqE6c_1_00,/autodl-fs/data/traffic_accident_rnd/ACCIDENT_dataset/real_videos/k932VZGqE6c_1_00.mp4,ACCIDENT-real,t-bone,non_accident,0,weak_clip_pre_event,pre_event_non_accident,7.6,30.0,228,320,240,train,World,World::signalized_intersection,k932VZGqE6c_1_00,0,31,0.0,1.033333,derived_pre_accident_until=1.033;weak_negative=true,/autodl-fs/data/traffic_accident_rnd/ACCIDENT_mmaction_clips/medium/train/k932VZGqE6c_1_00__pre_event_non_accident.mp4,train,medium
k932VZGqE6c_2_00__pre_event_non_accident,k932VZGqE6c_2_00,/autodl-fs/data/traffic_accident_rnd/ACCIDENT_dataset/real_videos/k932VZGqE6c_2_00.mp4,ACCIDENT-real,rear-end,non_accident,0,weak_clip_pre_event,pre_event_non_accident,8.333333,28.44,237,320,240,train,World,World::signalized_intersection,k932VZGqE6c_2_00,0,75,0.0,2.637131,derived_pre_accident_until=2.633;weak_negative=true,/autodl-fs/data/traffic_accident_rnd/ACCIDENT_mmaction_clips/medium/train/k932VZGqE6c_2_00__pre_event_non_accident.mp4,train,medium
kOOstkWDxz0_00__pre_event_non_accident,kOOstkWDxz0_00,/autodl-fs/data/traffic_accident_rnd/ACCIDENT_dataset/real_videos/kOOstkWDxz0_00.mp4,ACCIDENT-real,single,non_accident,0,weak_clip_pre_event,pre_event_non_accident,30.125,7.73444,233,1280,720,train,Arkansas,Arkansas::highway,kOOstkWDxz0_00,0,46,0.0,5.947425,derived_pre_accident_until=5.917;weak_negative=true,/autodl-fs/data/traffic_accident_rnd/ACCIDENT_mmaction_clips/medium/train/kOOstkWDxz0_00__pre_event_non_accident.mp4,train,medium
kd7QwQqeJZQ_01__accident,kd7QwQqeJZQ_01,/autodl-fs/data/traffic_accident_rnd/ACCIDENT_dataset/real_videos/kd7QwQqeJZQ_01.mp4,ACCIDENT-real,single,accident,1,weak_clip_event_window,accident_window,10.28,22.957198,236,1920,1080,train,UAE,UAE::highway,kd7QwQqeJZQ_01,57,195,2.482881,8.494068,accident_time=4.48;type=single;weak_clip=true,/autodl-fs/data/traffic_accident_rnd/ACCIDENT_mmaction_clips/medium/train/kd7QwQqeJZQ_01__accident.mp4,train,medium
kv-u4ZiEGJA_4_00__accident,kv-u4ZiEGJA_4_00,/autodl-fs/data/traffic_accident_rnd/ACCIDENT_dataset/real_videos/kv-u4ZiEGJA_4_00.mp4,ACCIDENT-real,head-on,accident,1,weak_clip_event_window,accident_window,3.6,22.5,81,1280,720,train,World,World::signalized_intersection,kv-u4ZiEGJA_4_00,0,81,0.0,3.6,accident_time=0.766667;type=head-on;weak_clip=true,/autodl-fs/data/traffic_accident_rnd/ACCIDENT_mmaction_clips/medium/train/kv-u4ZiEGJA_4_00__accident.mp4,train,medium
l4xiNaUc-Bw_00__pre_event_non_accident,l4xiNaUc-Bw_00,/autodl-fs/data/traffic_accident_rnd/ACCIDENT_dataset/real_videos/l4xiNaUc-Bw_00.mp4,ACCIDENT-real,single,non_accident,0,weak_clip_pre_event,pre_event_non_accident,29.916667,15.075209,451,1280,720,train,Seattle,Seattle::highway,l4xiNaUc-Bw_00,0,87,0.0,5.771064,derived_pre_accident_until=5.750;weak_negative=true,/autodl-fs/data/traffic_accident_rnd/ACCIDENT_mmaction_clips/medium/train/l4xiNaUc-Bw_00__pre_event_non_accident.mp4,train,medium
l4xiNaUc-Bw_00__accident,l4xiNaUc-Bw_00,/autodl-fs/data/traffic_accident_rnd/ACCIDENT_dataset/real_videos/l4xiNaUc-Bw_00.mp4,ACCIDENT-real,single,accident,1,weak_clip_event_window,accident_window,29.916667,15.075209,451,1280,720,train,Seattle,Seattle::highway,l4xiNaUc-Bw_00,102,192,6.766075,12.736142,accident_time=8.75;type=single;weak_clip=true,/autodl-fs/data/traffic_accident_rnd/ACCIDENT_mmaction_clips/medium/train/l4xiNaUc-Bw_00__accident.mp4,train,medium
lJvJnAxuX5U_0_00__pre_event_non_accident,lJvJnAxuX5U_0_00,/autodl-fs/data/traffic_accident_rnd/ACCIDENT_dataset/real_videos/lJvJnAxuX5U_0_00.mp4,ACCIDENT-real,t-bone,non_accident,0,weak_clip_pre_event,pre_event_non_accident,9.92,22.580645,224,1280,720,train,World,World::signalized_intersection,lJvJnAxuX5U_0_00,0,85,0.0,3.764286,derived_pre_accident_until=3.760;weak_negative=true,/autodl-fs/data/traffic_accident_rnd/ACCIDENT_mmaction_clips/medium/train/lJvJnAxuX5U_0_00__pre_event_non_accident.mp4,train,medium
lRcaIAGppGs_00__accident,lRcaIAGppGs_00,/autodl-fs/data/traffic_accident_rnd/ACCIDENT_dataset/real_videos/lRcaIAGppGs_00.mp4,ACCIDENT-real,single,accident,1,weak_clip_event_window,accident_window,30.041667,14.945908,449,1280,720,train,Georgia,Georgia::highway,lRcaIAGppGs_00,4,94,0.267632,6.289347,accident_time=2.25;type=single;weak_clip=true,/autodl-fs/data/traffic_accident_rnd/ACCIDENT_mmaction_clips/medium/train/lRcaIAGppGs_00__accident.mp4,train,medium
lgU3T6kySLw_00__accident,lgU3T6kySLw_00,/autodl-fs/data/traffic_accident_rnd/ACCIDENT_dataset/real_videos/lgU3T6kySLw_00.mp4,ACCIDENT-real,single,accident,1,weak_clip_event_window,accident_window,30.333333,5.934066,180,1280,720,train,Arkansas,Arkansas::highway,lgU3T6kySLw_00,8,44,1.348148,7.414815,accident_time=3.291666;type=single;weak_clip=true,/autodl-fs/data/traffic_accident_rnd/ACCIDENT_mmaction_clips/medium/train/lgU3T6kySLw_00__accident.mp4,train,medium
lj2jsTChFEo_00__pre_event_non_accident,lj2jsTChFEo_00,/autodl-fs/data/traffic_accident_rnd/ACCIDENT_dataset/real_videos/lj2jsTChFEo_00.mp4,ACCIDENT-real,single,non_accident,0,weak_clip_pre_event,pre_event_non_accident,27.733333,28.665865,795,1620,1080,train,Minnesota,Minnesota::highway,lj2jsTChFEo_00,0,101,0.0,3.523354,derived_pre_accident_until=3.533;weak_negative=true,/autodl-fs/data/traffic_accident_rnd/ACCIDENT_mmaction_clips/medium/train/lj2jsTChFEo_00__pre_event_non_accident.mp4,train,medium
llupGpa4OMQ_00__pre_event_non_accident,llupGpa4OMQ_00,/autodl-fs/data/traffic_accident_rnd/ACCIDENT_dataset/real_videos/llupGpa4OMQ_00.mp4,ACCIDENT-real,sideswipe,non_accident,0,weak_clip_pre_event,pre_event_non_accident,30.041667,15.911234,478,1280,720,train,Seattle,Seattle::highway,llupGpa4OMQ_00,0,55,0.0,3.456677,derived_pre_accident_until=3.458;weak_negative=true,/autodl-fs/data/traffic_accident_rnd/ACCIDENT_mmaction_clips/medium/train/llupGpa4OMQ_00__pre_event_non_accident.mp4,train,medium
mEEMZBZHIrc_00__pre_event_non_accident,mEEMZBZHIrc_00,/autodl-fs/data/traffic_accident_rnd/ACCIDENT_dataset/real_videos/mEEMZBZHIrc_00.mp4,ACCIDENT-real,single,non_accident,0,weak_clip_pre_event,pre_event_non_accident,29.973475,14.61292,438,2400,1080,train,Virginia,Virginia::highway,mEEMZBZHIrc_00,0,151,0.0,10.333321,derived_pre_accident_until=10.329;weak_negative=true,/autodl-fs/data/traffic_accident_rnd/ACCIDENT_mmaction_clips/medium/train/mEEMZBZHIrc_00__pre_event_non_accident.mp4,train,medium
mOwuW8t6-GQ_4_00__pre_event_non_accident,mOwuW8t6-GQ_4_00,/autodl-fs/data/traffic_accident_rnd/ACCIDENT_dataset/real_videos/mOwuW8t6-GQ_4_00.mp4,ACCIDENT-real,t-bone,non_accident,0,weak_clip_pre_event,pre_event_non_accident,53.36,20.183658,1077,1280,720,train,World,World::signalized_intersection,mOwuW8t6-GQ_4_00,0,457,0.0,22.64208,derived_pre_accident_until=22.640;weak_negative=true,/autodl-fs/data/traffic_accident_rnd/ACCIDENT_mmaction_clips/medium/train/mOwuW8t6-GQ_4_00__pre_event_non_accident.mp4,train,medium
mOwuW8t6-GQ_4_00__accident,mOwuW8t6-GQ_4_00,/autodl-fs/data/traffic_accident_rnd/ACCIDENT_dataset/real_videos/mOwuW8t6-GQ_4_00.mp4,ACCIDENT-real,t-bone,accident,1,weak_clip_event_window,accident_window,53.36,20.183658,1077,1280,720,train,World,World::signalized_intersection,mOwuW8t6-GQ_4_00,478,599,23.682526,29.677474,accident_time=25.64;type=t-bone;weak_clip=true,/autodl-fs/data/traffic_accident_rnd/ACCIDENT_mmaction_clips/medium/train/mOwuW8t6-GQ_4_00__accident.mp4,train,medium
mOwuW8t6-GQ_6_00__accident,mOwuW8t6-GQ_6_00,/autodl-fs/data/traffic_accident_rnd/ACCIDENT_dataset/real_videos/mOwuW8t6-GQ_6_00.mp4,ACCIDENT-real,t-bone,accident,1,weak_clip_event_window,accident_window,20.68,17.988395,372,1280,720,train,World,World::signalized_intersection,mOwuW8t6-GQ_6_00,119,227,6.615376,12.619247,accident_time=8.64;type=t-bone;weak_clip=true,/autodl-fs/data/traffic_accident_rnd/ACCIDENT_mmaction_clips/medium/train/mOwuW8t6-GQ_6_00__accident.mp4,train,medium
mTYWjKznhOY_00__pre_event_non_accident,mTYWjKznhOY_00,/autodl-fs/data/traffic_accident_rnd/ACCIDENT_dataset/real_videos/mTYWjKznhOY_00.mp4,ACCIDENT-real,single,non_accident,0,weak_clip_pre_event,pre_event_non_accident,30.041667,14.979196,450,960,720,train,Virginia,Virginia::highway,mTYWjKznhOY_00,0,23,0.0,1.535463,derived_pre_accident_until=1.542;weak_negative=true,/autodl-fs/data/traffic_accident_rnd/ACCIDENT_mmaction_clips/medium/train/mTYWjKznhOY_00__pre_event_non_accident.mp4,train,medium
mg6PLF8sHWw_0_00__accident,mg6PLF8sHWw_0_00,/autodl-fs/data/traffic_accident_rnd/ACCIDENT_dataset/real_videos/mg6PLF8sHWw_0_00.mp4,ACCIDENT-real,t-bone,accident,1,weak_clip_event_window,accident_window,16.779944,17.997676,302,1280,720,train,World,World::simple_intersection,mg6PLF8sHWw_0_00,63,171,3.500452,9.501227,accident_time=5.481894;type=t-bone;weak_clip=true,/autodl-fs/data/traffic_accident_rnd/ACCIDENT_mmaction_clips/medium/train/mg6PLF8sHWw_0_00__accident.mp4,train,medium
mhQIf0yVU3g_1_00__accident,mhQIf0yVU3g_1_00,/autodl-fs/data/traffic_accident_rnd/ACCIDENT_dataset/real_videos/mhQIf0yVU3g_1_00.mp4,ACCIDENT-real,t-bone,accident,1,weak_clip_event_window,accident_window,6.6,15.151515,100,1280,720,train,World,World::signalized_intersection,mhQIf0yVU3g_1_00,14,100,0.924,6.6,accident_time=2.933333;type=t-bone;weak_clip=true,/autodl-fs/data/traffic_accident_rnd/ACCIDENT_mmaction_clips/medium/train/mhQIf0yVU3g_1_00__accident.mp4,train,medium
mllfWsyVZ1s_00__accident,mllfWsyVZ1s_00,/autodl-fs/data/traffic_accident_rnd/ACCIDENT_dataset/real_videos/mllfWsyVZ1s_00.mp4,ACCIDENT-real,single,accident,1,weak_clip_event_window,accident_window,30.0,13.033333,391,1280,720,train,Alabama,Alabama::highway,mllfWsyVZ1s_00,42,120,3.222506,9.207161,accident_time=5.208;type=single;weak_clip=true,/autodl-fs/data/traffic_accident_rnd/ACCIDENT_mmaction_clips/medium/train/mllfWsyVZ1s_00__accident.mp4,train,medium
mlv_VGdtang_00__pre_event_non_accident,mlv_VGdtang_00,/autodl-fs/data/traffic_accident_rnd/ACCIDENT_dataset/real_videos/mlv_VGdtang_00.mp4,ACCIDENT-real,single,non_accident,0,weak_clip_pre_event,pre_event_non_accident,16.2,7.962963,129,1920,1080,train,Arkansas,Arkansas::highway,mlv_VGdtang_00,0,73,0.0,9.167442,derived_pre_accident_until=9.133;weak_negative=true,/autodl-fs/data/traffic_accident_rnd/ACCIDENT_mmaction_clips/medium/train/mlv_VGdtang_00__pre_event_non_accident.mp4,train,medium
mr_it2B6muI_00__pre_event_non_accident,mr_it2B6muI_00,/autodl-fs/data/traffic_accident_rnd/ACCIDENT_dataset/real_videos/mr_it2B6muI_00.mp4,ACCIDENT-real,single,non_accident,0,weak_clip_pre_event,pre_event_non_accident,24.431625,14.816861,362,2400,1080,train,Virginia,Virginia::highway,mr_it2B6muI_00,0,54,0.0,3.644497,derived_pre_accident_until=3.617;weak_negative=true,/autodl-fs/data/traffic_accident_rnd/ACCIDENT_mmaction_clips/medium/train/mr_it2B6muI_00__pre_event_non_accident.mp4,train,medium
nFpT2-RpAS8_2_00__pre_event_non_accident,nFpT2-RpAS8_2_00,/autodl-fs/data/traffic_accident_rnd/ACCIDENT_dataset/real_videos/nFpT2-RpAS8_2_00.mp4,ACCIDENT-real,single,non_accident,0,weak_clip_pre_event,pre_event_non_accident,14.84,24.326146,361,480,360,train,World,World::city_street,nFpT2-RpAS8_2_00,0,47,0.0,1.932078,derived_pre_accident_until=1.920;weak_negative=true,/autodl-fs/data/traffic_accident_rnd/ACCIDENT_mmaction_clips/medium/train/nFpT2-RpAS8_2_00__pre_event_non_accident.mp4,train,medium
nS5_c56gJKM_00__pre_event_non_accident,nS5_c56gJKM_00,/autodl-fs/data/traffic_accident_rnd/ACCIDENT_dataset/real_videos/nS5_c56gJKM_00.mp4,ACCIDENT-real,single,non_accident,0,weak_clip_pre_event,pre_event_non_accident,30.041667,14.979196,450,960,720,train,Virginia,Virginia::highway,nS5_c56gJKM_00,0,25,0.0,1.668981,derived_pre_accident_until=1.667;weak_negative=true,/autodl-fs/data/traffic_accident_rnd/ACCIDENT_mmaction_clips/medium/train/nS5_c56gJKM_00__pre_event_non_accident.mp4,train,medium
nSK7cehJiCE_8_00__accident,nSK7cehJiCE_8_00,/autodl-fs/data/traffic_accident_rnd/ACCIDENT_dataset/real_videos/nSK7cehJiCE_8_00.mp4,ACCIDENT-real,t-bone,accident,1,weak_clip_event_window,accident_window,5.84,22.773973,133,1280,720,train,World,World::signalized_intersection,nSK7cehJiCE_8_00,0,129,0.0,5.664361,accident_time=1.68;type=t-bone;weak_clip=true,/autodl-fs/data/traffic_accident_rnd/ACCIDENT_mmaction_clips/medium/train/nSK7cehJiCE_8_00__accident.mp4,train,medium
nSK7cehJiCE_9_00__accident,nSK7cehJiCE_9_00,/autodl-fs/data/traffic_accident_rnd/ACCIDENT_dataset/real_videos/nSK7cehJiCE_9_00.mp4,ACCIDENT-real,t-bone,accident,1,weak_clip_event_window,accident_window,5.6,24.642857,138,1280,720,train,World,World::simple_intersection,nSK7cehJiCE_9_00,0,138,0.0,5.6,accident_time=1.88;type=t-bone;weak_clip=true,/autodl-fs/data/traffic_accident_rnd/ACCIDENT_mmaction_clips/medium/train/nSK7cehJiCE_9_00__accident.mp4,train,medium
nbhL6NycXqc_00__pre_event_non_accident,nbhL6NycXqc_00,/autodl-fs/data/traffic_accident_rnd/ACCIDENT_dataset/real_videos/nbhL6NycXqc_00.mp4,ACCIDENT-real,single,non_accident,0,weak_clip_pre_event,pre_event_non_accident,29.958333,15.020862,450,960,720,train,Tennessee,Tennessee::highway,nbhL6NycXqc_00,0,80,0.0,5.325926,derived_pre_accident_until=5.333;weak_negative=true,/autodl-fs/data/traffic_accident_rnd/ACCIDENT_mmaction_clips/medium/train/nbhL6NycXqc_00__pre_event_non_accident.mp4,train,medium
nbhL6NycXqc_00__accident,nbhL6NycXqc_00,/autodl-fs/data/traffic_accident_rnd/ACCIDENT_dataset/real_videos/nbhL6NycXqc_00.mp4,ACCIDENT-real,single,accident,1,weak_clip_event_window,accident_window,29.958333,15.020862,450,960,720,train,Tennessee,Tennessee::highway,nbhL6NycXqc_00,95,185,6.324537,12.316204,accident_time=8.333;type=single;weak_clip=true,/autodl-fs/data/traffic_accident_rnd/ACCIDENT_mmaction_clips/medium/train/nbhL6NycXqc_00__accident.mp4,train,medium
nsHYg3ENgk4_1_00__pre_event_non_accident,nsHYg3ENgk4_1_00,/autodl-fs/data/traffic_accident_rnd/ACCIDENT_dataset/real_videos/nsHYg3ENgk4_1_00.mp4,ACCIDENT-real,t-bone,non_accident,0,weak_clip_pre_event,pre_event_non_accident,8.1081,29.723363,241,1280,720,train,World,World::signalized_intersection,nsHYg3ENgk4_1_00,0,72,0.0,2.422337,derived_pre_accident_until=2.439;weak_negative=true,/autodl-fs/data/traffic_accident_rnd/ACCIDENT_mmaction_clips/medium/train/nsHYg3ENgk4_1_00__pre_event_non_accident.mp4,train,medium
nsHYg3ENgk4_1_00__accident,nsHYg3ENgk4_1_00,/autodl-fs/data/traffic_accident_rnd/ACCIDENT_dataset/real_videos/nsHYg3ENgk4_1_00.mp4,ACCIDENT-real,t-bone,accident,1,weak_clip_event_window,accident_window,8.1081,29.723363,241,1280,720,train,World,World::signalized_intersection,nsHYg3ENgk4_1_00,103,241,3.465288,8.1081,accident_time=5.438767;type=t-bone;weak_clip=true,/autodl-fs/data/traffic_accident_rnd/ACCIDENT_mmaction_clips/medium/train/nsHYg3ENgk4_1_00__accident.mp4,train,medium
nsHYg3ENgk4_2_00__pre_event_non_accident,nsHYg3ENgk4_2_00,/autodl-fs/data/traffic_accident_rnd/ACCIDENT_dataset/real_videos/nsHYg3ENgk4_2_00.mp4,ACCIDENT-real,t-bone,non_accident,0,weak_clip_pre_event,pre_event_non_accident,9.7097,25.02652,243,1280,720,train,World,World::signalized_intersection,nsHYg3ENgk4_2_00,0,79,0.0,3.156651,derived_pre_accident_until=3.139;weak_negative=true,/autodl-fs/data/traffic_accident_rnd/ACCIDENT_mmaction_clips/medium/train/nsHYg3ENgk4_2_00__pre_event_non_accident.mp4,train,medium
nsHYg3ENgk4_2_00__accident,nsHYg3ENgk4_2_00,/autodl-fs/data/traffic_accident_rnd/ACCIDENT_dataset/real_videos/nsHYg3ENgk4_2_00.mp4,ACCIDENT-real,t-bone,accident,1,weak_clip_event_window,accident_window,9.7097,25.02652,243,1280,720,train,World,World::signalized_intersection,nsHYg3ENgk4_2_00,104,243,4.155592,9.7097,accident_time=6.139467;type=t-bone;weak_clip=true,/autodl-fs/data/traffic_accident_rnd/ACCIDENT_mmaction_clips/medium/train/nsHYg3ENgk4_2_00__accident.mp4,train,medium
nsHYg3ENgk4_6_00__pre_event_non_accident,nsHYg3ENgk4_6_00,/autodl-fs/data/traffic_accident_rnd/ACCIDENT_dataset/real_videos/nsHYg3ENgk4_6_00.mp4,ACCIDENT-real,t-bone,non_accident,0,weak_clip_pre_event,pre_event_non_accident,8.575233,29.7368,255,1280,720,train,World,World::signalized_intersection,nsHYg3ENgk4_6_00,0,112,0.0,3.766377,derived_pre_accident_until=3.773;weak_negative=true,/autodl-fs/data/traffic_accident_rnd/ACCIDENT_mmaction_clips/medium/train/nsHYg3ENgk4_6_00__pre_event_non_accident.mp4,train,medium
nsHYg3ENgk4_7_00__accident,nsHYg3ENgk4_7_00,/autodl-fs/data/traffic_accident_rnd/ACCIDENT_dataset/real_videos/nsHYg3ENgk4_7_00.mp4,ACCIDENT-real,t-bone,accident,1,weak_clip_event_window,accident_window,8.274933,29.728336,246,1280,720,train,World,World::signalized_intersection,nsHYg3ENgk4_7_00,119,246,4.002915,8.274933,accident_time=5.972633;type=t-bone;weak_clip=true,/autodl-fs/data/traffic_accident_rnd/ACCIDENT_mmaction_clips/medium/train/nsHYg3ENgk4_7_00__accident.mp4,train,medium
oXMCX36zERc_00__accident,oXMCX36zERc_00,/autodl-fs/data/traffic_accident_rnd/ACCIDENT_dataset/real_videos/oXMCX36zERc_00.mp4,ACCIDENT-real,single,accident,1,weak_clip_event_window,accident_window,27.066667,8.017241,217,1920,1080,train,Arkansas,Arkansas::highway,oXMCX36zERc_00,62,110,7.733333,13.72043,accident_time=9.765999999999998;type=single;weak_clip=true,/autodl-fs/data/traffic_accident_rnd/ACCIDENT_mmaction_clips/medium/train/oXMCX36zERc_00__accident.mp4,train,medium
obqvQOIyzL4_00__pre_event_non_accident,obqvQOIyzL4_00,/autodl-fs/data/traffic_accident_rnd/ACCIDENT_dataset/real_videos/obqvQOIyzL4_00.mp4,ACCIDENT-real,single,non_accident,0,weak_clip_pre_event,pre_event_non_accident,30.033333,29.933407,899,1080,720,train,Minnesota,Minnesota::highway,obqvQOIyzL4_00,0,207,0.0,6.91535,derived_pre_accident_until=6.900;weak_negative=true,/autodl-fs/data/traffic_accident_rnd/ACCIDENT_mmaction_clips/medium/train/obqvQOIyzL4_00__pre_event_non_accident.mp4,train,medium
obqvQOIyzL4_00__accident,obqvQOIyzL4_00,/autodl-fs/data/traffic_accident_rnd/ACCIDENT_dataset/real_videos/obqvQOIyzL4_00.mp4,ACCIDENT-real,single,accident,1,weak_clip_event_window,accident_window,30.033333,29.933407,899,1080,720,train,Minnesota,Minnesota::highway,obqvQOIyzL4_00,236,416,7.884168,13.897516,accident_time=9.899999999999999;type=single;weak_clip=true,/autodl-fs/data/traffic_accident_rnd/ACCIDENT_mmaction_clips/medium/train/obqvQOIyzL4_00__accident.mp4,train,medium
pA6q7Q2EQrw_20_00__accident,pA6q7Q2EQrw_20_00,/autodl-fs/data/traffic_accident_rnd/ACCIDENT_dataset/real_videos/pA6q7Q2EQrw_20_00.mp4,ACCIDENT-real,t-bone,accident,1,weak_clip_event_window,accident_window,7.333333,20.181818,148,1280,720,train,World,World::city_street,pA6q7Q2EQrw_20_00,0,103,0.0,5.103604,accident_time=1.066667;type=t-bone;weak_clip=true,/autodl-fs/data/traffic_accident_rnd/ACCIDENT_mmaction_clips/medium/train/pA6q7Q2EQrw_20_00__accident.mp4,train,medium
pA6q7Q2EQrw_21_00__accident,pA6q7Q2EQrw_21_00,/autodl-fs/data/traffic_accident_rnd/ACCIDENT_dataset/real_videos/pA6q7Q2EQrw_21_00.mp4,ACCIDENT-real,t-bone,accident,1,weak_clip_event_window,accident_window,4.066667,25.081967,102,1280,720,train,World,World::signalized_intersection,pA6q7Q2EQrw_21_00,0,102,0.0,4.066667,accident_time=1.3;type=t-bone;weak_clip=true,/autodl-fs/data/traffic_accident_rnd/ACCIDENT_mmaction_clips/medium/train/pA6q7Q2EQrw_21_00__accident.mp4,train,medium
pA6q7Q2EQrw_25_00__accident,pA6q7Q2EQrw_25_00,/autodl-fs/data/traffic_accident_rnd/ACCIDENT_dataset/real_videos/pA6q7Q2EQrw_25_00.mp4,ACCIDENT-real,t-bone,accident,1,weak_clip_event_window,accident_window,7.4,14.72973,109,1280,720,train,World,World::signalized_intersection,pA6q7Q2EQrw_25_00,0,76,0.0,5.159633,accident_time=1.166667;type=t-bone;weak_clip=true,/autodl-fs/data/traffic_accident_rnd/ACCIDENT_mmaction_clips/medium/train/pA6q7Q2EQrw_25_00__accident.mp4,train,medium
pA6q7Q2EQrw_32_00__accident,pA6q7Q2EQrw_32_00,/autodl-fs/data/traffic_accident_rnd/ACCIDENT_dataset/real_videos/pA6q7Q2EQrw_32_00.mp4,ACCIDENT-real,single,accident,1,weak_clip_event_window,accident_window,8.4,24.52381,206,1280,720,train,World,World::city_street,pA6q7Q2EQrw_32_00,0,144,0.0,5.871845,accident_time=1.866667;type=single;weak_clip=true,/autodl-fs/data/traffic_accident_rnd/ACCIDENT_mmaction_clips/medium/train/pA6q7Q2EQrw_32_00__accident.mp4,train,medium
paIiPXuFj7Q_00__pre_event_non_accident,paIiPXuFj7Q_00,/autodl-fs/data/traffic_accident_rnd/ACCIDENT_dataset/real_videos/paIiPXuFj7Q_00.mp4,ACCIDENT-real,single,non_accident,0,weak_clip_pre_event,pre_event_non_accident,24.566667,8.018996,197,1920,1080,train,Arkansas,Arkansas::highway,paIiPXuFj7Q_00,0,22,0.0,2.743486,derived_pre_accident_until=2.767;weak_negative=true,/autodl-fs/data/traffic_accident_rnd/ACCIDENT_mmaction_clips/medium/train/paIiPXuFj7Q_00__pre_event_non_accident.mp4,train,medium
paIiPXuFj7Q_00__accident,paIiPXuFj7Q_00,/autodl-fs/data/traffic_accident_rnd/ACCIDENT_dataset/real_videos/paIiPXuFj7Q_00.mp4,ACCIDENT-real,single,accident,1,weak_clip_event_window,accident_window,24.566667,8.018996,197,1920,1080,train,Arkansas,Arkansas::highway,paIiPXuFj7Q_00,30,78,3.741117,9.726904,accident_time=5.7669999999999995;type=single;weak_clip=true,/autodl-fs/data/traffic_accident_rnd/ACCIDENT_mmaction_clips/medium/train/paIiPXuFj7Q_00__accident.mp4,train,medium
r30SzXochSk_00__pre_event_non_accident,r30SzXochSk_00,/autodl-fs/data/traffic_accident_rnd/ACCIDENT_dataset/real_videos/r30SzXochSk_00.mp4,ACCIDENT-real,single,non_accident,0,weak_clip_pre_event,pre_event_non_accident,30.125,6.008299,181,1280,720,train,Arkansas,Arkansas::highway,r30SzXochSk_00,0,42,0.0,6.990331,derived_pre_accident_until=6.958;weak_negative=true,/autodl-fs/data/traffic_accident_rnd/ACCIDENT_mmaction_clips/medium/train/r30SzXochSk_00__pre_event_non_accident.mp4,train,medium
rk8CtIpbG5w_00__pre_event_non_accident,rk8CtIpbG5w_00,/autodl-fs/data/traffic_accident_rnd/ACCIDENT_dataset/real_videos/rk8CtIpbG5w_00.mp4,ACCIDENT-real,single,non_accident,0,weak_clip_pre_event,pre_event_non_accident,30.0,29.766667,893,1080,720,train,Minnesota,Minnesota::highway,rk8CtIpbG5w_00,0,119,0.0,3.99776,derived_pre_accident_until=4.000;weak_negative=true,/autodl-fs/data/traffic_accident_rnd/ACCIDENT_mmaction_clips/medium/train/rk8CtIpbG5w_00__pre_event_non_accident.mp4,train,medium
rk8CtIpbG5w_00__accident,rk8CtIpbG5w_00,/autodl-fs/data/traffic_accident_rnd/ACCIDENT_dataset/real_videos/rk8CtIpbG5w_00.mp4,ACCIDENT-real,single,accident,1,weak_clip_event_window,accident_window,30.0,29.766667,893,1080,720,train,Minnesota,Minnesota::highway,rk8CtIpbG5w_00,148,327,4.972004,10.985442,accident_time=7.0;type=single;weak_clip=true,/autodl-fs/data/traffic_accident_rnd/ACCIDENT_mmaction_clips/medium/train/rk8CtIpbG5w_00__accident.mp4,train,medium
sppaLXwUokY_00__pre_event_non_accident,sppaLXwUokY_00,/autodl-fs/data/traffic_accident_rnd/ACCIDENT_dataset/real_videos/sppaLXwUokY_00.mp4,ACCIDENT-real,single,non_accident,0,weak_clip_pre_event,pre_event_non_accident,24.911651,15.013056,374,2400,1080,train,Virginia,Virginia::highway,sppaLXwUokY_00,0,111,0.0,7.393565,derived_pre_accident_until=7.370;weak_negative=true,/autodl-fs/data/traffic_accident_rnd/ACCIDENT_mmaction_clips/medium/train/sppaLXwUokY_00__pre_event_non_accident.mp4,train,medium
tDN-mwNSJc8_2_00__pre_event_non_accident,tDN-mwNSJc8_2_00,/autodl-fs/data/traffic_accident_rnd/ACCIDENT_dataset/real_videos/tDN-mwNSJc8_2_00.mp4,ACCIDENT-real,head-on,non_accident,0,weak_clip_pre_event,pre_event_non_accident,6.287671,18.607843,117,1280,720,train,World,World::signalized_intersection,tDN-mwNSJc8_2_00,0,24,0.0,1.289779,derived_pre_accident_until=1.315;weak_negative=true,/autodl-fs/data/traffic_accident_rnd/ACCIDENT_mmaction_clips/medium/train/tDN-mwNSJc8_2_00__pre_event_non_accident.mp4,train,medium
tDN-mwNSJc8_5_00__accident,tDN-mwNSJc8_5_00,/autodl-fs/data/traffic_accident_rnd/ACCIDENT_dataset/real_videos/tDN-mwNSJc8_5_00.mp4,ACCIDENT-real,sideswipe,accident,1,weak_clip_event_window,accident_window,5.342466,18.34359,98,1280,720,train,World,World::signalized_intersection,tDN-mwNSJc8_5_00,0,98,0.0,5.342466,accident_time=1.890411;type=sideswipe;weak_clip=true,/autodl-fs/data/traffic_accident_rnd/ACCIDENT_mmaction_clips/medium/train/tDN-mwNSJc8_5_00__accident.mp4,train,medium
tDN-mwNSJc8_8_00__accident,tDN-mwNSJc8_8_00,/autodl-fs/data/traffic_accident_rnd/ACCIDENT_dataset/real_videos/tDN-mwNSJc8_8_00.mp4,ACCIDENT-real,sideswipe,accident,1,weak_clip_event_window,accident_window,6.452055,19.063694,123,1280,720,train,World,World::signalized_intersection,tDN-mwNSJc8_8_00,10,123,0.524557,6.452055,accident_time=2.506849;type=sideswipe;weak_clip=true,/autodl-fs/data/traffic_accident_rnd/ACCIDENT_mmaction_clips/medium/train/tDN-mwNSJc8_8_00__accident.mp4,train,medium
uD3kjTme_dU_00__pre_event_non_accident,uD3kjTme_dU_00,/autodl-fs/data/traffic_accident_rnd/ACCIDENT_dataset/real_videos/uD3kjTme_dU_00.mp4,ACCIDENT-real,single,non_accident,0,weak_clip_pre_event,pre_event_non_accident,8.625,14.84058,128,960,720,train,Virginia,Virginia::highway,uD3kjTme_dU_00,0,45,0.0,3.032227,derived_pre_accident_until=3.000;weak_negative=true,/autodl-fs/data/traffic_accident_rnd/ACCIDENT_mmaction_clips/medium/train/uD3kjTme_dU_00__pre_event_non_accident.mp4,train,medium
uD3kjTme_dU_01__accident,uD3kjTme_dU_01,/autodl-fs/data/traffic_accident_rnd/ACCIDENT_dataset/real_videos/uD3kjTme_dU_01.mp4,ACCIDENT-real,single,accident,1,weak_clip_event_window,accident_window,3.041667,15.123288,46,960,720,train,Virginia,Virginia::highway,uD3kjTme_dU_01,0,46,0.0,3.041667,accident_time=1.5830000000000002;type=single;weak_clip=true,/autodl-fs/data/traffic_accident_rnd/ACCIDENT_mmaction_clips/medium/train/uD3kjTme_dU_01__accident.mp4,train,medium
ufVELUluHJE_00__accident,ufVELUluHJE_00,/autodl-fs/data/traffic_accident_rnd/ACCIDENT_dataset/real_videos/ufVELUluHJE_00.mp4,ACCIDENT-real,single,accident,1,weak_clip_event_window,accident_window,16.1,14.968944,241,1440,1080,train,Virginia,Virginia::highway,ufVELUluHJE_00,27,117,1.803734,7.816183,accident_time=3.833;type=single;weak_clip=true,/autodl-fs/data/traffic_accident_rnd/ACCIDENT_mmaction_clips/medium/train/ufVELUluHJE_00__accident.mp4,train,medium
uh5OqU0h4ZM_00__pre_event_non_accident,uh5OqU0h4ZM_00,/autodl-fs/data/traffic_accident_rnd/ACCIDENT_dataset/real_videos/uh5OqU0h4ZM_00.mp4,ACCIDENT-real,head-on,non_accident,0,weak_clip_pre_event,pre_event_non_accident,30.033333,30.0,901,1920,1080,train,Seattle,Seattle::signalized_intersection,uh5OqU0h4ZM_00,0,57,0.0,1.9,derived_pre_accident_until=1.900;weak_negative=true,/autodl-fs/data/traffic_accident_rnd/ACCIDENT_mmaction_clips/medium/train/uh5OqU0h4ZM_00__pre_event_non_accident.mp4,train,medium
uh5OqU0h4ZM_00__accident,uh5OqU0h4ZM_00,/autodl-fs/data/traffic_accident_rnd/ACCIDENT_dataset/real_videos/uh5OqU0h4ZM_00.mp4,ACCIDENT-real,head-on,accident,1,weak_clip_event_window,accident_window,30.033333,30.0,901,1920,1080,train,Seattle,Seattle::signalized_intersection,uh5OqU0h4ZM_00,87,267,2.9,8.9,accident_time=4.9;type=head-on;weak_clip=true,/autodl-fs/data/traffic_accident_rnd/ACCIDENT_mmaction_clips/medium/train/uh5OqU0h4ZM_00__accident.mp4,train,medium
v0VVrqk4l3o_00__pre_event_non_accident,v0VVrqk4l3o_00,/autodl-fs/data/traffic_accident_rnd/ACCIDENT_dataset/real_videos/v0VVrqk4l3o_00.mp4,ACCIDENT-real,sideswipe,non_accident,0,weak_clip_pre_event,pre_event_non_accident,30.0,30.0,900,1280,720,train,Seattle,Seattle::highway,v0VVrqk4l3o_00,0,49,0.0,1.633333,derived_pre_accident_until=1.633;weak_negative=true,/autodl-fs/data/traffic_accident_rnd/ACCIDENT_mmaction_clips/medium/train/v0VVrqk4l3o_00__pre_event_non_accident.mp4,train,medium
v0VVrqk4l3o_00__accident,v0VVrqk4l3o_00,/autodl-fs/data/traffic_accident_rnd/ACCIDENT_dataset/real_videos/v0VVrqk4l3o_00.mp4,ACCIDENT-real,sideswipe,accident,1,weak_clip_event_window,accident_window,30.0,30.0,900,1280,720,train,Seattle,Seattle::highway,v0VVrqk4l3o_00,79,259,2.633333,8.633333,accident_time=4.633333;type=sideswipe;weak_clip=true,/autodl-fs/data/traffic_accident_rnd/ACCIDENT_mmaction_clips/medium/train/v0VVrqk4l3o_00__accident.mp4,train,medium
vC6P5GxfX-Q_00__pre_event_non_accident,vC6P5GxfX-Q_00,/autodl-fs/data/traffic_accident_rnd/ACCIDENT_dataset/real_videos/vC6P5GxfX-Q_00.mp4,ACCIDENT-real,single,non_accident,0,weak_clip_pre_event,pre_event_non_accident,30.033333,29.933407,899,1620,1080,train,Minnesota,Minnesota::highway,vC6P5GxfX-Q_00,0,61,0.0,2.037857,derived_pre_accident_until=2.033;weak_negative=true,/autodl-fs/data/traffic_accident_rnd/ACCIDENT_mmaction_clips/medium/train/vC6P5GxfX-Q_00__pre_event_non_accident.mp4,train,medium
vC6P5GxfX-Q_00__accident,vC6P5GxfX-Q_00,/autodl-fs/data/traffic_accident_rnd/ACCIDENT_dataset/real_videos/vC6P5GxfX-Q_00.mp4,ACCIDENT-real,single,accident,1,weak_clip_event_window,accident_window,30.033333,29.933407,899,1620,1080,train,Minnesota,Minnesota::highway,vC6P5GxfX-Q_00,91,271,3.040082,9.05343,accident_time=5.033;type=single;weak_clip=true,/autodl-fs/data/traffic_accident_rnd/ACCIDENT_mmaction_clips/medium/train/vC6P5GxfX-Q_00__accident.mp4,train,medium
video130_00__pre_event_non_accident,video130_00,/autodl-fs/data/traffic_accident_rnd/ACCIDENT_dataset/real_videos/video130_00.mp4,ACCIDENT-real,t-bone,non_accident,0,weak_clip_pre_event,pre_event_non_accident,6.833333,25.317073,173,1920,1080,train,World,World::signalized_intersection,video130_00,0,41,0.0,1.619461,derived_pre_accident_until=1.600;weak_negative=true,/autodl-fs/data/traffic_accident_rnd/ACCIDENT_mmaction_clips/medium/train/video130_00__pre_event_non_accident.mp4,train,medium
video13_00__pre_event_non_accident,video13_00,/autodl-fs/data/traffic_accident_rnd/ACCIDENT_dataset/real_videos/video13_00.mp4,ACCIDENT-real,sideswipe,non_accident,0,weak_clip_pre_event,pre_event_non_accident,17.2,25.639535,441,1280,720,train,World,World::highway,video13_00,0,129,0.0,5.031293,derived_pre_accident_until=5.033;weak_negative=true,/autodl-fs/data/traffic_accident_rnd/ACCIDENT_mmaction_clips/medium/train/video13_00__pre_event_non_accident.mp4,train,medium
video187_00__pre_event_non_accident,video187_00,/autodl-fs/data/traffic_accident_rnd/ACCIDENT_dataset/real_videos/video187_00.mp4,ACCIDENT-real,sideswipe,non_accident,0,weak_clip_pre_event,pre_event_non_accident,9.52,23.634454,225,632,360,train,World,World::highway,video187_00,0,60,0.0,2.538667,derived_pre_accident_until=2.520;weak_negative=true,/autodl-fs/data/traffic_accident_rnd/ACCIDENT_mmaction_clips/medium/train/video187_00__pre_event_non_accident.mp4,train,medium
video193_00__accident,video193_00,/autodl-fs/data/traffic_accident_rnd/ACCIDENT_dataset/real_videos/video193_00.mp4,ACCIDENT-real,t-bone,accident,1,weak_clip_event_window,accident_window,27.583333,23.202417,640,960,544,train,World,World::simple_intersection,video193_00,155,294,6.680339,12.671094,accident_time=8.666667;type=t-bone;weak_clip=true,/autodl-fs/data/traffic_accident_rnd/ACCIDENT_mmaction_clips/medium/train/video193_00__accident.mp4,train,medium
video24_00__accident,video24_00,/autodl-fs/data/traffic_accident_rnd/ACCIDENT_dataset/real_videos/video24_00.mp4,ACCIDENT-real,sideswipe,accident,1,weak_clip_event_window,accident_window,5.28,23.484848,124,1280,720,train,World,World::simple_intersection,video24_00,41,124,1.745806,5.28,accident_time=3.76;type=sideswipe;weak_clip=true,/autodl-fs/data/traffic_accident_rnd/ACCIDENT_mmaction_clips/medium/train/video24_00__accident.mp4,train,medium
video26_00__pre_event_non_accident,video26_00,/autodl-fs/data/traffic_accident_rnd/ACCIDENT_dataset/real_videos/video26_00.mp4,ACCIDENT-real,rear-end,non_accident,0,weak_clip_pre_event,pre_event_non_accident,33.24,23.826715,792,1880,1080,train,World,World::highway,video26_00,0,183,0.0,7.680455,derived_pre_accident_until=7.680;weak_negative=true,/autodl-fs/data/traffic_accident_rnd/ACCIDENT_mmaction_clips/medium/train/video26_00__pre_event_non_accident.mp4,train,medium
video38_00__accident,video38_00,/autodl-fs/data/traffic_accident_rnd/ACCIDENT_dataset/real_videos/video38_00.mp4,ACCIDENT-real,single,accident,1,weak_clip_event_window,accident_window,4.8,17.708333,85,346,194,train,World,World::city_street,video38_00,16,85,0.903529,4.8,accident_time=2.9;type=single;weak_clip=true,/autodl-fs/data/traffic_accident_rnd/ACCIDENT_mmaction_clips/medium/train/video38_00__accident.mp4,train,medium
video52_00__pre_event_non_accident,video52_00,/autodl-fs/data/traffic_accident_rnd/ACCIDENT_dataset/real_videos/video52_00.mp4,ACCIDENT-real,t-bone,non_accident,0,weak_clip_pre_event,pre_event_non_accident,13.633333,18.924205,258,1920,1080,train,World,World::signalized_intersection,video52_00,0,20,0.0,1.056848,derived_pre_accident_until=1.067;weak_negative=true,/autodl-fs/data/traffic_accident_rnd/ACCIDENT_mmaction_clips/medium/train/video52_00__pre_event_non_accident.mp4,train,medium
video60_00__pre_event_non_accident,video60_00,/autodl-fs/data/traffic_accident_rnd/ACCIDENT_dataset/real_videos/video60_00.mp4,ACCIDENT-real,head-on,non_accident,0,weak_clip_pre_event,pre_event_non_accident,22.7,25.374449,576,1920,1080,train,World,World::simple_intersection,video60_00,0,84,0.0,3.310417,derived_pre_accident_until=3.300;weak_negative=true,/autodl-fs/data/traffic_accident_rnd/ACCIDENT_mmaction_clips/medium/train/video60_00__pre_event_non_accident.mp4,train,medium
wQ_pGHoj2SI_00__pre_event_non_accident,wQ_pGHoj2SI_00,/autodl-fs/data/traffic_accident_rnd/ACCIDENT_dataset/real_videos/wQ_pGHoj2SI_00.mp4,ACCIDENT-real,rear-end,non_accident,0,weak_clip_pre_event,pre_event_non_accident,30.033333,15.016648,451,1620,1080,train,Alabama,Alabama::highway,wQ_pGHoj2SI_00,0,32,0.0,2.130968,derived_pre_accident_until=2.133;weak_negative=true,/autodl-fs/data/traffic_accident_rnd/ACCIDENT_mmaction_clips/medium/train/wQ_pGHoj2SI_00__pre_event_non_accident.mp4,train,medium
wScVipt0pWk_15_00__accident,wScVipt0pWk_15_00,/autodl-fs/data/traffic_accident_rnd/ACCIDENT_dataset/real_videos/wScVipt0pWk_15_00.mp4,ACCIDENT-real,t-bone,accident,1,weak_clip_event_window,accident_window,2.72,16.544118,45,1280,720,train,World,World::roundabout,wScVipt0pWk_15_00,0,45,0.0,2.72,accident_time=1.08;type=t-bone;weak_clip=true,/autodl-fs/data/traffic_accident_rnd/ACCIDENT_mmaction_clips/medium/train/wScVipt0pWk_15_00__accident.mp4,train,medium
wrKbzGEUOlI_00__pre_event_non_accident,wrKbzGEUOlI_00,/autodl-fs/data/traffic_accident_rnd/ACCIDENT_dataset/real_videos/wrKbzGEUOlI_00.mp4,ACCIDENT-real,single,non_accident,0,weak_clip_pre_event,pre_event_non_accident,30.033333,20.011099,601,1920,1080,train,Alabama,Alabama::highway,wrKbzGEUOlI_00,0,122,0.0,6.096617,derived_pre_accident_until=6.100;weak_negative=true,/autodl-fs/data/traffic_accident_rnd/ACCIDENT_mmaction_clips/medium/train/wrKbzGEUOlI_00__pre_event_non_accident.mp4,train,medium
xApGBKUGoR4_00__accident,xApGBKUGoR4_00,/autodl-fs/data/traffic_accident_rnd/ACCIDENT_dataset/real_videos/xApGBKUGoR4_00.mp4,ACCIDENT-real,t-bone,accident,1,weak_clip_event_window,accident_window,29.925926,23.758663,711,1280,720,train,Seattle,Seattle::grade_separated_intersection,xApGBKUGoR4_00,44,187,1.851956,7.870813,accident_time=3.889;type=t-bone;weak_clip=true,/autodl-fs/data/traffic_accident_rnd/ACCIDENT_mmaction_clips/medium/train/xApGBKUGoR4_00__accident.mp4,train,medium
xFWObpD8KiE_00__accident,xFWObpD8KiE_00,/autodl-fs/data/traffic_accident_rnd/ACCIDENT_dataset/real_videos/xFWObpD8KiE_00.mp4,ACCIDENT-real,single,accident,1,weak_clip_event_window,accident_window,30.041667,14.979196,450,1280,720,train,Tennessee,Tennessee::highway,xFWObpD8KiE_00,16,106,1.068148,7.076481,accident_time=3.042;type=single;weak_clip=true,/autodl-fs/data/traffic_accident_rnd/ACCIDENT_mmaction_clips/medium/train/xFWObpD8KiE_00__accident.mp4,train,medium
xKT7khciy-c_16_00__accident,xKT7khciy-c_16_00,/autodl-fs/data/traffic_accident_rnd/ACCIDENT_dataset/real_videos/xKT7khciy-c_16_00.mp4,ACCIDENT-real,t-bone,accident,1,weak_clip_event_window,accident_window,9.075733,19.722924,179,400,226,train,World,World::signalized_intersection,xKT7khciy-c_16_00,16,134,0.811239,6.794124,accident_time=2.769434;type=t-bone;weak_clip=true,/autodl-fs/data/traffic_accident_rnd/ACCIDENT_mmaction_clips/medium/train/xKT7khciy-c_16_00__accident.mp4,train,medium
xKT7khciy-c_5_00__pre_event_non_accident,xKT7khciy-c_5_00,/autodl-fs/data/traffic_accident_rnd/ACCIDENT_dataset/real_videos/xKT7khciy-c_5_00.mp4,ACCIDENT-real,sideswipe,non_accident,0,weak_clip_pre_event,pre_event_non_accident,11.9119,19.812121,236,400,226,train,World,World::signalized_intersection,xKT7khciy-c_5_00,0,31,0.0,1.564699,derived_pre_accident_until=1.571;weak_negative=true,/autodl-fs/data/traffic_accident_rnd/ACCIDENT_mmaction_clips/medium/train/xKT7khciy-c_5_00__pre_event_non_accident.mp4,train,medium
xSMybsal-zs_00__pre_event_non_accident,xSMybsal-zs_00,/autodl-fs/data/traffic_accident_rnd/ACCIDENT_dataset/real_videos/xSMybsal-zs_00.mp4,ACCIDENT-real,single,non_accident,0,weak_clip_pre_event,pre_event_non_accident,10.375,7.807229,81,1280,720,train,Arkansas,Arkansas::highway,xSMybsal-zs_00,0,12,0.0,1.537037,derived_pre_accident_until=1.500;weak_negative=true,/autodl-fs/data/traffic_accident_rnd/ACCIDENT_mmaction_clips/medium/train/xSMybsal-zs_00__pre_event_non_accident.mp4,train,medium
xSMybsal-zs_00__accident,xSMybsal-zs_00,/autodl-fs/data/traffic_accident_rnd/ACCIDENT_dataset/real_videos/xSMybsal-zs_00.mp4,ACCIDENT-real,single,accident,1,weak_clip_event_window,accident_window,10.375,7.807229,81,1280,720,train,Arkansas,Arkansas::highway,xSMybsal-zs_00,19,66,2.433642,8.453704,accident_time=4.5;type=single;weak_clip=true,/autodl-fs/data/traffic_accident_rnd/ACCIDENT_mmaction_clips/medium/train/xSMybsal-zs_00__accident.mp4,train,medium
xoq6jahieRg_00__pre_event_non_accident,xoq6jahieRg_00,/autodl-fs/data/traffic_accident_rnd/ACCIDENT_dataset/real_videos/xoq6jahieRg_00.mp4,ACCIDENT-real,rear-end,non_accident,0,weak_clip_pre_event,pre_event_non_accident,20.366667,29.9018,609,1920,1080,train,Alabama,Alabama::highway,xoq6jahieRg_00,0,87,0.0,2.909524,derived_pre_accident_until=2.900;weak_negative=true,/autodl-fs/data/traffic_accident_rnd/ACCIDENT_mmaction_clips/medium/train/xoq6jahieRg_00__pre_event_non_accident.mp4,train,medium
xoq6jahieRg_00__accident,xoq6jahieRg_00,/autodl-fs/data/traffic_accident_rnd/ACCIDENT_dataset/real_videos/xoq6jahieRg_00.mp4,ACCIDENT-real,rear-end,accident,1,weak_clip_event_window,accident_window,20.366667,29.9018,609,1920,1080,train,Alabama,Alabama::highway,xoq6jahieRg_00,116,296,3.879365,9.89907,accident_time=5.9;type=rear-end;weak_clip=true,/autodl-fs/data/traffic_accident_rnd/ACCIDENT_mmaction_clips/medium/train/xoq6jahieRg_00__accident.mp4,train,medium
y4Evv5By6sg_1_00__pre_event_non_accident,y4Evv5By6sg_1_00,/autodl-fs/data/traffic_accident_rnd/ACCIDENT_dataset/real_videos/y4Evv5By6sg_1_00.mp4,ACCIDENT-real,t-bone,non_accident,0,weak_clip_pre_event,pre_event_non_accident,9.943267,24.840931,247,1280,720,train,World,World::city_street,y4Evv5By6sg_1_00,0,37,0.0,1.489477,derived_pre_accident_until=1.505;weak_negative=true,/autodl-fs/data/traffic_accident_rnd/ACCIDENT_mmaction_clips/medium/train/y4Evv5By6sg_1_00__pre_event_non_accident.mp4,train,medium
y4Evv5By6sg_4_00__accident,y4Evv5By6sg_4_00,/autodl-fs/data/traffic_accident_rnd/ACCIDENT_dataset/real_videos/y4Evv5By6sg_4_00.mp4,ACCIDENT-real,head-on,accident,1,weak_clip_event_window,accident_window,6.840167,24.707,169,1280,720,train,World,World::simple_intersection,y4Evv5By6sg_4_00,24,169,0.971385,6.840167,accident_time=2.969633;type=head-on;weak_clip=true,/autodl-fs/data/traffic_accident_rnd/ACCIDENT_mmaction_clips/medium/train/y4Evv5By6sg_4_00__accident.mp4,train,medium
yA0g2eWjmNs_00__pre_event_non_accident,yA0g2eWjmNs_00,/autodl-fs/data/traffic_accident_rnd/ACCIDENT_dataset/real_videos/yA0g2eWjmNs_00.mp4,ACCIDENT-real,single,non_accident,0,weak_clip_pre_event,pre_event_non_accident,30.041667,14.945908,449,960,720,train,Virginia,Virginia::highway,yA0g2eWjmNs_00,0,28,0.0,1.873422,derived_pre_accident_until=1.875;weak_negative=true,/autodl-fs/data/traffic_accident_rnd/ACCIDENT_mmaction_clips/medium/train/yA0g2eWjmNs_00__pre_event_non_accident.mp4,train,medium
yA0g2eWjmNs_00__accident,yA0g2eWjmNs_00,/autodl-fs/data/traffic_accident_rnd/ACCIDENT_dataset/real_videos/yA0g2eWjmNs_00.mp4,ACCIDENT-real,single,accident,1,weak_clip_event_window,accident_window,30.041667,14.945908,449,960,720,train,Virginia,Virginia::highway,yA0g2eWjmNs_00,43,133,2.877042,8.898756,accident_time=4.875;type=single;weak_clip=true,/autodl-fs/data/traffic_accident_rnd/ACCIDENT_mmaction_clips/medium/train/yA0g2eWjmNs_00__accident.mp4,train,medium
yQyB-0PLYAU_00__accident,yQyB-0PLYAU_00,/autodl-fs/data/traffic_accident_rnd/ACCIDENT_dataset/real_videos/yQyB-0PLYAU_00.mp4,ACCIDENT-real,t-bone,accident,1,weak_clip_event_window,accident_window,30.066667,29.700665,893,1920,1080,train,Georgia,Georgia::highway,yQyB-0PLYAU_00,35,213,1.178425,7.171557,accident_time=3.167;type=t-bone;weak_clip=true,/autodl-fs/data/traffic_accident_rnd/ACCIDENT_mmaction_clips/medium/train/yQyB-0PLYAU_00__accident.mp4,train,medium
yZNmOYWiGY0_00__accident,yZNmOYWiGY0_00,/autodl-fs/data/traffic_accident_rnd/ACCIDENT_dataset/real_videos/yZNmOYWiGY0_00.mp4,ACCIDENT-real,sideswipe,accident,1,weak_clip_event_window,accident_window,30.083333,13.66205,411,1280,720,train,Virginia,Virginia::highway,yZNmOYWiGY0_00,20,102,1.463909,7.465937,accident_time=3.417;type=sideswipe;weak_clip=true,/autodl-fs/data/traffic_accident_rnd/ACCIDENT_mmaction_clips/medium/train/yZNmOYWiGY0_00__accident.mp4,train,medium
yj1M5Qp3k4w_00__pre_event_non_accident,yj1M5Qp3k4w_00,/autodl-fs/data/traffic_accident_rnd/ACCIDENT_dataset/real_videos/yj1M5Qp3k4w_00.mp4,ACCIDENT-real,single,non_accident,0,weak_clip_pre_event,pre_event_non_accident,30.041667,14.979196,450,1056,720,train,Wisconsin,Wisconsin::grade_separated_intersection,yj1M5Qp3k4w_00,0,35,0.0,2.336574,derived_pre_accident_until=2.333;weak_negative=true,/autodl-fs/data/traffic_accident_rnd/ACCIDENT_mmaction_clips/medium/train/yj1M5Qp3k4w_00__pre_event_non_accident.mp4,train,medium
ysTXjULP4u8_00__pre_event_non_accident,ysTXjULP4u8_00,/autodl-fs/data/traffic_accident_rnd/ACCIDENT_dataset/real_videos/ysTXjULP4u8_00.mp4,ACCIDENT-real,single,non_accident,0,weak_clip_pre_event,pre_event_non_accident,29.958333,15.020862,450,960,720,train,Virginia,Virginia::highway,ysTXjULP4u8_00,0,29,0.0,1.930648,derived_pre_accident_until=1.958;weak_negative=true,/autodl-fs/data/traffic_accident_rnd/ACCIDENT_mmaction_clips/medium/train/ysTXjULP4u8_00__pre_event_non_accident.mp4,train,medium
yxdh-n8LgyY_00__pre_event_non_accident,yxdh-n8LgyY_00,/autodl-fs/data/traffic_accident_rnd/ACCIDENT_dataset/real_videos/yxdh-n8LgyY_00.mp4,ACCIDENT-real,single,non_accident,0,weak_clip_pre_event,pre_event_non_accident,30.041667,8.022191,241,1280,720,train,Arkansas,Arkansas::highway,yxdh-n8LgyY_00,0,12,0.0,1.495851,derived_pre_accident_until=1.458;weak_negative=true,/autodl-fs/data/traffic_accident_rnd/ACCIDENT_mmaction_clips/medium/train/yxdh-n8LgyY_00__pre_event_non_accident.mp4,train,medium
yxdh-n8LgyY_00__accident,yxdh-n8LgyY_00,/autodl-fs/data/traffic_accident_rnd/ACCIDENT_dataset/real_videos/yxdh-n8LgyY_00.mp4,ACCIDENT-real,single,accident,1,weak_clip_event_window,accident_window,30.041667,8.022191,241,1280,720,train,Arkansas,Arkansas::highway,yxdh-n8LgyY_00,20,68,2.493084,8.476487,accident_time=4.458;type=single;weak_clip=true,/autodl-fs/data/traffic_accident_rnd/ACCIDENT_mmaction_clips/medium/train/yxdh-n8LgyY_00__accident.mp4,train,medium
zISHd2Jt7Qs_00__accident,zISHd2Jt7Qs_00,/autodl-fs/data/traffic_accident_rnd/ACCIDENT_dataset/real_videos/zISHd2Jt7Qs_00.mp4,ACCIDENT-real,rear-end,accident,1,weak_clip_event_window,accident_window,30.033333,15.083241,453,1620,1080,train,Alabama,Alabama::highway,zISHd2Jt7Qs_00,64,154,4.24312,10.210007,accident_time=6.233;type=rear-end;weak_clip=true,/autodl-fs/data/traffic_accident_rnd/ACCIDENT_mmaction_clips/medium/train/zISHd2Jt7Qs_00__accident.mp4,train,medium
