sample_id,video_path,source_dataset,original_label,mapped_label,label_id,label_type,duration,fps,num_frames,width,height,split,scene_id,camera_id,start_frame,end_frame,notes
Z4kg2Ev3vhk_00__accident,/autodl-fs/data/traffic_accident_rnd/ACCIDENT_dataset/real_videos/Z4kg2Ev3vhk_00.mp4,ACCIDENT-real,rear-end,accident,1,weak_clip_event_window,30.0,14.166667,425,1584,1080,test,Georgia,Georgia::highway,133,218,accident_time=11.333;type=rear-end
Z4kg2Ev3vhk_00__pre_event_non_accident,/autodl-fs/data/traffic_accident_rnd/ACCIDENT_dataset/real_videos/Z4kg2Ev3vhk_00.mp4,ACCIDENT-real,rear-end,non_accident,0,weak_clip_pre_event,30.0,14.166667,425,1584,1080,test,Georgia,Georgia::highway,0,118,derived_pre_accident_until=8.333;weak_negative=true
unS0-TLF1ao_00__accident,/autodl-fs/data/traffic_accident_rnd/ACCIDENT_dataset/real_videos/unS0-TLF1ao_00.mp4,ACCIDENT-real,t-bone,accident,1,weak_clip_event_window,5.96,25.0,149,1920,1080,test,World,World::signalized_intersection,14,149,accident_time=2.56;type=t-bone
UarP8qU1S-c_00__accident,/autodl-fs/data/traffic_accident_rnd/ACCIDENT_dataset/real_videos/UarP8qU1S-c_00.mp4,ACCIDENT-real,single,accident,1,weak_clip_event_window,15.233333,14.63895,223,3840,2160,train,Virginia,Virginia::highway,98,186,accident_time=8.667;type=single
UarP8qU1S-c_00__pre_event_non_accident,/autodl-fs/data/traffic_accident_rnd/ACCIDENT_dataset/real_videos/UarP8qU1S-c_00.mp4,ACCIDENT-real,single,non_accident,0,weak_clip_pre_event,15.233333,14.63895,223,3840,2160,train,Virginia,Virginia::highway,0,83,derived_pre_accident_until=5.667;weak_negative=true
UarP8qU1S-c_01__accident,/autodl-fs/data/traffic_accident_rnd/ACCIDENT_dataset/real_videos/UarP8qU1S-c_01.mp4,ACCIDENT-real,single,accident,1,weak_clip_event_window,6.233333,14.919786,93,3840,2160,train,Virginia,Virginia::highway,0,90,accident_time=2.033999999999999;type=single
nAXTthLfgtI_00__accident,/autodl-fs/data/traffic_accident_rnd/ACCIDENT_dataset/real_videos/nAXTthLfgtI_00.mp4,ACCIDENT-real,single,accident,1,weak_clip_event_window,13.916667,15.017964,209,960,720,test,Virginia,Virginia::highway,32,122,accident_time=4.125;type=single
nAXTthLfgtI_00__pre_event_non_accident,/autodl-fs/data/traffic_accident_rnd/ACCIDENT_dataset/real_videos/nAXTthLfgtI_00.mp4,ACCIDENT-real,single,non_accident,0,weak_clip_pre_event,13.916667,15.017964,209,960,720,test,Virginia,Virginia::highway,0,17,derived_pre_accident_until=1.125;weak_negative=true
fzWY0vLAXzI_00__accident,/autodl-fs/data/traffic_accident_rnd/ACCIDENT_dataset/real_videos/fzWY0vLAXzI_00.mp4,ACCIDENT-real,t-bone,accident,1,weak_clip_event_window,8.933333,21.156716,189,1920,1080,test,World,World::signalized_intersection,47,174,accident_time=4.2;type=t-bone
fzWY0vLAXzI_00__pre_event_non_accident,/autodl-fs/data/traffic_accident_rnd/ACCIDENT_dataset/real_videos/fzWY0vLAXzI_00.mp4,ACCIDENT-real,t-bone,non_accident,0,weak_clip_pre_event,8.933333,21.156716,189,1920,1080,test,World,World::signalized_intersection,0,25,derived_pre_accident_until=1.200;weak_negative=true
vxZ47DoPNY8_00__accident,/autodl-fs/data/traffic_accident_rnd/ACCIDENT_dataset/real_videos/vxZ47DoPNY8_00.mp4,ACCIDENT-real,single,accident,1,weak_clip_event_window,7.8,17.820513,139,1920,1080,test,World,World::city_street,14,121,accident_time=2.8333329999999997;type=single
OXVXsdDT9QQ_00__accident,/autodl-fs/data/traffic_accident_rnd/ACCIDENT_dataset/real_videos/OXVXsdDT9QQ_00.mp4,ACCIDENT-real,t-bone,accident,1,weak_clip_event_window,5.333333,16.6875,89,1920,1080,test,World,World::signalized_intersection,0,84,accident_time=0.9999999999999999;type=t-bone
VozrseCzhQc_00__accident,/autodl-fs/data/traffic_accident_rnd/ACCIDENT_dataset/real_videos/VozrseCzhQc_00.mp4,ACCIDENT-real,single,accident,1,weak_clip_event_window,9.625,15.064935,145,960,720,test,Virginia,Virginia::highway,54,144,accident_time=5.583;type=single
VozrseCzhQc_00__pre_event_non_accident,/autodl-fs/data/traffic_accident_rnd/ACCIDENT_dataset/real_videos/VozrseCzhQc_00.mp4,ACCIDENT-real,single,non_accident,0,weak_clip_pre_event,9.625,15.064935,145,960,720,test,Virginia,Virginia::highway,0,39,derived_pre_accident_until=2.583;weak_negative=true
kABWTDKgc9U_00__accident,/autodl-fs/data/traffic_accident_rnd/ACCIDENT_dataset/real_videos/kABWTDKgc9U_00.mp4,ACCIDENT-real,t-bone,accident,1,weak_clip_event_window,29.633333,29.966254,888,2400,1080,test,Alabama,Alabama::signalized_intersection,137,317,accident_time=6.566;type=t-bone
kABWTDKgc9U_00__pre_event_non_accident,/autodl-fs/data/traffic_accident_rnd/ACCIDENT_dataset/real_videos/kABWTDKgc9U_00.mp4,ACCIDENT-real,t-bone,non_accident,0,weak_clip_pre_event,29.633333,29.966254,888,2400,1080,test,Alabama,Alabama::signalized_intersection,0,107,derived_pre_accident_until=3.566;weak_negative=true
ftk_fSc4haM_00__accident,/autodl-fs/data/traffic_accident_rnd/ACCIDENT_dataset/real_videos/ftk_fSc4haM_00.mp4,ACCIDENT-real,t-bone,accident,1,weak_clip_event_window,14.4,24.861111,358,1280,720,test,World,World::signalized_intersection,79,228,accident_time=5.200000000000001;type=t-bone
ftk_fSc4haM_00__pre_event_non_accident,/autodl-fs/data/traffic_accident_rnd/ACCIDENT_dataset/real_videos/ftk_fSc4haM_00.mp4,ACCIDENT-real,t-bone,non_accident,0,weak_clip_pre_event,14.4,24.861111,358,1280,720,test,World,World::signalized_intersection,0,55,derived_pre_accident_until=2.200;weak_negative=true
BgdKGnFqz0I_00__accident,/autodl-fs/data/traffic_accident_rnd/ACCIDENT_dataset/real_videos/BgdKGnFqz0I_00.mp4,ACCIDENT-real,t-bone,accident,1,weak_clip_event_window,9.7,24.845361,241,1280,720,test,World,World::signalized_intersection,75,224,accident_time=5.033;type=t-bone
BgdKGnFqz0I_00__pre_event_non_accident,/autodl-fs/data/traffic_accident_rnd/ACCIDENT_dataset/real_videos/BgdKGnFqz0I_00.mp4,ACCIDENT-real,t-bone,non_accident,0,weak_clip_pre_event,9.7,24.845361,241,1280,720,test,World,World::signalized_intersection,0,51,derived_pre_accident_until=2.033;weak_negative=true
LiM5LPSZoow_00__accident,/autodl-fs/data/traffic_accident_rnd/ACCIDENT_dataset/real_videos/LiM5LPSZoow_00.mp4,ACCIDENT-real,t-bone,accident,1,weak_clip_event_window,30.0,14.966667,449,1080,720,test,Alabama,Alabama::signalized_intersection,24,114,accident_time=3.583;type=t-bone
F0NHENn-HS4_00__accident,/autodl-fs/data/traffic_accident_rnd/ACCIDENT_dataset/real_videos/F0NHENn-HS4_00.mp4,ACCIDENT-real,rear-end,accident,1,weak_clip_event_window,20.933333,15.047771,315,1620,1080,train,Alabama,Alabama::highway,8,98,accident_time=2.533;type=rear-end
maJsgJsapH4_00__accident,/autodl-fs/data/traffic_accident_rnd/ACCIDENT_dataset/real_videos/maJsgJsapH4_00.mp4,ACCIDENT-real,rear-end,accident,1,weak_clip_event_window,30.133333,9.955752,300,1920,1080,train,Alabama,Alabama::highway,50,110,accident_time=7.0;type=rear-end
maJsgJsapH4_00__pre_event_non_accident,/autodl-fs/data/traffic_accident_rnd/ACCIDENT_dataset/real_videos/maJsgJsapH4_00.mp4,ACCIDENT-real,rear-end,non_accident,0,weak_clip_pre_event,30.133333,9.955752,300,1920,1080,train,Alabama,Alabama::highway,0,40,derived_pre_accident_until=4.000;weak_negative=true
iA_u73BG4ZM_00__accident,/autodl-fs/data/traffic_accident_rnd/ACCIDENT_dataset/real_videos/iA_u73BG4ZM_00.mp4,ACCIDENT-real,rear-end,accident,1,weak_clip_event_window,30.033333,30.0,901,1280,720,test,Alabama,Alabama::highway,56,236,accident_time=3.867;type=rear-end
maJGw3hQs_s_00__accident,/autodl-fs/data/traffic_accident_rnd/ACCIDENT_dataset/real_videos/maJGw3hQs_s_00.mp4,ACCIDENT-real,t-bone,accident,1,weak_clip_event_window,30.041667,9.98613,300,1280,720,test,Alabama,Alabama::simple_intersection,11,71,accident_time=3.125;type=t-bone
aPsS_HaokoU_00__accident,/autodl-fs/data/traffic_accident_rnd/ACCIDENT_dataset/real_videos/aPsS_HaokoU_00.mp4,ACCIDENT-real,t-bone,accident,1,weak_clip_event_window,29.416667,11.082153,326,1056,720,test,Alabama,Alabama::signalized_intersection,38,104,accident_time=5.375;type=t-bone
aPsS_HaokoU_00__pre_event_non_accident,/autodl-fs/data/traffic_accident_rnd/ACCIDENT_dataset/real_videos/aPsS_HaokoU_00.mp4,ACCIDENT-real,t-bone,non_accident,0,weak_clip_pre_event,29.416667,11.082153,326,1056,720,test,Alabama,Alabama::signalized_intersection,0,26,derived_pre_accident_until=2.375;weak_negative=true
aF2Hbp8C23A_00__accident,/autodl-fs/data/traffic_accident_rnd/ACCIDENT_dataset/real_videos/aF2Hbp8C23A_00.mp4,ACCIDENT-real,rear-end,accident,1,weak_clip_event_window,9.791667,14.910638,146,1280,720,test,Alabama,Alabama::signalized_intersection,15,105,accident_time=3.042;type=rear-end
82sQ7N-aHOw_00__accident,/autodl-fs/data/traffic_accident_rnd/ACCIDENT_dataset/real_videos/82sQ7N-aHOw_00.mp4,ACCIDENT-real,t-bone,accident,1,weak_clip_event_window,15.708333,14.960212,235,1080,720,test,Alabama,Alabama::grade_separated_intersection,0,75,accident_time=1.0;type=t-bone
bJMc3sNP2AU_00__accident,/autodl-fs/data/traffic_accident_rnd/ACCIDENT_dataset/real_videos/bJMc3sNP2AU_00.mp4,ACCIDENT-real,t-bone,accident,1,weak_clip_event_window,6.633333,15.075377,100,1620,1080,test,Alabama,Alabama::highway,2,92,accident_time=2.133;type=t-bone
XaqA-uzqeNc_00__accident,/autodl-fs/data/traffic_accident_rnd/ACCIDENT_dataset/real_videos/XaqA-uzqeNc_00.mp4,ACCIDENT-real,single,accident,1,weak_clip_event_window,8.166667,14.938776,122,1080,720,train,Alabama,Alabama::highway,4,94,accident_time=2.25;type=single
gp_9zTMpVrs_00__accident,/autodl-fs/data/traffic_accident_rnd/ACCIDENT_dataset/real_videos/gp_9zTMpVrs_00.mp4,ACCIDENT-real,single,accident,1,weak_clip_event_window,28.083333,15.026706,422,1056,720,test,Alabama,Alabama::signalized_intersection,0,89,accident_time=1.917;type=single
B_nBw3PcHXg_00__accident,/autodl-fs/data/traffic_accident_rnd/ACCIDENT_dataset/real_videos/B_nBw3PcHXg_00.mp4,ACCIDENT-real,rear-end,accident,1,weak_clip_event_window,29.966667,15.884316,476,1920,1080,test,Alabama,Alabama::signalized_intersection,45,141,accident_time=4.833;type=rear-end
B_nBw3PcHXg_00__pre_event_non_accident,/autodl-fs/data/traffic_accident_rnd/ACCIDENT_dataset/real_videos/B_nBw3PcHXg_00.mp4,ACCIDENT-real,rear-end,non_accident,0,weak_clip_pre_event,29.966667,15.884316,476,1920,1080,test,Alabama,Alabama::signalized_intersection,0,29,derived_pre_accident_until=1.833;weak_negative=true
jq-5EaxSR3M_00__accident,/autodl-fs/data/traffic_accident_rnd/ACCIDENT_dataset/real_videos/jq-5EaxSR3M_00.mp4,ACCIDENT-real,t-bone,accident,1,weak_clip_event_window,30.0,15.0,450,1080,720,test,Alabama,Alabama::highway,18,108,accident_time=3.208;type=t-bone
4jVVNw9AF2s_00__accident,/autodl-fs/data/traffic_accident_rnd/ACCIDENT_dataset/real_videos/4jVVNw9AF2s_00.mp4,ACCIDENT-real,t-bone,accident,1,weak_clip_event_window,30.083333,14.925208,449,1080,720,test,Alabama,Alabama::signalized_intersection,55,145,accident_time=5.667;type=t-bone
4jVVNw9AF2s_00__pre_event_non_accident,/autodl-fs/data/traffic_accident_rnd/ACCIDENT_dataset/real_videos/4jVVNw9AF2s_00.mp4,ACCIDENT-real,t-bone,non_accident,0,weak_clip_pre_event,30.083333,14.925208,449,1080,720,test,Alabama,Alabama::signalized_intersection,0,40,derived_pre_accident_until=2.667;weak_negative=true
FR3eYZzgeJY_00__accident,/autodl-fs/data/traffic_accident_rnd/ACCIDENT_dataset/real_videos/FR3eYZzgeJY_00.mp4,ACCIDENT-real,t-bone,accident,1,weak_clip_event_window,30.125,12.149378,366,1056,720,test,Alabama,Alabama::signalized_intersection,11,84,accident_time=2.875;type=t-bone
ApyekBAgfg8_00__accident,/autodl-fs/data/traffic_accident_rnd/ACCIDENT_dataset/real_videos/ApyekBAgfg8_00.mp4,ACCIDENT-real,head-on,accident,1,weak_clip_event_window,30.041667,14.945908,449,1056,720,train,Alabama,Alabama::signalized_intersection,30,120,accident_time=4.0;type=head-on
ApyekBAgfg8_00__pre_event_non_accident,/autodl-fs/data/traffic_accident_rnd/ACCIDENT_dataset/real_videos/ApyekBAgfg8_00.mp4,ACCIDENT-real,head-on,non_accident,0,weak_clip_pre_event,30.041667,14.945908,449,1056,720,train,Alabama,Alabama::signalized_intersection,0,15,derived_pre_accident_until=1.000;weak_negative=true
Mem77KKhF8c_00__accident,/autodl-fs/data/traffic_accident_rnd/ACCIDENT_dataset/real_videos/Mem77KKhF8c_00.mp4,ACCIDENT-real,head-on,accident,1,weak_clip_event_window,29.958333,14.653686,439,1056,720,test,Alabama,Alabama::signalized_intersection,0,77,accident_time=1.208;type=head-on
GSvQCAPnFGo_00__accident,/autodl-fs/data/traffic_accident_rnd/ACCIDENT_dataset/real_videos/GSvQCAPnFGo_00.mp4,ACCIDENT-real,t-bone,accident,1,weak_clip_event_window,30.041667,14.945908,449,1280,720,test,Alabama,Alabama::signalized_intersection,38,128,accident_time=4.583;type=t-bone
GSvQCAPnFGo_00__pre_event_non_accident,/autodl-fs/data/traffic_accident_rnd/ACCIDENT_dataset/real_videos/GSvQCAPnFGo_00.mp4,ACCIDENT-real,t-bone,non_accident,0,weak_clip_pre_event,30.041667,14.945908,449,1280,720,test,Alabama,Alabama::signalized_intersection,0,24,derived_pre_accident_until=1.583;weak_negative=true
fgI4vUtP_1I_00__accident,/autodl-fs/data/traffic_accident_rnd/ACCIDENT_dataset/real_videos/fgI4vUtP_1I_00.mp4,ACCIDENT-real,single,accident,1,weak_clip_event_window,30.0,14.966667,449,1080,720,test,Alabama,Alabama::highway,34,124,accident_time=4.25;type=single
fgI4vUtP_1I_00__pre_event_non_accident,/autodl-fs/data/traffic_accident_rnd/ACCIDENT_dataset/real_videos/fgI4vUtP_1I_00.mp4,ACCIDENT-real,single,non_accident,0,weak_clip_pre_event,30.0,14.966667,449,1080,720,test,Alabama,Alabama::highway,0,19,derived_pre_accident_until=1.250;weak_negative=true
TthKPyywzu8_00__accident,/autodl-fs/data/traffic_accident_rnd/ACCIDENT_dataset/real_videos/TthKPyywzu8_00.mp4,ACCIDENT-real,rear-end,accident,1,weak_clip_event_window,30.1,14.451827,435,1624,1080,test,Alabama,Alabama::signalized_intersection,43,130,accident_time=5.0;type=rear-end
TthKPyywzu8_00__pre_event_non_accident,/autodl-fs/data/traffic_accident_rnd/ACCIDENT_dataset/real_videos/TthKPyywzu8_00.mp4,ACCIDENT-real,rear-end,non_accident,0,weak_clip_pre_event,30.1,14.451827,435,1624,1080,test,Alabama,Alabama::signalized_intersection,0,29,derived_pre_accident_until=2.000;weak_negative=true
LklNl33KztU_00__accident,/autodl-fs/data/traffic_accident_rnd/ACCIDENT_dataset/real_videos/LklNl33KztU_00.mp4,ACCIDENT-real,single,accident,1,weak_clip_event_window,26.633333,15.018773,400,1620,1080,train,Alabama,Alabama::highway,70,160,accident_time=6.667;type=single
LklNl33KztU_00__pre_event_non_accident,/autodl-fs/data/traffic_accident_rnd/ACCIDENT_dataset/real_videos/LklNl33KztU_00.mp4,ACCIDENT-real,single,non_accident,0,weak_clip_pre_event,26.633333,15.018773,400,1620,1080,train,Alabama,Alabama::highway,0,55,derived_pre_accident_until=3.667;weak_negative=true
tK1wd_HCYNo_00__accident,/autodl-fs/data/traffic_accident_rnd/ACCIDENT_dataset/real_videos/tK1wd_HCYNo_00.mp4,ACCIDENT-real,t-bone,accident,1,weak_clip_event_window,30.033333,15.016648,451,1920,1080,test,Alabama,Alabama::grade_separated_intersection,83,173,accident_time=7.533;type=t-bone
tK1wd_HCYNo_00__pre_event_non_accident,/autodl-fs/data/traffic_accident_rnd/ACCIDENT_dataset/real_videos/tK1wd_HCYNo_00.mp4,ACCIDENT-real,t-bone,non_accident,0,weak_clip_pre_event,30.033333,15.016648,451,1920,1080,test,Alabama,Alabama::grade_separated_intersection,0,68,derived_pre_accident_until=4.533;weak_negative=true
mntY3Xh8lT4_00__accident,/autodl-fs/data/traffic_accident_rnd/ACCIDENT_dataset/real_videos/mntY3Xh8lT4_00.mp4,ACCIDENT-real,sideswipe,accident,1,weak_clip_event_window,24.333333,14.794521,360,1080,720,test,Alabama,Alabama::grade_separated_intersection,42,131,accident_time=4.833;type=sideswipe
mntY3Xh8lT4_00__pre_event_non_accident,/autodl-fs/data/traffic_accident_rnd/ACCIDENT_dataset/real_videos/mntY3Xh8lT4_00.mp4,ACCIDENT-real,sideswipe,non_accident,0,weak_clip_pre_event,24.333333,14.794521,360,1080,720,test,Alabama,Alabama::grade_separated_intersection,0,27,derived_pre_accident_until=1.833;weak_negative=true
CzOWGXrwbp4_00__accident,/autodl-fs/data/traffic_accident_rnd/ACCIDENT_dataset/real_videos/CzOWGXrwbp4_00.mp4,ACCIDENT-real,sideswipe,accident,1,weak_clip_event_window,21.485261,9.401794,202,854,384,test,Alabama,Alabama::city_street,82,139,accident_time=10.771;type=sideswipe
CzOWGXrwbp4_00__pre_event_non_accident,/autodl-fs/data/traffic_accident_rnd/ACCIDENT_dataset/real_videos/CzOWGXrwbp4_00.mp4,ACCIDENT-real,sideswipe,non_accident,0,weak_clip_pre_event,21.485261,9.401794,202,854,384,test,Alabama,Alabama::city_street,0,73,derived_pre_accident_until=7.771;weak_negative=true
7AFnEpBVrr4_00__accident,/autodl-fs/data/traffic_accident_rnd/ACCIDENT_dataset/real_videos/7AFnEpBVrr4_00.mp4,ACCIDENT-real,t-bone,accident,1,weak_clip_event_window,30.033333,29.567148,888,1280,720,test,Alabama,Alabama::simple_intersection,126,303,accident_time=6.267;type=t-bone
7AFnEpBVrr4_00__pre_event_non_accident,/autodl-fs/data/traffic_accident_rnd/ACCIDENT_dataset/real_videos/7AFnEpBVrr4_00.mp4,ACCIDENT-real,t-bone,non_accident,0,weak_clip_pre_event,30.033333,29.567148,888,1280,720,test,Alabama,Alabama::simple_intersection,0,97,derived_pre_accident_until=3.267;weak_negative=true
njJxs1KozgE_00__accident,/autodl-fs/data/traffic_accident_rnd/ACCIDENT_dataset/real_videos/njJxs1KozgE_00.mp4,ACCIDENT-real,t-bone,accident,1,weak_clip_event_window,30.041667,14.945908,449,1280,720,test,Alabama,Alabama::signalized_intersection,53,143,accident_time=5.583;type=t-bone
njJxs1KozgE_00__pre_event_non_accident,/autodl-fs/data/traffic_accident_rnd/ACCIDENT_dataset/real_videos/njJxs1KozgE_00.mp4,ACCIDENT-real,t-bone,non_accident,0,weak_clip_pre_event,30.041667,14.945908,449,1280,720,test,Alabama,Alabama::signalized_intersection,0,39,derived_pre_accident_until=2.583;weak_negative=true
-AztVDZ6cEE_00__accident,/autodl-fs/data/traffic_accident_rnd/ACCIDENT_dataset/real_videos/-AztVDZ6cEE_00.mp4,ACCIDENT-real,t-bone,accident,1,weak_clip_event_window,26.416667,15.028391,397,1280,720,test,Alabama,Alabama::signalized_intersection,3,93,accident_time=2.167;type=t-bone
kUp_0rJe_OI_00__accident,/autodl-fs/data/traffic_accident_rnd/ACCIDENT_dataset/real_videos/kUp_0rJe_OI_00.mp4,ACCIDENT-real,t-bone,accident,1,weak_clip_event_window,30.041667,20.9043,628,900,720,test,Alabama,Alabama::signalized_intersection,20,146,accident_time=2.958;type=t-bone
a8zHkZ_t16k_00__accident,/autodl-fs/data/traffic_accident_rnd/ACCIDENT_dataset/real_videos/a8zHkZ_t16k_00.mp4,ACCIDENT-real,sideswipe,accident,1,weak_clip_event_window,30.033333,29.700333,892,1920,1080,test,Alabama,Alabama::simple_intersection,97,275,accident_time=5.267;type=sideswipe
a8zHkZ_t16k_00__pre_event_non_accident,/autodl-fs/data/traffic_accident_rnd/ACCIDENT_dataset/real_videos/a8zHkZ_t16k_00.mp4,ACCIDENT-real,sideswipe,non_accident,0,weak_clip_pre_event,30.033333,29.700333,892,1920,1080,test,Alabama,Alabama::simple_intersection,0,67,derived_pre_accident_until=2.267;weak_negative=true
PQHiBa179Ew_00__accident,/autodl-fs/data/traffic_accident_rnd/ACCIDENT_dataset/real_videos/PQHiBa179Ew_00.mp4,ACCIDENT-real,t-bone,accident,1,weak_clip_event_window,30.0,30.0,900,1280,720,test,Alabama,Alabama::simple_intersection,107,287,accident_time=5.567;type=t-bone
PQHiBa179Ew_00__pre_event_non_accident,/autodl-fs/data/traffic_accident_rnd/ACCIDENT_dataset/real_videos/PQHiBa179Ew_00.mp4,ACCIDENT-real,t-bone,non_accident,0,weak_clip_pre_event,30.0,30.0,900,1280,720,test,Alabama,Alabama::simple_intersection,0,77,derived_pre_accident_until=2.567;weak_negative=true
-SNFUobKjoM_00__accident,/autodl-fs/data/traffic_accident_rnd/ACCIDENT_dataset/real_videos/-SNFUobKjoM_00.mp4,ACCIDENT-real,t-bone,accident,1,weak_clip_event_window,30.066667,29.866962,898,1280,720,test,Alabama,Alabama::signalized_intersection,344,523,accident_time=13.533;type=t-bone
-SNFUobKjoM_00__pre_event_non_accident,/autodl-fs/data/traffic_accident_rnd/ACCIDENT_dataset/real_videos/-SNFUobKjoM_00.mp4,ACCIDENT-real,t-bone,non_accident,0,weak_clip_pre_event,30.066667,29.866962,898,1280,720,test,Alabama,Alabama::signalized_intersection,0,315,derived_pre_accident_until=10.533;weak_negative=true
TahWBItdUvQ_00__accident,/autodl-fs/data/traffic_accident_rnd/ACCIDENT_dataset/real_videos/TahWBItdUvQ_00.mp4,ACCIDENT-real,t-bone,accident,1,weak_clip_event_window,4.75,16.0,76,1280,720,test,Alabama,Alabama::signalized_intersection,26,76,accident_time=3.625;type=t-bone
reXieySb4JI_00__accident,/autodl-fs/data/traffic_accident_rnd/ACCIDENT_dataset/real_videos/reXieySb4JI_00.mp4,ACCIDENT-real,t-bone,accident,1,weak_clip_event_window,30.033333,15.016648,451,1620,1080,test,Alabama,Alabama::signalized_intersection,70,160,accident_time=6.633;type=t-bone
reXieySb4JI_00__pre_event_non_accident,/autodl-fs/data/traffic_accident_rnd/ACCIDENT_dataset/real_videos/reXieySb4JI_00.mp4,ACCIDENT-real,t-bone,non_accident,0,weak_clip_pre_event,30.033333,15.016648,451,1620,1080,test,Alabama,Alabama::signalized_intersection,0,55,derived_pre_accident_until=3.633;weak_negative=true
m2uBNOFIvKk_00__accident,/autodl-fs/data/traffic_accident_rnd/ACCIDENT_dataset/real_videos/m2uBNOFIvKk_00.mp4,ACCIDENT-real,t-bone,accident,1,weak_clip_event_window,30.041667,15.411928,463,1080,720,test,Alabama,Alabama::signalized_intersection,29,122,accident_time=3.917;type=t-bone
VXuNX_OYkig_00__accident,/autodl-fs/data/traffic_accident_rnd/ACCIDENT_dataset/real_videos/VXuNX_OYkig_00.mp4,ACCIDENT-real,t-bone,accident,1,weak_clip_event_window,7.233333,29.861751,216,1920,1080,test,Alabama,Alabama::signalized_intersection,0,159,accident_time=1.333000000000001;type=t-bone
GsRdjuR2PpE_00__accident,/autodl-fs/data/traffic_accident_rnd/ACCIDENT_dataset/real_videos/GsRdjuR2PpE_00.mp4,ACCIDENT-real,t-bone,accident,1,weak_clip_event_window,26.366667,22.490518,593,1350,1080,test,Alabama,Alabama::signalized_intersection,0,118,accident_time=1.266;type=t-bone
dGUCJwW8b1g_00__accident,/autodl-fs/data/traffic_accident_rnd/ACCIDENT_dataset/real_videos/dGUCJwW8b1g_00.mp4,ACCIDENT-real,sideswipe,accident,1,weak_clip_event_window,25.166667,22.450331,565,1920,1080,train,Alabama,Alabama::highway,0,124,accident_time=1.533;type=sideswipe
FV6XO5Yg9VU_00__accident,/autodl-fs/data/traffic_accident_rnd/ACCIDENT_dataset/real_videos/FV6XO5Yg9VU_00.mp4,ACCIDENT-real,sideswipe,accident,1,weak_clip_event_window,27.833333,15.017964,418,1080,720,train,Alabama,Alabama::highway,3,93,accident_time=2.167;type=sideswipe
iYAIZEocjbg_00__accident,/autodl-fs/data/traffic_accident_rnd/ACCIDENT_dataset/real_videos/iYAIZEocjbg_00.mp4,ACCIDENT-real,t-bone,accident,1,weak_clip_event_window,30.03,12.620713,379,352,240,test,Alabama,Alabama::signalized_intersection,141,216,accident_time=13.146;type=t-bone
iYAIZEocjbg_00__pre_event_non_accident,/autodl-fs/data/traffic_accident_rnd/ACCIDENT_dataset/real_videos/iYAIZEocjbg_00.mp4,ACCIDENT-real,t-bone,non_accident,0,weak_clip_pre_event,30.03,12.620713,379,352,240,test,Alabama,Alabama::signalized_intersection,0,128,derived_pre_accident_until=10.146;weak_negative=true
n-aa3NIlRMo_00__accident,/autodl-fs/data/traffic_accident_rnd/ACCIDENT_dataset/real_videos/n-aa3NIlRMo_00.mp4,ACCIDENT-real,t-bone,accident,1,weak_clip_event_window,30.0,14.966667,449,1080,720,test,Alabama,Alabama::signalized_intersection,44,134,accident_time=4.917;type=t-bone
n-aa3NIlRMo_00__pre_event_non_accident,/autodl-fs/data/traffic_accident_rnd/ACCIDENT_dataset/real_videos/n-aa3NIlRMo_00.mp4,ACCIDENT-real,t-bone,non_accident,0,weak_clip_pre_event,30.0,14.966667,449,1080,720,test,Alabama,Alabama::signalized_intersection,0,29,derived_pre_accident_until=1.917;weak_negative=true
mDtCi-XVAbo_00__accident,/autodl-fs/data/traffic_accident_rnd/ACCIDENT_dataset/real_videos/mDtCi-XVAbo_00.mp4,ACCIDENT-real,t-bone,accident,1,weak_clip_event_window,23.4,20.213675,473,1920,1080,test,Alabama,Alabama::simple_intersection,37,158,accident_time=3.8;type=t-bone
QJYDZ1PBiYQ_00__accident,/autodl-fs/data/traffic_accident_rnd/ACCIDENT_dataset/real_videos/QJYDZ1PBiYQ_00.mp4,ACCIDENT-real,t-bone,accident,1,weak_clip_event_window,25.033333,14.980027,375,1920,1080,test,Alabama,Alabama::signalized_intersection,25,115,accident_time=3.7;type=t-bone
1ZQAChv0TEI_00__accident,/autodl-fs/data/traffic_accident_rnd/ACCIDENT_dataset/real_videos/1ZQAChv0TEI_00.mp4,ACCIDENT-real,t-bone,accident,1,weak_clip_event_window,29.933333,9.922049,297,1920,1080,test,Alabama,Alabama::signalized_intersection,40,100,accident_time=6.0;type=t-bone
1ZQAChv0TEI_00__pre_event_non_accident,/autodl-fs/data/traffic_accident_rnd/ACCIDENT_dataset/real_videos/1ZQAChv0TEI_00.mp4,ACCIDENT-real,t-bone,non_accident,0,weak_clip_pre_event,29.933333,9.922049,297,1920,1080,test,Alabama,Alabama::signalized_intersection,0,30,derived_pre_accident_until=3.000;weak_negative=true
e6ZQvn6NyLI_00__accident,/autodl-fs/data/traffic_accident_rnd/ACCIDENT_dataset/real_videos/e6ZQvn6NyLI_00.mp4,ACCIDENT-real,t-bone,accident,1,weak_clip_event_window,30.0,14.966667,449,1080,720,test,Alabama,Alabama::simple_intersection,35,125,accident_time=4.375;type=t-bone
e6ZQvn6NyLI_00__pre_event_non_accident,/autodl-fs/data/traffic_accident_rnd/ACCIDENT_dataset/real_videos/e6ZQvn6NyLI_00.mp4,ACCIDENT-real,t-bone,non_accident,0,weak_clip_pre_event,30.0,14.966667,449,1080,720,test,Alabama,Alabama::simple_intersection,0,21,derived_pre_accident_until=1.375;weak_negative=true
ui52V2KkRN4_00__accident,/autodl-fs/data/traffic_accident_rnd/ACCIDENT_dataset/real_videos/ui52V2KkRN4_00.mp4,ACCIDENT-real,t-bone,accident,1,weak_clip_event_window,10.566667,29.716088,314,1920,1080,test,Alabama,Alabama::grade_separated_intersection,190,314,accident_time=8.366999999999999;type=t-bone
ui52V2KkRN4_00__pre_event_non_accident,/autodl-fs/data/traffic_accident_rnd/ACCIDENT_dataset/real_videos/ui52V2KkRN4_00.mp4,ACCIDENT-real,t-bone,non_accident,0,weak_clip_pre_event,10.566667,29.716088,314,1920,1080,test,Alabama,Alabama::grade_separated_intersection,0,159,derived_pre_accident_until=5.367;weak_negative=true
QyRcmm87rJ8_00__accident,/autodl-fs/data/traffic_accident_rnd/ACCIDENT_dataset/real_videos/QyRcmm87rJ8_00.mp4,ACCIDENT-real,t-bone,accident,1,weak_clip_event_window,30.041667,15.012483,451,1056,720,test,Alabama,Alabama::signalized_intersection,42,132,accident_time=4.792;type=t-bone
QyRcmm87rJ8_00__pre_event_non_accident,/autodl-fs/data/traffic_accident_rnd/ACCIDENT_dataset/real_videos/QyRcmm87rJ8_00.mp4,ACCIDENT-real,t-bone,non_accident,0,weak_clip_pre_event,30.041667,15.012483,451,1056,720,test,Alabama,Alabama::signalized_intersection,0,27,derived_pre_accident_until=1.792;weak_negative=true
C7gOL8qM71E_00__accident,/autodl-fs/data/traffic_accident_rnd/ACCIDENT_dataset/real_videos/C7gOL8qM71E_00.mp4,ACCIDENT-real,single,accident,1,weak_clip_event_window,30.033333,15.016648,451,1620,1080,test,Alabama,Alabama::grade_separated_intersection,9,99,accident_time=2.6;type=single
At-4-Y2g7Y8_00__accident,/autodl-fs/data/traffic_accident_rnd/ACCIDENT_dataset/real_videos/At-4-Y2g7Y8_00.mp4,ACCIDENT-real,sideswipe,accident,1,weak_clip_event_window,30.066667,29.933481,900,1280,720,test,Alabama,Alabama::highway,17,197,accident_time=2.567;type=sideswipe
1BIZOZtxRpY_00__accident,/autodl-fs/data/traffic_accident_rnd/ACCIDENT_dataset/real_videos/1BIZOZtxRpY_00.mp4,ACCIDENT-real,single,accident,1,weak_clip_event_window,30.125,13.676349,412,1280,720,test,Alabama,Alabama::highway,105,187,accident_time=9.625;type=single
1BIZOZtxRpY_00__pre_event_non_accident,/autodl-fs/data/traffic_accident_rnd/ACCIDENT_dataset/real_videos/1BIZOZtxRpY_00.mp4,ACCIDENT-real,single,non_accident,0,weak_clip_pre_event,30.125,13.676349,412,1280,720,test,Alabama,Alabama::highway,0,91,derived_pre_accident_until=6.625;weak_negative=true
GWx-Z5rWhzc_00__accident,/autodl-fs/data/traffic_accident_rnd/ACCIDENT_dataset/real_videos/GWx-Z5rWhzc_00.mp4,ACCIDENT-real,t-bone,accident,1,weak_clip_event_window,26.625,14.985915,399,1080,720,test,Alabama,Alabama::signalized_intersection,9,99,accident_time=2.625;type=t-bone
bow1eKeR6oY_00__accident,/autodl-fs/data/traffic_accident_rnd/ACCIDENT_dataset/real_videos/bow1eKeR6oY_00.mp4,ACCIDENT-real,single,accident,1,weak_clip_event_window,30.0,14.966667,449,1080,720,train,Alabama,Alabama::highway,11,101,accident_time=2.75;type=single
7CO_LqgfiFg_00__accident,/autodl-fs/data/traffic_accident_rnd/ACCIDENT_dataset/real_videos/7CO_LqgfiFg_00.mp4,ACCIDENT-real,sideswipe,accident,1,weak_clip_event_window,30.0,14.966667,449,1080,720,train,Alabama,Alabama::highway,7,97,accident_time=2.5;type=sideswipe
6T58bsyZz40_00__accident,/autodl-fs/data/traffic_accident_rnd/ACCIDENT_dataset/real_videos/6T58bsyZz40_00.mp4,ACCIDENT-real,rear-end,accident,1,weak_clip_event_window,29.958333,15.020862,450,1056,720,test,Alabama,Alabama::highway,148,238,accident_time=11.875;type=rear-end
6T58bsyZz40_00__pre_event_non_accident,/autodl-fs/data/traffic_accident_rnd/ACCIDENT_dataset/real_videos/6T58bsyZz40_00.mp4,ACCIDENT-real,rear-end,non_accident,0,weak_clip_pre_event,29.958333,15.020862,450,1056,720,test,Alabama,Alabama::highway,0,133,derived_pre_accident_until=8.875;weak_negative=true
bn7c9LxpeuA_00__accident,/autodl-fs/data/traffic_accident_rnd/ACCIDENT_dataset/real_videos/bn7c9LxpeuA_00.mp4,ACCIDENT-real,rear-end,accident,1,weak_clip_event_window,25.166667,15.019868,378,1080,720,train,Alabama,Alabama::highway,17,107,accident_time=3.125;type=rear-end
zISHd2Jt7Qs_00__accident,/autodl-fs/data/traffic_accident_rnd/ACCIDENT_dataset/real_videos/zISHd2Jt7Qs_00.mp4,ACCIDENT-real,rear-end,accident,1,weak_clip_event_window,30.033333,15.083241,453,1620,1080,train,Alabama,Alabama::highway,64,154,accident_time=6.233;type=rear-end
zISHd2Jt7Qs_00__pre_event_non_accident,/autodl-fs/data/traffic_accident_rnd/ACCIDENT_dataset/real_videos/zISHd2Jt7Qs_00.mp4,ACCIDENT-real,rear-end,non_accident,0,weak_clip_pre_event,30.033333,15.083241,453,1620,1080,train,Alabama,Alabama::highway,0,49,derived_pre_accident_until=3.233;weak_negative=true
0isplBZQftg_00__accident,/autodl-fs/data/traffic_accident_rnd/ACCIDENT_dataset/real_videos/0isplBZQftg_00.mp4,ACCIDENT-real,rear-end,accident,1,weak_clip_event_window,30.033333,15.016648,451,1584,1080,test,Alabama,Alabama::signalized_intersection,87,177,accident_time=7.8;type=rear-end
0isplBZQftg_00__pre_event_non_accident,/autodl-fs/data/traffic_accident_rnd/ACCIDENT_dataset/real_videos/0isplBZQftg_00.mp4,ACCIDENT-real,rear-end,non_accident,0,weak_clip_pre_event,30.033333,15.016648,451,1584,1080,test,Alabama,Alabama::signalized_intersection,0,72,derived_pre_accident_until=4.800;weak_negative=true
1lD9kE-VJ7I_00__accident,/autodl-fs/data/traffic_accident_rnd/ACCIDENT_dataset/real_videos/1lD9kE-VJ7I_00.mp4,ACCIDENT-real,t-bone,accident,1,weak_clip_event_window,20.366667,15.02455,306,1584,1080,test,Alabama,Alabama::signalized_intersection,46,136,accident_time=5.067;type=t-bone
1lD9kE-VJ7I_00__pre_event_non_accident,/autodl-fs/data/traffic_accident_rnd/ACCIDENT_dataset/real_videos/1lD9kE-VJ7I_00.mp4,ACCIDENT-real,t-bone,non_accident,0,weak_clip_pre_event,20.366667,15.02455,306,1584,1080,test,Alabama,Alabama::signalized_intersection,0,31,derived_pre_accident_until=2.067;weak_negative=true
afVZZ3v87cc_00__accident,/autodl-fs/data/traffic_accident_rnd/ACCIDENT_dataset/real_videos/afVZZ3v87cc_00.mp4,ACCIDENT-real,rear-end,accident,1,weak_clip_event_window,30.083333,14.958449,450,1080,720,test,Alabama,Alabama::highway,17,107,accident_time=3.167;type=rear-end
fYUPTfVRKEk_00__accident,/autodl-fs/data/traffic_accident_rnd/ACCIDENT_dataset/real_videos/fYUPTfVRKEk_00.mp4,ACCIDENT-real,rear-end,accident,1,weak_clip_event_window,24.375,15.015385,366,1080,720,test,Alabama,Alabama::highway,0,90,accident_time=2.0;type=rear-end
NDkAFTqHLzo_00__accident,/autodl-fs/data/traffic_accident_rnd/ACCIDENT_dataset/real_videos/NDkAFTqHLzo_00.mp4,ACCIDENT-real,rear-end,accident,1,weak_clip_event_window,24.7,14.979757,370,1920,1080,test,Alabama,Alabama::highway,35,125,accident_time=4.367;type=rear-end
NDkAFTqHLzo_00__pre_event_non_accident,/autodl-fs/data/traffic_accident_rnd/ACCIDENT_dataset/real_videos/NDkAFTqHLzo_00.mp4,ACCIDENT-real,rear-end,non_accident,0,weak_clip_pre_event,24.7,14.979757,370,1920,1080,test,Alabama,Alabama::highway,0,20,derived_pre_accident_until=1.367;weak_negative=true
BR4WAtlyQEQ_00__accident,/autodl-fs/data/traffic_accident_rnd/ACCIDENT_dataset/real_videos/BR4WAtlyQEQ_00.mp4,ACCIDENT-real,single,accident,1,weak_clip_event_window,29.833333,13.307263,397,1080,720,train,Alabama,Alabama::highway,52,132,accident_time=5.917;type=single
BR4WAtlyQEQ_00__pre_event_non_accident,/autodl-fs/data/traffic_accident_rnd/ACCIDENT_dataset/real_videos/BR4WAtlyQEQ_00.mp4,ACCIDENT-real,single,non_accident,0,weak_clip_pre_event,29.833333,13.307263,397,1080,720,train,Alabama,Alabama::highway,0,39,derived_pre_accident_until=2.917;weak_negative=true
zXKdiWjxhd8_00__accident,/autodl-fs/data/traffic_accident_rnd/ACCIDENT_dataset/real_videos/zXKdiWjxhd8_00.mp4,ACCIDENT-real,rear-end,accident,1,weak_clip_event_window,30.1,14.950166,450,1920,1080,test,Alabama,Alabama::signalized_intersection,80,170,accident_time=7.333;type=rear-end
zXKdiWjxhd8_00__pre_event_non_accident,/autodl-fs/data/traffic_accident_rnd/ACCIDENT_dataset/real_videos/zXKdiWjxhd8_00.mp4,ACCIDENT-real,rear-end,non_accident,0,weak_clip_pre_event,30.1,14.950166,450,1920,1080,test,Alabama,Alabama::signalized_intersection,0,65,derived_pre_accident_until=4.333;weak_negative=true
JHq6SVNhY0Y_00__accident,/autodl-fs/data/traffic_accident_rnd/ACCIDENT_dataset/real_videos/JHq6SVNhY0Y_00.mp4,ACCIDENT-real,rear-end,accident,1,weak_clip_event_window,30.033333,29.700333,892,1280,720,test,Alabama,Alabama::signalized_intersection,49,227,accident_time=3.633;type=rear-end
03HtRCJa8Yk_00__accident,/autodl-fs/data/traffic_accident_rnd/ACCIDENT_dataset/real_videos/03HtRCJa8Yk_00.mp4,ACCIDENT-real,t-bone,accident,1,weak_clip_event_window,30.125,14.937759,450,1056,720,test,Alabama,Alabama::signalized_intersection,68,158,accident_time=6.583;type=t-bone
03HtRCJa8Yk_00__pre_event_non_accident,/autodl-fs/data/traffic_accident_rnd/ACCIDENT_dataset/real_videos/03HtRCJa8Yk_00.mp4,ACCIDENT-real,t-bone,non_accident,0,weak_clip_pre_event,30.125,14.937759,450,1056,720,test,Alabama,Alabama::signalized_intersection,0,54,derived_pre_accident_until=3.583;weak_negative=true
6EW9PrDqKA8_00__accident,/autodl-fs/data/traffic_accident_rnd/ACCIDENT_dataset/real_videos/6EW9PrDqKA8_00.mp4,ACCIDENT-real,rear-end,accident,1,weak_clip_event_window,27.2,28.602941,778,1280,720,test,Alabama,Alabama::city_street,73,244,accident_time=4.533;type=rear-end
6EW9PrDqKA8_00__pre_event_non_accident,/autodl-fs/data/traffic_accident_rnd/ACCIDENT_dataset/real_videos/6EW9PrDqKA8_00.mp4,ACCIDENT-real,rear-end,non_accident,0,weak_clip_pre_event,27.2,28.602941,778,1280,720,test,Alabama,Alabama::city_street,0,44,derived_pre_accident_until=1.533;weak_negative=true
-NgnSm_oEB4_00__accident,/autodl-fs/data/traffic_accident_rnd/ACCIDENT_dataset/real_videos/-NgnSm_oEB4_00.mp4,ACCIDENT-real,rear-end,accident,1,weak_clip_event_window,30.0,14.433333,433,1080,720,test,Alabama,Alabama::tunnel,20,107,accident_time=3.375;type=rear-end
wQ_pGHoj2SI_00__accident,/autodl-fs/data/traffic_accident_rnd/ACCIDENT_dataset/real_videos/wQ_pGHoj2SI_00.mp4,ACCIDENT-real,rear-end,accident,1,weak_clip_event_window,30.033333,15.016648,451,1620,1080,train,Alabama,Alabama::highway,47,137,accident_time=5.133;type=rear-end
wQ_pGHoj2SI_00__pre_event_non_accident,/autodl-fs/data/traffic_accident_rnd/ACCIDENT_dataset/real_videos/wQ_pGHoj2SI_00.mp4,ACCIDENT-real,rear-end,non_accident,0,weak_clip_pre_event,30.033333,15.016648,451,1620,1080,train,Alabama,Alabama::highway,0,32,derived_pre_accident_until=2.133;weak_negative=true
dZ-F8lZ16-A_00__accident,/autodl-fs/data/traffic_accident_rnd/ACCIDENT_dataset/real_videos/dZ-F8lZ16-A_00.mp4,ACCIDENT-real,rear-end,accident,1,weak_clip_event_window,7.366667,29.728507,219,1280,720,test,Alabama,Alabama::highway,16,194,accident_time=2.533;type=rear-end
Chf8yRqccCM_00__accident,/autodl-fs/data/traffic_accident_rnd/ACCIDENT_dataset/real_videos/Chf8yRqccCM_00.mp4,ACCIDENT-real,rear-end,accident,1,weak_clip_event_window,11.041667,14.943396,165,1280,720,test,Alabama,Alabama::city_street,34,124,accident_time=4.25;type=rear-end
Chf8yRqccCM_00__pre_event_non_accident,/autodl-fs/data/traffic_accident_rnd/ACCIDENT_dataset/real_videos/Chf8yRqccCM_00.mp4,ACCIDENT-real,rear-end,non_accident,0,weak_clip_pre_event,11.041667,14.943396,165,1280,720,test,Alabama,Alabama::city_street,0,19,derived_pre_accident_until=1.250;weak_negative=true
P4oEdSFJvfU_00__accident,/autodl-fs/data/traffic_accident_rnd/ACCIDENT_dataset/real_videos/P4oEdSFJvfU_00.mp4,ACCIDENT-real,rear-end,accident,1,weak_clip_event_window,24.375,15.015385,366,1080,720,train,Alabama,Alabama::highway,0,67,accident_time=0.45899999999999963;type=rear-end
yQz3PyPvr5Y_00__accident,/autodl-fs/data/traffic_accident_rnd/ACCIDENT_dataset/real_videos/yQz3PyPvr5Y_00.mp4,ACCIDENT-real,t-bone,accident,1,weak_clip_event_window,30.0,13.233333,397,1056,720,test,Alabama,Alabama::signalized_intersection,52,131,accident_time=5.917;type=t-bone
yQz3PyPvr5Y_00__pre_event_non_accident,/autodl-fs/data/traffic_accident_rnd/ACCIDENT_dataset/real_videos/yQz3PyPvr5Y_00.mp4,ACCIDENT-real,t-bone,non_accident,0,weak_clip_pre_event,30.0,13.233333,397,1056,720,test,Alabama,Alabama::signalized_intersection,0,39,derived_pre_accident_until=2.917;weak_negative=true
FhFwhsyOjUU_00__accident,/autodl-fs/data/traffic_accident_rnd/ACCIDENT_dataset/real_videos/FhFwhsyOjUU_00.mp4,ACCIDENT-real,single,accident,1,weak_clip_event_window,27.266667,30.0,818,1280,720,test,Alabama,Alabama::highway,87,267,accident_time=4.9;type=single
FhFwhsyOjUU_00__pre_event_non_accident,/autodl-fs/data/traffic_accident_rnd/ACCIDENT_dataset/real_videos/FhFwhsyOjUU_00.mp4,ACCIDENT-real,single,non_accident,0,weak_clip_pre_event,27.266667,30.0,818,1280,720,test,Alabama,Alabama::highway,0,57,derived_pre_accident_until=1.900;weak_negative=true
GaAVUUYx9q8_00__accident,/autodl-fs/data/traffic_accident_rnd/ACCIDENT_dataset/real_videos/GaAVUUYx9q8_00.mp4,ACCIDENT-real,single,accident,1,weak_clip_event_window,30.1,14.950166,450,1920,1080,test,Alabama,Alabama::highway,53,143,accident_time=5.533;type=single
GaAVUUYx9q8_00__pre_event_non_accident,/autodl-fs/data/traffic_accident_rnd/ACCIDENT_dataset/real_videos/GaAVUUYx9q8_00.mp4,ACCIDENT-real,single,non_accident,0,weak_clip_pre_event,30.1,14.950166,450,1920,1080,test,Alabama,Alabama::highway,0,38,derived_pre_accident_until=2.533;weak_negative=true
-jZ5Rlhzzi4_00__accident,/autodl-fs/data/traffic_accident_rnd/ACCIDENT_dataset/real_videos/-jZ5Rlhzzi4_00.mp4,ACCIDENT-real,single,accident,1,weak_clip_event_window,30.083333,14.925208,449,1080,720,train,Alabama,Alabama::highway,23,113,accident_time=3.583;type=single
LP_C34tyPl4_00__accident,/autodl-fs/data/traffic_accident_rnd/ACCIDENT_dataset/real_videos/LP_C34tyPl4_00.mp4,ACCIDENT-real,rear-end,accident,1,weak_clip_event_window,30.041667,15.012483,451,1280,720,test,Alabama,Alabama::grade_separated_intersection,76,166,accident_time=7.042;type=rear-end
LP_C34tyPl4_00__pre_event_non_accident,/autodl-fs/data/traffic_accident_rnd/ACCIDENT_dataset/real_videos/LP_C34tyPl4_00.mp4,ACCIDENT-real,rear-end,non_accident,0,weak_clip_pre_event,30.041667,15.012483,451,1280,720,test,Alabama,Alabama::grade_separated_intersection,0,61,derived_pre_accident_until=4.042;weak_negative=true
tFS_Hk-qEiQ_00__accident,/autodl-fs/data/traffic_accident_rnd/ACCIDENT_dataset/real_videos/tFS_Hk-qEiQ_00.mp4,ACCIDENT-real,t-bone,accident,1,weak_clip_event_window,5.25,14.857143,78,1080,720,train,Alabama,Alabama::highway,11,78,accident_time=2.75;type=t-bone
mzHmLvV9QlM_00__accident,/autodl-fs/data/traffic_accident_rnd/ACCIDENT_dataset/real_videos/mzHmLvV9QlM_00.mp4,ACCIDENT-real,single,accident,1,weak_clip_event_window,9.166667,14.945455,137,1620,1080,test,Alabama,Alabama::highway,49,137,accident_time=5.2669999999999995;type=single
mzHmLvV9QlM_00__pre_event_non_accident,/autodl-fs/data/traffic_accident_rnd/ACCIDENT_dataset/real_videos/mzHmLvV9QlM_00.mp4,ACCIDENT-real,single,non_accident,0,weak_clip_pre_event,9.166667,14.945455,137,1620,1080,test,Alabama,Alabama::highway,0,34,derived_pre_accident_until=2.267;weak_negative=true
c4exlXawFaM_00__accident,/autodl-fs/data/traffic_accident_rnd/ACCIDENT_dataset/real_videos/c4exlXawFaM_00.mp4,ACCIDENT-real,sideswipe,accident,1,weak_clip_event_window,30.041667,10.951456,329,960,720,train,Alabama,Alabama::highway,26,92,accident_time=4.417;type=sideswipe
c4exlXawFaM_00__pre_event_non_accident,/autodl-fs/data/traffic_accident_rnd/ACCIDENT_dataset/real_videos/c4exlXawFaM_00.mp4,ACCIDENT-real,sideswipe,non_accident,0,weak_clip_pre_event,30.041667,10.951456,329,960,720,train,Alabama,Alabama::highway,0,16,derived_pre_accident_until=1.417;weak_negative=true
-yLuZ5wxAsc_00__accident,/autodl-fs/data/traffic_accident_rnd/ACCIDENT_dataset/real_videos/-yLuZ5wxAsc_00.mp4,ACCIDENT-real,t-bone,accident,1,weak_clip_event_window,30.0,26.166667,785,1280,720,train,Alabama,Alabama::highway,101,258,accident_time=5.833;type=t-bone
-yLuZ5wxAsc_00__pre_event_non_accident,/autodl-fs/data/traffic_accident_rnd/ACCIDENT_dataset/real_videos/-yLuZ5wxAsc_00.mp4,ACCIDENT-real,t-bone,non_accident,0,weak_clip_pre_event,30.0,26.166667,785,1280,720,train,Alabama,Alabama::highway,0,74,derived_pre_accident_until=2.833;weak_negative=true
uKieP03gwxQ_00__accident,/autodl-fs/data/traffic_accident_rnd/ACCIDENT_dataset/real_videos/uKieP03gwxQ_00.mp4,ACCIDENT-real,rear-end,accident,1,weak_clip_event_window,26.033333,14.942382,389,1920,1080,test,Alabama,Alabama::highway,164,254,accident_time=13.0;type=rear-end
uKieP03gwxQ_00__pre_event_non_accident,/autodl-fs/data/traffic_accident_rnd/ACCIDENT_dataset/real_videos/uKieP03gwxQ_00.mp4,ACCIDENT-real,rear-end,non_accident,0,weak_clip_pre_event,26.033333,14.942382,389,1920,1080,test,Alabama,Alabama::highway,0,149,derived_pre_accident_until=10.000;weak_negative=true
Q72Ly8rGtnc_00__accident,/autodl-fs/data/traffic_accident_rnd/ACCIDENT_dataset/real_videos/Q72Ly8rGtnc_00.mp4,ACCIDENT-real,sideswipe,accident,1,weak_clip_event_window,30.041667,14.979196,450,1080,720,test,Alabama,Alabama::grade_separated_intersection,22,112,accident_time=3.5;type=sideswipe
Img4DcUjRmo_00__accident,/autodl-fs/data/traffic_accident_rnd/ACCIDENT_dataset/real_videos/Img4DcUjRmo_00.mp4,ACCIDENT-real,rear-end,accident,1,weak_clip_event_window,30.0,15.0,450,1080,720,train,Alabama,Alabama::highway,57,147,accident_time=5.792;type=rear-end
Img4DcUjRmo_00__pre_event_non_accident,/autodl-fs/data/traffic_accident_rnd/ACCIDENT_dataset/real_videos/Img4DcUjRmo_00.mp4,ACCIDENT-real,rear-end,non_accident,0,weak_clip_pre_event,30.0,15.0,450,1080,720,train,Alabama,Alabama::highway,0,42,derived_pre_accident_until=2.792;weak_negative=true
LMw1OJe37fM_00__accident,/autodl-fs/data/traffic_accident_rnd/ACCIDENT_dataset/real_videos/LMw1OJe37fM_00.mp4,ACCIDENT-real,t-bone,accident,1,weak_clip_event_window,30.041667,14.479889,435,1056,720,test,Alabama,Alabama::signalized_intersection,41,128,accident_time=4.833;type=t-bone
LMw1OJe37fM_00__pre_event_non_accident,/autodl-fs/data/traffic_accident_rnd/ACCIDENT_dataset/real_videos/LMw1OJe37fM_00.mp4,ACCIDENT-real,t-bone,non_accident,0,weak_clip_pre_event,30.041667,14.479889,435,1056,720,test,Alabama,Alabama::signalized_intersection,0,27,derived_pre_accident_until=1.833;weak_negative=true
jgAGNNIG13E_00__accident,/autodl-fs/data/traffic_accident_rnd/ACCIDENT_dataset/real_videos/jgAGNNIG13E_00.mp4,ACCIDENT-real,single,accident,1,weak_clip_event_window,30.0,14.966667,449,1280,720,train,Alabama,Alabama::grade_separated_intersection,80,170,accident_time=7.375;type=single
jgAGNNIG13E_00__pre_event_non_accident,/autodl-fs/data/traffic_accident_rnd/ACCIDENT_dataset/real_videos/jgAGNNIG13E_00.mp4,ACCIDENT-real,single,non_accident,0,weak_clip_pre_event,30.0,14.966667,449,1280,720,train,Alabama,Alabama::grade_separated_intersection,0,65,derived_pre_accident_until=4.375;weak_negative=true
Fb1XWmXZTZw_00__accident,/autodl-fs/data/traffic_accident_rnd/ACCIDENT_dataset/real_videos/Fb1XWmXZTZw_00.mp4,ACCIDENT-real,single,accident,1,weak_clip_event_window,26.625,14.985915,399,1280,720,train,Alabama,Alabama::highway,91,181,accident_time=8.083;type=single
Fb1XWmXZTZw_00__pre_event_non_accident,/autodl-fs/data/traffic_accident_rnd/ACCIDENT_dataset/real_videos/Fb1XWmXZTZw_00.mp4,ACCIDENT-real,single,non_accident,0,weak_clip_pre_event,26.625,14.985915,399,1280,720,train,Alabama,Alabama::highway,0,76,derived_pre_accident_until=5.083;weak_negative=true
mllfWsyVZ1s_00__accident,/autodl-fs/data/traffic_accident_rnd/ACCIDENT_dataset/real_videos/mllfWsyVZ1s_00.mp4,ACCIDENT-real,single,accident,1,weak_clip_event_window,30.0,13.033333,391,1280,720,train,Alabama,Alabama::highway,42,120,accident_time=5.208;type=single
mllfWsyVZ1s_00__pre_event_non_accident,/autodl-fs/data/traffic_accident_rnd/ACCIDENT_dataset/real_videos/mllfWsyVZ1s_00.mp4,ACCIDENT-real,single,non_accident,0,weak_clip_pre_event,30.0,13.033333,391,1280,720,train,Alabama,Alabama::highway,0,29,derived_pre_accident_until=2.208;weak_negative=true
clXKxQWjB4c_00__accident,/autodl-fs/data/traffic_accident_rnd/ACCIDENT_dataset/real_videos/clXKxQWjB4c_00.mp4,ACCIDENT-real,t-bone,accident,1,weak_clip_event_window,26.041667,15.0144,391,1280,720,test,Alabama,Alabama::highway,8,98,accident_time=2.542;type=t-bone
ozOAT76M0PM_00__accident,/autodl-fs/data/traffic_accident_rnd/ACCIDENT_dataset/real_videos/ozOAT76M0PM_00.mp4,ACCIDENT-real,t-bone,accident,1,weak_clip_event_window,30.0,15.066667,452,1920,1080,test,Alabama,Alabama::signalized_intersection,21,111,accident_time=3.4;type=t-bone
jc-fa_AjIXw_00__accident,/autodl-fs/data/traffic_accident_rnd/ACCIDENT_dataset/real_videos/jc-fa_AjIXw_00.mp4,ACCIDENT-real,t-bone,accident,1,weak_clip_event_window,30.0,30.0,900,1280,720,test,Alabama,Alabama::signalized_intersection,401,581,accident_time=15.367;type=t-bone
jc-fa_AjIXw_00__pre_event_non_accident,/autodl-fs/data/traffic_accident_rnd/ACCIDENT_dataset/real_videos/jc-fa_AjIXw_00.mp4,ACCIDENT-real,t-bone,non_accident,0,weak_clip_pre_event,30.0,30.0,900,1280,720,test,Alabama,Alabama::signalized_intersection,0,371,derived_pre_accident_until=12.367;weak_negative=true
YmMM4JeUJJ0_00__accident,/autodl-fs/data/traffic_accident_rnd/ACCIDENT_dataset/real_videos/YmMM4JeUJJ0_00.mp4,ACCIDENT-real,t-bone,accident,1,weak_clip_event_window,24.083333,8.262976,199,1056,720,test,Alabama,Alabama::signalized_intersection,0,46,accident_time=1.625;type=t-bone
JNsoId5gPK8_00__accident,/autodl-fs/data/traffic_accident_rnd/ACCIDENT_dataset/real_videos/JNsoId5gPK8_00.mp4,ACCIDENT-real,single,accident,1,weak_clip_event_window,27.566667,14.981862,413,1620,1080,train,Alabama,Alabama::highway,0,90,accident_time=2.0330000000000004;type=single
a8-i2E4jrpk_00__accident,/autodl-fs/data/traffic_accident_rnd/ACCIDENT_dataset/real_videos/a8-i2E4jrpk_00.mp4,ACCIDENT-real,single,accident,1,weak_clip_event_window,7.5,14.8,111,1620,1080,test,Alabama,Alabama::grade_separated_intersection,14,103,accident_time=3.0;type=single
a8-i2E4jrpk_01__accident,/autodl-fs/data/traffic_accident_rnd/ACCIDENT_dataset/real_videos/a8-i2E4jrpk_01.mp4,ACCIDENT-real,single,accident,1,weak_clip_event_window,19.933333,15.0,299,1620,1080,test,Alabama,Alabama::grade_separated_intersection,8,98,accident_time=2.5329999999999995;type=single
GIm11SfAp8c_00__accident,/autodl-fs/data/traffic_accident_rnd/ACCIDENT_dataset/real_videos/GIm11SfAp8c_00.mp4,ACCIDENT-real,single,accident,1,weak_clip_event_window,30.0,14.833333,445,1080,720,train,Alabama,Alabama::tunnel,107,196,accident_time=9.25;type=single
GIm11SfAp8c_00__pre_event_non_accident,/autodl-fs/data/traffic_accident_rnd/ACCIDENT_dataset/real_videos/GIm11SfAp8c_00.mp4,ACCIDENT-real,single,non_accident,0,weak_clip_pre_event,30.0,14.833333,445,1080,720,train,Alabama,Alabama::tunnel,0,93,derived_pre_accident_until=6.250;weak_negative=true
CVSBJThqVgA_00__accident,/autodl-fs/data/traffic_accident_rnd/ACCIDENT_dataset/real_videos/CVSBJThqVgA_00.mp4,ACCIDENT-real,single,accident,1,weak_clip_event_window,25.7,14.941634,384,1920,1080,train,Alabama,Alabama::grade_separated_intersection,93,183,accident_time=8.2;type=single
CVSBJThqVgA_00__pre_event_non_accident,/autodl-fs/data/traffic_accident_rnd/ACCIDENT_dataset/real_videos/CVSBJThqVgA_00.mp4,ACCIDENT-real,single,non_accident,0,weak_clip_pre_event,25.7,14.941634,384,1920,1080,train,Alabama,Alabama::grade_separated_intersection,0,78,derived_pre_accident_until=5.200;weak_negative=true
CBPD-SF1p90_00__accident,/autodl-fs/data/traffic_accident_rnd/ACCIDENT_dataset/real_videos/CBPD-SF1p90_00.mp4,ACCIDENT-real,single,accident,1,weak_clip_event_window,15.4,29.74026,458,1280,720,test,Alabama,Alabama::grade_separated_intersection,19,197,accident_time=2.633;type=single
vMqldj7d7e0_00__accident,/autodl-fs/data/traffic_accident_rnd/ACCIDENT_dataset/real_videos/vMqldj7d7e0_00.mp4,ACCIDENT-real,rear-end,accident,1,weak_clip_event_window,30.0,29.966667,899,1280,720,test,Alabama,Alabama::highway,604,784,accident_time=22.167;type=rear-end
vMqldj7d7e0_00__pre_event_non_accident,/autodl-fs/data/traffic_accident_rnd/ACCIDENT_dataset/real_videos/vMqldj7d7e0_00.mp4,ACCIDENT-real,rear-end,non_accident,0,weak_clip_pre_event,30.0,29.966667,899,1280,720,test,Alabama,Alabama::highway,0,574,derived_pre_accident_until=19.167;weak_negative=true
pQ84BiOk854_00__accident,/autodl-fs/data/traffic_accident_rnd/ACCIDENT_dataset/real_videos/pQ84BiOk854_00.mp4,ACCIDENT-real,t-bone,accident,1,weak_clip_event_window,25.566667,15.019557,384,1280,720,test,Alabama,Alabama::signalized_intersection,0,62,accident_time=0.13400000000000034;type=t-bone
NaRgSBNtbFY_00__accident,/autodl-fs/data/traffic_accident_rnd/ACCIDENT_dataset/real_videos/NaRgSBNtbFY_00.mp4,ACCIDENT-real,t-bone,accident,1,weak_clip_event_window,30.066667,29.933481,900,1920,1080,test,Alabama,Alabama::signalized_intersection,88,268,accident_time=4.933;type=t-bone
NaRgSBNtbFY_00__pre_event_non_accident,/autodl-fs/data/traffic_accident_rnd/ACCIDENT_dataset/real_videos/NaRgSBNtbFY_00.mp4,ACCIDENT-real,t-bone,non_accident,0,weak_clip_pre_event,30.066667,29.933481,900,1920,1080,test,Alabama,Alabama::signalized_intersection,0,58,derived_pre_accident_until=1.933;weak_negative=true
2xFyklpa54I_00__accident,/autodl-fs/data/traffic_accident_rnd/ACCIDENT_dataset/real_videos/2xFyklpa54I_00.mp4,ACCIDENT-real,t-bone,accident,1,weak_clip_event_window,30.066667,14.966741,450,1620,1080,test,Alabama,Alabama::signalized_intersection,62,152,accident_time=6.167;type=t-bone
2xFyklpa54I_00__pre_event_non_accident,/autodl-fs/data/traffic_accident_rnd/ACCIDENT_dataset/real_videos/2xFyklpa54I_00.mp4,ACCIDENT-real,t-bone,non_accident,0,weak_clip_pre_event,30.066667,14.966741,450,1620,1080,test,Alabama,Alabama::signalized_intersection,0,47,derived_pre_accident_until=3.167;weak_negative=true
PyYCjM8tvSY_00__accident,/autodl-fs/data/traffic_accident_rnd/ACCIDENT_dataset/real_videos/PyYCjM8tvSY_00.mp4,ACCIDENT-real,t-bone,accident,1,weak_clip_event_window,30.041667,14.979196,450,1080,720,test,Alabama,Alabama::signalized_intersection,21,111,accident_time=3.417;type=t-bone
nHmyMVHNPDs_00__accident,/autodl-fs/data/traffic_accident_rnd/ACCIDENT_dataset/real_videos/nHmyMVHNPDs_00.mp4,ACCIDENT-real,t-bone,accident,1,weak_clip_event_window,26.433333,14.602774,386,1920,1080,test,Alabama,Alabama::signalized_intersection,0,80,accident_time=1.533;type=t-bone
diYHDL2G4KA_00__accident,/autodl-fs/data/traffic_accident_rnd/ACCIDENT_dataset/real_videos/diYHDL2G4KA_00.mp4,ACCIDENT-real,t-bone,accident,1,weak_clip_event_window,26.9,14.572491,392,1584,1080,test,Alabama,Alabama::signalized_intersection,46,133,accident_time=5.167;type=t-bone
diYHDL2G4KA_00__pre_event_non_accident,/autodl-fs/data/traffic_accident_rnd/ACCIDENT_dataset/real_videos/diYHDL2G4KA_00.mp4,ACCIDENT-real,t-bone,non_accident,0,weak_clip_pre_event,26.9,14.572491,392,1584,1080,test,Alabama,Alabama::signalized_intersection,0,32,derived_pre_accident_until=2.167;weak_negative=true
HZXYwgLy0RE_00__accident,/autodl-fs/data/traffic_accident_rnd/ACCIDENT_dataset/real_videos/HZXYwgLy0RE_00.mp4,ACCIDENT-real,t-bone,accident,1,weak_clip_event_window,30.033333,14.983352,450,1620,1080,test,Alabama,Alabama::signalized_intersection,31,121,accident_time=4.1;type=t-bone
HZXYwgLy0RE_00__pre_event_non_accident,/autodl-fs/data/traffic_accident_rnd/ACCIDENT_dataset/real_videos/HZXYwgLy0RE_00.mp4,ACCIDENT-real,t-bone,non_accident,0,weak_clip_pre_event,30.033333,14.983352,450,1620,1080,test,Alabama,Alabama::signalized_intersection,0,16,derived_pre_accident_until=1.100;weak_negative=true
YYgdkr0Qiw0_00__accident,/autodl-fs/data/traffic_accident_rnd/ACCIDENT_dataset/real_videos/YYgdkr0Qiw0_00.mp4,ACCIDENT-real,t-bone,accident,1,weak_clip_event_window,30.0,30.0,900,1280,720,test,Alabama,Alabama::signalized_intersection,183,363,accident_time=8.1;type=t-bone
YYgdkr0Qiw0_00__pre_event_non_accident,/autodl-fs/data/traffic_accident_rnd/ACCIDENT_dataset/real_videos/YYgdkr0Qiw0_00.mp4,ACCIDENT-real,t-bone,non_accident,0,weak_clip_pre_event,30.0,30.0,900,1280,720,test,Alabama,Alabama::signalized_intersection,0,153,derived_pre_accident_until=5.100;weak_negative=true
mDHuTgnSxMs_00__accident,/autodl-fs/data/traffic_accident_rnd/ACCIDENT_dataset/real_videos/mDHuTgnSxMs_00.mp4,ACCIDENT-real,t-bone,accident,1,weak_clip_event_window,30.033333,15.016648,451,1920,1080,test,Alabama,Alabama::signalized_intersection,31,121,accident_time=4.067;type=t-bone
mDHuTgnSxMs_00__pre_event_non_accident,/autodl-fs/data/traffic_accident_rnd/ACCIDENT_dataset/real_videos/mDHuTgnSxMs_00.mp4,ACCIDENT-real,t-bone,non_accident,0,weak_clip_pre_event,30.033333,15.016648,451,1920,1080,test,Alabama,Alabama::signalized_intersection,0,16,derived_pre_accident_until=1.067;weak_negative=true
aUvorQJ7jRU_00__accident,/autodl-fs/data/traffic_accident_rnd/ACCIDENT_dataset/real_videos/aUvorQJ7jRU_00.mp4,ACCIDENT-real,single,accident,1,weak_clip_event_window,15.866667,14.936975,237,1920,1080,test,Alabama,Alabama::highway,89,179,accident_time=7.967;type=single
aUvorQJ7jRU_00__pre_event_non_accident,/autodl-fs/data/traffic_accident_rnd/ACCIDENT_dataset/real_videos/aUvorQJ7jRU_00.mp4,ACCIDENT-real,single,non_accident,0,weak_clip_pre_event,15.866667,14.936975,237,1920,1080,test,Alabama,Alabama::highway,0,74,derived_pre_accident_until=4.967;weak_negative=true
M6WWLqx3z88_00__accident,/autodl-fs/data/traffic_accident_rnd/ACCIDENT_dataset/real_videos/M6WWLqx3z88_00.mp4,ACCIDENT-real,sideswipe,accident,1,weak_clip_event_window,30.066667,14.966741,450,1620,1080,test,Alabama,Alabama::signalized_intersection,0,90,accident_time=2.033;type=sideswipe
HROdEY9OZk4_00__accident,/autodl-fs/data/traffic_accident_rnd/ACCIDENT_dataset/real_videos/HROdEY9OZk4_00.mp4,ACCIDENT-real,t-bone,accident,1,weak_clip_event_window,30.0,15.0,450,1620,1080,test,Alabama,Alabama::signalized_intersection,13,103,accident_time=2.867;type=t-bone
PgdU-LSKlZU_00__accident,/autodl-fs/data/traffic_accident_rnd/ACCIDENT_dataset/real_videos/PgdU-LSKlZU_00.mp4,ACCIDENT-real,t-bone,accident,1,weak_clip_event_window,30.166667,10.01105,302,1620,1080,test,Alabama,Alabama::signalized_intersection,32,92,accident_time=5.167;type=t-bone
PgdU-LSKlZU_00__pre_event_non_accident,/autodl-fs/data/traffic_accident_rnd/ACCIDENT_dataset/real_videos/PgdU-LSKlZU_00.mp4,ACCIDENT-real,t-bone,non_accident,0,weak_clip_pre_event,30.166667,10.01105,302,1620,1080,test,Alabama,Alabama::signalized_intersection,0,22,derived_pre_accident_until=2.167;weak_negative=true
jFpORnj_-cI_00__accident,/autodl-fs/data/traffic_accident_rnd/ACCIDENT_dataset/real_videos/jFpORnj_-cI_00.mp4,ACCIDENT-real,t-bone,accident,1,weak_clip_event_window,26.384017,5.116734,135,854,384,test,Alabama,Alabama::signalized_intersection,0,29,accident_time=1.83;type=t-bone
Aj5AlGboqeI_00__accident,/autodl-fs/data/traffic_accident_rnd/ACCIDENT_dataset/real_videos/Aj5AlGboqeI_00.mp4,ACCIDENT-real,single,accident,1,weak_clip_event_window,27.366667,30.0,821,1920,1080,train,Alabama,Alabama::highway,19,199,accident_time=2.633;type=single
GsL5oknV-w0_00__accident,/autodl-fs/data/traffic_accident_rnd/ACCIDENT_dataset/real_videos/GsL5oknV-w0_00.mp4,ACCIDENT-real,t-bone,accident,1,weak_clip_event_window,30.041667,10.352288,311,1056,720,test,Alabama,Alabama::signalized_intersection,28,90,accident_time=4.75;type=t-bone
GsL5oknV-w0_00__pre_event_non_accident,/autodl-fs/data/traffic_accident_rnd/ACCIDENT_dataset/real_videos/GsL5oknV-w0_00.mp4,ACCIDENT-real,t-bone,non_accident,0,weak_clip_pre_event,30.041667,10.352288,311,1056,720,test,Alabama,Alabama::signalized_intersection,0,18,derived_pre_accident_until=1.750;weak_negative=true
1BsCOLh_qEs_00__accident,/autodl-fs/data/traffic_accident_rnd/ACCIDENT_dataset/real_videos/1BsCOLh_qEs_00.mp4,ACCIDENT-real,single,accident,1,weak_clip_event_window,4.966667,15.100671,75,1620,1080,train,Alabama,Alabama::grade_separated_intersection,20,75,accident_time=3.333;type=single
jPTJZRBPQgc_00__accident,/autodl-fs/data/traffic_accident_rnd/ACCIDENT_dataset/real_videos/jPTJZRBPQgc_00.mp4,ACCIDENT-real,rear-end,accident,1,weak_clip_event_window,10.1,14.950495,151,1620,1080,test,Alabama,Alabama::signalized_intersection,19,109,accident_time=3.3;type=rear-end
c8wyblfra3o_00__accident,/autodl-fs/data/traffic_accident_rnd/ACCIDENT_dataset/real_videos/c8wyblfra3o_00.mp4,ACCIDENT-real,single,accident,1,weak_clip_event_window,5.566667,15.08982,84,1620,1080,test,Alabama,Alabama::highway,14,84,accident_time=2.9330000000000003;type=single
hT1Hz_gFnBs_00__accident,/autodl-fs/data/traffic_accident_rnd/ACCIDENT_dataset/real_videos/hT1Hz_gFnBs_00.mp4,ACCIDENT-real,t-bone,accident,1,weak_clip_event_window,30.041667,14.979196,450,1056,720,test,Alabama,Alabama::signalized_intersection,43,133,accident_time=4.875;type=t-bone
hT1Hz_gFnBs_00__pre_event_non_accident,/autodl-fs/data/traffic_accident_rnd/ACCIDENT_dataset/real_videos/hT1Hz_gFnBs_00.mp4,ACCIDENT-real,t-bone,non_accident,0,weak_clip_pre_event,30.041667,14.979196,450,1056,720,test,Alabama,Alabama::signalized_intersection,0,28,derived_pre_accident_until=1.875;weak_negative=true
YnYUC6nonG8_00__accident,/autodl-fs/data/traffic_accident_rnd/ACCIDENT_dataset/real_videos/YnYUC6nonG8_00.mp4,ACCIDENT-real,single,accident,1,weak_clip_event_window,30.1,14.850498,447,1440,1080,train,Alabama,Alabama::grade_separated_intersection,6,95,accident_time=2.4;type=single
fJxVsTAIK5Y_00__accident,/autodl-fs/data/traffic_accident_rnd/ACCIDENT_dataset/real_videos/fJxVsTAIK5Y_00.mp4,ACCIDENT-real,single,accident,1,weak_clip_event_window,22.833333,14.10219,322,1280,720,test,Alabama,Alabama::highway,0,79,accident_time=1.6660000000000004;type=single
8UJFstPfuhU_00__accident,/autodl-fs/data/traffic_accident_rnd/ACCIDENT_dataset/real_videos/8UJFstPfuhU_00.mp4,ACCIDENT-real,single,accident,1,weak_clip_event_window,30.033333,30.0,901,1920,1080,train,Alabama,Alabama::highway,48,228,accident_time=3.6;type=single
jiiHFFhdKPc_00__accident,/autodl-fs/data/traffic_accident_rnd/ACCIDENT_dataset/real_videos/jiiHFFhdKPc_00.mp4,ACCIDENT-real,t-bone,accident,1,weak_clip_event_window,30.041667,15.345354,461,1280,720,test,Alabama,Alabama::signalized_intersection,57,149,accident_time=5.708;type=t-bone
jiiHFFhdKPc_00__pre_event_non_accident,/autodl-fs/data/traffic_accident_rnd/ACCIDENT_dataset/real_videos/jiiHFFhdKPc_00.mp4,ACCIDENT-real,t-bone,non_accident,0,weak_clip_pre_event,30.041667,15.345354,461,1280,720,test,Alabama,Alabama::signalized_intersection,0,42,derived_pre_accident_until=2.708;weak_negative=true
JTIfOGQql0A_00__accident,/autodl-fs/data/traffic_accident_rnd/ACCIDENT_dataset/real_videos/JTIfOGQql0A_00.mp4,ACCIDENT-real,head-on,accident,1,weak_clip_event_window,30.0,14.866667,446,720,480,test,Alabama,Alabama::signalized_intersection,93,182,accident_time=8.267;type=head-on
JTIfOGQql0A_00__pre_event_non_accident,/autodl-fs/data/traffic_accident_rnd/ACCIDENT_dataset/real_videos/JTIfOGQql0A_00.mp4,ACCIDENT-real,head-on,non_accident,0,weak_clip_pre_event,30.0,14.866667,446,720,480,test,Alabama,Alabama::signalized_intersection,0,78,derived_pre_accident_until=5.267;weak_negative=true
r4P0kKBitVM_00__accident,/autodl-fs/data/traffic_accident_rnd/ACCIDENT_dataset/real_videos/r4P0kKBitVM_00.mp4,ACCIDENT-real,sideswipe,accident,1,weak_clip_event_window,19.041667,14.967177,285,1280,720,train,Alabama,Alabama::highway,129,219,accident_time=10.625000000000002;type=sideswipe
r4P0kKBitVM_00__pre_event_non_accident,/autodl-fs/data/traffic_accident_rnd/ACCIDENT_dataset/real_videos/r4P0kKBitVM_00.mp4,ACCIDENT-real,sideswipe,non_accident,0,weak_clip_pre_event,19.041667,14.967177,285,1280,720,train,Alabama,Alabama::highway,0,114,derived_pre_accident_until=7.625;weak_negative=true
OMjHjaMBzus_00__accident,/autodl-fs/data/traffic_accident_rnd/ACCIDENT_dataset/real_videos/OMjHjaMBzus_00.mp4,ACCIDENT-real,rear-end,accident,1,weak_clip_event_window,26.958333,15.023184,405,1280,720,test,Alabama,Alabama::signalized_intersection,0,89,accident_time=1.9580000000000002;type=rear-end
otYsKPJqTr0_00__accident,/autodl-fs/data/traffic_accident_rnd/ACCIDENT_dataset/real_videos/otYsKPJqTr0_00.mp4,ACCIDENT-real,t-bone,accident,1,weak_clip_event_window,30.034483,27.135476,815,1280,720,test,Alabama,Alabama::signalized_intersection,59,222,accident_time=4.172;type=t-bone
otYsKPJqTr0_00__pre_event_non_accident,/autodl-fs/data/traffic_accident_rnd/ACCIDENT_dataset/real_videos/otYsKPJqTr0_00.mp4,ACCIDENT-real,t-bone,non_accident,0,weak_clip_pre_event,30.034483,27.135476,815,1280,720,test,Alabama,Alabama::signalized_intersection,0,32,derived_pre_accident_until=1.172;weak_negative=true
zVoe5ZUg3kE_00__accident,/autodl-fs/data/traffic_accident_rnd/ACCIDENT_dataset/real_videos/zVoe5ZUg3kE_00.mp4,ACCIDENT-real,t-bone,accident,1,weak_clip_event_window,29.966667,15.216908,456,1920,1080,test,Alabama,Alabama::signalized_intersection,12,103,accident_time=2.767;type=t-bone
6J-qSLHzj_k_00__accident,/autodl-fs/data/traffic_accident_rnd/ACCIDENT_dataset/real_videos/6J-qSLHzj_k_00.mp4,ACCIDENT-real,t-bone,accident,1,weak_clip_event_window,6.833333,29.707317,203,1280,720,test,Alabama,Alabama::signalized_intersection,91,203,accident_time=5.033;type=t-bone
6J-qSLHzj_k_00__pre_event_non_accident,/autodl-fs/data/traffic_accident_rnd/ACCIDENT_dataset/real_videos/6J-qSLHzj_k_00.mp4,ACCIDENT-real,t-bone,non_accident,0,weak_clip_pre_event,6.833333,29.707317,203,1280,720,test,Alabama,Alabama::signalized_intersection,0,60,derived_pre_accident_until=2.033;weak_negative=true
qNH-EtH6qPo_00__accident,/autodl-fs/data/traffic_accident_rnd/ACCIDENT_dataset/real_videos/qNH-EtH6qPo_00.mp4,ACCIDENT-real,t-bone,accident,1,weak_clip_event_window,30.041667,14.979196,450,1080,720,test,Alabama,Alabama::signalized_intersection,52,142,accident_time=5.5;type=t-bone
qNH-EtH6qPo_00__pre_event_non_accident,/autodl-fs/data/traffic_accident_rnd/ACCIDENT_dataset/real_videos/qNH-EtH6qPo_00.mp4,ACCIDENT-real,t-bone,non_accident,0,weak_clip_pre_event,30.041667,14.979196,450,1080,720,test,Alabama,Alabama::signalized_intersection,0,37,derived_pre_accident_until=2.500;weak_negative=true
sRyjIctHIdA_00__accident,/autodl-fs/data/traffic_accident_rnd/ACCIDENT_dataset/real_videos/sRyjIctHIdA_00.mp4,ACCIDENT-real,t-bone,accident,1,weak_clip_event_window,30.033333,15.016648,451,1920,1080,test,Alabama,Alabama::signalized_intersection,13,103,accident_time=2.867;type=t-bone
VpQn6ugiG1M_00__accident,/autodl-fs/data/traffic_accident_rnd/ACCIDENT_dataset/real_videos/VpQn6ugiG1M_00.mp4,ACCIDENT-real,sideswipe,accident,1,weak_clip_event_window,30.1,14.983389,451,1920,1080,train,Alabama,Alabama::highway,0,88,accident_time=1.9;type=sideswipe
qOTEPSVfGSI_00__accident,/autodl-fs/data/traffic_accident_rnd/ACCIDENT_dataset/real_videos/qOTEPSVfGSI_00.mp4,ACCIDENT-real,t-bone,accident,1,weak_clip_event_window,30.033333,30.0,901,1920,1080,test,Alabama,Alabama::signalized_intersection,316,496,accident_time=12.533;type=t-bone
qOTEPSVfGSI_00__pre_event_non_accident,/autodl-fs/data/traffic_accident_rnd/ACCIDENT_dataset/real_videos/qOTEPSVfGSI_00.mp4,ACCIDENT-real,t-bone,non_accident,0,weak_clip_pre_event,30.033333,30.0,901,1920,1080,test,Alabama,Alabama::signalized_intersection,0,286,derived_pre_accident_until=9.533;weak_negative=true
FnahNGsmeSQ_00__accident,/autodl-fs/data/traffic_accident_rnd/ACCIDENT_dataset/real_videos/FnahNGsmeSQ_00.mp4,ACCIDENT-real,head-on,accident,1,weak_clip_event_window,30.041667,13.447989,404,1056,720,test,Alabama,Alabama::simple_intersection,74,155,accident_time=7.542;type=head-on
FnahNGsmeSQ_00__pre_event_non_accident,/autodl-fs/data/traffic_accident_rnd/ACCIDENT_dataset/real_videos/FnahNGsmeSQ_00.mp4,ACCIDENT-real,head-on,non_accident,0,weak_clip_pre_event,30.041667,13.447989,404,1056,720,test,Alabama,Alabama::simple_intersection,0,61,derived_pre_accident_until=4.542;weak_negative=true
exMp0HFGLFY_00__accident,/autodl-fs/data/traffic_accident_rnd/ACCIDENT_dataset/real_videos/exMp0HFGLFY_00.mp4,ACCIDENT-real,t-bone,accident,1,weak_clip_event_window,30.041667,14.979196,450,1056,720,test,Alabama,Alabama::signalized_intersection,16,106,accident_time=3.042;type=t-bone
6hJ8mYLUfE8_00__accident,/autodl-fs/data/traffic_accident_rnd/ACCIDENT_dataset/real_videos/6hJ8mYLUfE8_00.mp4,ACCIDENT-real,head-on,accident,1,weak_clip_event_window,25.166667,27.258278,686,854,384,test,Alabama,Alabama::signalized_intersection,193,357,accident_time=9.100000000000001;type=head-on
6hJ8mYLUfE8_00__pre_event_non_accident,/autodl-fs/data/traffic_accident_rnd/ACCIDENT_dataset/real_videos/6hJ8mYLUfE8_00.mp4,ACCIDENT-real,head-on,non_accident,0,weak_clip_pre_event,25.166667,27.258278,686,854,384,test,Alabama,Alabama::signalized_intersection,0,166,derived_pre_accident_until=6.100;weak_negative=true
Er-dsvrO1UU_00__accident,/autodl-fs/data/traffic_accident_rnd/ACCIDENT_dataset/real_videos/Er-dsvrO1UU_00.mp4,ACCIDENT-real,t-bone,accident,1,weak_clip_event_window,30.0,25.366667,761,1280,720,test,Alabama,Alabama::signalized_intersection,147,299,accident_time=7.8;type=t-bone
Er-dsvrO1UU_00__pre_event_non_accident,/autodl-fs/data/traffic_accident_rnd/ACCIDENT_dataset/real_videos/Er-dsvrO1UU_00.mp4,ACCIDENT-real,t-bone,non_accident,0,weak_clip_pre_event,30.0,25.366667,761,1280,720,test,Alabama,Alabama::signalized_intersection,0,122,derived_pre_accident_until=4.800;weak_negative=true
OKlebmp3c0M_00__accident,/autodl-fs/data/traffic_accident_rnd/ACCIDENT_dataset/real_videos/OKlebmp3c0M_00.mp4,ACCIDENT-real,t-bone,accident,1,weak_clip_event_window,30.033333,20.011099,601,1920,1080,test,Alabama,Alabama::signalized_intersection,121,241,accident_time=8.067;type=t-bone
OKlebmp3c0M_00__pre_event_non_accident,/autodl-fs/data/traffic_accident_rnd/ACCIDENT_dataset/real_videos/OKlebmp3c0M_00.mp4,ACCIDENT-real,t-bone,non_accident,0,weak_clip_pre_event,30.033333,20.011099,601,1920,1080,test,Alabama,Alabama::signalized_intersection,0,101,derived_pre_accident_until=5.067;weak_negative=true
ZDiU58ZiXTk_00__accident,/autodl-fs/data/traffic_accident_rnd/ACCIDENT_dataset/real_videos/ZDiU58ZiXTk_00.mp4,ACCIDENT-real,head-on,accident,1,weak_clip_event_window,30.166667,13.425414,405,1584,1080,test,Alabama,Alabama::signalized_intersection,71,152,accident_time=7.333;type=head-on
ZDiU58ZiXTk_00__pre_event_non_accident,/autodl-fs/data/traffic_accident_rnd/ACCIDENT_dataset/real_videos/ZDiU58ZiXTk_00.mp4,ACCIDENT-real,head-on,non_accident,0,weak_clip_pre_event,30.166667,13.425414,405,1584,1080,test,Alabama,Alabama::signalized_intersection,0,58,derived_pre_accident_until=4.333;weak_negative=true
0oA6iej2zdk_00__accident,/autodl-fs/data/traffic_accident_rnd/ACCIDENT_dataset/real_videos/0oA6iej2zdk_00.mp4,ACCIDENT-real,t-bone,accident,1,weak_clip_event_window,24.966667,15.06008,376,1584,1080,test,Alabama,Alabama::signalized_intersection,2,92,accident_time=2.0999999999999996;type=t-bone
S5EyvIwUUU0_00__accident,/autodl-fs/data/traffic_accident_rnd/ACCIDENT_dataset/real_videos/S5EyvIwUUU0_00.mp4,ACCIDENT-real,t-bone,accident,1,weak_clip_event_window,30.033333,15.016648,451,1584,1080,test,Alabama,Alabama::signalized_intersection,94,184,accident_time=8.267;type=t-bone
S5EyvIwUUU0_00__pre_event_non_accident,/autodl-fs/data/traffic_accident_rnd/ACCIDENT_dataset/real_videos/S5EyvIwUUU0_00.mp4,ACCIDENT-real,t-bone,non_accident,0,weak_clip_pre_event,30.033333,15.016648,451,1584,1080,test,Alabama,Alabama::signalized_intersection,0,79,derived_pre_accident_until=5.267;weak_negative=true
T0Rkm2Q2e2k_00__accident,/autodl-fs/data/traffic_accident_rnd/ACCIDENT_dataset/real_videos/T0Rkm2Q2e2k_00.mp4,ACCIDENT-real,t-bone,accident,1,weak_clip_event_window,30.033333,28.368479,852,1584,1080,test,Alabama,Alabama::signalized_intersection,63,233,accident_time=4.233;type=t-bone
T0Rkm2Q2e2k_00__pre_event_non_accident,/autodl-fs/data/traffic_accident_rnd/ACCIDENT_dataset/real_videos/T0Rkm2Q2e2k_00.mp4,ACCIDENT-real,t-bone,non_accident,0,weak_clip_pre_event,30.033333,28.368479,852,1584,1080,test,Alabama,Alabama::signalized_intersection,0,35,derived_pre_accident_until=1.233;weak_negative=true
-RrDtLjWsT4_00__accident,/autodl-fs/data/traffic_accident_rnd/ACCIDENT_dataset/real_videos/-RrDtLjWsT4_00.mp4,ACCIDENT-real,t-bone,accident,1,weak_clip_event_window,30.033333,29.733629,893,1584,1080,test,Alabama,Alabama::signalized_intersection,119,297,accident_time=6.0;type=t-bone
-RrDtLjWsT4_00__pre_event_non_accident,/autodl-fs/data/traffic_accident_rnd/ACCIDENT_dataset/real_videos/-RrDtLjWsT4_00.mp4,ACCIDENT-real,t-bone,non_accident,0,weak_clip_pre_event,30.033333,29.733629,893,1584,1080,test,Alabama,Alabama::signalized_intersection,0,89,derived_pre_accident_until=3.000;weak_negative=true
FD2WTKo0V94_00__accident,/autodl-fs/data/traffic_accident_rnd/ACCIDENT_dataset/real_videos/FD2WTKo0V94_00.mp4,ACCIDENT-real,t-bone,accident,1,weak_clip_event_window,30.041667,14.945908,449,1080,720,test,Alabama,Alabama::signalized_intersection,29,119,accident_time=3.917;type=t-bone
CQaoY2QypM8_00__accident,/autodl-fs/data/traffic_accident_rnd/ACCIDENT_dataset/real_videos/CQaoY2QypM8_00.mp4,ACCIDENT-real,head-on,accident,1,weak_clip_event_window,30.0,14.966667,449,1080,720,test,Alabama,Alabama::signalized_intersection,19,109,accident_time=3.25;type=head-on
kgifRjE69lo_00__accident,/autodl-fs/data/traffic_accident_rnd/ACCIDENT_dataset/real_videos/kgifRjE69lo_00.mp4,ACCIDENT-real,t-bone,accident,1,weak_clip_event_window,30.125,11.053942,333,1280,720,test,Alabama,Alabama::signalized_intersection,65,131,accident_time=7.875;type=t-bone
kgifRjE69lo_00__pre_event_non_accident,/autodl-fs/data/traffic_accident_rnd/ACCIDENT_dataset/real_videos/kgifRjE69lo_00.mp4,ACCIDENT-real,t-bone,non_accident,0,weak_clip_pre_event,30.125,11.053942,333,1280,720,test,Alabama,Alabama::signalized_intersection,0,54,derived_pre_accident_until=4.875;weak_negative=true
cPyZuPSQrkI_00__accident,/autodl-fs/data/traffic_accident_rnd/ACCIDENT_dataset/real_videos/cPyZuPSQrkI_00.mp4,ACCIDENT-real,t-bone,accident,1,weak_clip_event_window,30.033333,14.983352,450,1584,1080,test,Alabama,Alabama::signalized_intersection,96,186,accident_time=8.433;type=t-bone
cPyZuPSQrkI_00__pre_event_non_accident,/autodl-fs/data/traffic_accident_rnd/ACCIDENT_dataset/real_videos/cPyZuPSQrkI_00.mp4,ACCIDENT-real,t-bone,non_accident,0,weak_clip_pre_event,30.033333,14.983352,450,1584,1080,test,Alabama,Alabama::signalized_intersection,0,81,derived_pre_accident_until=5.433;weak_negative=true
aRQeSqO9Ri4_00__accident,/autodl-fs/data/traffic_accident_rnd/ACCIDENT_dataset/real_videos/aRQeSqO9Ri4_00.mp4,ACCIDENT-real,t-bone,accident,1,weak_clip_event_window,25.958333,15.024077,390,1280,720,test,Alabama,Alabama::signalized_intersection,87,177,accident_time=7.792;type=t-bone
aRQeSqO9Ri4_00__pre_event_non_accident,/autodl-fs/data/traffic_accident_rnd/ACCIDENT_dataset/real_videos/aRQeSqO9Ri4_00.mp4,ACCIDENT-real,t-bone,non_accident,0,weak_clip_pre_event,25.958333,15.024077,390,1280,720,test,Alabama,Alabama::signalized_intersection,0,72,derived_pre_accident_until=4.792;weak_negative=true
-oreKuCoQnI_00__accident,/autodl-fs/data/traffic_accident_rnd/ACCIDENT_dataset/real_videos/-oreKuCoQnI_00.mp4,ACCIDENT-real,t-bone,accident,1,weak_clip_event_window,30.0,14.966667,449,1280,720,test,Alabama,Alabama::grade_separated_intersection,50,140,accident_time=5.333;type=t-bone
-oreKuCoQnI_00__pre_event_non_accident,/autodl-fs/data/traffic_accident_rnd/ACCIDENT_dataset/real_videos/-oreKuCoQnI_00.mp4,ACCIDENT-real,t-bone,non_accident,0,weak_clip_pre_event,30.0,14.966667,449,1280,720,test,Alabama,Alabama::grade_separated_intersection,0,35,derived_pre_accident_until=2.333;weak_negative=true
JGeH83hHjpE_00__accident,/autodl-fs/data/traffic_accident_rnd/ACCIDENT_dataset/real_videos/JGeH83hHjpE_00.mp4,ACCIDENT-real,t-bone,accident,1,weak_clip_event_window,30.066667,14.933481,449,1920,1080,test,Alabama,Alabama::signalized_intersection,15,105,accident_time=3.0;type=t-bone
ZVFTg3X2Acc_00__accident,/autodl-fs/data/traffic_accident_rnd/ACCIDENT_dataset/real_videos/ZVFTg3X2Acc_00.mp4,ACCIDENT-real,t-bone,accident,1,weak_clip_event_window,30.033333,29.766926,894,1056,720,test,Alabama,Alabama::signalized_intersection,57,236,accident_time=3.933;type=t-bone
xQCJTgk1AxQ_00__accident,/autodl-fs/data/traffic_accident_rnd/ACCIDENT_dataset/real_videos/xQCJTgk1AxQ_00.mp4,ACCIDENT-real,t-bone,accident,1,weak_clip_event_window,26.125,14.62201,382,1080,720,test,Alabama,Alabama::grade_separated_intersection,0,76,accident_time=1.2080000000000002;type=t-bone
FojgBxlQgiw_00__accident,/autodl-fs/data/traffic_accident_rnd/ACCIDENT_dataset/real_videos/FojgBxlQgiw_00.mp4,ACCIDENT-real,t-bone,accident,1,weak_clip_event_window,30.0,30.0,900,1280,720,test,Alabama,Alabama::signalized_intersection,47,227,accident_time=3.567;type=t-bone
bzNkUstnRMM_00__accident,/autodl-fs/data/traffic_accident_rnd/ACCIDENT_dataset/real_videos/bzNkUstnRMM_00.mp4,ACCIDENT-real,t-bone,accident,1,weak_clip_event_window,30.0,15.233333,457,1280,720,test,Alabama,Alabama::signalized_intersection,41,132,accident_time=4.667;type=t-bone
bzNkUstnRMM_00__pre_event_non_accident,/autodl-fs/data/traffic_accident_rnd/ACCIDENT_dataset/real_videos/bzNkUstnRMM_00.mp4,ACCIDENT-real,t-bone,non_accident,0,weak_clip_pre_event,30.0,15.233333,457,1280,720,test,Alabama,Alabama::signalized_intersection,0,25,derived_pre_accident_until=1.667;weak_negative=true
BVvMdTfk43Y_00__accident,/autodl-fs/data/traffic_accident_rnd/ACCIDENT_dataset/real_videos/BVvMdTfk43Y_00.mp4,ACCIDENT-real,t-bone,accident,1,weak_clip_event_window,27.033333,29.889026,808,1920,1080,test,Alabama,Alabama::signalized_intersection,12,192,accident_time=2.4000000000000004;type=t-bone
5fSIVNb3L64_00__accident,/autodl-fs/data/traffic_accident_rnd/ACCIDENT_dataset/real_videos/5fSIVNb3L64_00.mp4,ACCIDENT-real,head-on,accident,1,weak_clip_event_window,30.041667,14.979196,450,1080,720,test,Alabama,Alabama::signalized_intersection,59,149,accident_time=5.958;type=head-on
5fSIVNb3L64_00__pre_event_non_accident,/autodl-fs/data/traffic_accident_rnd/ACCIDENT_dataset/real_videos/5fSIVNb3L64_00.mp4,ACCIDENT-real,head-on,non_accident,0,weak_clip_pre_event,30.041667,14.979196,450,1080,720,test,Alabama,Alabama::signalized_intersection,0,44,derived_pre_accident_until=2.958;weak_negative=true
uJR-x2ahMjo_00__accident,/autodl-fs/data/traffic_accident_rnd/ACCIDENT_dataset/real_videos/uJR-x2ahMjo_00.mp4,ACCIDENT-real,t-bone,accident,1,weak_clip_event_window,30.033333,14.983352,450,1620,1080,test,Alabama,Alabama::signalized_intersection,100,190,accident_time=8.7;type=t-bone
uJR-x2ahMjo_00__pre_event_non_accident,/autodl-fs/data/traffic_accident_rnd/ACCIDENT_dataset/real_videos/uJR-x2ahMjo_00.mp4,ACCIDENT-real,t-bone,non_accident,0,weak_clip_pre_event,30.033333,14.983352,450,1620,1080,test,Alabama,Alabama::signalized_intersection,0,85,derived_pre_accident_until=5.700;weak_negative=true
Jafouq9fwp4_00__accident,/autodl-fs/data/traffic_accident_rnd/ACCIDENT_dataset/real_videos/Jafouq9fwp4_00.mp4,ACCIDENT-real,t-bone,accident,1,weak_clip_event_window,29.966667,14.249166,427,1920,1080,test,Alabama,Alabama::signalized_intersection,18,103,accident_time=3.233;type=t-bone
tnXaQLZivt0_00__accident,/autodl-fs/data/traffic_accident_rnd/ACCIDENT_dataset/real_videos/tnXaQLZivt0_00.mp4,ACCIDENT-real,t-bone,accident,1,weak_clip_event_window,30.033333,29.933407,899,1056,720,test,Alabama,Alabama::signalized_intersection,13,193,accident_time=2.433;type=t-bone
neiYtur4FOY_00__accident,/autodl-fs/data/traffic_accident_rnd/ACCIDENT_dataset/real_videos/neiYtur4FOY_00.mp4,ACCIDENT-real,t-bone,accident,1,weak_clip_event_window,30.0,15.1,453,1620,1080,test,Alabama,Alabama::highway,63,153,accident_time=6.167;type=t-bone
neiYtur4FOY_00__pre_event_non_accident,/autodl-fs/data/traffic_accident_rnd/ACCIDENT_dataset/real_videos/neiYtur4FOY_00.mp4,ACCIDENT-real,t-bone,non_accident,0,weak_clip_pre_event,30.0,15.1,453,1620,1080,test,Alabama,Alabama::highway,0,48,derived_pre_accident_until=3.167;weak_negative=true
sy3K_DPXi1g_00__accident,/autodl-fs/data/traffic_accident_rnd/ACCIDENT_dataset/real_videos/sy3K_DPXi1g_00.mp4,ACCIDENT-real,head-on,accident,1,weak_clip_event_window,30.033333,15.016648,451,1584,1080,test,Alabama,Alabama::signalized_intersection,112,202,accident_time=9.467;type=head-on
sy3K_DPXi1g_00__pre_event_non_accident,/autodl-fs/data/traffic_accident_rnd/ACCIDENT_dataset/real_videos/sy3K_DPXi1g_00.mp4,ACCIDENT-real,head-on,non_accident,0,weak_clip_pre_event,30.033333,15.016648,451,1584,1080,test,Alabama,Alabama::signalized_intersection,0,97,derived_pre_accident_until=6.467;weak_negative=true
5UK0XveIgBA_00__accident,/autodl-fs/data/traffic_accident_rnd/ACCIDENT_dataset/real_videos/5UK0XveIgBA_00.mp4,ACCIDENT-real,t-bone,accident,1,weak_clip_event_window,30.0,15.066667,452,1620,1080,test,Alabama,Alabama::signalized_intersection,48,138,accident_time=5.2;type=t-bone
5UK0XveIgBA_00__pre_event_non_accident,/autodl-fs/data/traffic_accident_rnd/ACCIDENT_dataset/real_videos/5UK0XveIgBA_00.mp4,ACCIDENT-real,t-bone,non_accident,0,weak_clip_pre_event,30.0,15.066667,452,1620,1080,test,Alabama,Alabama::signalized_intersection,0,33,derived_pre_accident_until=2.200;weak_negative=true
8uCJX3Qp78g_00__accident,/autodl-fs/data/traffic_accident_rnd/ACCIDENT_dataset/real_videos/8uCJX3Qp78g_00.mp4,ACCIDENT-real,t-bone,accident,1,weak_clip_event_window,30.083333,14.426593,434,1056,720,test,Alabama,Alabama::signalized_intersection,89,176,accident_time=8.208;type=t-bone
8uCJX3Qp78g_00__pre_event_non_accident,/autodl-fs/data/traffic_accident_rnd/ACCIDENT_dataset/real_videos/8uCJX3Qp78g_00.mp4,ACCIDENT-real,t-bone,non_accident,0,weak_clip_pre_event,30.083333,14.426593,434,1056,720,test,Alabama,Alabama::signalized_intersection,0,75,derived_pre_accident_until=5.208;weak_negative=true
X6sdr4NzEdU_00__accident,/autodl-fs/data/traffic_accident_rnd/ACCIDENT_dataset/real_videos/X6sdr4NzEdU_00.mp4,ACCIDENT-real,t-bone,accident,1,weak_clip_event_window,30.0,27.533333,826,1280,720,test,Alabama,Alabama::signalized_intersection,63,228,accident_time=4.276;type=t-bone
X6sdr4NzEdU_00__pre_event_non_accident,/autodl-fs/data/traffic_accident_rnd/ACCIDENT_dataset/real_videos/X6sdr4NzEdU_00.mp4,ACCIDENT-real,t-bone,non_accident,0,weak_clip_pre_event,30.0,27.533333,826,1280,720,test,Alabama,Alabama::signalized_intersection,0,35,derived_pre_accident_until=1.276;weak_negative=true
gcbYjCgvbFc_00__accident,/autodl-fs/data/traffic_accident_rnd/ACCIDENT_dataset/real_videos/gcbYjCgvbFc_00.mp4,ACCIDENT-real,t-bone,accident,1,weak_clip_event_window,30.041667,12.915395,388,1280,720,test,Alabama,Alabama::signalized_intersection,39,117,accident_time=5.042;type=t-bone
gcbYjCgvbFc_00__pre_event_non_accident,/autodl-fs/data/traffic_accident_rnd/ACCIDENT_dataset/real_videos/gcbYjCgvbFc_00.mp4,ACCIDENT-real,t-bone,non_accident,0,weak_clip_pre_event,30.041667,12.915395,388,1280,720,test,Alabama,Alabama::signalized_intersection,0,26,derived_pre_accident_until=2.042;weak_negative=true
bb7h-E9S_xE_00__accident,/autodl-fs/data/traffic_accident_rnd/ACCIDENT_dataset/real_videos/bb7h-E9S_xE_00.mp4,ACCIDENT-real,t-bone,accident,1,weak_clip_event_window,3.9,29.74359,116,1584,1080,test,Alabama,Alabama::signalized_intersection,11,116,accident_time=2.367;type=t-bone
Rph4qz-nnAY_00__accident,/autodl-fs/data/traffic_accident_rnd/ACCIDENT_dataset/real_videos/Rph4qz-nnAY_00.mp4,ACCIDENT-real,t-bone,accident,1,weak_clip_event_window,25.7,14.980545,385,1920,1080,test,Alabama,Alabama::signalized_intersection,0,79,accident_time=1.2999999999999998;type=t-bone
dVgyJhT1tiQ_00__accident,/autodl-fs/data/traffic_accident_rnd/ACCIDENT_dataset/real_videos/dVgyJhT1tiQ_00.mp4,ACCIDENT-real,t-bone,accident,1,weak_clip_event_window,30.066667,14.966741,450,1920,1080,test,Alabama,Alabama::signalized_intersection,39,129,accident_time=4.633;type=t-bone
dVgyJhT1tiQ_00__pre_event_non_accident,/autodl-fs/data/traffic_accident_rnd/ACCIDENT_dataset/real_videos/dVgyJhT1tiQ_00.mp4,ACCIDENT-real,t-bone,non_accident,0,weak_clip_pre_event,30.066667,14.966741,450,1920,1080,test,Alabama,Alabama::signalized_intersection,0,24,derived_pre_accident_until=1.633;weak_negative=true
mYTte8BTffA_00__accident,/autodl-fs/data/traffic_accident_rnd/ACCIDENT_dataset/real_videos/mYTte8BTffA_00.mp4,ACCIDENT-real,t-bone,accident,1,weak_clip_event_window,30.033333,26.137625,785,1584,1080,test,Alabama,Alabama::signalized_intersection,22,179,accident_time=2.833;type=t-bone
z4J6Y7Hgprc_00__accident,/autodl-fs/data/traffic_accident_rnd/ACCIDENT_dataset/real_videos/z4J6Y7Hgprc_00.mp4,ACCIDENT-real,t-bone,accident,1,weak_clip_event_window,28.5,15.017544,428,1080,720,test,Alabama,Alabama::signalized_intersection,1,91,accident_time=2.0839999999999996;type=t-bone
EYu49m3fAp4_00__accident,/autodl-fs/data/traffic_accident_rnd/ACCIDENT_dataset/real_videos/EYu49m3fAp4_00.mp4,ACCIDENT-real,rear-end,accident,1,weak_clip_event_window,25.6,15.15625,388,1620,1080,train,Alabama,Alabama::highway,58,149,accident_time=5.833;type=rear-end
EYu49m3fAp4_00__pre_event_non_accident,/autodl-fs/data/traffic_accident_rnd/ACCIDENT_dataset/real_videos/EYu49m3fAp4_00.mp4,ACCIDENT-real,rear-end,non_accident,0,weak_clip_pre_event,25.6,15.15625,388,1620,1080,train,Alabama,Alabama::highway,0,43,derived_pre_accident_until=2.833;weak_negative=true
lprYC7noW0w_00__accident,/autodl-fs/data/traffic_accident_rnd/ACCIDENT_dataset/real_videos/lprYC7noW0w_00.mp4,ACCIDENT-real,single,accident,1,weak_clip_event_window,24.541667,15.035654,369,1280,720,train,Alabama,Alabama::highway,0,69,accident_time=0.5830000000000002;type=single
SX6WrzujsNg_00__accident,/autodl-fs/data/traffic_accident_rnd/ACCIDENT_dataset/real_videos/SX6WrzujsNg_00.mp4,ACCIDENT-real,single,accident,1,weak_clip_event_window,7.233333,15.62212,113,1620,1080,test,Alabama,Alabama::grade_separated_intersection,0,87,accident_time=1.5999999999999996;type=single
pWUkfZdWn7M_00__accident,/autodl-fs/data/traffic_accident_rnd/ACCIDENT_dataset/real_videos/pWUkfZdWn7M_00.mp4,ACCIDENT-real,single,accident,1,weak_clip_event_window,30.0,15.0,450,1080,720,train,Alabama,Alabama::grade_separated_intersection,9,99,accident_time=2.625;type=single
NW8ZJK5zv_M_00__accident,/autodl-fs/data/traffic_accident_rnd/ACCIDENT_dataset/real_videos/NW8ZJK5zv_M_00.mp4,ACCIDENT-real,single,accident,1,weak_clip_event_window,30.066667,15.066519,453,1620,1080,train,Alabama,Alabama::highway,83,173,accident_time=7.467;type=single
NW8ZJK5zv_M_00__pre_event_non_accident,/autodl-fs/data/traffic_accident_rnd/ACCIDENT_dataset/real_videos/NW8ZJK5zv_M_00.mp4,ACCIDENT-real,single,non_accident,0,weak_clip_pre_event,30.066667,15.066519,453,1620,1080,train,Alabama,Alabama::highway,0,67,derived_pre_accident_until=4.467;weak_negative=true
4VuF1Be1yLE_00__accident,/autodl-fs/data/traffic_accident_rnd/ACCIDENT_dataset/real_videos/4VuF1Be1yLE_00.mp4,ACCIDENT-real,single,accident,1,weak_clip_event_window,30.033333,30.0,901,1920,1080,train,Alabama,Alabama::grade_separated_intersection,47,227,accident_time=3.567;type=single
OmriwRCPF7M_00__accident,/autodl-fs/data/traffic_accident_rnd/ACCIDENT_dataset/real_videos/OmriwRCPF7M_00.mp4,ACCIDENT-real,single,accident,1,weak_clip_event_window,30.0,10.266667,308,1620,1080,test,Alabama,Alabama::signalized_intersection,53,115,accident_time=7.233;type=single
OmriwRCPF7M_00__pre_event_non_accident,/autodl-fs/data/traffic_accident_rnd/ACCIDENT_dataset/real_videos/OmriwRCPF7M_00.mp4,ACCIDENT-real,single,non_accident,0,weak_clip_pre_event,30.0,10.266667,308,1620,1080,test,Alabama,Alabama::signalized_intersection,0,43,derived_pre_accident_until=4.233;weak_negative=true
IF-F7mUXhas_00__accident,/autodl-fs/data/traffic_accident_rnd/ACCIDENT_dataset/real_videos/IF-F7mUXhas_00.mp4,ACCIDENT-real,sideswipe,accident,1,weak_clip_event_window,30.041667,14.979196,450,1280,720,test,Alabama,Alabama::highway,16,106,accident_time=3.083;type=sideswipe
NhVQ26Tutwg_00__accident,/autodl-fs/data/traffic_accident_rnd/ACCIDENT_dataset/real_videos/NhVQ26Tutwg_00.mp4,ACCIDENT-real,rear-end,accident,1,weak_clip_event_window,25.866667,10.940722,283,1440,1080,test,Alabama,Alabama::highway,51,117,accident_time=6.633;type=rear-end
NhVQ26Tutwg_00__pre_event_non_accident,/autodl-fs/data/traffic_accident_rnd/ACCIDENT_dataset/real_videos/NhVQ26Tutwg_00.mp4,ACCIDENT-real,rear-end,non_accident,0,weak_clip_pre_event,25.866667,10.940722,283,1440,1080,test,Alabama,Alabama::highway,0,40,derived_pre_accident_until=3.633;weak_negative=true
qCBttHwTwnQ_00__accident,/autodl-fs/data/traffic_accident_rnd/ACCIDENT_dataset/real_videos/qCBttHwTwnQ_00.mp4,ACCIDENT-real,single,accident,1,weak_clip_event_window,30.041667,14.979196,450,1280,720,test,Alabama,Alabama::grade_separated_intersection,61,151,accident_time=6.083;type=single
qCBttHwTwnQ_00__pre_event_non_accident,/autodl-fs/data/traffic_accident_rnd/ACCIDENT_dataset/real_videos/qCBttHwTwnQ_00.mp4,ACCIDENT-real,single,non_accident,0,weak_clip_pre_event,30.041667,14.979196,450,1280,720,test,Alabama,Alabama::grade_separated_intersection,0,46,derived_pre_accident_until=3.083;weak_negative=true
xJTY4uupVuI_00__accident,/autodl-fs/data/traffic_accident_rnd/ACCIDENT_dataset/real_videos/xJTY4uupVuI_00.mp4,ACCIDENT-real,rear-end,accident,1,weak_clip_event_window,30.1,14.916944,449,1620,1080,test,Alabama,Alabama::grade_separated_intersection,31,121,accident_time=4.067;type=rear-end
xJTY4uupVuI_00__pre_event_non_accident,/autodl-fs/data/traffic_accident_rnd/ACCIDENT_dataset/real_videos/xJTY4uupVuI_00.mp4,ACCIDENT-real,rear-end,non_accident,0,weak_clip_pre_event,30.1,14.916944,449,1620,1080,test,Alabama,Alabama::grade_separated_intersection,0,16,derived_pre_accident_until=1.067;weak_negative=true
3UBcAuDgcOg_00__accident,/autodl-fs/data/traffic_accident_rnd/ACCIDENT_dataset/real_videos/3UBcAuDgcOg_00.mp4,ACCIDENT-real,sideswipe,accident,1,weak_clip_event_window,17.033333,15.088063,257,1440,1080,train,Alabama,Alabama::highway,5,95,accident_time=2.3000000000000007;type=sideswipe
YkEtYW_U1IY_00__accident,/autodl-fs/data/traffic_accident_rnd/ACCIDENT_dataset/real_videos/YkEtYW_U1IY_00.mp4,ACCIDENT-real,rear-end,accident,1,weak_clip_event_window,30.041667,14.945908,449,1080,720,test,Alabama,Alabama::signalized_intersection,63,153,accident_time=6.208;type=rear-end
YkEtYW_U1IY_00__pre_event_non_accident,/autodl-fs/data/traffic_accident_rnd/ACCIDENT_dataset/real_videos/YkEtYW_U1IY_00.mp4,ACCIDENT-real,rear-end,non_accident,0,weak_clip_pre_event,30.041667,14.945908,449,1080,720,test,Alabama,Alabama::signalized_intersection,0,48,derived_pre_accident_until=3.208;weak_negative=true
p-8rTEjl_30_00__accident,/autodl-fs/data/traffic_accident_rnd/ACCIDENT_dataset/real_videos/p-8rTEjl_30_00.mp4,ACCIDENT-real,rear-end,accident,1,weak_clip_event_window,30.166667,14.254144,430,1056,720,test,Alabama,Alabama::signalized_intersection,189,275,accident_time=15.292;type=rear-end
p-8rTEjl_30_00__pre_event_non_accident,/autodl-fs/data/traffic_accident_rnd/ACCIDENT_dataset/real_videos/p-8rTEjl_30_00.mp4,ACCIDENT-real,rear-end,non_accident,0,weak_clip_pre_event,30.166667,14.254144,430,1056,720,test,Alabama,Alabama::signalized_intersection,0,175,derived_pre_accident_until=12.292;weak_negative=true
Z3s9Wv38oRc_00__accident,/autodl-fs/data/traffic_accident_rnd/ACCIDENT_dataset/real_videos/Z3s9Wv38oRc_00.mp4,ACCIDENT-real,t-bone,accident,1,weak_clip_event_window,30.033333,29.933407,899,1280,720,test,Alabama,Alabama::signalized_intersection,141,321,accident_time=6.7;type=t-bone
Z3s9Wv38oRc_00__pre_event_non_accident,/autodl-fs/data/traffic_accident_rnd/ACCIDENT_dataset/real_videos/Z3s9Wv38oRc_00.mp4,ACCIDENT-real,t-bone,non_accident,0,weak_clip_pre_event,30.033333,29.933407,899,1280,720,test,Alabama,Alabama::signalized_intersection,0,111,derived_pre_accident_until=3.700;weak_negative=true
WFPy6Jpx5iE_00__accident,/autodl-fs/data/traffic_accident_rnd/ACCIDENT_dataset/real_videos/WFPy6Jpx5iE_00.mp4,ACCIDENT-real,t-bone,accident,1,weak_clip_event_window,30.033333,29.733629,893,1080,720,test,Alabama,Alabama::signalized_intersection,125,303,accident_time=6.2;type=t-bone
WFPy6Jpx5iE_00__pre_event_non_accident,/autodl-fs/data/traffic_accident_rnd/ACCIDENT_dataset/real_videos/WFPy6Jpx5iE_00.mp4,ACCIDENT-real,t-bone,non_accident,0,weak_clip_pre_event,30.033333,29.733629,893,1080,720,test,Alabama,Alabama::signalized_intersection,0,95,derived_pre_accident_until=3.200;weak_negative=true
VMOqX7S4IVU_00__accident,/autodl-fs/data/traffic_accident_rnd/ACCIDENT_dataset/real_videos/VMOqX7S4IVU_00.mp4,ACCIDENT-real,rear-end,accident,1,weak_clip_event_window,30.041667,14.346741,431,1080,720,train,Alabama,Alabama::highway,146,232,accident_time=12.208;type=rear-end
VMOqX7S4IVU_00__pre_event_non_accident,/autodl-fs/data/traffic_accident_rnd/ACCIDENT_dataset/real_videos/VMOqX7S4IVU_00.mp4,ACCIDENT-real,rear-end,non_accident,0,weak_clip_pre_event,30.041667,14.346741,431,1080,720,train,Alabama,Alabama::highway,0,132,derived_pre_accident_until=9.208;weak_negative=true
Pv0z5OwmK-Y_00__accident,/autodl-fs/data/traffic_accident_rnd/ACCIDENT_dataset/real_videos/Pv0z5OwmK-Y_00.mp4,ACCIDENT-real,rear-end,accident,1,weak_clip_event_window,20.1,20.79602,418,1620,1080,test,Alabama,Alabama::highway,86,211,accident_time=6.167000000000002;type=rear-end
Pv0z5OwmK-Y_00__pre_event_non_accident,/autodl-fs/data/traffic_accident_rnd/ACCIDENT_dataset/real_videos/Pv0z5OwmK-Y_00.mp4,ACCIDENT-real,rear-end,non_accident,0,weak_clip_pre_event,20.1,20.79602,418,1620,1080,test,Alabama,Alabama::highway,0,66,derived_pre_accident_until=3.167;weak_negative=true
JZnyV3r3cA4_00__accident,/autodl-fs/data/traffic_accident_rnd/ACCIDENT_dataset/real_videos/JZnyV3r3cA4_00.mp4,ACCIDENT-real,single,accident,1,weak_clip_event_window,8.125,14.892308,121,1280,720,test,Alabama,Alabama::highway,48,121,accident_time=5.25;type=single
JZnyV3r3cA4_00__pre_event_non_accident,/autodl-fs/data/traffic_accident_rnd/ACCIDENT_dataset/real_videos/JZnyV3r3cA4_00.mp4,ACCIDENT-real,single,non_accident,0,weak_clip_pre_event,8.125,14.892308,121,1280,720,test,Alabama,Alabama::highway,0,34,derived_pre_accident_until=2.250;weak_negative=true
gVXvlSSUr88_00__accident,/autodl-fs/data/traffic_accident_rnd/ACCIDENT_dataset/real_videos/gVXvlSSUr88_00.mp4,ACCIDENT-real,single,accident,1,weak_clip_event_window,30.033333,15.016648,451,1620,1080,test,Alabama,Alabama::signalized_intersection,33,123,accident_time=4.2;type=single
gVXvlSSUr88_00__pre_event_non_accident,/autodl-fs/data/traffic_accident_rnd/ACCIDENT_dataset/real_videos/gVXvlSSUr88_00.mp4,ACCIDENT-real,single,non_accident,0,weak_clip_pre_event,30.033333,15.016648,451,1620,1080,test,Alabama,Alabama::signalized_intersection,0,18,derived_pre_accident_until=1.200;weak_negative=true
y396l4X6WOk_00__accident,/autodl-fs/data/traffic_accident_rnd/ACCIDENT_dataset/real_videos/y396l4X6WOk_00.mp4,ACCIDENT-real,t-bone,accident,1,weak_clip_event_window,30.066667,14.933481,449,1920,1080,test,Alabama,Alabama::signalized_intersection,67,157,accident_time=6.467;type=t-bone
y396l4X6WOk_00__pre_event_non_accident,/autodl-fs/data/traffic_accident_rnd/ACCIDENT_dataset/real_videos/y396l4X6WOk_00.mp4,ACCIDENT-real,t-bone,non_accident,0,weak_clip_pre_event,30.066667,14.933481,449,1920,1080,test,Alabama,Alabama::signalized_intersection,0,52,derived_pre_accident_until=3.467;weak_negative=true
WqO5068PPhA_00__accident,/autodl-fs/data/traffic_accident_rnd/ACCIDENT_dataset/real_videos/WqO5068PPhA_00.mp4,ACCIDENT-real,t-bone,accident,1,weak_clip_event_window,25.666667,30.0,770,1280,720,test,Alabama,Alabama::signalized_intersection,0,154,accident_time=1.1339999999999995;type=t-bone
GAuVOgez5bQ_00__accident,/autodl-fs/data/traffic_accident_rnd/ACCIDENT_dataset/real_videos/GAuVOgez5bQ_00.mp4,ACCIDENT-real,t-bone,accident,1,weak_clip_event_window,29.958333,9.947149,298,1280,720,test,Alabama,Alabama::signalized_intersection,43,103,accident_time=6.333;type=t-bone
GAuVOgez5bQ_00__pre_event_non_accident,/autodl-fs/data/traffic_accident_rnd/ACCIDENT_dataset/real_videos/GAuVOgez5bQ_00.mp4,ACCIDENT-real,t-bone,non_accident,0,weak_clip_pre_event,29.958333,9.947149,298,1280,720,test,Alabama,Alabama::signalized_intersection,0,33,derived_pre_accident_until=3.333;weak_negative=true
djlikkK0NnM_00__accident,/autodl-fs/data/traffic_accident_rnd/ACCIDENT_dataset/real_videos/djlikkK0NnM_00.mp4,ACCIDENT-real,t-bone,accident,1,weak_clip_event_window,30.03,14.951715,449,352,240,test,Alabama,Alabama::signalized_intersection,306,396,accident_time=22.489;type=t-bone
djlikkK0NnM_00__pre_event_non_accident,/autodl-fs/data/traffic_accident_rnd/ACCIDENT_dataset/real_videos/djlikkK0NnM_00.mp4,ACCIDENT-real,t-bone,non_accident,0,weak_clip_pre_event,30.03,14.951715,449,352,240,test,Alabama,Alabama::signalized_intersection,0,291,derived_pre_accident_until=19.489;weak_negative=true
VsJNApu-LP4_00__accident,/autodl-fs/data/traffic_accident_rnd/ACCIDENT_dataset/real_videos/VsJNApu-LP4_00.mp4,ACCIDENT-real,t-bone,accident,1,weak_clip_event_window,25.125,14.606965,367,1280,720,test,Alabama,Alabama::signalized_intersection,57,144,accident_time=5.917;type=t-bone
VsJNApu-LP4_00__pre_event_non_accident,/autodl-fs/data/traffic_accident_rnd/ACCIDENT_dataset/real_videos/VsJNApu-LP4_00.mp4,ACCIDENT-real,t-bone,non_accident,0,weak_clip_pre_event,25.125,14.606965,367,1280,720,test,Alabama,Alabama::signalized_intersection,0,43,derived_pre_accident_until=2.917;weak_negative=true
9PeFHB3oBKg_00__accident,/autodl-fs/data/traffic_accident_rnd/ACCIDENT_dataset/real_videos/9PeFHB3oBKg_00.mp4,ACCIDENT-real,rear-end,accident,1,weak_clip_event_window,30.0,11.233333,337,960,720,train,Alabama,Alabama::highway,44,111,accident_time=5.875;type=rear-end
9PeFHB3oBKg_00__pre_event_non_accident,/autodl-fs/data/traffic_accident_rnd/ACCIDENT_dataset/real_videos/9PeFHB3oBKg_00.mp4,ACCIDENT-real,rear-end,non_accident,0,weak_clip_pre_event,30.0,11.233333,337,960,720,train,Alabama,Alabama::highway,0,32,derived_pre_accident_until=2.875;weak_negative=true
wrKbzGEUOlI_00__accident,/autodl-fs/data/traffic_accident_rnd/ACCIDENT_dataset/real_videos/wrKbzGEUOlI_00.mp4,ACCIDENT-real,single,accident,1,weak_clip_event_window,30.033333,20.011099,601,1920,1080,train,Alabama,Alabama::highway,142,262,accident_time=9.1;type=single
wrKbzGEUOlI_00__pre_event_non_accident,/autodl-fs/data/traffic_accident_rnd/ACCIDENT_dataset/real_videos/wrKbzGEUOlI_00.mp4,ACCIDENT-real,single,non_accident,0,weak_clip_pre_event,30.033333,20.011099,601,1920,1080,train,Alabama,Alabama::highway,0,122,derived_pre_accident_until=6.100;weak_negative=true
ILLwcx7DKvM_00__accident,/autodl-fs/data/traffic_accident_rnd/ACCIDENT_dataset/real_videos/ILLwcx7DKvM_00.mp4,ACCIDENT-real,single,accident,1,weak_clip_event_window,13.8,30.0,414,1280,720,train,Alabama,Alabama::highway,52,232,accident_time=3.733;type=single
yap1ac36OsU_00__accident,/autodl-fs/data/traffic_accident_rnd/ACCIDENT_dataset/real_videos/yap1ac36OsU_00.mp4,ACCIDENT-real,single,accident,1,weak_clip_event_window,29.958333,15.020862,450,960,720,test,Virginia,Virginia::highway,75,165,accident_time=7.0;type=single
yap1ac36OsU_00__pre_event_non_accident,/autodl-fs/data/traffic_accident_rnd/ACCIDENT_dataset/real_videos/yap1ac36OsU_00.mp4,ACCIDENT-real,single,non_accident,0,weak_clip_pre_event,29.958333,15.020862,450,960,720,test,Virginia,Virginia::highway,0,60,derived_pre_accident_until=4.000;weak_negative=true
Zp5xCOo7DSE_00__accident,/autodl-fs/data/traffic_accident_rnd/ACCIDENT_dataset/real_videos/Zp5xCOo7DSE_00.mp4,ACCIDENT-real,rear-end,accident,1,weak_clip_event_window,24.779483,15.052776,373,2400,1080,test,Virginia,Virginia::highway,123,213,accident_time=10.145999999999999;type=rear-end
Zp5xCOo7DSE_00__pre_event_non_accident,/autodl-fs/data/traffic_accident_rnd/ACCIDENT_dataset/real_videos/Zp5xCOo7DSE_00.mp4,ACCIDENT-real,rear-end,non_accident,0,weak_clip_pre_event,24.779483,15.052776,373,2400,1080,test,Virginia,Virginia::highway,0,108,derived_pre_accident_until=7.146;weak_negative=true
MAlk_czfNIs_00__accident,/autodl-fs/data/traffic_accident_rnd/ACCIDENT_dataset/real_videos/MAlk_czfNIs_00.mp4,ACCIDENT-real,t-bone,accident,1,weak_clip_event_window,30.066667,15.0,451,1440,1080,test,Virginia,Virginia::simple_intersection,15,105,accident_time=3.033;type=t-bone
swb5GdD__W0_00__accident,/autodl-fs/data/traffic_accident_rnd/ACCIDENT_dataset/real_videos/swb5GdD__W0_00.mp4,ACCIDENT-real,rear-end,accident,1,weak_clip_event_window,25.233333,14.504624,366,1920,1080,train,Virginia,Virginia::highway,28,115,accident_time=3.933;type=rear-end
GVHE7LumYVo_00__accident,/autodl-fs/data/traffic_accident_rnd/ACCIDENT_dataset/real_videos/GVHE7LumYVo_00.mp4,ACCIDENT-real,rear-end,accident,1,weak_clip_event_window,21.281768,14.84839,316,2400,1080,test,Virginia,Virginia::highway,68,157,accident_time=6.629834;type=rear-end
GVHE7LumYVo_00__pre_event_non_accident,/autodl-fs/data/traffic_accident_rnd/ACCIDENT_dataset/real_videos/GVHE7LumYVo_00.mp4,ACCIDENT-real,rear-end,non_accident,0,weak_clip_pre_event,21.281768,14.84839,316,2400,1080,test,Virginia,Virginia::highway,0,54,derived_pre_accident_until=3.630;weak_negative=true
k-QTjGUDtZY_00__accident,/autodl-fs/data/traffic_accident_rnd/ACCIDENT_dataset/real_videos/k-QTjGUDtZY_00.mp4,ACCIDENT-real,t-bone,accident,1,weak_clip_event_window,21.166667,15.165354,321,960,720,test,Virginia,Virginia::simple_intersection,16,107,accident_time=3.042;type=t-bone
jF_WIm0oxLc_00__accident,/autodl-fs/data/traffic_accident_rnd/ACCIDENT_dataset/real_videos/jF_WIm0oxLc_00.mp4,ACCIDENT-real,rear-end,accident,1,weak_clip_event_window,28.083333,14.991098,421,960,720,test,Virginia,Virginia::highway,0,84,accident_time=1.6250000000000002;type=rear-end
Ga8NZJ64V80_00__accident,/autodl-fs/data/traffic_accident_rnd/ACCIDENT_dataset/real_videos/Ga8NZJ64V80_00.mp4,ACCIDENT-real,single,accident,1,weak_clip_event_window,10.208333,7.934694,81,1280,720,test,Arkansas,Arkansas::highway,18,66,accident_time=4.25;type=single
Ga8NZJ64V80_00__pre_event_non_accident,/autodl-fs/data/traffic_accident_rnd/ACCIDENT_dataset/real_videos/Ga8NZJ64V80_00.mp4,ACCIDENT-real,single,non_accident,0,weak_clip_pre_event,10.208333,7.934694,81,1280,720,test,Arkansas,Arkansas::highway,0,10,derived_pre_accident_until=1.250;weak_negative=true
HMdWAx9g5eI_00__accident,/autodl-fs/data/traffic_accident_rnd/ACCIDENT_dataset/real_videos/HMdWAx9g5eI_00.mp4,ACCIDENT-real,single,accident,1,weak_clip_event_window,8.633333,7.876448,68,1920,1080,train,Arkansas,Arkansas::highway,30,68,accident_time=5.867;type=single
HMdWAx9g5eI_00__pre_event_non_accident,/autodl-fs/data/traffic_accident_rnd/ACCIDENT_dataset/real_videos/HMdWAx9g5eI_00.mp4,ACCIDENT-real,single,non_accident,0,weak_clip_pre_event,8.633333,7.876448,68,1920,1080,train,Arkansas,Arkansas::highway,0,23,derived_pre_accident_until=2.867;weak_negative=true
57T5Z3aTh4s_00__accident,/autodl-fs/data/traffic_accident_rnd/ACCIDENT_dataset/real_videos/57T5Z3aTh4s_00.mp4,ACCIDENT-real,sideswipe,accident,1,weak_clip_event_window,30.083333,7.977839,240,1280,720,test,Arkansas,Arkansas::highway,24,72,accident_time=4.958;type=sideswipe
57T5Z3aTh4s_00__pre_event_non_accident,/autodl-fs/data/traffic_accident_rnd/ACCIDENT_dataset/real_videos/57T5Z3aTh4s_00.mp4,ACCIDENT-real,sideswipe,non_accident,0,weak_clip_pre_event,30.083333,7.977839,240,1280,720,test,Arkansas,Arkansas::highway,0,16,derived_pre_accident_until=1.958;weak_negative=true
PAuYsJns-Fc_00__accident,/autodl-fs/data/traffic_accident_rnd/ACCIDENT_dataset/real_videos/PAuYsJns-Fc_00.mp4,ACCIDENT-real,single,accident,1,weak_clip_event_window,30.066667,7.982262,240,1920,1080,train,Arkansas,Arkansas::highway,81,129,accident_time=12.2;type=single
PAuYsJns-Fc_00__pre_event_non_accident,/autodl-fs/data/traffic_accident_rnd/ACCIDENT_dataset/real_videos/PAuYsJns-Fc_00.mp4,ACCIDENT-real,single,non_accident,0,weak_clip_pre_event,30.066667,7.982262,240,1920,1080,train,Arkansas,Arkansas::highway,0,73,derived_pre_accident_until=9.200;weak_negative=true
lgU3T6kySLw_00__accident,/autodl-fs/data/traffic_accident_rnd/ACCIDENT_dataset/real_videos/lgU3T6kySLw_00.mp4,ACCIDENT-real,single,accident,1,weak_clip_event_window,30.333333,5.934066,180,1280,720,train,Arkansas,Arkansas::highway,8,44,accident_time=3.291666;type=single
y1FUdBq8QII_00__accident,/autodl-fs/data/traffic_accident_rnd/ACCIDENT_dataset/real_videos/y1FUdBq8QII_00.mp4,ACCIDENT-real,sideswipe,accident,1,weak_clip_event_window,30.0,8.0,240,1280,720,test,Arkansas,Arkansas::highway,22,70,accident_time=4.75;type=sideswipe
y1FUdBq8QII_00__pre_event_non_accident,/autodl-fs/data/traffic_accident_rnd/ACCIDENT_dataset/real_videos/y1FUdBq8QII_00.mp4,ACCIDENT-real,sideswipe,non_accident,0,weak_clip_pre_event,30.0,8.0,240,1280,720,test,Arkansas,Arkansas::highway,0,14,derived_pre_accident_until=1.750;weak_negative=true
XdFylnj-1B4_00__accident,/autodl-fs/data/traffic_accident_rnd/ACCIDENT_dataset/real_videos/XdFylnj-1B4_00.mp4,ACCIDENT-real,single,accident,1,weak_clip_event_window,7.766667,14.806867,115,1920,1080,test,Arkansas,Arkansas::grade_separated_intersection,42,115,accident_time=4.834;type=single
XdFylnj-1B4_00__pre_event_non_accident,/autodl-fs/data/traffic_accident_rnd/ACCIDENT_dataset/real_videos/XdFylnj-1B4_00.mp4,ACCIDENT-real,single,non_accident,0,weak_clip_pre_event,7.766667,14.806867,115,1920,1080,test,Arkansas,Arkansas::grade_separated_intersection,0,27,derived_pre_accident_until=1.834;weak_negative=true
nxtAJF0x3qQ_00__accident,/autodl-fs/data/traffic_accident_rnd/ACCIDENT_dataset/real_videos/nxtAJF0x3qQ_00.mp4,ACCIDENT-real,sideswipe,accident,1,weak_clip_event_window,24.133333,8.038674,194,1920,1080,test,Arkansas,Arkansas::highway,0,39,accident_time=0.867;type=sideswipe
RTPo9EzJ2q4_00__accident,/autodl-fs/data/traffic_accident_rnd/ACCIDENT_dataset/real_videos/RTPo9EzJ2q4_00.mp4,ACCIDENT-real,single,accident,1,weak_clip_event_window,29.833333,8.011173,239,1280,720,test,Arkansas,Arkansas::highway,28,76,accident_time=5.542;type=single
RTPo9EzJ2q4_00__pre_event_non_accident,/autodl-fs/data/traffic_accident_rnd/ACCIDENT_dataset/real_videos/RTPo9EzJ2q4_00.mp4,ACCIDENT-real,single,non_accident,0,weak_clip_pre_event,29.833333,8.011173,239,1280,720,test,Arkansas,Arkansas::highway,0,20,derived_pre_accident_until=2.542;weak_negative=true
pwc7SEk8BA4_00__accident,/autodl-fs/data/traffic_accident_rnd/ACCIDENT_dataset/real_videos/pwc7SEk8BA4_00.mp4,ACCIDENT-real,t-bone,accident,1,weak_clip_event_window,30.125,8.06639,243,1280,720,test,Arkansas,Arkansas::simple_intersection,67,115,accident_time=10.333;type=t-bone
pwc7SEk8BA4_00__pre_event_non_accident,/autodl-fs/data/traffic_accident_rnd/ACCIDENT_dataset/real_videos/pwc7SEk8BA4_00.mp4,ACCIDENT-real,t-bone,non_accident,0,weak_clip_pre_event,30.125,8.06639,243,1280,720,test,Arkansas,Arkansas::simple_intersection,0,59,derived_pre_accident_until=7.333;weak_negative=true
7v3_mO6HyPk_00__accident,/autodl-fs/data/traffic_accident_rnd/ACCIDENT_dataset/real_videos/7v3_mO6HyPk_00.mp4,ACCIDENT-real,sideswipe,accident,1,weak_clip_event_window,17.875,6.041958,108,1280,720,test,Arkansas,Arkansas::highway,13,49,accident_time=4.167;type=sideswipe
7v3_mO6HyPk_00__pre_event_non_accident,/autodl-fs/data/traffic_accident_rnd/ACCIDENT_dataset/real_videos/7v3_mO6HyPk_00.mp4,ACCIDENT-real,sideswipe,non_accident,0,weak_clip_pre_event,17.875,6.041958,108,1280,720,test,Arkansas,Arkansas::highway,0,7,derived_pre_accident_until=1.167;weak_negative=true
ve9ThZ4xzrQ_00__accident,/autodl-fs/data/traffic_accident_rnd/ACCIDENT_dataset/real_videos/ve9ThZ4xzrQ_00.mp4,ACCIDENT-real,single,accident,1,weak_clip_event_window,30.041667,7.988904,240,1280,720,test,Arkansas,Arkansas::highway,34,82,accident_time=6.292;type=single
ve9ThZ4xzrQ_00__pre_event_non_accident,/autodl-fs/data/traffic_accident_rnd/ACCIDENT_dataset/real_videos/ve9ThZ4xzrQ_00.mp4,ACCIDENT-real,single,non_accident,0,weak_clip_pre_event,30.041667,7.988904,240,1280,720,test,Arkansas,Arkansas::highway,0,26,derived_pre_accident_until=3.292;weak_negative=true
olrS9Xl-I70_00__accident,/autodl-fs/data/traffic_accident_rnd/ACCIDENT_dataset/real_videos/olrS9Xl-I70_00.mp4,ACCIDENT-real,single,accident,1,weak_clip_event_window,30.0,8.0,240,1280,720,test,Arkansas,Arkansas::highway,38,86,accident_time=6.791666;type=single
olrS9Xl-I70_00__pre_event_non_accident,/autodl-fs/data/traffic_accident_rnd/ACCIDENT_dataset/real_videos/olrS9Xl-I70_00.mp4,ACCIDENT-real,single,non_accident,0,weak_clip_pre_event,30.0,8.0,240,1280,720,test,Arkansas,Arkansas::highway,0,30,derived_pre_accident_until=3.792;weak_negative=true
QiRF34ZCDBo_00__accident,/autodl-fs/data/traffic_accident_rnd/ACCIDENT_dataset/real_videos/QiRF34ZCDBo_00.mp4,ACCIDENT-real,single,accident,1,weak_clip_event_window,30.166667,7.955801,240,1920,1080,train,Arkansas,Arkansas::highway,59,107,accident_time=9.367;type=single
QiRF34ZCDBo_00__pre_event_non_accident,/autodl-fs/data/traffic_accident_rnd/ACCIDENT_dataset/real_videos/QiRF34ZCDBo_00.mp4,ACCIDENT-real,single,non_accident,0,weak_clip_pre_event,30.166667,7.955801,240,1920,1080,train,Arkansas,Arkansas::highway,0,51,derived_pre_accident_until=6.367;weak_negative=true
paIiPXuFj7Q_00__accident,/autodl-fs/data/traffic_accident_rnd/ACCIDENT_dataset/real_videos/paIiPXuFj7Q_00.mp4,ACCIDENT-real,single,accident,1,weak_clip_event_window,24.566667,8.018996,197,1920,1080,train,Arkansas,Arkansas::highway,30,78,accident_time=5.7669999999999995;type=single
paIiPXuFj7Q_00__pre_event_non_accident,/autodl-fs/data/traffic_accident_rnd/ACCIDENT_dataset/real_videos/paIiPXuFj7Q_00.mp4,ACCIDENT-real,single,non_accident,0,weak_clip_pre_event,24.566667,8.018996,197,1920,1080,train,Arkansas,Arkansas::highway,0,22,derived_pre_accident_until=2.767;weak_negative=true
ig4k6LEEMy0_00__accident,/autodl-fs/data/traffic_accident_rnd/ACCIDENT_dataset/real_videos/ig4k6LEEMy0_00.mp4,ACCIDENT-real,t-bone,accident,1,weak_clip_event_window,30.125,7.966805,240,1280,720,train,Arkansas,Arkansas::highway,57,105,accident_time=9.208;type=t-bone
ig4k6LEEMy0_00__pre_event_non_accident,/autodl-fs/data/traffic_accident_rnd/ACCIDENT_dataset/real_videos/ig4k6LEEMy0_00.mp4,ACCIDENT-real,t-bone,non_accident,0,weak_clip_pre_event,30.125,7.966805,240,1280,720,train,Arkansas,Arkansas::highway,0,49,derived_pre_accident_until=6.208;weak_negative=true
n1da-gnbUBU_00__accident,/autodl-fs/data/traffic_accident_rnd/ACCIDENT_dataset/real_videos/n1da-gnbUBU_00.mp4,ACCIDENT-real,single,accident,1,weak_clip_event_window,27.041667,8.024653,217,1280,720,test,Arkansas,Arkansas::highway,60,108,accident_time=9.417;type=single
n1da-gnbUBU_00__pre_event_non_accident,/autodl-fs/data/traffic_accident_rnd/ACCIDENT_dataset/real_videos/n1da-gnbUBU_00.mp4,ACCIDENT-real,single,non_accident,0,weak_clip_pre_event,27.041667,8.024653,217,1280,720,test,Arkansas,Arkansas::highway,0,51,derived_pre_accident_until=6.417;weak_negative=true
PaOMI4lZ7UI_00__accident,/autodl-fs/data/traffic_accident_rnd/ACCIDENT_dataset/real_videos/PaOMI4lZ7UI_00.mp4,ACCIDENT-real,t-bone,accident,1,weak_clip_event_window,11.4,7.894737,90,1920,1080,test,Arkansas,Arkansas::simple_intersection,10,58,accident_time=3.267;type=t-bone
R8HeYWy2-HI_00__accident,/autodl-fs/data/traffic_accident_rnd/ACCIDENT_dataset/real_videos/R8HeYWy2-HI_00.mp4,ACCIDENT-real,sideswipe,accident,1,weak_clip_event_window,25.958333,7.974318,207,1280,720,test,Arkansas,Arkansas::highway,34,82,accident_time=6.208;type=sideswipe
R8HeYWy2-HI_00__pre_event_non_accident,/autodl-fs/data/traffic_accident_rnd/ACCIDENT_dataset/real_videos/R8HeYWy2-HI_00.mp4,ACCIDENT-real,sideswipe,non_accident,0,weak_clip_pre_event,25.958333,7.974318,207,1280,720,test,Arkansas,Arkansas::highway,0,26,derived_pre_accident_until=3.208;weak_negative=true
EkSE8710mGg_00__accident,/autodl-fs/data/traffic_accident_rnd/ACCIDENT_dataset/real_videos/EkSE8710mGg_00.mp4,ACCIDENT-real,single,accident,1,weak_clip_event_window,29.833333,9.150838,273,1280,720,test,Arkansas,Arkansas::highway,14,69,accident_time=3.458;type=single
1DTzvlqxm5c_00__accident,/autodl-fs/data/traffic_accident_rnd/ACCIDENT_dataset/real_videos/1DTzvlqxm5c_00.mp4,ACCIDENT-real,single,accident,1,weak_clip_event_window,9.375,7.893333,74,1280,720,test,Arkansas,Arkansas::highway,17,65,accident_time=4.125;type=single
1DTzvlqxm5c_00__pre_event_non_accident,/autodl-fs/data/traffic_accident_rnd/ACCIDENT_dataset/real_videos/1DTzvlqxm5c_00.mp4,ACCIDENT-real,single,non_accident,0,weak_clip_pre_event,9.375,7.893333,74,1280,720,test,Arkansas,Arkansas::highway,0,9,derived_pre_accident_until=1.125;weak_negative=true
YaMXFpSYjOk_00__accident,/autodl-fs/data/traffic_accident_rnd/ACCIDENT_dataset/real_videos/YaMXFpSYjOk_00.mp4,ACCIDENT-real,sideswipe,accident,1,weak_clip_event_window,17.541667,8.152019,143,1280,720,test,Arkansas,Arkansas::highway,16,65,accident_time=3.875;type=sideswipe
U9lXW10TLQw_00__accident,/autodl-fs/data/traffic_accident_rnd/ACCIDENT_dataset/real_videos/U9lXW10TLQw_00.mp4,ACCIDENT-real,single,accident,1,weak_clip_event_window,30.0,8.0,240,1280,720,train,Arkansas,Arkansas::highway,37,85,accident_time=6.667;type=single
U9lXW10TLQw_00__pre_event_non_accident,/autodl-fs/data/traffic_accident_rnd/ACCIDENT_dataset/real_videos/U9lXW10TLQw_00.mp4,ACCIDENT-real,single,non_accident,0,weak_clip_pre_event,30.0,8.0,240,1280,720,train,Arkansas,Arkansas::highway,0,29,derived_pre_accident_until=3.667;weak_negative=true
mjKiqWEZoAM_00__accident,/autodl-fs/data/traffic_accident_rnd/ACCIDENT_dataset/real_videos/mjKiqWEZoAM_00.mp4,ACCIDENT-real,single,accident,1,weak_clip_event_window,9.566667,7.839721,75,1920,1080,test,Arkansas,Arkansas::highway,27,74,accident_time=5.467;type=single
mjKiqWEZoAM_00__pre_event_non_accident,/autodl-fs/data/traffic_accident_rnd/ACCIDENT_dataset/real_videos/mjKiqWEZoAM_00.mp4,ACCIDENT-real,single,non_accident,0,weak_clip_pre_event,9.566667,7.839721,75,1920,1080,test,Arkansas,Arkansas::highway,0,19,derived_pre_accident_until=2.467;weak_negative=true
pSjvg4Zq3-4_00__accident,/autodl-fs/data/traffic_accident_rnd/ACCIDENT_dataset/real_videos/pSjvg4Zq3-4_00.mp4,ACCIDENT-real,single,accident,1,weak_clip_event_window,30.0,8.0,240,1920,1080,test,Arkansas,Arkansas::highway,61,109,accident_time=9.667;type=single
pSjvg4Zq3-4_00__pre_event_non_accident,/autodl-fs/data/traffic_accident_rnd/ACCIDENT_dataset/real_videos/pSjvg4Zq3-4_00.mp4,ACCIDENT-real,single,non_accident,0,weak_clip_pre_event,30.0,8.0,240,1920,1080,test,Arkansas,Arkansas::highway,0,53,derived_pre_accident_until=6.667;weak_negative=true
-i9bRJWMtTo_00__accident,/autodl-fs/data/traffic_accident_rnd/ACCIDENT_dataset/real_videos/-i9bRJWMtTo_00.mp4,ACCIDENT-real,sideswipe,accident,1,weak_clip_event_window,30.041667,3.994452,120,1280,720,train,Arkansas,Arkansas::highway,16,40,accident_time=6.125;type=sideswipe
-i9bRJWMtTo_00__pre_event_non_accident,/autodl-fs/data/traffic_accident_rnd/ACCIDENT_dataset/real_videos/-i9bRJWMtTo_00.mp4,ACCIDENT-real,sideswipe,non_accident,0,weak_clip_pre_event,30.041667,3.994452,120,1280,720,train,Arkansas,Arkansas::highway,0,12,derived_pre_accident_until=3.125;weak_negative=true
3taDrOi_n0E_00__accident,/autodl-fs/data/traffic_accident_rnd/ACCIDENT_dataset/real_videos/3taDrOi_n0E_00.mp4,ACCIDENT-real,rear-end,accident,1,weak_clip_event_window,22.458333,8.148423,183,1280,720,test,Arkansas,Arkansas::highway,32,81,accident_time=5.834;type=rear-end
3taDrOi_n0E_00__pre_event_non_accident,/autodl-fs/data/traffic_accident_rnd/ACCIDENT_dataset/real_videos/3taDrOi_n0E_00.mp4,ACCIDENT-real,rear-end,non_accident,0,weak_clip_pre_event,22.458333,8.148423,183,1280,720,test,Arkansas,Arkansas::highway,0,23,derived_pre_accident_until=2.834;weak_negative=true
LY4ki_2dmwU_00__accident,/autodl-fs/data/traffic_accident_rnd/ACCIDENT_dataset/real_videos/LY4ki_2dmwU_00.mp4,ACCIDENT-real,single,accident,1,weak_clip_event_window,29.958333,12.851182,385,1280,720,test,Arkansas,Arkansas::highway,93,170,accident_time=9.292;type=single
LY4ki_2dmwU_00__pre_event_non_accident,/autodl-fs/data/traffic_accident_rnd/ACCIDENT_dataset/real_videos/LY4ki_2dmwU_00.mp4,ACCIDENT-real,single,non_accident,0,weak_clip_pre_event,29.958333,12.851182,385,1280,720,test,Arkansas,Arkansas::highway,0,81,derived_pre_accident_until=6.292;weak_negative=true
7ORiNi_LtxY_00__accident,/autodl-fs/data/traffic_accident_rnd/ACCIDENT_dataset/real_videos/7ORiNi_LtxY_00.mp4,ACCIDENT-real,sideswipe,accident,1,weak_clip_event_window,30.0,8.033333,241,1280,720,test,Arkansas,Arkansas::highway,14,62,accident_time=3.792;type=sideswipe
gbM45Kpz814_00__accident,/autodl-fs/data/traffic_accident_rnd/ACCIDENT_dataset/real_videos/gbM45Kpz814_00.mp4,ACCIDENT-real,single,accident,1,weak_clip_event_window,24.958333,7.973289,199,1280,720,test,Arkansas,Arkansas::highway,62,110,accident_time=9.833;type=single
gbM45Kpz814_00__pre_event_non_accident,/autodl-fs/data/traffic_accident_rnd/ACCIDENT_dataset/real_videos/gbM45Kpz814_00.mp4,ACCIDENT-real,single,non_accident,0,weak_clip_pre_event,24.958333,7.973289,199,1280,720,test,Arkansas,Arkansas::highway,0,54,derived_pre_accident_until=6.833;weak_negative=true
kDvSnh2NmpM_00__accident,/autodl-fs/data/traffic_accident_rnd/ACCIDENT_dataset/real_videos/kDvSnh2NmpM_00.mp4,ACCIDENT-real,rear-end,accident,1,weak_clip_event_window,29.625,8.742616,259,1280,720,test,Arkansas,Arkansas::highway,116,168,accident_time=15.167;type=rear-end
kDvSnh2NmpM_00__pre_event_non_accident,/autodl-fs/data/traffic_accident_rnd/ACCIDENT_dataset/real_videos/kDvSnh2NmpM_00.mp4,ACCIDENT-real,rear-end,non_accident,0,weak_clip_pre_event,29.625,8.742616,259,1280,720,test,Arkansas,Arkansas::highway,0,106,derived_pre_accident_until=12.167;weak_negative=true
Ah1BmOi3V4Q_00__accident,/autodl-fs/data/traffic_accident_rnd/ACCIDENT_dataset/real_videos/Ah1BmOi3V4Q_00.mp4,ACCIDENT-real,rear-end,accident,1,weak_clip_event_window,30.066667,7.616408,229,1920,1080,test,Arkansas,Arkansas::highway,56,101,accident_time=9.333;type=rear-end
Ah1BmOi3V4Q_00__pre_event_non_accident,/autodl-fs/data/traffic_accident_rnd/ACCIDENT_dataset/real_videos/Ah1BmOi3V4Q_00.mp4,ACCIDENT-real,rear-end,non_accident,0,weak_clip_pre_event,30.066667,7.616408,229,1920,1080,test,Arkansas,Arkansas::highway,0,48,derived_pre_accident_until=6.333;weak_negative=true
BEZNd0pYy-4_00__accident,/autodl-fs/data/traffic_accident_rnd/ACCIDENT_dataset/real_videos/BEZNd0pYy-4_00.mp4,ACCIDENT-real,rear-end,accident,1,weak_clip_event_window,30.0,8.0,240,1280,720,test,Arkansas,Arkansas::highway,17,65,accident_time=4.166666;type=rear-end
BEZNd0pYy-4_00__pre_event_non_accident,/autodl-fs/data/traffic_accident_rnd/ACCIDENT_dataset/real_videos/BEZNd0pYy-4_00.mp4,ACCIDENT-real,rear-end,non_accident,0,weak_clip_pre_event,30.0,8.0,240,1280,720,test,Arkansas,Arkansas::highway,0,9,derived_pre_accident_until=1.167;weak_negative=true
WvBtraA2jsA_00__accident,/autodl-fs/data/traffic_accident_rnd/ACCIDENT_dataset/real_videos/WvBtraA2jsA_00.mp4,ACCIDENT-real,rear-end,accident,1,weak_clip_event_window,30.0,8.033333,241,1920,1080,train,Arkansas,Arkansas::highway,30,78,accident_time=5.733;type=rear-end
WvBtraA2jsA_00__pre_event_non_accident,/autodl-fs/data/traffic_accident_rnd/ACCIDENT_dataset/real_videos/WvBtraA2jsA_00.mp4,ACCIDENT-real,rear-end,non_accident,0,weak_clip_pre_event,30.0,8.033333,241,1920,1080,train,Arkansas,Arkansas::highway,0,22,derived_pre_accident_until=2.733;weak_negative=true
Jt65lD9BAPY_00__accident,/autodl-fs/data/traffic_accident_rnd/ACCIDENT_dataset/real_videos/Jt65lD9BAPY_00.mp4,ACCIDENT-real,rear-end,accident,1,weak_clip_event_window,30.0,8.0,240,1280,720,test,Arkansas,Arkansas::grade_separated_intersection,5,53,accident_time=2.667;type=rear-end
l2iiHvICI2Y_00__accident,/autodl-fs/data/traffic_accident_rnd/ACCIDENT_dataset/real_videos/l2iiHvICI2Y_00.mp4,ACCIDENT-real,rear-end,accident,1,weak_clip_event_window,15.916667,8.041885,128,1280,720,test,Arkansas,Arkansas::highway,84,128,accident_time=12.375;type=rear-end
l2iiHvICI2Y_00__pre_event_non_accident,/autodl-fs/data/traffic_accident_rnd/ACCIDENT_dataset/real_videos/l2iiHvICI2Y_00.mp4,ACCIDENT-real,rear-end,non_accident,0,weak_clip_pre_event,15.916667,8.041885,128,1280,720,test,Arkansas,Arkansas::highway,0,75,derived_pre_accident_until=9.375;weak_negative=true
WTz4apKhaQY_00__accident,/autodl-fs/data/traffic_accident_rnd/ACCIDENT_dataset/real_videos/WTz4apKhaQY_00.mp4,ACCIDENT-real,rear-end,accident,1,weak_clip_event_window,29.791667,3.960839,118,1280,720,test,Arkansas,Arkansas::highway,7,31,accident_time=3.75;type=rear-end
pS5SXfuqz-4_00__accident,/autodl-fs/data/traffic_accident_rnd/ACCIDENT_dataset/real_videos/pS5SXfuqz-4_00.mp4,ACCIDENT-real,rear-end,accident,1,weak_clip_event_window,25.833333,7.974194,206,1280,720,test,Arkansas,Arkansas::highway,50,98,accident_time=8.291667;type=rear-end
pS5SXfuqz-4_00__pre_event_non_accident,/autodl-fs/data/traffic_accident_rnd/ACCIDENT_dataset/real_videos/pS5SXfuqz-4_00.mp4,ACCIDENT-real,rear-end,non_accident,0,weak_clip_pre_event,25.833333,7.974194,206,1280,720,test,Arkansas,Arkansas::highway,0,42,derived_pre_accident_until=5.292;weak_negative=true
dfEFaPk-2-Y_00__accident,/autodl-fs/data/traffic_accident_rnd/ACCIDENT_dataset/real_videos/dfEFaPk-2-Y_00.mp4,ACCIDENT-real,rear-end,accident,1,weak_clip_event_window,18.916667,8.035242,152,1280,720,test,Arkansas,Arkansas::highway,9,57,accident_time=3.125;type=rear-end
24IyPsinbH8_00__accident,/autodl-fs/data/traffic_accident_rnd/ACCIDENT_dataset/real_videos/24IyPsinbH8_00.mp4,ACCIDENT-real,single,accident,1,weak_clip_event_window,30.0,8.0,240,1280,720,train,Arkansas,Arkansas::highway,48,96,accident_time=7.958333;type=single
24IyPsinbH8_00__pre_event_non_accident,/autodl-fs/data/traffic_accident_rnd/ACCIDENT_dataset/real_videos/24IyPsinbH8_00.mp4,ACCIDENT-real,single,non_accident,0,weak_clip_pre_event,30.0,8.0,240,1280,720,train,Arkansas,Arkansas::highway,0,40,derived_pre_accident_until=4.958;weak_negative=true
9VTtD6Sw6N4_00__accident,/autodl-fs/data/traffic_accident_rnd/ACCIDENT_dataset/real_videos/9VTtD6Sw6N4_00.mp4,ACCIDENT-real,single,accident,1,weak_clip_event_window,30.041667,8.022191,241,1280,720,test,Arkansas,Arkansas::highway,162,210,accident_time=22.25;type=single
9VTtD6Sw6N4_00__pre_event_non_accident,/autodl-fs/data/traffic_accident_rnd/ACCIDENT_dataset/real_videos/9VTtD6Sw6N4_00.mp4,ACCIDENT-real,single,non_accident,0,weak_clip_pre_event,30.041667,8.022191,241,1280,720,test,Arkansas,Arkansas::highway,0,154,derived_pre_accident_until=19.250;weak_negative=true
xSMybsal-zs_00__accident,/autodl-fs/data/traffic_accident_rnd/ACCIDENT_dataset/real_videos/xSMybsal-zs_00.mp4,ACCIDENT-real,single,accident,1,weak_clip_event_window,10.375,7.807229,81,1280,720,train,Arkansas,Arkansas::highway,19,66,accident_time=4.5;type=single
xSMybsal-zs_00__pre_event_non_accident,/autodl-fs/data/traffic_accident_rnd/ACCIDENT_dataset/real_videos/xSMybsal-zs_00.mp4,ACCIDENT-real,single,non_accident,0,weak_clip_pre_event,10.375,7.807229,81,1280,720,train,Arkansas,Arkansas::highway,0,12,derived_pre_accident_until=1.500;weak_negative=true
-dmYsQc-odI_00__accident,/autodl-fs/data/traffic_accident_rnd/ACCIDENT_dataset/real_videos/-dmYsQc-odI_00.mp4,ACCIDENT-real,rear-end,accident,1,weak_clip_event_window,30.125,8.033195,242,1280,720,train,Arkansas,Arkansas::highway,30,78,accident_time=5.75;type=rear-end
-dmYsQc-odI_00__pre_event_non_accident,/autodl-fs/data/traffic_accident_rnd/ACCIDENT_dataset/real_videos/-dmYsQc-odI_00.mp4,ACCIDENT-real,rear-end,non_accident,0,weak_clip_pre_event,30.125,8.033195,242,1280,720,train,Arkansas,Arkansas::highway,0,22,derived_pre_accident_until=2.750;weak_negative=true
Z_GJQ1KrRJw_00__accident,/autodl-fs/data/traffic_accident_rnd/ACCIDENT_dataset/real_videos/Z_GJQ1KrRJw_00.mp4,ACCIDENT-real,rear-end,accident,1,weak_clip_event_window,30.0,6.0,180,1280,720,train,Arkansas,Arkansas::highway,87,123,accident_time=16.5;type=rear-end
Z_GJQ1KrRJw_00__pre_event_non_accident,/autodl-fs/data/traffic_accident_rnd/ACCIDENT_dataset/real_videos/Z_GJQ1KrRJw_00.mp4,ACCIDENT-real,rear-end,non_accident,0,weak_clip_pre_event,30.0,6.0,180,1280,720,train,Arkansas,Arkansas::highway,0,81,derived_pre_accident_until=13.500;weak_negative=true
a5_Q39h5LM4_00__accident,/autodl-fs/data/traffic_accident_rnd/ACCIDENT_dataset/real_videos/a5_Q39h5LM4_00.mp4,ACCIDENT-real,single,accident,1,weak_clip_event_window,26.208333,12.133545,318,1280,720,test,Arkansas,Arkansas::grade_separated_intersection,39,112,accident_time=5.208;type=single
a5_Q39h5LM4_00__pre_event_non_accident,/autodl-fs/data/traffic_accident_rnd/ACCIDENT_dataset/real_videos/a5_Q39h5LM4_00.mp4,ACCIDENT-real,single,non_accident,0,weak_clip_pre_event,26.208333,12.133545,318,1280,720,test,Arkansas,Arkansas::grade_separated_intersection,0,27,derived_pre_accident_until=2.208;weak_negative=true
OIbLSlLL47A_00__accident,/autodl-fs/data/traffic_accident_rnd/ACCIDENT_dataset/real_videos/OIbLSlLL47A_00.mp4,ACCIDENT-real,single,accident,1,weak_clip_event_window,29.916667,8.05571,241,1280,720,test,Arkansas,Arkansas::highway,18,66,accident_time=4.25;type=single
OIbLSlLL47A_00__pre_event_non_accident,/autodl-fs/data/traffic_accident_rnd/ACCIDENT_dataset/real_videos/OIbLSlLL47A_00.mp4,ACCIDENT-real,single,non_accident,0,weak_clip_pre_event,29.916667,8.05571,241,1280,720,test,Arkansas,Arkansas::highway,0,10,derived_pre_accident_until=1.250;weak_negative=true
AEzHgZ0xjlk_00__accident,/autodl-fs/data/traffic_accident_rnd/ACCIDENT_dataset/real_videos/AEzHgZ0xjlk_00.mp4,ACCIDENT-real,single,accident,1,weak_clip_event_window,30.291667,7.658872,232,1280,720,train,Arkansas,Arkansas::highway,86,132,accident_time=13.125;type=single
AEzHgZ0xjlk_00__pre_event_non_accident,/autodl-fs/data/traffic_accident_rnd/ACCIDENT_dataset/real_videos/AEzHgZ0xjlk_00.mp4,ACCIDENT-real,single,non_accident,0,weak_clip_pre_event,30.291667,7.658872,232,1280,720,train,Arkansas,Arkansas::highway,0,78,derived_pre_accident_until=10.125;weak_negative=true
Czp_f_DrRB8_00__accident,/autodl-fs/data/traffic_accident_rnd/ACCIDENT_dataset/real_videos/Czp_f_DrRB8_00.mp4,ACCIDENT-real,sideswipe,accident,1,weak_clip_event_window,30.0,8.0,240,1280,720,test,Arkansas,Arkansas::highway,71,119,accident_time=10.916666;type=sideswipe
Czp_f_DrRB8_00__pre_event_non_accident,/autodl-fs/data/traffic_accident_rnd/ACCIDENT_dataset/real_videos/Czp_f_DrRB8_00.mp4,ACCIDENT-real,sideswipe,non_accident,0,weak_clip_pre_event,30.0,8.0,240,1280,720,test,Arkansas,Arkansas::highway,0,63,derived_pre_accident_until=7.917;weak_negative=true
H6FXwjTkWYI_00__accident,/autodl-fs/data/traffic_accident_rnd/ACCIDENT_dataset/real_videos/H6FXwjTkWYI_00.mp4,ACCIDENT-real,single,accident,1,weak_clip_event_window,20.625,7.90303,163,1280,720,train,Arkansas,Arkansas::highway,48,96,accident_time=8.083333;type=single
H6FXwjTkWYI_00__pre_event_non_accident,/autodl-fs/data/traffic_accident_rnd/ACCIDENT_dataset/real_videos/H6FXwjTkWYI_00.mp4,ACCIDENT-real,single,non_accident,0,weak_clip_pre_event,20.625,7.90303,163,1280,720,train,Arkansas,Arkansas::highway,0,40,derived_pre_accident_until=5.083;weak_negative=true
XSgpMS9s9B8_00__accident,/autodl-fs/data/traffic_accident_rnd/ACCIDENT_dataset/real_videos/XSgpMS9s9B8_00.mp4,ACCIDENT-real,single,accident,1,weak_clip_event_window,5.9,14.915254,88,1440,1080,test,Arkansas,Arkansas::highway,10,88,accident_time=2.7;type=single
XSgpMS9s9B8_01__accident,/autodl-fs/data/traffic_accident_rnd/ACCIDENT_dataset/real_videos/XSgpMS9s9B8_01.mp4,ACCIDENT-real,single,accident,1,weak_clip_event_window,25.366667,14.388962,365,1440,1080,test,Arkansas,Arkansas::highway,0,85,accident_time=1.867;type=single
bCQ6OCJYKw0_00__accident,/autodl-fs/data/traffic_accident_rnd/ACCIDENT_dataset/real_videos/bCQ6OCJYKw0_00.mp4,ACCIDENT-real,single,accident,1,weak_clip_event_window,26.966667,20.061805,541,1920,1080,test,Arkansas,Arkansas::grade_separated_intersection,0,105,accident_time=1.2339999999999995;type=single
T4luKRj7Mhg_00__accident,/autodl-fs/data/traffic_accident_rnd/ACCIDENT_dataset/real_videos/T4luKRj7Mhg_00.mp4,ACCIDENT-real,single,accident,1,weak_clip_event_window,27.4,8.029197,220,1920,1080,train,Arkansas,Arkansas::highway,16,64,accident_time=4.0;type=single
T4luKRj7Mhg_00__pre_event_non_accident,/autodl-fs/data/traffic_accident_rnd/ACCIDENT_dataset/real_videos/T4luKRj7Mhg_00.mp4,ACCIDENT-real,single,non_accident,0,weak_clip_pre_event,27.4,8.029197,220,1920,1080,train,Arkansas,Arkansas::highway,0,8,derived_pre_accident_until=1.000;weak_negative=true
04O2SOGSG_U_00__accident,/autodl-fs/data/traffic_accident_rnd/ACCIDENT_dataset/real_videos/04O2SOGSG_U_00.mp4,ACCIDENT-real,rear-end,accident,1,weak_clip_event_window,6.25,8.0,50,1280,720,test,Arkansas,Arkansas::highway,1,49,accident_time=2.167;type=rear-end
0BHjx8wX7pc_00__accident,/autodl-fs/data/traffic_accident_rnd/ACCIDENT_dataset/real_videos/0BHjx8wX7pc_00.mp4,ACCIDENT-real,single,accident,1,weak_clip_event_window,30.0,7.833333,235,1280,720,test,Arkansas,Arkansas::highway,50,97,accident_time=8.375;type=single
0BHjx8wX7pc_00__pre_event_non_accident,/autodl-fs/data/traffic_accident_rnd/ACCIDENT_dataset/real_videos/0BHjx8wX7pc_00.mp4,ACCIDENT-real,single,non_accident,0,weak_clip_pre_event,30.0,7.833333,235,1280,720,test,Arkansas,Arkansas::highway,0,42,derived_pre_accident_until=5.375;weak_negative=true
sl2h_VexIkA_00__accident,/autodl-fs/data/traffic_accident_rnd/ACCIDENT_dataset/real_videos/sl2h_VexIkA_00.mp4,ACCIDENT-real,sideswipe,accident,1,weak_clip_event_window,30.166667,7.060773,213,1280,720,test,Arkansas,Arkansas::grade_separated_intersection,18,60,accident_time=4.583333;type=sideswipe
sl2h_VexIkA_00__pre_event_non_accident,/autodl-fs/data/traffic_accident_rnd/ACCIDENT_dataset/real_videos/sl2h_VexIkA_00.mp4,ACCIDENT-real,sideswipe,non_accident,0,weak_clip_pre_event,30.166667,7.060773,213,1280,720,test,Arkansas,Arkansas::grade_separated_intersection,0,11,derived_pre_accident_until=1.583;weak_negative=true
uPwNRl6V9i8_00__accident,/autodl-fs/data/traffic_accident_rnd/ACCIDENT_dataset/real_videos/uPwNRl6V9i8_00.mp4,ACCIDENT-real,single,accident,1,weak_clip_event_window,29.875,6.025105,180,1280,720,train,Arkansas,Arkansas::highway,19,55,accident_time=5.167;type=single
uPwNRl6V9i8_00__pre_event_non_accident,/autodl-fs/data/traffic_accident_rnd/ACCIDENT_dataset/real_videos/uPwNRl6V9i8_00.mp4,ACCIDENT-real,single,non_accident,0,weak_clip_pre_event,29.875,6.025105,180,1280,720,train,Arkansas,Arkansas::highway,0,13,derived_pre_accident_until=2.167;weak_negative=true
IcHtsAFIRjk_00__accident,/autodl-fs/data/traffic_accident_rnd/ACCIDENT_dataset/real_videos/IcHtsAFIRjk_00.mp4,ACCIDENT-real,single,accident,1,weak_clip_event_window,16.5,4.969697,82,1280,720,test,Arkansas,Arkansas::highway,35,65,accident_time=9.125;type=single
IcHtsAFIRjk_00__pre_event_non_accident,/autodl-fs/data/traffic_accident_rnd/ACCIDENT_dataset/real_videos/IcHtsAFIRjk_00.mp4,ACCIDENT-real,single,non_accident,0,weak_clip_pre_event,16.5,4.969697,82,1280,720,test,Arkansas,Arkansas::highway,0,30,derived_pre_accident_until=6.125;weak_negative=true
5lfIORCL5FA_00__accident,/autodl-fs/data/traffic_accident_rnd/ACCIDENT_dataset/real_videos/5lfIORCL5FA_00.mp4,ACCIDENT-real,rear-end,accident,1,weak_clip_event_window,29.958333,7.043115,211,1280,720,test,Arkansas,Arkansas::highway,31,73,accident_time=6.333333;type=rear-end
5lfIORCL5FA_00__pre_event_non_accident,/autodl-fs/data/traffic_accident_rnd/ACCIDENT_dataset/real_videos/5lfIORCL5FA_00.mp4,ACCIDENT-real,rear-end,non_accident,0,weak_clip_pre_event,29.958333,7.043115,211,1280,720,test,Arkansas,Arkansas::highway,0,23,derived_pre_accident_until=3.333;weak_negative=true
7EqwXtQkP1I_00__accident,/autodl-fs/data/traffic_accident_rnd/ACCIDENT_dataset/real_videos/7EqwXtQkP1I_00.mp4,ACCIDENT-real,single,accident,1,weak_clip_event_window,30.041667,7.988904,240,1280,720,test,Arkansas,Arkansas::highway,19,67,accident_time=4.333;type=single
7EqwXtQkP1I_00__pre_event_non_accident,/autodl-fs/data/traffic_accident_rnd/ACCIDENT_dataset/real_videos/7EqwXtQkP1I_00.mp4,ACCIDENT-real,single,non_accident,0,weak_clip_pre_event,30.041667,7.988904,240,1280,720,test,Arkansas,Arkansas::highway,0,11,derived_pre_accident_until=1.333;weak_negative=true
n0pXXp0cWWw_00__accident,/autodl-fs/data/traffic_accident_rnd/ACCIDENT_dataset/real_videos/n0pXXp0cWWw_00.mp4,ACCIDENT-real,single,accident,1,weak_clip_event_window,30.0,8.0,240,1280,720,test,Arkansas,Arkansas::highway,0,46,accident_time=1.792;type=single
KMUWUj13hFw_00__accident,/autodl-fs/data/traffic_accident_rnd/ACCIDENT_dataset/real_videos/KMUWUj13hFw_00.mp4,ACCIDENT-real,single,accident,1,weak_clip_event_window,30.041667,7.656033,230,1280,720,test,Arkansas,Arkansas::highway,31,77,accident_time=6.0;type=single
KMUWUj13hFw_00__pre_event_non_accident,/autodl-fs/data/traffic_accident_rnd/ACCIDENT_dataset/real_videos/KMUWUj13hFw_00.mp4,ACCIDENT-real,single,non_accident,0,weak_clip_pre_event,30.041667,7.656033,230,1280,720,test,Arkansas,Arkansas::highway,0,23,derived_pre_accident_until=3.000;weak_negative=true
8s8en2EJPzg_00__accident,/autodl-fs/data/traffic_accident_rnd/ACCIDENT_dataset/real_videos/8s8en2EJPzg_00.mp4,ACCIDENT-real,single,accident,1,weak_clip_event_window,30.0,8.0,240,1280,720,test,Arkansas,Arkansas::highway,46,94,accident_time=7.791666;type=single
8s8en2EJPzg_00__pre_event_non_accident,/autodl-fs/data/traffic_accident_rnd/ACCIDENT_dataset/real_videos/8s8en2EJPzg_00.mp4,ACCIDENT-real,single,non_accident,0,weak_clip_pre_event,30.0,8.0,240,1280,720,test,Arkansas,Arkansas::highway,0,38,derived_pre_accident_until=4.792;weak_negative=true
5Vhz1P2k8Ds_00__accident,/autodl-fs/data/traffic_accident_rnd/ACCIDENT_dataset/real_videos/5Vhz1P2k8Ds_00.mp4,ACCIDENT-real,single,accident,1,weak_clip_event_window,30.25,11.768595,356,1280,720,test,Arkansas,Arkansas::highway,144,215,accident_time=14.292;type=single
5Vhz1P2k8Ds_00__pre_event_non_accident,/autodl-fs/data/traffic_accident_rnd/ACCIDENT_dataset/real_videos/5Vhz1P2k8Ds_00.mp4,ACCIDENT-real,single,non_accident,0,weak_clip_pre_event,30.25,11.768595,356,1280,720,test,Arkansas,Arkansas::highway,0,133,derived_pre_accident_until=11.292;weak_negative=true
M1ooGq00a4w_00__accident,/autodl-fs/data/traffic_accident_rnd/ACCIDENT_dataset/real_videos/M1ooGq00a4w_00.mp4,ACCIDENT-real,single,accident,1,weak_clip_event_window,29.958333,8.011127,240,1280,720,test,Arkansas,Arkansas::highway,53,101,accident_time=8.625;type=single
M1ooGq00a4w_00__pre_event_non_accident,/autodl-fs/data/traffic_accident_rnd/ACCIDENT_dataset/real_videos/M1ooGq00a4w_00.mp4,ACCIDENT-real,single,non_accident,0,weak_clip_pre_event,29.958333,8.011127,240,1280,720,test,Arkansas,Arkansas::highway,0,45,derived_pre_accident_until=5.625;weak_negative=true
r30SzXochSk_00__accident,/autodl-fs/data/traffic_accident_rnd/ACCIDENT_dataset/real_videos/r30SzXochSk_00.mp4,ACCIDENT-real,single,accident,1,weak_clip_event_window,30.125,6.008299,181,1280,720,train,Arkansas,Arkansas::highway,48,84,accident_time=9.958;type=single
r30SzXochSk_00__pre_event_non_accident,/autodl-fs/data/traffic_accident_rnd/ACCIDENT_dataset/real_videos/r30SzXochSk_00.mp4,ACCIDENT-real,single,non_accident,0,weak_clip_pre_event,30.125,6.008299,181,1280,720,train,Arkansas,Arkansas::highway,0,42,derived_pre_accident_until=6.958;weak_negative=true
G84adP8TOLw_00__accident,/autodl-fs/data/traffic_accident_rnd/ACCIDENT_dataset/real_videos/G84adP8TOLw_00.mp4,ACCIDENT-real,single,accident,1,weak_clip_event_window,30.083333,7.977839,240,1280,720,test,Arkansas,Arkansas::highway,33,81,accident_time=6.083;type=single
G84adP8TOLw_00__pre_event_non_accident,/autodl-fs/data/traffic_accident_rnd/ACCIDENT_dataset/real_videos/G84adP8TOLw_00.mp4,ACCIDENT-real,single,non_accident,0,weak_clip_pre_event,30.083333,7.977839,240,1280,720,test,Arkansas,Arkansas::highway,0,25,derived_pre_accident_until=3.083;weak_negative=true
oXMCX36zERc_00__accident,/autodl-fs/data/traffic_accident_rnd/ACCIDENT_dataset/real_videos/oXMCX36zERc_00.mp4,ACCIDENT-real,single,accident,1,weak_clip_event_window,27.066667,8.017241,217,1920,1080,train,Arkansas,Arkansas::highway,62,110,accident_time=9.765999999999998;type=single
oXMCX36zERc_00__pre_event_non_accident,/autodl-fs/data/traffic_accident_rnd/ACCIDENT_dataset/real_videos/oXMCX36zERc_00.mp4,ACCIDENT-real,single,non_accident,0,weak_clip_pre_event,27.066667,8.017241,217,1920,1080,train,Arkansas,Arkansas::highway,0,54,derived_pre_accident_until=6.766;weak_negative=true
2wUrP2wgXhs_00__accident,/autodl-fs/data/traffic_accident_rnd/ACCIDENT_dataset/real_videos/2wUrP2wgXhs_00.mp4,ACCIDENT-real,sideswipe,accident,1,weak_clip_event_window,13.133333,7.994924,105,1920,1080,test,Arkansas,Arkansas::highway,46,94,accident_time=7.8;type=sideswipe
2wUrP2wgXhs_00__pre_event_non_accident,/autodl-fs/data/traffic_accident_rnd/ACCIDENT_dataset/real_videos/2wUrP2wgXhs_00.mp4,ACCIDENT-real,sideswipe,non_accident,0,weak_clip_pre_event,13.133333,7.994924,105,1920,1080,test,Arkansas,Arkansas::highway,0,38,derived_pre_accident_until=4.800;weak_negative=true
5K9ZZNwt9Fw_00__accident,/autodl-fs/data/traffic_accident_rnd/ACCIDENT_dataset/real_videos/5K9ZZNwt9Fw_00.mp4,ACCIDENT-real,single,accident,1,weak_clip_event_window,30.133333,7.964602,240,1920,1080,test,Arkansas,Arkansas::highway,43,91,accident_time=7.367;type=single
5K9ZZNwt9Fw_00__pre_event_non_accident,/autodl-fs/data/traffic_accident_rnd/ACCIDENT_dataset/real_videos/5K9ZZNwt9Fw_00.mp4,ACCIDENT-real,single,non_accident,0,weak_clip_pre_event,30.133333,7.964602,240,1920,1080,test,Arkansas,Arkansas::highway,0,35,derived_pre_accident_until=4.367;weak_negative=true
i3WeiV3H_aQ_00__accident,/autodl-fs/data/traffic_accident_rnd/ACCIDENT_dataset/real_videos/i3WeiV3H_aQ_00.mp4,ACCIDENT-real,single,accident,1,weak_clip_event_window,30.0,8.0,240,1920,1080,test,Arkansas,Arkansas::highway,21,69,accident_time=4.667;type=single
i3WeiV3H_aQ_00__pre_event_non_accident,/autodl-fs/data/traffic_accident_rnd/ACCIDENT_dataset/real_videos/i3WeiV3H_aQ_00.mp4,ACCIDENT-real,single,non_accident,0,weak_clip_pre_event,30.0,8.0,240,1920,1080,test,Arkansas,Arkansas::highway,0,13,derived_pre_accident_until=1.667;weak_negative=true
aPXUOJ6X43E_00__accident,/autodl-fs/data/traffic_accident_rnd/ACCIDENT_dataset/real_videos/aPXUOJ6X43E_00.mp4,ACCIDENT-real,single,accident,1,weak_clip_event_window,10.5,10.571429,111,1280,720,train,Arkansas,Arkansas::highway,29,92,accident_time=4.708;type=single
aPXUOJ6X43E_00__pre_event_non_accident,/autodl-fs/data/traffic_accident_rnd/ACCIDENT_dataset/real_videos/aPXUOJ6X43E_00.mp4,ACCIDENT-real,single,non_accident,0,weak_clip_pre_event,10.5,10.571429,111,1280,720,train,Arkansas,Arkansas::highway,0,18,derived_pre_accident_until=1.708;weak_negative=true
KIAzlkbMog4_00__accident,/autodl-fs/data/traffic_accident_rnd/ACCIDENT_dataset/real_videos/KIAzlkbMog4_00.mp4,ACCIDENT-real,rear-end,accident,1,weak_clip_event_window,30.333333,12.626374,383,1280,720,test,Arkansas,Arkansas::highway,77,153,accident_time=8.083;type=rear-end
KIAzlkbMog4_00__pre_event_non_accident,/autodl-fs/data/traffic_accident_rnd/ACCIDENT_dataset/real_videos/KIAzlkbMog4_00.mp4,ACCIDENT-real,rear-end,non_accident,0,weak_clip_pre_event,30.333333,12.626374,383,1280,720,test,Arkansas,Arkansas::highway,0,64,derived_pre_accident_until=5.083;weak_negative=true
o45cTuevkJ8_00__accident,/autodl-fs/data/traffic_accident_rnd/ACCIDENT_dataset/real_videos/o45cTuevkJ8_00.mp4,ACCIDENT-real,single,accident,1,weak_clip_event_window,30.083333,8.110803,244,1280,720,train,Arkansas,Arkansas::highway,7,55,accident_time=2.833;type=single
a9U54ImNK2M_00__accident,/autodl-fs/data/traffic_accident_rnd/ACCIDENT_dataset/real_videos/a9U54ImNK2M_00.mp4,ACCIDENT-real,single,accident,1,weak_clip_event_window,27.791667,5.973013,166,1280,720,test,Arkansas,Arkansas::highway,22,58,accident_time=5.625;type=single
a9U54ImNK2M_00__pre_event_non_accident,/autodl-fs/data/traffic_accident_rnd/ACCIDENT_dataset/real_videos/a9U54ImNK2M_00.mp4,ACCIDENT-real,single,non_accident,0,weak_clip_pre_event,27.791667,5.973013,166,1280,720,test,Arkansas,Arkansas::highway,0,16,derived_pre_accident_until=2.625;weak_negative=true
oPdIw4WJ6ZU_00__accident,/autodl-fs/data/traffic_accident_rnd/ACCIDENT_dataset/real_videos/oPdIw4WJ6ZU_00.mp4,ACCIDENT-real,sideswipe,accident,1,weak_clip_event_window,10.166667,7.868852,80,1280,720,test,Arkansas,Arkansas::highway,35,80,accident_time=6.5;type=sideswipe
oPdIw4WJ6ZU_00__pre_event_non_accident,/autodl-fs/data/traffic_accident_rnd/ACCIDENT_dataset/real_videos/oPdIw4WJ6ZU_00.mp4,ACCIDENT-real,sideswipe,non_accident,0,weak_clip_pre_event,10.166667,7.868852,80,1280,720,test,Arkansas,Arkansas::highway,0,28,derived_pre_accident_until=3.500;weak_negative=true
91DHD6SEyVU_00__accident,/autodl-fs/data/traffic_accident_rnd/ACCIDENT_dataset/real_videos/91DHD6SEyVU_00.mp4,ACCIDENT-real,single,accident,1,weak_clip_event_window,29.916667,7.721448,231,1280,720,test,Arkansas,Arkansas::highway,11,57,accident_time=3.375;type=single
kOOstkWDxz0_00__accident,/autodl-fs/data/traffic_accident_rnd/ACCIDENT_dataset/real_videos/kOOstkWDxz0_00.mp4,ACCIDENT-real,single,accident,1,weak_clip_event_window,30.125,7.73444,233,1280,720,train,Arkansas,Arkansas::highway,54,100,accident_time=8.917;type=single
kOOstkWDxz0_00__pre_event_non_accident,/autodl-fs/data/traffic_accident_rnd/ACCIDENT_dataset/real_videos/kOOstkWDxz0_00.mp4,ACCIDENT-real,single,non_accident,0,weak_clip_pre_event,30.125,7.73444,233,1280,720,train,Arkansas,Arkansas::highway,0,46,derived_pre_accident_until=5.917;weak_negative=true
mEQxozTl1S4_00__accident,/autodl-fs/data/traffic_accident_rnd/ACCIDENT_dataset/real_videos/mEQxozTl1S4_00.mp4,ACCIDENT-real,rear-end,accident,1,weak_clip_event_window,22.2,8.063063,179,1920,1080,test,Arkansas,Arkansas::grade_separated_intersection,10,58,accident_time=3.266;type=rear-end
mlv_VGdtang_00__accident,/autodl-fs/data/traffic_accident_rnd/ACCIDENT_dataset/real_videos/mlv_VGdtang_00.mp4,ACCIDENT-real,single,accident,1,weak_clip_event_window,16.2,7.962963,129,1920,1080,train,Arkansas,Arkansas::highway,81,129,accident_time=12.133;type=single
mlv_VGdtang_00__pre_event_non_accident,/autodl-fs/data/traffic_accident_rnd/ACCIDENT_dataset/real_videos/mlv_VGdtang_00.mp4,ACCIDENT-real,single,non_accident,0,weak_clip_pre_event,16.2,7.962963,129,1920,1080,train,Arkansas,Arkansas::highway,0,73,derived_pre_accident_until=9.133;weak_negative=true
UrmfisD-cpk_00__accident,/autodl-fs/data/traffic_accident_rnd/ACCIDENT_dataset/real_videos/UrmfisD-cpk_00.mp4,ACCIDENT-real,rear-end,accident,1,weak_clip_event_window,30.041667,7.955617,239,1280,720,test,Arkansas,Arkansas::highway,50,98,accident_time=8.25;type=rear-end
UrmfisD-cpk_00__pre_event_non_accident,/autodl-fs/data/traffic_accident_rnd/ACCIDENT_dataset/real_videos/UrmfisD-cpk_00.mp4,ACCIDENT-real,rear-end,non_accident,0,weak_clip_pre_event,30.041667,7.955617,239,1280,720,test,Arkansas,Arkansas::highway,0,42,derived_pre_accident_until=5.250;weak_negative=true
g59nWt3t9ZM_00__accident,/autodl-fs/data/traffic_accident_rnd/ACCIDENT_dataset/real_videos/g59nWt3t9ZM_00.mp4,ACCIDENT-real,single,accident,1,weak_clip_event_window,7.5,5.733333,43,1280,720,train,Arkansas,Arkansas::highway,2,36,accident_time=2.25;type=single
8i0FSER7SuE_00__accident,/autodl-fs/data/traffic_accident_rnd/ACCIDENT_dataset/real_videos/8i0FSER7SuE_00.mp4,ACCIDENT-real,head-on,accident,1,weak_clip_event_window,30.0,8.0,240,1280,720,test,Arkansas,Arkansas::highway,11,59,accident_time=3.417;type=head-on
LMr2EuxQ1IY_00__accident,/autodl-fs/data/traffic_accident_rnd/ACCIDENT_dataset/real_videos/LMr2EuxQ1IY_00.mp4,ACCIDENT-real,single,accident,1,weak_clip_event_window,30.208333,16.154483,488,1280,720,test,Arkansas,Arkansas::highway,133,230,accident_time=10.208;type=single
LMr2EuxQ1IY_00__pre_event_non_accident,/autodl-fs/data/traffic_accident_rnd/ACCIDENT_dataset/real_videos/LMr2EuxQ1IY_00.mp4,ACCIDENT-real,single,non_accident,0,weak_clip_pre_event,30.208333,16.154483,488,1280,720,test,Arkansas,Arkansas::highway,0,116,derived_pre_accident_until=7.208;weak_negative=true
HxxaCH818LI_00__accident,/autodl-fs/data/traffic_accident_rnd/ACCIDENT_dataset/real_videos/HxxaCH818LI_00.mp4,ACCIDENT-real,single,accident,1,weak_clip_event_window,30.133333,7.964602,240,1920,1080,train,Arkansas,Arkansas::highway,31,79,accident_time=5.867;type=single
HxxaCH818LI_00__pre_event_non_accident,/autodl-fs/data/traffic_accident_rnd/ACCIDENT_dataset/real_videos/HxxaCH818LI_00.mp4,ACCIDENT-real,single,non_accident,0,weak_clip_pre_event,30.133333,7.964602,240,1920,1080,train,Arkansas,Arkansas::highway,0,23,derived_pre_accident_until=2.867;weak_negative=true
SUK79gpopL0_00__accident,/autodl-fs/data/traffic_accident_rnd/ACCIDENT_dataset/real_videos/SUK79gpopL0_00.mp4,ACCIDENT-real,single,accident,1,weak_clip_event_window,30.185371,7.984,241,1280,720,test,Arkansas,Arkansas::highway,201,241,accident_time=27.179;type=single
SUK79gpopL0_00__pre_event_non_accident,/autodl-fs/data/traffic_accident_rnd/ACCIDENT_dataset/real_videos/SUK79gpopL0_00.mp4,ACCIDENT-real,single,non_accident,0,weak_clip_pre_event,30.185371,7.984,241,1280,720,test,Arkansas,Arkansas::highway,0,193,derived_pre_accident_until=24.179;weak_negative=true
uAmblqScf8Q_00__accident,/autodl-fs/data/traffic_accident_rnd/ACCIDENT_dataset/real_videos/uAmblqScf8Q_00.mp4,ACCIDENT-real,single,accident,1,weak_clip_event_window,30.25,19.206612,581,1280,720,test,Arkansas,Arkansas::highway,33,148,accident_time=3.708;type=single
7dMxFaTmaBs_00__accident,/autodl-fs/data/traffic_accident_rnd/ACCIDENT_dataset/real_videos/7dMxFaTmaBs_00.mp4,ACCIDENT-real,t-bone,accident,1,weak_clip_event_window,24.4,8.032787,196,1920,1080,test,Arkansas,Arkansas::highway,35,83,accident_time=6.366;type=t-bone
7dMxFaTmaBs_00__pre_event_non_accident,/autodl-fs/data/traffic_accident_rnd/ACCIDENT_dataset/real_videos/7dMxFaTmaBs_00.mp4,ACCIDENT-real,t-bone,non_accident,0,weak_clip_pre_event,24.4,8.032787,196,1920,1080,test,Arkansas,Arkansas::highway,0,27,derived_pre_accident_until=3.366;weak_negative=true
LZY4HepPGu0_00__accident,/autodl-fs/data/traffic_accident_rnd/ACCIDENT_dataset/real_videos/LZY4HepPGu0_00.mp4,ACCIDENT-real,single,accident,1,weak_clip_event_window,30.25,7.933884,240,1280,720,test,Arkansas,Arkansas::highway,22,70,accident_time=4.833333;type=single
LZY4HepPGu0_00__pre_event_non_accident,/autodl-fs/data/traffic_accident_rnd/ACCIDENT_dataset/real_videos/LZY4HepPGu0_00.mp4,ACCIDENT-real,single,non_accident,0,weak_clip_pre_event,30.25,7.933884,240,1280,720,test,Arkansas,Arkansas::highway,0,15,derived_pre_accident_until=1.833;weak_negative=true
adNfN1i5mXs_00__accident,/autodl-fs/data/traffic_accident_rnd/ACCIDENT_dataset/real_videos/adNfN1i5mXs_00.mp4,ACCIDENT-real,sideswipe,accident,1,weak_clip_event_window,11.0,8.0,88,1920,1080,test,Arkansas,Arkansas::highway,32,80,accident_time=6.033;type=sideswipe
adNfN1i5mXs_00__pre_event_non_accident,/autodl-fs/data/traffic_accident_rnd/ACCIDENT_dataset/real_videos/adNfN1i5mXs_00.mp4,ACCIDENT-real,sideswipe,non_accident,0,weak_clip_pre_event,11.0,8.0,88,1920,1080,test,Arkansas,Arkansas::highway,0,24,derived_pre_accident_until=3.033;weak_negative=true
3N9sKQIYMy4_00__accident,/autodl-fs/data/traffic_accident_rnd/ACCIDENT_dataset/real_videos/3N9sKQIYMy4_00.mp4,ACCIDENT-real,single,accident,1,weak_clip_event_window,14.333333,8.023256,115,1280,720,test,Arkansas,Arkansas::highway,26,74,accident_time=5.25;type=single
3N9sKQIYMy4_00__pre_event_non_accident,/autodl-fs/data/traffic_accident_rnd/ACCIDENT_dataset/real_videos/3N9sKQIYMy4_00.mp4,ACCIDENT-real,single,non_accident,0,weak_clip_pre_event,14.333333,8.023256,115,1280,720,test,Arkansas,Arkansas::highway,0,18,derived_pre_accident_until=2.250;weak_negative=true
yxdh-n8LgyY_00__accident,/autodl-fs/data/traffic_accident_rnd/ACCIDENT_dataset/real_videos/yxdh-n8LgyY_00.mp4,ACCIDENT-real,single,accident,1,weak_clip_event_window,30.041667,8.022191,241,1280,720,train,Arkansas,Arkansas::highway,20,68,accident_time=4.458;type=single
yxdh-n8LgyY_00__pre_event_non_accident,/autodl-fs/data/traffic_accident_rnd/ACCIDENT_dataset/real_videos/yxdh-n8LgyY_00.mp4,ACCIDENT-real,single,non_accident,0,weak_clip_pre_event,30.041667,8.022191,241,1280,720,train,Arkansas,Arkansas::highway,0,12,derived_pre_accident_until=1.458;weak_negative=true
LmWvBPSBxNE_00__accident,/autodl-fs/data/traffic_accident_rnd/ACCIDENT_dataset/real_videos/LmWvBPSBxNE_00.mp4,ACCIDENT-real,single,accident,1,weak_clip_event_window,29.958333,5.006954,150,1280,720,train,Arkansas,Arkansas::highway,10,40,accident_time=4.042;type=single
LmWvBPSBxNE_00__pre_event_non_accident,/autodl-fs/data/traffic_accident_rnd/ACCIDENT_dataset/real_videos/LmWvBPSBxNE_00.mp4,ACCIDENT-real,single,non_accident,0,weak_clip_pre_event,29.958333,5.006954,150,1280,720,train,Arkansas,Arkansas::highway,0,5,derived_pre_accident_until=1.042;weak_negative=true
SFQKAmwf-3g_00__accident,/autodl-fs/data/traffic_accident_rnd/ACCIDENT_dataset/real_videos/SFQKAmwf-3g_00.mp4,ACCIDENT-real,single,accident,1,weak_clip_event_window,30.0,6.0,180,1280,720,test,Arkansas,Arkansas::highway,22,58,accident_time=5.708333;type=single
SFQKAmwf-3g_00__pre_event_non_accident,/autodl-fs/data/traffic_accident_rnd/ACCIDENT_dataset/real_videos/SFQKAmwf-3g_00.mp4,ACCIDENT-real,single,non_accident,0,weak_clip_pre_event,30.0,6.0,180,1280,720,test,Arkansas,Arkansas::highway,0,16,derived_pre_accident_until=2.708;weak_negative=true
ITahkTaWzyQ_00__accident,/autodl-fs/data/traffic_accident_rnd/ACCIDENT_dataset/real_videos/ITahkTaWzyQ_00.mp4,ACCIDENT-real,sideswipe,accident,1,weak_clip_event_window,30.208333,17.511724,529,1280,720,test,Arkansas,Arkansas::highway,66,171,accident_time=5.792;type=sideswipe
ITahkTaWzyQ_00__pre_event_non_accident,/autodl-fs/data/traffic_accident_rnd/ACCIDENT_dataset/real_videos/ITahkTaWzyQ_00.mp4,ACCIDENT-real,sideswipe,non_accident,0,weak_clip_pre_event,30.208333,17.511724,529,1280,720,test,Arkansas,Arkansas::highway,0,49,derived_pre_accident_until=2.792;weak_negative=true
XBOz63PuSvE_00__accident,/autodl-fs/data/traffic_accident_rnd/ACCIDENT_dataset/real_videos/XBOz63PuSvE_00.mp4,ACCIDENT-real,single,accident,1,weak_clip_event_window,30.0,8.0,240,1280,720,test,Arkansas,Arkansas::highway,47,95,accident_time=7.916666;type=single
XBOz63PuSvE_00__pre_event_non_accident,/autodl-fs/data/traffic_accident_rnd/ACCIDENT_dataset/real_videos/XBOz63PuSvE_00.mp4,ACCIDENT-real,single,non_accident,0,weak_clip_pre_event,30.0,8.0,240,1280,720,test,Arkansas,Arkansas::highway,0,39,derived_pre_accident_until=4.917;weak_negative=true
xrQ3mx08clM_00__accident,/autodl-fs/data/traffic_accident_rnd/ACCIDENT_dataset/real_videos/xrQ3mx08clM_00.mp4,ACCIDENT-real,single,accident,1,weak_clip_event_window,30.25,14.016529,424,1280,720,test,Arkansas,Arkansas::highway,54,138,accident_time=5.875;type=single
xrQ3mx08clM_00__pre_event_non_accident,/autodl-fs/data/traffic_accident_rnd/ACCIDENT_dataset/real_videos/xrQ3mx08clM_00.mp4,ACCIDENT-real,single,non_accident,0,weak_clip_pre_event,30.25,14.016529,424,1280,720,test,Arkansas,Arkansas::highway,0,40,derived_pre_accident_until=2.875;weak_negative=true
MA3KBCQu9eY_00__accident,/autodl-fs/data/traffic_accident_rnd/ACCIDENT_dataset/real_videos/MA3KBCQu9eY_00.mp4,ACCIDENT-real,single,accident,1,weak_clip_event_window,30.133333,7.964602,240,1920,1080,train,Arkansas,Arkansas::highway,97,145,accident_time=14.233;type=single
MA3KBCQu9eY_00__pre_event_non_accident,/autodl-fs/data/traffic_accident_rnd/ACCIDENT_dataset/real_videos/MA3KBCQu9eY_00.mp4,ACCIDENT-real,single,non_accident,0,weak_clip_pre_event,30.133333,7.964602,240,1920,1080,train,Arkansas,Arkansas::highway,0,89,derived_pre_accident_until=11.233;weak_negative=true
9K5XWxsJleU_00__accident,/autodl-fs/data/traffic_accident_rnd/ACCIDENT_dataset/real_videos/9K5XWxsJleU_00.mp4,ACCIDENT-real,single,accident,1,weak_clip_event_window,30.0,8.0,240,1280,720,test,Arkansas,Arkansas::highway,48,96,accident_time=8.041666;type=single
9K5XWxsJleU_00__pre_event_non_accident,/autodl-fs/data/traffic_accident_rnd/ACCIDENT_dataset/real_videos/9K5XWxsJleU_00.mp4,ACCIDENT-real,single,non_accident,0,weak_clip_pre_event,30.0,8.0,240,1280,720,test,Arkansas,Arkansas::highway,0,40,derived_pre_accident_until=5.042;weak_negative=true
6nM9m2VkeYk_00__accident,/autodl-fs/data/traffic_accident_rnd/ACCIDENT_dataset/real_videos/6nM9m2VkeYk_00.mp4,ACCIDENT-real,single,accident,1,weak_clip_event_window,10.791667,7.876448,85,1280,720,test,Arkansas,Arkansas::highway,37,85,accident_time=6.708333;type=single
6nM9m2VkeYk_00__pre_event_non_accident,/autodl-fs/data/traffic_accident_rnd/ACCIDENT_dataset/real_videos/6nM9m2VkeYk_00.mp4,ACCIDENT-real,single,non_accident,0,weak_clip_pre_event,10.791667,7.876448,85,1280,720,test,Arkansas,Arkansas::highway,0,29,derived_pre_accident_until=3.708;weak_negative=true
4EJgJ6IcI9E_00__accident,/autodl-fs/data/traffic_accident_rnd/ACCIDENT_dataset/real_videos/4EJgJ6IcI9E_00.mp4,ACCIDENT-real,single,accident,1,weak_clip_event_window,30.125,10.622407,320,1280,720,test,Arkansas,Arkansas::highway,48,111,accident_time=6.458;type=single
4EJgJ6IcI9E_00__pre_event_non_accident,/autodl-fs/data/traffic_accident_rnd/ACCIDENT_dataset/real_videos/4EJgJ6IcI9E_00.mp4,ACCIDENT-real,single,non_accident,0,weak_clip_pre_event,30.125,10.622407,320,1280,720,test,Arkansas,Arkansas::highway,0,37,derived_pre_accident_until=3.458;weak_negative=true
X-S19mWQG9s_00__accident,/autodl-fs/data/traffic_accident_rnd/ACCIDENT_dataset/real_videos/X-S19mWQG9s_00.mp4,ACCIDENT-real,single,accident,1,weak_clip_event_window,6.666667,8.25,55,1280,720,test,Arkansas,Arkansas::grade_separated_intersection,0,41,accident_time=0.9160000000000004;type=single
nGHp5y9P0Ic_00__accident,/autodl-fs/data/traffic_accident_rnd/ACCIDENT_dataset/real_videos/nGHp5y9P0Ic_00.mp4,ACCIDENT-real,single,accident,1,weak_clip_event_window,30.291667,10.729023,325,1280,720,test,Arkansas,Arkansas::highway,23,87,accident_time=4.125;type=single
nGHp5y9P0Ic_00__pre_event_non_accident,/autodl-fs/data/traffic_accident_rnd/ACCIDENT_dataset/real_videos/nGHp5y9P0Ic_00.mp4,ACCIDENT-real,single,non_accident,0,weak_clip_pre_event,30.291667,10.729023,325,1280,720,test,Arkansas,Arkansas::highway,0,12,derived_pre_accident_until=1.125;weak_negative=true
9u2VbfYpcBw_00__accident,/autodl-fs/data/traffic_accident_rnd/ACCIDENT_dataset/real_videos/9u2VbfYpcBw_00.mp4,ACCIDENT-real,single,accident,1,weak_clip_event_window,30.208333,8.54069,258,1280,720,test,Arkansas,Arkansas::highway,13,64,accident_time=3.542;type=single
og42C5ewnRY_00__accident,/autodl-fs/data/traffic_accident_rnd/ACCIDENT_dataset/real_videos/og42C5ewnRY_00.mp4,ACCIDENT-real,single,accident,1,weak_clip_event_window,30.066667,7.982262,240,1920,1080,test,Tennessee,Tennessee::highway,64,112,accident_time=10.067;type=single
og42C5ewnRY_00__pre_event_non_accident,/autodl-fs/data/traffic_accident_rnd/ACCIDENT_dataset/real_videos/og42C5ewnRY_00.mp4,ACCIDENT-real,single,non_accident,0,weak_clip_pre_event,30.066667,7.982262,240,1920,1080,test,Tennessee,Tennessee::highway,0,56,derived_pre_accident_until=7.067;weak_negative=true
Yllfxm5QxVE_00__accident,/autodl-fs/data/traffic_accident_rnd/ACCIDENT_dataset/real_videos/Yllfxm5QxVE_00.mp4,ACCIDENT-real,single,accident,1,weak_clip_event_window,30.0,7.633333,229,1920,1080,train,Arkansas,Arkansas::highway,43,89,accident_time=7.6;type=single
Yllfxm5QxVE_00__pre_event_non_accident,/autodl-fs/data/traffic_accident_rnd/ACCIDENT_dataset/real_videos/Yllfxm5QxVE_00.mp4,ACCIDENT-real,single,non_accident,0,weak_clip_pre_event,30.0,7.633333,229,1920,1080,train,Arkansas,Arkansas::highway,0,35,derived_pre_accident_until=4.600;weak_negative=true
RBriQvW6fa4_00__accident,/autodl-fs/data/traffic_accident_rnd/ACCIDENT_dataset/real_videos/RBriQvW6fa4_00.mp4,ACCIDENT-real,single,accident,1,weak_clip_event_window,30.083333,7.977839,240,1280,720,test,Arkansas,Arkansas::grade_separated_intersection,44,92,accident_time=7.542;type=single
RBriQvW6fa4_00__pre_event_non_accident,/autodl-fs/data/traffic_accident_rnd/ACCIDENT_dataset/real_videos/RBriQvW6fa4_00.mp4,ACCIDENT-real,single,non_accident,0,weak_clip_pre_event,30.083333,7.977839,240,1280,720,test,Arkansas,Arkansas::grade_separated_intersection,0,36,derived_pre_accident_until=4.542;weak_negative=true
p7GtPUgji9w_00__accident,/autodl-fs/data/traffic_accident_rnd/ACCIDENT_dataset/real_videos/p7GtPUgji9w_00.mp4,ACCIDENT-real,single,accident,1,weak_clip_event_window,30.083333,7.977839,240,1280,720,test,Arkansas,Arkansas::grade_separated_intersection,8,56,accident_time=2.958;type=single
1AfecaLCueU_00__accident,/autodl-fs/data/traffic_accident_rnd/ACCIDENT_dataset/real_videos/1AfecaLCueU_00.mp4,ACCIDENT-real,single,accident,1,weak_clip_event_window,30.083333,7.745152,233,1280,720,test,Arkansas,Arkansas::highway,78,124,accident_time=12.0;type=single
1AfecaLCueU_00__pre_event_non_accident,/autodl-fs/data/traffic_accident_rnd/ACCIDENT_dataset/real_videos/1AfecaLCueU_00.mp4,ACCIDENT-real,single,non_accident,0,weak_clip_pre_event,30.083333,7.745152,233,1280,720,test,Arkansas,Arkansas::highway,0,70,derived_pre_accident_until=9.000;weak_negative=true
tB1MoGqqKsA_00__accident,/autodl-fs/data/traffic_accident_rnd/ACCIDENT_dataset/real_videos/tB1MoGqqKsA_00.mp4,ACCIDENT-real,single,accident,1,weak_clip_event_window,29.916667,8.022284,240,1280,720,test,Arkansas,Arkansas::highway,41,89,accident_time=7.125;type=single
tB1MoGqqKsA_00__pre_event_non_accident,/autodl-fs/data/traffic_accident_rnd/ACCIDENT_dataset/real_videos/tB1MoGqqKsA_00.mp4,ACCIDENT-real,single,non_accident,0,weak_clip_pre_event,29.916667,8.022284,240,1280,720,test,Arkansas,Arkansas::highway,0,33,derived_pre_accident_until=4.125;weak_negative=true
O_WaBEjEV2Y_00__accident,/autodl-fs/data/traffic_accident_rnd/ACCIDENT_dataset/real_videos/O_WaBEjEV2Y_00.mp4,ACCIDENT-real,single,accident,1,weak_clip_event_window,30.041667,8.022191,241,1280,720,test,Arkansas,Arkansas::highway,68,116,accident_time=10.5;type=single
O_WaBEjEV2Y_00__pre_event_non_accident,/autodl-fs/data/traffic_accident_rnd/ACCIDENT_dataset/real_videos/O_WaBEjEV2Y_00.mp4,ACCIDENT-real,single,non_accident,0,weak_clip_pre_event,30.041667,8.022191,241,1280,720,test,Arkansas,Arkansas::highway,0,60,derived_pre_accident_until=7.500;weak_negative=true
snZGxCZ7vFM_00__accident,/autodl-fs/data/traffic_accident_rnd/ACCIDENT_dataset/real_videos/snZGxCZ7vFM_00.mp4,ACCIDENT-real,rear-end,accident,1,weak_clip_event_window,20.916667,7.410359,155,1280,720,test,Arkansas,Arkansas::highway,115,155,accident_time=17.5;type=rear-end
snZGxCZ7vFM_00__pre_event_non_accident,/autodl-fs/data/traffic_accident_rnd/ACCIDENT_dataset/real_videos/snZGxCZ7vFM_00.mp4,ACCIDENT-real,rear-end,non_accident,0,weak_clip_pre_event,20.916667,7.410359,155,1280,720,test,Arkansas,Arkansas::highway,0,107,derived_pre_accident_until=14.500;weak_negative=true
J80rwyEvSlY_00__accident,/autodl-fs/data/traffic_accident_rnd/ACCIDENT_dataset/real_videos/J80rwyEvSlY_00.mp4,ACCIDENT-real,rear-end,accident,1,weak_clip_event_window,30.133333,7.732301,233,1920,1080,test,Arkansas,Arkansas::highway,36,82,accident_time=6.533;type=rear-end
J80rwyEvSlY_00__pre_event_non_accident,/autodl-fs/data/traffic_accident_rnd/ACCIDENT_dataset/real_videos/J80rwyEvSlY_00.mp4,ACCIDENT-real,rear-end,non_accident,0,weak_clip_pre_event,30.133333,7.732301,233,1920,1080,test,Arkansas,Arkansas::highway,0,27,derived_pre_accident_until=3.533;weak_negative=true
vbIXlHZnRo4_00__accident,/autodl-fs/data/traffic_accident_rnd/ACCIDENT_dataset/real_videos/vbIXlHZnRo4_00.mp4,ACCIDENT-real,single,accident,1,weak_clip_event_window,30.2,7.94702,240,1920,1080,test,Arkansas,Arkansas::highway,50,98,accident_time=8.267;type=single
vbIXlHZnRo4_00__pre_event_non_accident,/autodl-fs/data/traffic_accident_rnd/ACCIDENT_dataset/real_videos/vbIXlHZnRo4_00.mp4,ACCIDENT-real,single,non_accident,0,weak_clip_pre_event,30.2,7.94702,240,1920,1080,test,Arkansas,Arkansas::highway,0,42,derived_pre_accident_until=5.267;weak_negative=true
YigXRe0SDos_00__accident,/autodl-fs/data/traffic_accident_rnd/ACCIDENT_dataset/real_videos/YigXRe0SDos_00.mp4,ACCIDENT-real,t-bone,accident,1,weak_clip_event_window,11.533333,7.890173,91,1920,1080,test,Arkansas,Arkansas::highway,52,91,accident_time=8.633;type=t-bone
YigXRe0SDos_00__pre_event_non_accident,/autodl-fs/data/traffic_accident_rnd/ACCIDENT_dataset/real_videos/YigXRe0SDos_00.mp4,ACCIDENT-real,t-bone,non_accident,0,weak_clip_pre_event,11.533333,7.890173,91,1920,1080,test,Arkansas,Arkansas::highway,0,44,derived_pre_accident_until=5.633;weak_negative=true
8h2Xq-MfXPE_00__accident,/autodl-fs/data/traffic_accident_rnd/ACCIDENT_dataset/real_videos/8h2Xq-MfXPE_00.mp4,ACCIDENT-real,single,accident,1,weak_clip_event_window,30.2,7.980132,241,1920,1080,test,Arkansas,Arkansas::highway,103,151,accident_time=14.967;type=single
8h2Xq-MfXPE_00__pre_event_non_accident,/autodl-fs/data/traffic_accident_rnd/ACCIDENT_dataset/real_videos/8h2Xq-MfXPE_00.mp4,ACCIDENT-real,single,non_accident,0,weak_clip_pre_event,30.2,7.980132,241,1920,1080,test,Arkansas,Arkansas::highway,0,95,derived_pre_accident_until=11.967;weak_negative=true
KQ1M-32l-E0_00__accident,/autodl-fs/data/traffic_accident_rnd/ACCIDENT_dataset/real_videos/KQ1M-32l-E0_00.mp4,ACCIDENT-real,rear-end,accident,1,weak_clip_event_window,4.25,8.941176,38,1280,720,test,Arkansas,Arkansas::highway,0,38,accident_time=2.0416659999999993;type=rear-end
NpV7pI8k-SQ_00__accident,/autodl-fs/data/traffic_accident_rnd/ACCIDENT_dataset/real_videos/NpV7pI8k-SQ_00.mp4,ACCIDENT-real,single,accident,1,weak_clip_event_window,30.066667,7.982262,240,1920,1080,test,Arkansas,Arkansas::highway,26,74,accident_time=5.2;type=single
NpV7pI8k-SQ_00__pre_event_non_accident,/autodl-fs/data/traffic_accident_rnd/ACCIDENT_dataset/real_videos/NpV7pI8k-SQ_00.mp4,ACCIDENT-real,single,non_accident,0,weak_clip_pre_event,30.066667,7.982262,240,1920,1080,test,Arkansas,Arkansas::highway,0,18,derived_pre_accident_until=2.200;weak_negative=true
2xyiKlvOZUQ_00__accident,/autodl-fs/data/traffic_accident_rnd/ACCIDENT_dataset/real_videos/2xyiKlvOZUQ_00.mp4,ACCIDENT-real,single,accident,1,weak_clip_event_window,29.916667,8.022284,240,1280,720,test,Arkansas,Arkansas::highway,4,52,accident_time=2.542;type=single
WA6hL9bRnNs_00__accident,/autodl-fs/data/traffic_accident_rnd/ACCIDENT_dataset/real_videos/WA6hL9bRnNs_00.mp4,ACCIDENT-real,single,accident,1,weak_clip_event_window,9.291667,7.964126,74,1280,720,test,Arkansas,Arkansas::highway,57,74,accident_time=9.125;type=single
WA6hL9bRnNs_00__pre_event_non_accident,/autodl-fs/data/traffic_accident_rnd/ACCIDENT_dataset/real_videos/WA6hL9bRnNs_00.mp4,ACCIDENT-real,single,non_accident,0,weak_clip_pre_event,9.291667,7.964126,74,1280,720,test,Arkansas,Arkansas::highway,0,49,derived_pre_accident_until=6.125;weak_negative=true
YwqAnRgRntg_00__accident,/autodl-fs/data/traffic_accident_rnd/ACCIDENT_dataset/real_videos/YwqAnRgRntg_00.mp4,ACCIDENT-real,single,accident,1,weak_clip_event_window,15.958333,10.590078,169,1280,720,test,Arkansas,Arkansas::highway,57,120,accident_time=7.333333;type=single
YwqAnRgRntg_00__pre_event_non_accident,/autodl-fs/data/traffic_accident_rnd/ACCIDENT_dataset/real_videos/YwqAnRgRntg_00.mp4,ACCIDENT-real,single,non_accident,0,weak_clip_pre_event,15.958333,10.590078,169,1280,720,test,Arkansas,Arkansas::highway,0,46,derived_pre_accident_until=4.333;weak_negative=true
6RZ_i-xao0s_00__accident,/autodl-fs/data/traffic_accident_rnd/ACCIDENT_dataset/real_videos/6RZ_i-xao0s_00.mp4,ACCIDENT-real,single,accident,1,weak_clip_event_window,29.833333,14.98324,447,1280,720,test,Arkansas,Arkansas::highway,165,255,accident_time=13.042;type=single
6RZ_i-xao0s_00__pre_event_non_accident,/autodl-fs/data/traffic_accident_rnd/ACCIDENT_dataset/real_videos/6RZ_i-xao0s_00.mp4,ACCIDENT-real,single,non_accident,0,weak_clip_pre_event,29.833333,14.98324,447,1280,720,test,Arkansas,Arkansas::highway,0,150,derived_pre_accident_until=10.042;weak_negative=true
4tOmPxnuANw_00__accident,/autodl-fs/data/traffic_accident_rnd/ACCIDENT_dataset/real_videos/4tOmPxnuANw_00.mp4,ACCIDENT-real,t-bone,accident,1,weak_clip_event_window,25.166667,8.02649,202,1920,1080,test,Arkansas,Arkansas::grade_separated_intersection,16,64,accident_time=4.0;type=t-bone
4tOmPxnuANw_00__pre_event_non_accident,/autodl-fs/data/traffic_accident_rnd/ACCIDENT_dataset/real_videos/4tOmPxnuANw_00.mp4,ACCIDENT-real,t-bone,non_accident,0,weak_clip_pre_event,25.166667,8.02649,202,1920,1080,test,Arkansas,Arkansas::grade_separated_intersection,0,8,derived_pre_accident_until=1.000;weak_negative=true
hs-_vD6T78s_00__accident,/autodl-fs/data/traffic_accident_rnd/ACCIDENT_dataset/real_videos/hs-_vD6T78s_00.mp4,ACCIDENT-real,single,accident,1,weak_clip_event_window,30.0,7.933333,238,1280,720,test,Arkansas,Arkansas::highway,139,187,accident_time=19.583;type=single
hs-_vD6T78s_00__pre_event_non_accident,/autodl-fs/data/traffic_accident_rnd/ACCIDENT_dataset/real_videos/hs-_vD6T78s_00.mp4,ACCIDENT-real,single,non_accident,0,weak_clip_pre_event,30.0,7.933333,238,1280,720,test,Arkansas,Arkansas::highway,0,132,derived_pre_accident_until=16.583;weak_negative=true
m8HHbAqyx8g_00__accident,/autodl-fs/data/traffic_accident_rnd/ACCIDENT_dataset/real_videos/m8HHbAqyx8g_00.mp4,ACCIDENT-real,single,accident,1,weak_clip_event_window,30.041667,4.993065,150,1280,720,test,Arkansas,Arkansas::highway,45,75,accident_time=11.083;type=single
m8HHbAqyx8g_00__pre_event_non_accident,/autodl-fs/data/traffic_accident_rnd/ACCIDENT_dataset/real_videos/m8HHbAqyx8g_00.mp4,ACCIDENT-real,single,non_accident,0,weak_clip_pre_event,30.041667,4.993065,150,1280,720,test,Arkansas,Arkansas::highway,0,40,derived_pre_accident_until=8.083;weak_negative=true
CD0ra7MBJJc_00__accident,/autodl-fs/data/traffic_accident_rnd/ACCIDENT_dataset/real_videos/CD0ra7MBJJc_00.mp4,ACCIDENT-real,single,accident,1,weak_clip_event_window,9.125,8.0,73,1280,720,test,Arkansas,Arkansas::highway,23,71,accident_time=4.875;type=single
CD0ra7MBJJc_00__pre_event_non_accident,/autodl-fs/data/traffic_accident_rnd/ACCIDENT_dataset/real_videos/CD0ra7MBJJc_00.mp4,ACCIDENT-real,single,non_accident,0,weak_clip_pre_event,9.125,8.0,73,1280,720,test,Arkansas,Arkansas::highway,0,15,derived_pre_accident_until=1.875;weak_negative=true
wqYFt0bcNrA_00__accident,/autodl-fs/data/traffic_accident_rnd/ACCIDENT_dataset/real_videos/wqYFt0bcNrA_00.mp4,ACCIDENT-real,sideswipe,accident,1,weak_clip_event_window,30.083333,8.077562,243,1280,720,test,Arkansas,Arkansas::highway,8,56,accident_time=3.0;type=sideswipe
l6WnoOecA9s_00__accident,/autodl-fs/data/traffic_accident_rnd/ACCIDENT_dataset/real_videos/l6WnoOecA9s_00.mp4,ACCIDENT-real,sideswipe,accident,1,weak_clip_event_window,29.875,4.016736,120,1280,720,test,Arkansas,Arkansas::highway,1,25,accident_time=2.292;type=sideswipe
TizK5BENdVg_00__accident,/autodl-fs/data/traffic_accident_rnd/ACCIDENT_dataset/real_videos/TizK5BENdVg_00.mp4,ACCIDENT-real,single,accident,1,weak_clip_event_window,30.125,5.975104,180,1280,720,test,Arkansas,Arkansas::highway,16,52,accident_time=4.625;type=single
TizK5BENdVg_00__pre_event_non_accident,/autodl-fs/data/traffic_accident_rnd/ACCIDENT_dataset/real_videos/TizK5BENdVg_00.mp4,ACCIDENT-real,single,non_accident,0,weak_clip_pre_event,30.125,5.975104,180,1280,720,test,Arkansas,Arkansas::highway,0,10,derived_pre_accident_until=1.625;weak_negative=true
uiZD8Fw0SGc_00__accident,/autodl-fs/data/traffic_accident_rnd/ACCIDENT_dataset/real_videos/uiZD8Fw0SGc_00.mp4,ACCIDENT-real,single,accident,1,weak_clip_event_window,30.291667,11.356259,344,1280,720,test,Arkansas,Arkansas::highway,81,149,accident_time=9.125;type=single
uiZD8Fw0SGc_00__pre_event_non_accident,/autodl-fs/data/traffic_accident_rnd/ACCIDENT_dataset/real_videos/uiZD8Fw0SGc_00.mp4,ACCIDENT-real,single,non_accident,0,weak_clip_pre_event,30.291667,11.356259,344,1280,720,test,Arkansas,Arkansas::highway,0,70,derived_pre_accident_until=6.125;weak_negative=true
XaN99SF-mAo_00__accident,/autodl-fs/data/traffic_accident_rnd/ACCIDENT_dataset/real_videos/XaN99SF-mAo_00.mp4,ACCIDENT-real,single,accident,1,weak_clip_event_window,30.083333,7.977839,240,1280,720,test,Arkansas,Arkansas::highway,28,76,accident_time=5.5;type=single
XaN99SF-mAo_00__pre_event_non_accident,/autodl-fs/data/traffic_accident_rnd/ACCIDENT_dataset/real_videos/XaN99SF-mAo_00.mp4,ACCIDENT-real,single,non_accident,0,weak_clip_pre_event,30.083333,7.977839,240,1280,720,test,Arkansas,Arkansas::highway,0,20,derived_pre_accident_until=2.500;weak_negative=true
rivjQ5XnuIg_00__accident,/autodl-fs/data/traffic_accident_rnd/ACCIDENT_dataset/real_videos/rivjQ5XnuIg_00.mp4,ACCIDENT-real,t-bone,accident,1,weak_clip_event_window,30.0,8.066667,242,1280,720,test,Arkansas,Arkansas::highway,55,103,accident_time=8.792;type=t-bone
rivjQ5XnuIg_00__pre_event_non_accident,/autodl-fs/data/traffic_accident_rnd/ACCIDENT_dataset/real_videos/rivjQ5XnuIg_00.mp4,ACCIDENT-real,t-bone,non_accident,0,weak_clip_pre_event,30.0,8.066667,242,1280,720,test,Arkansas,Arkansas::highway,0,47,derived_pre_accident_until=5.792;weak_negative=true
vVeLx1IopnM_00__accident,/autodl-fs/data/traffic_accident_rnd/ACCIDENT_dataset/real_videos/vVeLx1IopnM_00.mp4,ACCIDENT-real,rear-end,accident,1,weak_clip_event_window,16.8,8.869048,149,1920,1080,test,Arkansas,Arkansas::highway,43,96,accident_time=6.867;type=rear-end
vVeLx1IopnM_00__pre_event_non_accident,/autodl-fs/data/traffic_accident_rnd/ACCIDENT_dataset/real_videos/vVeLx1IopnM_00.mp4,ACCIDENT-real,rear-end,non_accident,0,weak_clip_pre_event,16.8,8.869048,149,1920,1080,test,Arkansas,Arkansas::highway,0,34,derived_pre_accident_until=3.867;weak_negative=true
17u3l3wxfFI_00__accident,/autodl-fs/data/traffic_accident_rnd/ACCIDENT_dataset/real_videos/17u3l3wxfFI_00.mp4,ACCIDENT-real,sideswipe,accident,1,weak_clip_event_window,30.0,8.033333,241,1920,1080,test,Arkansas,Arkansas::highway,11,59,accident_time=3.3;type=sideswipe
KxlGte5pVZs_00__accident,/autodl-fs/data/traffic_accident_rnd/ACCIDENT_dataset/real_videos/KxlGte5pVZs_00.mp4,ACCIDENT-real,single,accident,1,weak_clip_event_window,28.416667,8.058651,229,1280,720,test,Arkansas,Arkansas::highway,81,129,accident_time=12.0;type=single
KxlGte5pVZs_00__pre_event_non_accident,/autodl-fs/data/traffic_accident_rnd/ACCIDENT_dataset/real_videos/KxlGte5pVZs_00.mp4,ACCIDENT-real,single,non_accident,0,weak_clip_pre_event,28.416667,8.058651,229,1280,720,test,Arkansas,Arkansas::highway,0,73,derived_pre_accident_until=9.000;weak_negative=true
JeUAtNDJk9A_00__accident,/autodl-fs/data/traffic_accident_rnd/ACCIDENT_dataset/real_videos/JeUAtNDJk9A_00.mp4,ACCIDENT-real,single,accident,1,weak_clip_event_window,11.708333,13.323843,156,1280,720,test,Arkansas,Arkansas::highway,16,96,accident_time=3.208333;type=single
4ZGq9c3FKlE_00__accident,/autodl-fs/data/traffic_accident_rnd/ACCIDENT_dataset/real_videos/4ZGq9c3FKlE_00.mp4,ACCIDENT-real,t-bone,accident,1,weak_clip_event_window,18.033333,24.787431,447,3840,2026,test,World,World::signalized_intersection,47,196,accident_time=3.933;type=t-bone
8asB-NXAPSc_00__accident,/autodl-fs/data/traffic_accident_rnd/ACCIDENT_dataset/real_videos/8asB-NXAPSc_00.mp4,ACCIDENT-real,t-bone,accident,1,weak_clip_event_window,14.75,22.237288,328,3840,2026,test,World,World::signalized_intersection,0,119,accident_time=1.3499999999999996;type=t-bone
VpSREWsYWgY_00__accident,/autodl-fs/data/traffic_accident_rnd/ACCIDENT_dataset/real_videos/VpSREWsYWgY_00.mp4,ACCIDENT-real,sideswipe,accident,1,weak_clip_event_window,30.041667,14.979196,450,960,720,test,Virginia,Virginia::highway,62,152,accident_time=6.125;type=sideswipe
VpSREWsYWgY_00__pre_event_non_accident,/autodl-fs/data/traffic_accident_rnd/ACCIDENT_dataset/real_videos/VpSREWsYWgY_00.mp4,ACCIDENT-real,sideswipe,non_accident,0,weak_clip_pre_event,30.041667,14.979196,450,960,720,test,Virginia,Virginia::highway,0,47,derived_pre_accident_until=3.125;weak_negative=true
SpJiUTZO9Qg_00__accident,/autodl-fs/data/traffic_accident_rnd/ACCIDENT_dataset/real_videos/SpJiUTZO9Qg_00.mp4,ACCIDENT-real,t-bone,accident,1,weak_clip_event_window,9.583333,15.026087,144,960,720,test,Virginia,Virginia::signalized_intersection,40,130,accident_time=4.667;type=t-bone
SpJiUTZO9Qg_00__pre_event_non_accident,/autodl-fs/data/traffic_accident_rnd/ACCIDENT_dataset/real_videos/SpJiUTZO9Qg_00.mp4,ACCIDENT-real,t-bone,non_accident,0,weak_clip_pre_event,9.583333,15.026087,144,960,720,test,Virginia,Virginia::signalized_intersection,0,25,derived_pre_accident_until=1.667;weak_negative=true
8XV9oXxTZlI_00__accident,/autodl-fs/data/traffic_accident_rnd/ACCIDENT_dataset/real_videos/8XV9oXxTZlI_00.mp4,ACCIDENT-real,sideswipe,accident,1,weak_clip_event_window,11.7,14.957265,175,3840,2160,train,Virginia,Virginia::highway,10,100,accident_time=2.7;type=sideswipe
HVAxCUrR_Qc_00__accident,/autodl-fs/data/traffic_accident_rnd/ACCIDENT_dataset/real_videos/HVAxCUrR_Qc_00.mp4,ACCIDENT-real,t-bone,accident,1,weak_clip_event_window,2.916667,15.085714,44,960,720,test,Virginia,Virginia::signalized_intersection,0,44,accident_time=0.875;type=t-bone
HXttLdePt0k_00__accident,/autodl-fs/data/traffic_accident_rnd/ACCIDENT_dataset/real_videos/HXttLdePt0k_00.mp4,ACCIDENT-real,single,accident,1,weak_clip_event_window,9.958333,13.857741,138,960,720,test,Virginia,Virginia::grade_separated_intersection,35,118,accident_time=4.542;type=single
HXttLdePt0k_00__pre_event_non_accident,/autodl-fs/data/traffic_accident_rnd/ACCIDENT_dataset/real_videos/HXttLdePt0k_00.mp4,ACCIDENT-real,single,non_accident,0,weak_clip_pre_event,9.958333,13.857741,138,960,720,test,Virginia,Virginia::grade_separated_intersection,0,21,derived_pre_accident_until=1.542;weak_negative=true
ZDbR2jCDXjM_00__accident,/autodl-fs/data/traffic_accident_rnd/ACCIDENT_dataset/real_videos/ZDbR2jCDXjM_00.mp4,ACCIDENT-real,single,accident,1,weak_clip_event_window,27.75,15.027027,417,960,720,train,Virginia,Virginia::grade_separated_intersection,0,82,accident_time=1.458333;type=single
BF5W6-8AkGM_00__accident,/autodl-fs/data/traffic_accident_rnd/ACCIDENT_dataset/real_videos/BF5W6-8AkGM_00.mp4,ACCIDENT-real,single,accident,1,weak_clip_event_window,30.0,11.466667,344,960,720,train,Virginia,Virginia::highway,28,97,accident_time=4.416666;type=single
BF5W6-8AkGM_00__pre_event_non_accident,/autodl-fs/data/traffic_accident_rnd/ACCIDENT_dataset/real_videos/BF5W6-8AkGM_00.mp4,ACCIDENT-real,single,non_accident,0,weak_clip_pre_event,30.0,11.466667,344,960,720,train,Virginia,Virginia::highway,0,16,derived_pre_accident_until=1.417;weak_negative=true
LGanHyFZCBg_00__accident,/autodl-fs/data/traffic_accident_rnd/ACCIDENT_dataset/real_videos/LGanHyFZCBg_00.mp4,ACCIDENT-real,t-bone,accident,1,weak_clip_event_window,9.75,12.923077,126,960,720,test,Virginia,Virginia::signalized_intersection,24,102,accident_time=3.875;type=t-bone
-2UPLUV7JLg_00__accident,/autodl-fs/data/traffic_accident_rnd/ACCIDENT_dataset/real_videos/-2UPLUV7JLg_00.mp4,ACCIDENT-real,single,accident,1,weak_clip_event_window,30.0,9.966667,299,960,720,train,Virginia,Virginia::highway,47,107,accident_time=6.708;type=single
-2UPLUV7JLg_00__pre_event_non_accident,/autodl-fs/data/traffic_accident_rnd/ACCIDENT_dataset/real_videos/-2UPLUV7JLg_00.mp4,ACCIDENT-real,single,non_accident,0,weak_clip_pre_event,30.0,9.966667,299,960,720,train,Virginia,Virginia::highway,0,37,derived_pre_accident_until=3.708;weak_negative=true
w5gsLw2EF-w_00__accident,/autodl-fs/data/traffic_accident_rnd/ACCIDENT_dataset/real_videos/w5gsLw2EF-w_00.mp4,ACCIDENT-real,sideswipe,accident,1,weak_clip_event_window,30.041667,14.945908,449,960,720,train,Virginia,Virginia::highway,55,145,accident_time=5.666666;type=sideswipe
w5gsLw2EF-w_00__pre_event_non_accident,/autodl-fs/data/traffic_accident_rnd/ACCIDENT_dataset/real_videos/w5gsLw2EF-w_00.mp4,ACCIDENT-real,sideswipe,non_accident,0,weak_clip_pre_event,30.041667,14.945908,449,960,720,train,Virginia,Virginia::highway,0,40,derived_pre_accident_until=2.667;weak_negative=true
zqhQY3WbRjY_00__accident,/autodl-fs/data/traffic_accident_rnd/ACCIDENT_dataset/real_videos/zqhQY3WbRjY_00.mp4,ACCIDENT-real,sideswipe,accident,1,weak_clip_event_window,30.041667,14.979196,450,960,720,test,Virginia,Virginia::highway,28,118,accident_time=3.875;type=sideswipe
7DhAOb5V7_Y_00__accident,/autodl-fs/data/traffic_accident_rnd/ACCIDENT_dataset/real_videos/7DhAOb5V7_Y_00.mp4,ACCIDENT-real,t-bone,accident,1,weak_clip_event_window,25.708333,9.763371,251,960,720,test,Virginia,Virginia::city_street,23,82,accident_time=4.417;type=t-bone
7DhAOb5V7_Y_00__pre_event_non_accident,/autodl-fs/data/traffic_accident_rnd/ACCIDENT_dataset/real_videos/7DhAOb5V7_Y_00.mp4,ACCIDENT-real,t-bone,non_accident,0,weak_clip_pre_event,25.708333,9.763371,251,960,720,test,Virginia,Virginia::city_street,0,14,derived_pre_accident_until=1.417;weak_negative=true
eQ1QDZ811c0_00__accident,/autodl-fs/data/traffic_accident_rnd/ACCIDENT_dataset/real_videos/eQ1QDZ811c0_00.mp4,ACCIDENT-real,head-on,accident,1,weak_clip_event_window,23.25,13.204301,307,960,720,test,Virginia,Virginia::signalized_intersection,13,92,accident_time=2.958;type=head-on
W8B8zo8IFPg_00__accident,/autodl-fs/data/traffic_accident_rnd/ACCIDENT_dataset/real_videos/W8B8zo8IFPg_00.mp4,ACCIDENT-real,t-bone,accident,1,weak_clip_event_window,29.958333,14.319889,429,960,720,test,Virginia,Virginia::signalized_intersection,42,128,accident_time=4.958333;type=t-bone
W8B8zo8IFPg_00__pre_event_non_accident,/autodl-fs/data/traffic_accident_rnd/ACCIDENT_dataset/real_videos/W8B8zo8IFPg_00.mp4,ACCIDENT-real,t-bone,non_accident,0,weak_clip_pre_event,29.958333,14.319889,429,960,720,test,Virginia,Virginia::signalized_intersection,0,28,derived_pre_accident_until=1.958;weak_negative=true
ufUZKmdTyaM_00__accident,/autodl-fs/data/traffic_accident_rnd/ACCIDENT_dataset/real_videos/ufUZKmdTyaM_00.mp4,ACCIDENT-real,head-on,accident,1,weak_clip_event_window,29.916667,14.640669,438,960,720,test,Virginia,Virginia::signalized_intersection,14,102,accident_time=2.917;type=head-on
CwynQU9-yhE_00__accident,/autodl-fs/data/traffic_accident_rnd/ACCIDENT_dataset/real_videos/CwynQU9-yhE_00.mp4,ACCIDENT-real,t-bone,accident,1,weak_clip_event_window,29.958333,14.920723,447,960,720,test,Virginia,Virginia::signalized_intersection,51,141,accident_time=5.458333;type=t-bone
CwynQU9-yhE_00__pre_event_non_accident,/autodl-fs/data/traffic_accident_rnd/ACCIDENT_dataset/real_videos/CwynQU9-yhE_00.mp4,ACCIDENT-real,t-bone,non_accident,0,weak_clip_pre_event,29.958333,14.920723,447,960,720,test,Virginia,Virginia::signalized_intersection,0,37,derived_pre_accident_until=2.458;weak_negative=true
WroDrfySdmc_00__accident,/autodl-fs/data/traffic_accident_rnd/ACCIDENT_dataset/real_videos/WroDrfySdmc_00.mp4,ACCIDENT-real,t-bone,accident,1,weak_clip_event_window,30.041667,14.846047,446,960,720,test,Virginia,Virginia::signalized_intersection,27,116,accident_time=3.833;type=t-bone
yfkkIC-AN68_00__accident,/autodl-fs/data/traffic_accident_rnd/ACCIDENT_dataset/real_videos/yfkkIC-AN68_00.mp4,ACCIDENT-real,t-bone,accident,1,weak_clip_event_window,30.041667,14.912621,448,960,720,test,Virginia,Virginia::signalized_intersection,46,136,accident_time=5.083;type=t-bone
yfkkIC-AN68_00__pre_event_non_accident,/autodl-fs/data/traffic_accident_rnd/ACCIDENT_dataset/real_videos/yfkkIC-AN68_00.mp4,ACCIDENT-real,t-bone,non_accident,0,weak_clip_pre_event,30.041667,14.912621,448,960,720,test,Virginia,Virginia::signalized_intersection,0,31,derived_pre_accident_until=2.083;weak_negative=true
nwb6yD8CMaM_00__accident,/autodl-fs/data/traffic_accident_rnd/ACCIDENT_dataset/real_videos/nwb6yD8CMaM_00.mp4,ACCIDENT-real,head-on,accident,1,weak_clip_event_window,29.866667,5.691964,170,320,240,test,Virginia,Virginia::signalized_intersection,29,63,accident_time=7.067;type=head-on
nwb6yD8CMaM_00__pre_event_non_accident,/autodl-fs/data/traffic_accident_rnd/ACCIDENT_dataset/real_videos/nwb6yD8CMaM_00.mp4,ACCIDENT-real,head-on,non_accident,0,weak_clip_pre_event,29.866667,5.691964,170,320,240,test,Virginia,Virginia::signalized_intersection,0,23,derived_pre_accident_until=4.067;weak_negative=true
VLYIKXy1gzg_00__accident,/autodl-fs/data/traffic_accident_rnd/ACCIDENT_dataset/real_videos/VLYIKXy1gzg_00.mp4,ACCIDENT-real,t-bone,accident,1,weak_clip_event_window,29.958333,14.787204,443,960,720,test,Virginia,Virginia::signalized_intersection,6,95,accident_time=2.458;type=t-bone
O4eKyRwAKXQ_00__accident,/autodl-fs/data/traffic_accident_rnd/ACCIDENT_dataset/real_videos/O4eKyRwAKXQ_00.mp4,ACCIDENT-real,t-bone,accident,1,weak_clip_event_window,30.041667,14.912621,448,960,720,test,Virginia,Virginia::signalized_intersection,66,156,accident_time=6.458;type=t-bone
O4eKyRwAKXQ_00__pre_event_non_accident,/autodl-fs/data/traffic_accident_rnd/ACCIDENT_dataset/real_videos/O4eKyRwAKXQ_00.mp4,ACCIDENT-real,t-bone,non_accident,0,weak_clip_pre_event,30.041667,14.912621,448,960,720,test,Virginia,Virginia::signalized_intersection,0,52,derived_pre_accident_until=3.458;weak_negative=true
9gEAWXvgLTw_00__accident,/autodl-fs/data/traffic_accident_rnd/ACCIDENT_dataset/real_videos/9gEAWXvgLTw_00.mp4,ACCIDENT-real,t-bone,accident,1,weak_clip_event_window,30.041667,14.912621,448,960,720,test,Virginia,Virginia::signalized_intersection,17,107,accident_time=3.125;type=t-bone
Be6S5ecMGXA_00__accident,/autodl-fs/data/traffic_accident_rnd/ACCIDENT_dataset/real_videos/Be6S5ecMGXA_00.mp4,ACCIDENT-real,t-bone,accident,1,weak_clip_event_window,30.333333,6.989011,212,960,720,test,Virginia,Virginia::simple_intersection,30,72,accident_time=6.292;type=t-bone
Be6S5ecMGXA_00__pre_event_non_accident,/autodl-fs/data/traffic_accident_rnd/ACCIDENT_dataset/real_videos/Be6S5ecMGXA_00.mp4,ACCIDENT-real,t-bone,non_accident,0,weak_clip_pre_event,30.333333,6.989011,212,960,720,test,Virginia,Virginia::simple_intersection,0,23,derived_pre_accident_until=3.292;weak_negative=true
aW7LYUp_0ig_00__accident,/autodl-fs/data/traffic_accident_rnd/ACCIDENT_dataset/real_videos/aW7LYUp_0ig_00.mp4,ACCIDENT-real,t-bone,accident,1,weak_clip_event_window,29.916667,14.038997,420,960,720,test,Virginia,Virginia::simple_intersection,10,94,accident_time=2.708;type=t-bone
J489DF-y2B8_00__accident,/autodl-fs/data/traffic_accident_rnd/ACCIDENT_dataset/real_videos/J489DF-y2B8_00.mp4,ACCIDENT-real,sideswipe,accident,1,weak_clip_event_window,30.0,14.966667,449,960,720,test,Virginia,Virginia::signalized_intersection,12,102,accident_time=2.792;type=sideswipe
RWbYqk_RtSE_00__accident,/autodl-fs/data/traffic_accident_rnd/ACCIDENT_dataset/real_videos/RWbYqk_RtSE_00.mp4,ACCIDENT-real,single,accident,1,weak_clip_event_window,12.791667,15.009772,192,960,720,test,Virginia,Virginia::highway,42,132,accident_time=4.791;type=single
RWbYqk_RtSE_00__pre_event_non_accident,/autodl-fs/data/traffic_accident_rnd/ACCIDENT_dataset/real_videos/RWbYqk_RtSE_00.mp4,ACCIDENT-real,single,non_accident,0,weak_clip_pre_event,12.791667,15.009772,192,960,720,test,Virginia,Virginia::highway,0,27,derived_pre_accident_until=1.791;weak_negative=true
trvzPZZfNPs_00__accident,/autodl-fs/data/traffic_accident_rnd/ACCIDENT_dataset/real_videos/trvzPZZfNPs_00.mp4,ACCIDENT-real,sideswipe,accident,1,weak_clip_event_window,20.875,5.988024,125,960,720,test,Virginia,Virginia::highway,28,64,accident_time=6.667;type=sideswipe
trvzPZZfNPs_00__pre_event_non_accident,/autodl-fs/data/traffic_accident_rnd/ACCIDENT_dataset/real_videos/trvzPZZfNPs_00.mp4,ACCIDENT-real,sideswipe,non_accident,0,weak_clip_pre_event,20.875,5.988024,125,960,720,test,Virginia,Virginia::highway,0,22,derived_pre_accident_until=3.667;weak_negative=true
_9tp71S2Gwg_00__accident,/autodl-fs/data/traffic_accident_rnd/ACCIDENT_dataset/real_videos/_9tp71S2Gwg_00.mp4,ACCIDENT-real,single,accident,1,weak_clip_event_window,30.041667,14.646325,440,960,720,train,Virginia,Virginia::highway,53,141,accident_time=5.583333;type=single
_9tp71S2Gwg_00__pre_event_non_accident,/autodl-fs/data/traffic_accident_rnd/ACCIDENT_dataset/real_videos/_9tp71S2Gwg_00.mp4,ACCIDENT-real,single,non_accident,0,weak_clip_pre_event,30.041667,14.646325,440,960,720,train,Virginia,Virginia::highway,0,38,derived_pre_accident_until=2.583;weak_negative=true
tHW7Y0dIwkg_00__accident,/autodl-fs/data/traffic_accident_rnd/ACCIDENT_dataset/real_videos/tHW7Y0dIwkg_00.mp4,ACCIDENT-real,sideswipe,accident,1,weak_clip_event_window,7.333333,14.727273,108,960,720,train,Virginia,Virginia::highway,56,108,accident_time=5.791666;type=sideswipe
tHW7Y0dIwkg_00__pre_event_non_accident,/autodl-fs/data/traffic_accident_rnd/ACCIDENT_dataset/real_videos/tHW7Y0dIwkg_00.mp4,ACCIDENT-real,sideswipe,non_accident,0,weak_clip_pre_event,7.333333,14.727273,108,960,720,train,Virginia,Virginia::highway,0,41,derived_pre_accident_until=2.792;weak_negative=true
hJJlducz7aE_00__accident,/autodl-fs/data/traffic_accident_rnd/ACCIDENT_dataset/real_videos/hJJlducz7aE_00.mp4,ACCIDENT-real,sideswipe,accident,1,weak_clip_event_window,23.875,15.036649,359,960,720,test,Virginia,Virginia::highway,28,118,accident_time=3.8339999999999996;type=sideswipe
luYrUPWqC5w_00__accident,/autodl-fs/data/traffic_accident_rnd/ACCIDENT_dataset/real_videos/luYrUPWqC5w_00.mp4,ACCIDENT-real,t-bone,accident,1,weak_clip_event_window,29.958333,15.020862,450,960,720,test,Virginia,Virginia::signalized_intersection,53,143,accident_time=5.542;type=t-bone
luYrUPWqC5w_00__pre_event_non_accident,/autodl-fs/data/traffic_accident_rnd/ACCIDENT_dataset/real_videos/luYrUPWqC5w_00.mp4,ACCIDENT-real,t-bone,non_accident,0,weak_clip_pre_event,29.958333,15.020862,450,960,720,test,Virginia,Virginia::signalized_intersection,0,38,derived_pre_accident_until=2.542;weak_negative=true
iguVq1mMWKg_00__accident,/autodl-fs/data/traffic_accident_rnd/ACCIDENT_dataset/real_videos/iguVq1mMWKg_00.mp4,ACCIDENT-real,t-bone,accident,1,weak_clip_event_window,7.416667,12.94382,96,960,720,test,Virginia,Virginia::signalized_intersection,5,83,accident_time=2.375;type=t-bone
tm9gYOoBRmM_00__accident,/autodl-fs/data/traffic_accident_rnd/ACCIDENT_dataset/real_videos/tm9gYOoBRmM_00.mp4,ACCIDENT-real,sideswipe,accident,1,weak_clip_event_window,30.041667,14.979196,450,960,720,test,Virginia,Virginia::signalized_intersection,13,103,accident_time=2.875;type=sideswipe
2BBwMYE-FC4_00__accident,/autodl-fs/data/traffic_accident_rnd/ACCIDENT_dataset/real_videos/2BBwMYE-FC4_00.mp4,ACCIDENT-real,t-bone,accident,1,weak_clip_event_window,30.041667,14.380028,432,960,720,test,Virginia,Virginia::signalized_intersection,120,207,accident_time=10.375;type=t-bone
2BBwMYE-FC4_00__pre_event_non_accident,/autodl-fs/data/traffic_accident_rnd/ACCIDENT_dataset/real_videos/2BBwMYE-FC4_00.mp4,ACCIDENT-real,t-bone,non_accident,0,weak_clip_pre_event,30.041667,14.380028,432,960,720,test,Virginia,Virginia::signalized_intersection,0,106,derived_pre_accident_until=7.375;weak_negative=true
BiAj8Q5I710_00__accident,/autodl-fs/data/traffic_accident_rnd/ACCIDENT_dataset/real_videos/BiAj8Q5I710_00.mp4,ACCIDENT-real,rear-end,accident,1,weak_clip_event_window,30.041667,14.57975,438,960,720,test,Virginia,Virginia::highway,185,272,accident_time=14.708;type=rear-end
BiAj8Q5I710_00__pre_event_non_accident,/autodl-fs/data/traffic_accident_rnd/ACCIDENT_dataset/real_videos/BiAj8Q5I710_00.mp4,ACCIDENT-real,rear-end,non_accident,0,weak_clip_pre_event,30.041667,14.57975,438,960,720,test,Virginia,Virginia::highway,0,171,derived_pre_accident_until=11.708;weak_negative=true
5X2Ik8WsWVY_00__accident,/autodl-fs/data/traffic_accident_rnd/ACCIDENT_dataset/real_videos/5X2Ik8WsWVY_00.mp4,ACCIDENT-real,single,accident,1,weak_clip_event_window,27.5,15.018182,413,960,720,test,Virginia,Virginia::highway,30,120,accident_time=4.0;type=single
5X2Ik8WsWVY_00__pre_event_non_accident,/autodl-fs/data/traffic_accident_rnd/ACCIDENT_dataset/real_videos/5X2Ik8WsWVY_00.mp4,ACCIDENT-real,single,non_accident,0,weak_clip_pre_event,27.5,15.018182,413,960,720,test,Virginia,Virginia::highway,0,15,derived_pre_accident_until=1.000;weak_negative=true
YXRvo8IOyUM_00__accident,/autodl-fs/data/traffic_accident_rnd/ACCIDENT_dataset/real_videos/YXRvo8IOyUM_00.mp4,ACCIDENT-real,t-bone,accident,1,weak_clip_event_window,15.708333,13.814324,217,960,720,test,Virginia,Virginia::signalized_intersection,6,89,accident_time=2.458;type=t-bone
jD8ybdMZOU8_00__accident,/autodl-fs/data/traffic_accident_rnd/ACCIDENT_dataset/real_videos/jD8ybdMZOU8_00.mp4,ACCIDENT-real,head-on,accident,1,weak_clip_event_window,30.041667,14.979196,450,960,720,test,Virginia,Virginia::signalized_intersection,63,153,accident_time=6.208;type=head-on
jD8ybdMZOU8_00__pre_event_non_accident,/autodl-fs/data/traffic_accident_rnd/ACCIDENT_dataset/real_videos/jD8ybdMZOU8_00.mp4,ACCIDENT-real,head-on,non_accident,0,weak_clip_pre_event,30.041667,14.979196,450,960,720,test,Virginia,Virginia::signalized_intersection,0,48,derived_pre_accident_until=3.208;weak_negative=true
HgLFvVtCXRw_00__accident,/autodl-fs/data/traffic_accident_rnd/ACCIDENT_dataset/real_videos/HgLFvVtCXRw_00.mp4,ACCIDENT-real,t-bone,accident,1,weak_clip_event_window,30.083333,14.99169,451,960,720,test,Virginia,Virginia::signalized_intersection,26,116,accident_time=3.75;type=t-bone
bZp0v_Xt8EU_00__accident,/autodl-fs/data/traffic_accident_rnd/ACCIDENT_dataset/real_videos/bZp0v_Xt8EU_00.mp4,ACCIDENT-real,t-bone,accident,1,weak_clip_event_window,30.041667,14.945908,449,960,720,test,Virginia,Virginia::signalized_intersection,32,122,accident_time=4.125;type=t-bone
bZp0v_Xt8EU_00__pre_event_non_accident,/autodl-fs/data/traffic_accident_rnd/ACCIDENT_dataset/real_videos/bZp0v_Xt8EU_00.mp4,ACCIDENT-real,t-bone,non_accident,0,weak_clip_pre_event,30.041667,14.945908,449,960,720,test,Virginia,Virginia::signalized_intersection,0,17,derived_pre_accident_until=1.125;weak_negative=true
vMzEXTNSTzw_00__accident,/autodl-fs/data/traffic_accident_rnd/ACCIDENT_dataset/real_videos/vMzEXTNSTzw_00.mp4,ACCIDENT-real,t-bone,accident,1,weak_clip_event_window,16.75,13.432836,225,960,720,test,Virginia,Virginia::signalized_intersection,33,114,accident_time=4.457999999999998;type=t-bone
vMzEXTNSTzw_00__pre_event_non_accident,/autodl-fs/data/traffic_accident_rnd/ACCIDENT_dataset/real_videos/vMzEXTNSTzw_00.mp4,ACCIDENT-real,t-bone,non_accident,0,weak_clip_pre_event,16.75,13.432836,225,960,720,test,Virginia,Virginia::signalized_intersection,0,20,derived_pre_accident_until=1.458;weak_negative=true
-wlnF8vCVMo_00__accident,/autodl-fs/data/traffic_accident_rnd/ACCIDENT_dataset/real_videos/-wlnF8vCVMo_00.mp4,ACCIDENT-real,t-bone,accident,1,weak_clip_event_window,31.125,12.819277,399,960,720,test,Virginia,Virginia::signalized_intersection,38,115,accident_time=4.958;type=t-bone
-wlnF8vCVMo_00__pre_event_non_accident,/autodl-fs/data/traffic_accident_rnd/ACCIDENT_dataset/real_videos/-wlnF8vCVMo_00.mp4,ACCIDENT-real,t-bone,non_accident,0,weak_clip_pre_event,31.125,12.819277,399,960,720,test,Virginia,Virginia::signalized_intersection,0,25,derived_pre_accident_until=1.958;weak_negative=true
b2FAuGPoivk_00__accident,/autodl-fs/data/traffic_accident_rnd/ACCIDENT_dataset/real_videos/b2FAuGPoivk_00.mp4,ACCIDENT-real,t-bone,accident,1,weak_clip_event_window,29.933333,20.412027,611,960,720,test,Virginia,Virginia::signalized_intersection,1,124,accident_time=2.033333;type=t-bone
cCofNt_oBE8_00__accident,/autodl-fs/data/traffic_accident_rnd/ACCIDENT_dataset/real_videos/cCofNt_oBE8_00.mp4,ACCIDENT-real,t-bone,accident,1,weak_clip_event_window,30.041667,14.646325,440,960,720,test,Virginia,Virginia::signalized_intersection,24,112,accident_time=3.625;type=t-bone
sV5FN5PePOQ_00__accident,/autodl-fs/data/traffic_accident_rnd/ACCIDENT_dataset/real_videos/sV5FN5PePOQ_00.mp4,ACCIDENT-real,t-bone,accident,1,weak_clip_event_window,30.291667,11.356259,344,960,720,test,Virginia,Virginia::signalized_intersection,22,90,accident_time=3.958333;type=t-bone
yS2IYwSqqVk_00__accident,/autodl-fs/data/traffic_accident_rnd/ACCIDENT_dataset/real_videos/yS2IYwSqqVk_00.mp4,ACCIDENT-real,t-bone,accident,1,weak_clip_event_window,30.041667,14.979196,450,960,720,test,Virginia,Virginia::simple_intersection,24,114,accident_time=3.625;type=t-bone
mhLc2Vl1ekk_00__accident,/autodl-fs/data/traffic_accident_rnd/ACCIDENT_dataset/real_videos/mhLc2Vl1ekk_00.mp4,ACCIDENT-real,t-bone,accident,1,weak_clip_event_window,29.958333,4.673157,140,960,720,test,Virginia,Virginia::simple_intersection,17,45,accident_time=5.458333;type=t-bone
mhLc2Vl1ekk_00__pre_event_non_accident,/autodl-fs/data/traffic_accident_rnd/ACCIDENT_dataset/real_videos/mhLc2Vl1ekk_00.mp4,ACCIDENT-real,t-bone,non_accident,0,weak_clip_pre_event,29.958333,4.673157,140,960,720,test,Virginia,Virginia::simple_intersection,0,11,derived_pre_accident_until=2.458;weak_negative=true
0eoMti_njew_00__accident,/autodl-fs/data/traffic_accident_rnd/ACCIDENT_dataset/real_videos/0eoMti_njew_00.mp4,ACCIDENT-real,rear-end,accident,1,weak_clip_event_window,30.0,10.0,300,960,720,test,Virginia,Virginia::highway,38,98,accident_time=5.75;type=rear-end
0eoMti_njew_00__pre_event_non_accident,/autodl-fs/data/traffic_accident_rnd/ACCIDENT_dataset/real_videos/0eoMti_njew_00.mp4,ACCIDENT-real,rear-end,non_accident,0,weak_clip_pre_event,30.0,10.0,300,960,720,test,Virginia,Virginia::highway,0,28,derived_pre_accident_until=2.750;weak_negative=true
sfGi08xARHo_00__accident,/autodl-fs/data/traffic_accident_rnd/ACCIDENT_dataset/real_videos/sfGi08xARHo_00.mp4,ACCIDENT-real,t-bone,accident,1,weak_clip_event_window,29.541667,6.87165,203,960,720,test,Virginia,Virginia::signalized_intersection,14,55,accident_time=4.042;type=t-bone
sfGi08xARHo_00__pre_event_non_accident,/autodl-fs/data/traffic_accident_rnd/ACCIDENT_dataset/real_videos/sfGi08xARHo_00.mp4,ACCIDENT-real,t-bone,non_accident,0,weak_clip_pre_event,29.541667,6.87165,203,960,720,test,Virginia,Virginia::signalized_intersection,0,7,derived_pre_accident_until=1.042;weak_negative=true
e5KS6Gffb3A_00__accident,/autodl-fs/data/traffic_accident_rnd/ACCIDENT_dataset/real_videos/e5KS6Gffb3A_00.mp4,ACCIDENT-real,t-bone,accident,1,weak_clip_event_window,29.958333,7.543811,226,960,720,test,Virginia,Virginia::simple_intersection,21,66,accident_time=4.75;type=t-bone
e5KS6Gffb3A_00__pre_event_non_accident,/autodl-fs/data/traffic_accident_rnd/ACCIDENT_dataset/real_videos/e5KS6Gffb3A_00.mp4,ACCIDENT-real,t-bone,non_accident,0,weak_clip_pre_event,29.958333,7.543811,226,960,720,test,Virginia,Virginia::simple_intersection,0,13,derived_pre_accident_until=1.750;weak_negative=true
wGZiHg7a5wU_00__accident,/autodl-fs/data/traffic_accident_rnd/ACCIDENT_dataset/real_videos/wGZiHg7a5wU_00.mp4,ACCIDENT-real,rear-end,accident,1,weak_clip_event_window,29.083333,14.888252,433,960,720,test,Virginia,Virginia::highway,117,207,accident_time=9.875;type=rear-end
wGZiHg7a5wU_00__pre_event_non_accident,/autodl-fs/data/traffic_accident_rnd/ACCIDENT_dataset/real_videos/wGZiHg7a5wU_00.mp4,ACCIDENT-real,rear-end,non_accident,0,weak_clip_pre_event,29.083333,14.888252,433,960,720,test,Virginia,Virginia::highway,0,102,derived_pre_accident_until=6.875;weak_negative=true
GPMefBsSI44_00__accident,/autodl-fs/data/traffic_accident_rnd/ACCIDENT_dataset/real_videos/GPMefBsSI44_00.mp4,ACCIDENT-real,t-bone,accident,1,weak_clip_event_window,14.9149,17.901562,267,1280,720,test,World,World::simple_intersection,223,267,accident_time=14.447767;type=t-bone
GPMefBsSI44_00__pre_event_non_accident,/autodl-fs/data/traffic_accident_rnd/ACCIDENT_dataset/real_videos/GPMefBsSI44_00.mp4,ACCIDENT-real,t-bone,non_accident,0,weak_clip_pre_event,14.9149,17.901562,267,1280,720,test,World,World::simple_intersection,0,205,derived_pre_accident_until=11.448;weak_negative=true
NjK1CBPb0tY_00__accident,/autodl-fs/data/traffic_accident_rnd/ACCIDENT_dataset/real_videos/NjK1CBPb0tY_00.mp4,ACCIDENT-real,t-bone,accident,1,weak_clip_event_window,30.066667,14.900222,448,1440,1080,test,Virginia,Virginia::signalized_intersection,19,109,accident_time=3.266667;type=t-bone
tqSAFTzuCy4_00__accident,/autodl-fs/data/traffic_accident_rnd/ACCIDENT_dataset/real_videos/tqSAFTzuCy4_00.mp4,ACCIDENT-real,head-on,accident,1,weak_clip_event_window,15.64,21.547315,337,848,480,test,World,World::highway,12,141,accident_time=2.5600000000000005;type=head-on
fcc1sGDTQLM_00__accident,/autodl-fs/data/traffic_accident_rnd/ACCIDENT_dataset/real_videos/fcc1sGDTQLM_00.mp4,ACCIDENT-real,single,accident,1,weak_clip_event_window,18.866667,25.282686,477,1280,720,test,World,World::city_street,1,153,accident_time=2.067;type=single
OjosPgV4Lss_00__accident,/autodl-fs/data/traffic_accident_rnd/ACCIDENT_dataset/real_videos/OjosPgV4Lss_00.mp4,ACCIDENT-real,single,accident,1,weak_clip_event_window,19.433333,19.296741,375,1280,720,test,World,World::signalized_intersection,119,235,accident_time=8.183;type=single
OjosPgV4Lss_00__pre_event_non_accident,/autodl-fs/data/traffic_accident_rnd/ACCIDENT_dataset/real_videos/OjosPgV4Lss_00.mp4,ACCIDENT-real,single,non_accident,0,weak_clip_pre_event,19.433333,19.296741,375,1280,720,test,World,World::signalized_intersection,0,100,derived_pre_accident_until=5.183;weak_negative=true
owO2-pjxOqs_00__accident,/autodl-fs/data/traffic_accident_rnd/ACCIDENT_dataset/real_videos/owO2-pjxOqs_00.mp4,ACCIDENT-real,t-bone,accident,1,weak_clip_event_window,14.533333,12.591743,183,1280,360,test,World,World::signalized_intersection,9,84,accident_time=2.7;type=t-bone
jI0_0zPf6BQ_00__accident,/autodl-fs/data/traffic_accident_rnd/ACCIDENT_dataset/real_videos/jI0_0zPf6BQ_00.mp4,ACCIDENT-real,head-on,accident,1,weak_clip_event_window,11.6,23.62069,274,640,326,test,World,World::highway,78,219,accident_time=5.3;type=head-on
jI0_0zPf6BQ_00__pre_event_non_accident,/autodl-fs/data/traffic_accident_rnd/ACCIDENT_dataset/real_videos/jI0_0zPf6BQ_00.mp4,ACCIDENT-real,head-on,non_accident,0,weak_clip_pre_event,11.6,23.62069,274,640,326,test,World,World::highway,0,54,derived_pre_accident_until=2.300;weak_negative=true
MsQns-Oy-hk_00__accident,/autodl-fs/data/traffic_accident_rnd/ACCIDENT_dataset/real_videos/MsQns-Oy-hk_00.mp4,ACCIDENT-real,t-bone,accident,1,weak_clip_event_window,5.133333,24.545455,126,1920,1080,test,World,World::simple_intersection,64,126,accident_time=4.6000000000000005;type=t-bone
MsQns-Oy-hk_00__pre_event_non_accident,/autodl-fs/data/traffic_accident_rnd/ACCIDENT_dataset/real_videos/MsQns-Oy-hk_00.mp4,ACCIDENT-real,t-bone,non_accident,0,weak_clip_pre_event,5.133333,24.545455,126,1920,1080,test,World,World::simple_intersection,0,39,derived_pre_accident_until=1.600;weak_negative=true
MsQns-Oy-hk_01__accident,/autodl-fs/data/traffic_accident_rnd/ACCIDENT_dataset/real_videos/MsQns-Oy-hk_01.mp4,ACCIDENT-real,t-bone,accident,1,weak_clip_event_window,5.833333,25.885714,151,1920,1080,test,World,World::simple_intersection,16,151,accident_time=2.633333;type=t-bone
MsQns-Oy-hk_02__accident,/autodl-fs/data/traffic_accident_rnd/ACCIDENT_dataset/real_videos/MsQns-Oy-hk_02.mp4,ACCIDENT-real,t-bone,accident,1,weak_clip_event_window,1.433333,26.511628,38,1920,1080,test,World,World::simple_intersection,0,38,accident_time=0.233333;type=t-bone
zAqi6Odnoiw_00__accident,/autodl-fs/data/traffic_accident_rnd/ACCIDENT_dataset/real_videos/zAqi6Odnoiw_00.mp4,ACCIDENT-real,t-bone,accident,1,weak_clip_event_window,8.7087,20.783814,181,1920,1080,test,World,World::simple_intersection,61,181,accident_time=4.938;type=t-bone
zAqi6Odnoiw_00__pre_event_non_accident,/autodl-fs/data/traffic_accident_rnd/ACCIDENT_dataset/real_videos/zAqi6Odnoiw_00.mp4,ACCIDENT-real,t-bone,non_accident,0,weak_clip_pre_event,8.7087,20.783814,181,1920,1080,test,World,World::simple_intersection,0,40,derived_pre_accident_until=1.938;weak_negative=true
jTOB7nAs2HE_00__accident,/autodl-fs/data/traffic_accident_rnd/ACCIDENT_dataset/real_videos/jTOB7nAs2HE_00.mp4,ACCIDENT-real,single,accident,1,weak_clip_event_window,29.587723,14.904831,441,854,384,test,Virginia,Virginia::highway,145,235,accident_time=11.77;type=single
jTOB7nAs2HE_00__pre_event_non_accident,/autodl-fs/data/traffic_accident_rnd/ACCIDENT_dataset/real_videos/jTOB7nAs2HE_00.mp4,ACCIDENT-real,single,non_accident,0,weak_clip_pre_event,29.587723,14.904831,441,854,384,test,Virginia,Virginia::highway,0,131,derived_pre_accident_until=8.770;weak_negative=true
9PpJJxn6DmA_00__accident,/autodl-fs/data/traffic_accident_rnd/ACCIDENT_dataset/real_videos/9PpJJxn6DmA_00.mp4,ACCIDENT-real,t-bone,accident,1,weak_clip_event_window,4.0,25.0,100,1920,1080,test,World,World::signalized_intersection,0,100,accident_time=1.8333329999999999;type=t-bone
uSTubEz9Mpw_00__accident,/autodl-fs/data/traffic_accident_rnd/ACCIDENT_dataset/real_videos/uSTubEz9Mpw_00.mp4,ACCIDENT-real,sideswipe,accident,1,weak_clip_event_window,24.947496,14.991485,374,854,384,test,Virginia,Virginia::grade_separated_intersection,128,218,accident_time=10.565;type=sideswipe
uSTubEz9Mpw_00__pre_event_non_accident,/autodl-fs/data/traffic_accident_rnd/ACCIDENT_dataset/real_videos/uSTubEz9Mpw_00.mp4,ACCIDENT-real,sideswipe,non_accident,0,weak_clip_pre_event,24.947496,14.991485,374,854,384,test,Virginia,Virginia::grade_separated_intersection,0,113,derived_pre_accident_until=7.565;weak_negative=true
Hu5cukZ0Zgw_00__accident,/autodl-fs/data/traffic_accident_rnd/ACCIDENT_dataset/real_videos/Hu5cukZ0Zgw_00.mp4,ACCIDENT-real,t-bone,accident,1,weak_clip_event_window,7.966667,27.991632,223,1920,1080,test,World,World::signalized_intersection,95,223,accident_time=5.4;type=t-bone
Hu5cukZ0Zgw_00__pre_event_non_accident,/autodl-fs/data/traffic_accident_rnd/ACCIDENT_dataset/real_videos/Hu5cukZ0Zgw_00.mp4,ACCIDENT-real,t-bone,non_accident,0,weak_clip_pre_event,7.966667,27.991632,223,1920,1080,test,World,World::signalized_intersection,0,67,derived_pre_accident_until=2.400;weak_negative=true
FbMyX_ZWAm8_00__accident,/autodl-fs/data/traffic_accident_rnd/ACCIDENT_dataset/real_videos/FbMyX_ZWAm8_00.mp4,ACCIDENT-real,head-on,accident,1,weak_clip_event_window,8.6,19.069767,164,1920,1080,test,World,World::city_street,35,149,accident_time=3.84;type=head-on
yx-CTXIhAGA_00__accident,/autodl-fs/data/traffic_accident_rnd/ACCIDENT_dataset/real_videos/yx-CTXIhAGA_00.mp4,ACCIDENT-real,t-bone,accident,1,weak_clip_event_window,11.3,10.176991,115,1920,1080,test,World,World::highway,0,59,accident_time=1.7659999999999991;type=t-bone
bKrsJSxuQZg_00__accident,/autodl-fs/data/traffic_accident_rnd/ACCIDENT_dataset/real_videos/bKrsJSxuQZg_00.mp4,ACCIDENT-real,sideswipe,accident,1,weak_clip_event_window,11.166667,20.328358,227,1920,1080,test,World,World::city_street,19,141,accident_time=2.966667;type=sideswipe
bI_W3ZOeuUM_00__accident,/autodl-fs/data/traffic_accident_rnd/ACCIDENT_dataset/real_videos/bI_W3ZOeuUM_00.mp4,ACCIDENT-real,single,accident,1,weak_clip_event_window,25.272727,15.035971,380,2400,1080,test,Virginia,Virginia::highway,92,182,accident_time=8.121212;type=single
bI_W3ZOeuUM_00__pre_event_non_accident,/autodl-fs/data/traffic_accident_rnd/ACCIDENT_dataset/real_videos/bI_W3ZOeuUM_00.mp4,ACCIDENT-real,single,non_accident,0,weak_clip_pre_event,25.272727,15.035971,380,2400,1080,test,Virginia,Virginia::highway,0,77,derived_pre_accident_until=5.121;weak_negative=true
c2-5uzj1W5k_00__accident,/autodl-fs/data/traffic_accident_rnd/ACCIDENT_dataset/real_videos/c2-5uzj1W5k_00.mp4,ACCIDENT-real,single,accident,1,weak_clip_event_window,20.037155,14.572927,292,2400,1080,test,Virginia,Virginia::highway,4,91,accident_time=2.256;type=single
glkdKMzVzkM_00__accident,/autodl-fs/data/traffic_accident_rnd/ACCIDENT_dataset/real_videos/glkdKMzVzkM_00.mp4,ACCIDENT-real,single,accident,1,weak_clip_event_window,30.257496,13.64951,413,1920,1080,test,World,World::city_street,192,274,accident_time=16.051;type=single
glkdKMzVzkM_00__pre_event_non_accident,/autodl-fs/data/traffic_accident_rnd/ACCIDENT_dataset/real_videos/glkdKMzVzkM_00.mp4,ACCIDENT-real,single,non_accident,0,weak_clip_pre_event,30.257496,13.64951,413,1920,1080,test,World,World::city_street,0,178,derived_pre_accident_until=13.051;weak_negative=true
pMA26OVWUOY_00__accident,/autodl-fs/data/traffic_accident_rnd/ACCIDENT_dataset/real_videos/pMA26OVWUOY_00.mp4,ACCIDENT-real,single,accident,1,weak_clip_event_window,15.088844,15.044228,227,2400,1080,train,Virginia,Virginia::highway,22,112,accident_time=3.437;type=single
xaZ2WJAHrgY_00__accident,/autodl-fs/data/traffic_accident_rnd/ACCIDENT_dataset/real_videos/xaZ2WJAHrgY_00.mp4,ACCIDENT-real,sideswipe,accident,1,weak_clip_event_window,14.04878,19.361111,272,1280,720,test,USA,USA::city_street,0,89,accident_time=0.627178;type=sideswipe
1KGjac-XgPM_00__accident,/autodl-fs/data/traffic_accident_rnd/ACCIDENT_dataset/real_videos/1KGjac-XgPM_00.mp4,ACCIDENT-real,rear-end,accident,1,weak_clip_event_window,14.391565,15.008792,216,2400,1080,test,Virginia,Virginia::grade_separated_intersection,60,150,accident_time=5.985000000000001;type=rear-end
1KGjac-XgPM_00__pre_event_non_accident,/autodl-fs/data/traffic_accident_rnd/ACCIDENT_dataset/real_videos/1KGjac-XgPM_00.mp4,ACCIDENT-real,rear-end,non_accident,0,weak_clip_pre_event,14.391565,15.008792,216,2400,1080,test,Virginia,Virginia::grade_separated_intersection,0,45,derived_pre_accident_until=2.985;weak_negative=true
T5TGAD7ygY8_00__accident,/autodl-fs/data/traffic_accident_rnd/ACCIDENT_dataset/real_videos/T5TGAD7ygY8_00.mp4,ACCIDENT-real,rear-end,accident,1,weak_clip_event_window,4.966667,25.973154,129,1920,1080,test,World,World::highway,45,129,accident_time=3.733333;type=rear-end
TY8UXgpfBzU_00__accident,/autodl-fs/data/traffic_accident_rnd/ACCIDENT_dataset/real_videos/TY8UXgpfBzU_00.mp4,ACCIDENT-real,rear-end,accident,1,weak_clip_event_window,30.111111,7.837638,236,768,480,test,World,World::signalized_intersection,0,45,accident_time=1.778;type=rear-end
Sq5i3O5yoAY_00__accident,/autodl-fs/data/traffic_accident_rnd/ACCIDENT_dataset/real_videos/Sq5i3O5yoAY_00.mp4,ACCIDENT-real,t-bone,accident,1,weak_clip_event_window,29.5,4.0,118,638,360,test,World,World::signalized_intersection,11,35,accident_time=4.833;type=t-bone
Sq5i3O5yoAY_00__pre_event_non_accident,/autodl-fs/data/traffic_accident_rnd/ACCIDENT_dataset/real_videos/Sq5i3O5yoAY_00.mp4,ACCIDENT-real,t-bone,non_accident,0,weak_clip_pre_event,29.5,4.0,118,638,360,test,World,World::signalized_intersection,0,7,derived_pre_accident_until=1.833;weak_negative=true
k9CLUG7vBOY_00__accident,/autodl-fs/data/traffic_accident_rnd/ACCIDENT_dataset/real_videos/k9CLUG7vBOY_00.mp4,ACCIDENT-real,t-bone,accident,1,weak_clip_event_window,29.875,5.723849,171,960,720,test,Virginia,Virginia::simple_intersection,17,51,accident_time=4.917;type=t-bone
k9CLUG7vBOY_00__pre_event_non_accident,/autodl-fs/data/traffic_accident_rnd/ACCIDENT_dataset/real_videos/k9CLUG7vBOY_00.mp4,ACCIDENT-real,t-bone,non_accident,0,weak_clip_pre_event,29.875,5.723849,171,960,720,test,Virginia,Virginia::simple_intersection,0,11,derived_pre_accident_until=1.917;weak_negative=true
_GY8RpsMk9o_00__accident,/autodl-fs/data/traffic_accident_rnd/ACCIDENT_dataset/real_videos/_GY8RpsMk9o_00.mp4,ACCIDENT-real,t-bone,accident,1,weak_clip_event_window,29.791667,7.552448,225,960,720,test,Virginia,Virginia::simple_intersection,10,55,accident_time=3.292;type=t-bone
7b4ffyFOo_I_00__accident,/autodl-fs/data/traffic_accident_rnd/ACCIDENT_dataset/real_videos/7b4ffyFOo_I_00.mp4,ACCIDENT-real,rear-end,accident,1,weak_clip_event_window,6.69383,12.250087,82,634,360,test,World,World::highway,32,82,accident_time=4.615000000000001;type=rear-end
7b4ffyFOo_I_00__pre_event_non_accident,/autodl-fs/data/traffic_accident_rnd/ACCIDENT_dataset/real_videos/7b4ffyFOo_I_00.mp4,ACCIDENT-real,rear-end,non_accident,0,weak_clip_pre_event,6.69383,12.250087,82,634,360,test,World,World::highway,0,20,derived_pre_accident_until=1.615;weak_negative=true
0jk4tWwDKqc_00__accident,/autodl-fs/data/traffic_accident_rnd/ACCIDENT_dataset/real_videos/0jk4tWwDKqc_00.mp4,ACCIDENT-real,t-bone,accident,1,weak_clip_event_window,24.7,21.133603,522,2400,1080,test,Minnesota,Minnesota::signalized_intersection,154,281,accident_time=9.265999999999998;type=t-bone
0jk4tWwDKqc_00__pre_event_non_accident,/autodl-fs/data/traffic_accident_rnd/ACCIDENT_dataset/real_videos/0jk4tWwDKqc_00.mp4,ACCIDENT-real,t-bone,non_accident,0,weak_clip_pre_event,24.7,21.133603,522,2400,1080,test,Minnesota,Minnesota::signalized_intersection,0,132,derived_pre_accident_until=6.266;weak_negative=true
6nlROBgKAnA_00__accident,/autodl-fs/data/traffic_accident_rnd/ACCIDENT_dataset/real_videos/6nlROBgKAnA_00.mp4,ACCIDENT-real,t-bone,accident,1,weak_clip_event_window,25.433333,29.252949,744,2400,1080,test,Minnesota,Minnesota::signalized_intersection,97,273,accident_time=5.333;type=t-bone
6nlROBgKAnA_00__pre_event_non_accident,/autodl-fs/data/traffic_accident_rnd/ACCIDENT_dataset/real_videos/6nlROBgKAnA_00.mp4,ACCIDENT-real,t-bone,non_accident,0,weak_clip_pre_event,25.433333,29.252949,744,2400,1080,test,Minnesota,Minnesota::signalized_intersection,0,68,derived_pre_accident_until=2.333;weak_negative=true
Am-8EdFyiOU_00__accident,/autodl-fs/data/traffic_accident_rnd/ACCIDENT_dataset/real_videos/Am-8EdFyiOU_00.mp4,ACCIDENT-real,t-bone,accident,1,weak_clip_event_window,15.238571,15.027656,229,854,384,test,Wisconsin,Wisconsin::grade_separated_intersection,26,116,accident_time=3.747;type=t-bone
CyqcCI-woio_00__accident,/autodl-fs/data/traffic_accident_rnd/ACCIDENT_dataset/real_videos/CyqcCI-woio_00.mp4,ACCIDENT-real,t-bone,accident,1,weak_clip_event_window,14.6,30.0,438,2400,1080,test,Minnesota,Minnesota::signalized_intersection,118,298,accident_time=5.934;type=t-bone
CyqcCI-woio_00__pre_event_non_accident,/autodl-fs/data/traffic_accident_rnd/ACCIDENT_dataset/real_videos/CyqcCI-woio_00.mp4,ACCIDENT-real,t-bone,non_accident,0,weak_clip_pre_event,14.6,30.0,438,2400,1080,test,Minnesota,Minnesota::signalized_intersection,0,88,derived_pre_accident_until=2.934;weak_negative=true
KQETX3JfWlE_00__accident,/autodl-fs/data/traffic_accident_rnd/ACCIDENT_dataset/real_videos/KQETX3JfWlE_00.mp4,ACCIDENT-real,single,accident,1,weak_clip_event_window,25.5,5.019608,128,2400,1080,test,Iowa,Iowa::highway,8,38,accident_time=3.667;type=single
TwHVVK-smoQ_00__accident,/autodl-fs/data/traffic_accident_rnd/ACCIDENT_dataset/real_videos/TwHVVK-smoQ_00.mp4,ACCIDENT-real,single,accident,1,weak_clip_event_window,29.441689,14.910829,439,2400,1080,test,Wisconsin,Wisconsin::highway,0,89,accident_time=1.972;type=single
twdqtlixsj0_00__accident,/autodl-fs/data/traffic_accident_rnd/ACCIDENT_dataset/real_videos/twdqtlixsj0_00.mp4,ACCIDENT-real,t-bone,accident,1,weak_clip_event_window,16.433333,28.174442,463,2400,1080,test,Minnesota,Minnesota::signalized_intersection,77,246,accident_time=4.734;type=t-bone
twdqtlixsj0_00__pre_event_non_accident,/autodl-fs/data/traffic_accident_rnd/ACCIDENT_dataset/real_videos/twdqtlixsj0_00.mp4,ACCIDENT-real,t-bone,non_accident,0,weak_clip_pre_event,16.433333,28.174442,463,2400,1080,test,Minnesota,Minnesota::signalized_intersection,0,49,derived_pre_accident_until=1.734;weak_negative=true
yqaUDA6i5GY_00__accident,/autodl-fs/data/traffic_accident_rnd/ACCIDENT_dataset/real_videos/yqaUDA6i5GY_00.mp4,ACCIDENT-real,t-bone,accident,1,weak_clip_event_window,29.445507,15.04474,443,2400,1080,test,Iowa,Iowa::simple_intersection,145,235,accident_time=11.663;type=t-bone
yqaUDA6i5GY_00__pre_event_non_accident,/autodl-fs/data/traffic_accident_rnd/ACCIDENT_dataset/real_videos/yqaUDA6i5GY_00.mp4,ACCIDENT-real,t-bone,non_accident,0,weak_clip_pre_event,29.445507,15.04474,443,2400,1080,test,Iowa,Iowa::simple_intersection,0,130,derived_pre_accident_until=8.663;weak_negative=true
QB42gU5X634_00__accident,/autodl-fs/data/traffic_accident_rnd/ACCIDENT_dataset/real_videos/QB42gU5X634_00.mp4,ACCIDENT-real,sideswipe,accident,1,weak_clip_event_window,5.75,28.347826,163,1920,1080,test,World,World::grade_separated_intersection,65,163,accident_time=4.316667;type=sideswipe
QB42gU5X634_00__pre_event_non_accident,/autodl-fs/data/traffic_accident_rnd/ACCIDENT_dataset/real_videos/QB42gU5X634_00.mp4,ACCIDENT-real,sideswipe,non_accident,0,weak_clip_pre_event,5.75,28.347826,163,1920,1080,test,World,World::grade_separated_intersection,0,37,derived_pre_accident_until=1.317;weak_negative=true
tnO5_kjf1II_00__accident,/autodl-fs/data/traffic_accident_rnd/ACCIDENT_dataset/real_videos/tnO5_kjf1II_00.mp4,ACCIDENT-real,single,accident,1,weak_clip_event_window,7.0,11.428571,80,1280,720,test,World,World::highway,9,78,accident_time=2.833333;type=single
oV7t0yEbT8c_00__accident,/autodl-fs/data/traffic_accident_rnd/ACCIDENT_dataset/real_videos/oV7t0yEbT8c_00.mp4,ACCIDENT-real,single,accident,1,weak_clip_event_window,5.5,29.454545,162,1920,1080,test,World,World::city_street,77,162,accident_time=4.6333340000000005;type=single
oV7t0yEbT8c_00__pre_event_non_accident,/autodl-fs/data/traffic_accident_rnd/ACCIDENT_dataset/real_videos/oV7t0yEbT8c_00.mp4,ACCIDENT-real,single,non_accident,0,weak_clip_pre_event,5.5,29.454545,162,1920,1080,test,World,World::city_street,0,48,derived_pre_accident_until=1.633;weak_negative=true
Hjax6nMPd6Q_00__accident,/autodl-fs/data/traffic_accident_rnd/ACCIDENT_dataset/real_videos/Hjax6nMPd6Q_00.mp4,ACCIDENT-real,head-on,accident,1,weak_clip_event_window,30.0,24.6,738,1920,1080,test,World,World::city_street,456,603,accident_time=20.52;type=head-on
Hjax6nMPd6Q_00__pre_event_non_accident,/autodl-fs/data/traffic_accident_rnd/ACCIDENT_dataset/real_videos/Hjax6nMPd6Q_00.mp4,ACCIDENT-real,head-on,non_accident,0,weak_clip_pre_event,30.0,24.6,738,1920,1080,test,World,World::city_street,0,431,derived_pre_accident_until=17.520;weak_negative=true
n77TaXyADls_00__accident,/autodl-fs/data/traffic_accident_rnd/ACCIDENT_dataset/real_videos/n77TaXyADls_00.mp4,ACCIDENT-real,t-bone,accident,1,weak_clip_event_window,10.243567,15.131448,155,1280,720,test,World,World::signalized_intersection,38,129,accident_time=4.471133;type=t-bone
n77TaXyADls_00__pre_event_non_accident,/autodl-fs/data/traffic_accident_rnd/ACCIDENT_dataset/real_videos/n77TaXyADls_00.mp4,ACCIDENT-real,t-bone,non_accident,0,weak_clip_pre_event,10.243567,15.131448,155,1280,720,test,World,World::signalized_intersection,0,22,derived_pre_accident_until=1.471;weak_negative=true
oAYCNrUXNow_00__accident,/autodl-fs/data/traffic_accident_rnd/ACCIDENT_dataset/real_videos/oAYCNrUXNow_00.mp4,ACCIDENT-real,t-bone,accident,1,weak_clip_event_window,20.987633,14.722956,309,1280,720,test,World,World::signalized_intersection,71,159,accident_time=6.8068;type=t-bone
oAYCNrUXNow_00__pre_event_non_accident,/autodl-fs/data/traffic_accident_rnd/ACCIDENT_dataset/real_videos/oAYCNrUXNow_00.mp4,ACCIDENT-real,t-bone,non_accident,0,weak_clip_pre_event,20.987633,14.722956,309,1280,720,test,World,World::signalized_intersection,0,56,derived_pre_accident_until=3.807;weak_negative=true
4tXvj7hHsNA_00__accident,/autodl-fs/data/traffic_accident_rnd/ACCIDENT_dataset/real_videos/4tXvj7hHsNA_00.mp4,ACCIDENT-real,sideswipe,accident,1,weak_clip_event_window,10.01,14.985015,150,1280,720,test,World,World::simple_intersection,34,124,accident_time=4.270933000000001;type=sideswipe
4tXvj7hHsNA_00__pre_event_non_accident,/autodl-fs/data/traffic_accident_rnd/ACCIDENT_dataset/real_videos/4tXvj7hHsNA_00.mp4,ACCIDENT-real,sideswipe,non_accident,0,weak_clip_pre_event,10.01,14.985015,150,1280,720,test,World,World::simple_intersection,0,19,derived_pre_accident_until=1.271;weak_negative=true
4tXvj7hHsNA_01__accident,/autodl-fs/data/traffic_accident_rnd/ACCIDENT_dataset/real_videos/4tXvj7hHsNA_01.mp4,ACCIDENT-real,single,accident,1,weak_clip_event_window,5.9059,24.551719,145,1280,720,test,World,World::signalized_intersection,23,145,accident_time=2.936267;type=single
ygTLvXB2H_o_00__accident,/autodl-fs/data/traffic_accident_rnd/ACCIDENT_dataset/real_videos/ygTLvXB2H_o_00.mp4,ACCIDENT-real,t-bone,accident,1,weak_clip_event_window,11.7117,13.490783,158,1280,720,test,World,World::signalized_intersection,21,102,accident_time=3.536867;type=t-bone
ygTLvXB2H_o_01__accident,/autodl-fs/data/traffic_accident_rnd/ACCIDENT_dataset/real_videos/ygTLvXB2H_o_01.mp4,ACCIDENT-real,t-bone,accident,1,weak_clip_event_window,4.9049,14.475321,71,1280,720,test,World,World::signalized_intersection,10,71,accident_time=2.7027;type=t-bone
ygTLvXB2H_o_02__accident,/autodl-fs/data/traffic_accident_rnd/ACCIDENT_dataset/real_videos/ygTLvXB2H_o_02.mp4,ACCIDENT-real,t-bone,accident,1,weak_clip_event_window,21.154467,29.780945,630,1280,720,test,World,World::signalized_intersection,112,291,accident_time=5.772433;type=t-bone
ygTLvXB2H_o_02__pre_event_non_accident,/autodl-fs/data/traffic_accident_rnd/ACCIDENT_dataset/real_videos/ygTLvXB2H_o_02.mp4,ACCIDENT-real,t-bone,non_accident,0,weak_clip_pre_event,21.154467,29.780945,630,1280,720,test,World,World::signalized_intersection,0,83,derived_pre_accident_until=2.772;weak_negative=true
YiQToVQInNw_00__accident,/autodl-fs/data/traffic_accident_rnd/ACCIDENT_dataset/real_videos/YiQToVQInNw_00.mp4,ACCIDENT-real,head-on,accident,1,weak_clip_event_window,6.006,23.809524,143,1280,720,test,World,World::simple_intersection,13,143,accident_time=2.569233;type=head-on
dEqwcxeYJw4_00__accident,/autodl-fs/data/traffic_accident_rnd/ACCIDENT_dataset/real_videos/dEqwcxeYJw4_00.mp4,ACCIDENT-real,t-bone,accident,1,weak_clip_event_window,40.006633,28.64525,1146,1920,1080,test,World,World::signalized_intersection,333,505,accident_time=13.6136;type=t-bone
dEqwcxeYJw4_00__pre_event_non_accident,/autodl-fs/data/traffic_accident_rnd/ACCIDENT_dataset/real_videos/dEqwcxeYJw4_00.mp4,ACCIDENT-real,t-bone,non_accident,0,weak_clip_pre_event,40.006633,28.64525,1146,1920,1080,test,World,World::signalized_intersection,0,304,derived_pre_accident_until=10.614;weak_negative=true
VVgQuJDBIfU_00__accident,/autodl-fs/data/traffic_accident_rnd/ACCIDENT_dataset/real_videos/VVgQuJDBIfU_00.mp4,ACCIDENT-real,single,accident,1,weak_clip_event_window,14.9149,22.594855,337,1280,720,test,World,World::simple_intersection,103,238,accident_time=6.539867;type=single
VVgQuJDBIfU_00__pre_event_non_accident,/autodl-fs/data/traffic_accident_rnd/ACCIDENT_dataset/real_videos/VVgQuJDBIfU_00.mp4,ACCIDENT-real,single,non_accident,0,weak_clip_pre_event,14.9149,22.594855,337,1280,720,test,World,World::simple_intersection,0,80,derived_pre_accident_until=3.540;weak_negative=true
VVgQuJDBIfU_01__accident,/autodl-fs/data/traffic_accident_rnd/ACCIDENT_dataset/real_videos/VVgQuJDBIfU_01.mp4,ACCIDENT-real,sideswipe,accident,1,weak_clip_event_window,12.445767,24.988416,311,1280,720,test,World,World::signalized_intersection,87,237,accident_time=5.4721329999999995;type=sideswipe
VVgQuJDBIfU_01__pre_event_non_accident,/autodl-fs/data/traffic_accident_rnd/ACCIDENT_dataset/real_videos/VVgQuJDBIfU_01.mp4,ACCIDENT-real,sideswipe,non_accident,0,weak_clip_pre_event,12.445767,24.988416,311,1280,720,test,World,World::signalized_intersection,0,62,derived_pre_accident_until=2.472;weak_negative=true
ltBaGt6A30I_00__accident,/autodl-fs/data/traffic_accident_rnd/ACCIDENT_dataset/real_videos/ltBaGt6A30I_00.mp4,ACCIDENT-real,t-bone,accident,1,weak_clip_event_window,14.4144,23.379398,337,1280,720,test,World,World::simple_intersection,168,309,accident_time=9.175833;type=t-bone
ltBaGt6A30I_00__pre_event_non_accident,/autodl-fs/data/traffic_accident_rnd/ACCIDENT_dataset/real_videos/ltBaGt6A30I_00.mp4,ACCIDENT-real,t-bone,non_accident,0,weak_clip_pre_event,14.4144,23.379398,337,1280,720,test,World,World::simple_intersection,0,144,derived_pre_accident_until=6.176;weak_negative=true
c_fIpDR79Wo_00__accident,/autodl-fs/data/traffic_accident_rnd/ACCIDENT_dataset/real_videos/c_fIpDR79Wo_00.mp4,ACCIDENT-real,t-bone,accident,1,weak_clip_event_window,7.073733,29.687294,210,1280,720,test,World,World::signalized_intersection,124,210,accident_time=6.172833;type=t-bone
c_fIpDR79Wo_00__pre_event_non_accident,/autodl-fs/data/traffic_accident_rnd/ACCIDENT_dataset/real_videos/c_fIpDR79Wo_00.mp4,ACCIDENT-real,t-bone,non_accident,0,weak_clip_pre_event,7.073733,29.687294,210,1280,720,test,World,World::signalized_intersection,0,94,derived_pre_accident_until=3.173;weak_negative=true
FY2wvzTv5vo_00__accident,/autodl-fs/data/traffic_accident_rnd/ACCIDENT_dataset/real_videos/FY2wvzTv5vo_00.mp4,ACCIDENT-real,t-bone,accident,1,weak_clip_event_window,9.042367,16.035625,145,1280,720,test,World,World::simple_intersection,0,92,accident_time=1.768433;type=t-bone
FY2wvzTv5vo_01__accident,/autodl-fs/data/traffic_accident_rnd/ACCIDENT_dataset/real_videos/FY2wvzTv5vo_01.mp4,ACCIDENT-real,t-bone,accident,1,weak_clip_event_window,26.092733,22.305061,582,1280,720,test,World,World::signalized_intersection,52,186,accident_time=4.337667;type=t-bone
FY2wvzTv5vo_01__pre_event_non_accident,/autodl-fs/data/traffic_accident_rnd/ACCIDENT_dataset/real_videos/FY2wvzTv5vo_01.mp4,ACCIDENT-real,t-bone,non_accident,0,weak_clip_pre_event,26.092733,22.305061,582,1280,720,test,World,World::signalized_intersection,0,30,derived_pre_accident_until=1.338;weak_negative=true
J2BlH3gdl0k_00__accident,/autodl-fs/data/traffic_accident_rnd/ACCIDENT_dataset/real_videos/J2BlH3gdl0k_00.mp4,ACCIDENT-real,rear-end,accident,1,weak_clip_event_window,30.0,14.933333,448,960,720,train,Virginia,Virginia::highway,94,184,accident_time=8.333333;type=rear-end
J2BlH3gdl0k_00__pre_event_non_accident,/autodl-fs/data/traffic_accident_rnd/ACCIDENT_dataset/real_videos/J2BlH3gdl0k_00.mp4,ACCIDENT-real,rear-end,non_accident,0,weak_clip_pre_event,30.0,14.933333,448,960,720,train,Virginia,Virginia::highway,0,80,derived_pre_accident_until=5.333;weak_negative=true
qZlVsk7-fsk_00__accident,/autodl-fs/data/traffic_accident_rnd/ACCIDENT_dataset/real_videos/qZlVsk7-fsk_00.mp4,ACCIDENT-real,rear-end,accident,1,weak_clip_event_window,30.033333,15.016648,451,1920,1080,test,Virginia,Virginia::highway,111,201,accident_time=9.4;type=rear-end
qZlVsk7-fsk_00__pre_event_non_accident,/autodl-fs/data/traffic_accident_rnd/ACCIDENT_dataset/real_videos/qZlVsk7-fsk_00.mp4,ACCIDENT-real,rear-end,non_accident,0,weak_clip_pre_event,30.033333,15.016648,451,1920,1080,test,Virginia,Virginia::highway,0,96,derived_pre_accident_until=6.400;weak_negative=true
0DB7w7rLGrk_00__accident,/autodl-fs/data/traffic_accident_rnd/ACCIDENT_dataset/real_videos/0DB7w7rLGrk_00.mp4,ACCIDENT-real,rear-end,accident,1,weak_clip_event_window,29.958333,15.020862,450,960,720,train,Virginia,Virginia::highway,0,84,accident_time=1.625;type=rear-end
Lqgoisezv8E_00__accident,/autodl-fs/data/traffic_accident_rnd/ACCIDENT_dataset/real_videos/Lqgoisezv8E_00.mp4,ACCIDENT-real,rear-end,accident,1,weak_clip_event_window,29.958333,15.020862,450,960,720,test,Virginia,Virginia::signalized_intersection,23,113,accident_time=3.541666;type=rear-end
2vEysG50vYY_00__accident,/autodl-fs/data/traffic_accident_rnd/ACCIDENT_dataset/real_videos/2vEysG50vYY_00.mp4,ACCIDENT-real,single,accident,1,weak_clip_event_window,29.916667,10.027855,300,960,720,train,Virginia,Virginia::highway,33,93,accident_time=5.292;type=single
2vEysG50vYY_00__pre_event_non_accident,/autodl-fs/data/traffic_accident_rnd/ACCIDENT_dataset/real_videos/2vEysG50vYY_00.mp4,ACCIDENT-real,single,non_accident,0,weak_clip_pre_event,29.916667,10.027855,300,960,720,train,Virginia,Virginia::highway,0,23,derived_pre_accident_until=2.292;weak_negative=true
Tbl7dpfeXl8_00__accident,/autodl-fs/data/traffic_accident_rnd/ACCIDENT_dataset/real_videos/Tbl7dpfeXl8_00.mp4,ACCIDENT-real,rear-end,accident,1,weak_clip_event_window,29.666667,12.910112,383,320,240,train,Virginia,Virginia::highway,191,269,accident_time=16.799999999999997;type=rear-end
Tbl7dpfeXl8_00__pre_event_non_accident,/autodl-fs/data/traffic_accident_rnd/ACCIDENT_dataset/real_videos/Tbl7dpfeXl8_00.mp4,ACCIDENT-real,rear-end,non_accident,0,weak_clip_pre_event,29.666667,12.910112,383,320,240,train,Virginia,Virginia::highway,0,178,derived_pre_accident_until=13.800;weak_negative=true
SYBMrPb8-3Y_00__accident,/autodl-fs/data/traffic_accident_rnd/ACCIDENT_dataset/real_videos/SYBMrPb8-3Y_00.mp4,ACCIDENT-real,rear-end,accident,1,weak_clip_event_window,30.083333,9.939058,299,960,720,test,Virginia,Virginia::signalized_intersection,62,122,accident_time=8.25;type=rear-end
SYBMrPb8-3Y_00__pre_event_non_accident,/autodl-fs/data/traffic_accident_rnd/ACCIDENT_dataset/real_videos/SYBMrPb8-3Y_00.mp4,ACCIDENT-real,rear-end,non_accident,0,weak_clip_pre_event,30.083333,9.939058,299,960,720,test,Virginia,Virginia::signalized_intersection,0,52,derived_pre_accident_until=5.250;weak_negative=true
DJ-zFm_TSTM_00__accident,/autodl-fs/data/traffic_accident_rnd/ACCIDENT_dataset/real_videos/DJ-zFm_TSTM_00.mp4,ACCIDENT-real,t-bone,accident,1,weak_clip_event_window,29.958333,15.020862,450,960,720,test,Virginia,Virginia::highway,107,197,accident_time=9.125;type=t-bone
DJ-zFm_TSTM_00__pre_event_non_accident,/autodl-fs/data/traffic_accident_rnd/ACCIDENT_dataset/real_videos/DJ-zFm_TSTM_00.mp4,ACCIDENT-real,t-bone,non_accident,0,weak_clip_pre_event,29.958333,15.020862,450,960,720,test,Virginia,Virginia::highway,0,92,derived_pre_accident_until=6.125;weak_negative=true
Wuq6RfJ-yPY_00__accident,/autodl-fs/data/traffic_accident_rnd/ACCIDENT_dataset/real_videos/Wuq6RfJ-yPY_00.mp4,ACCIDENT-real,rear-end,accident,1,weak_clip_event_window,25.833333,14.980645,387,1920,1080,test,Virginia,Virginia::highway,90,180,accident_time=8.033;type=rear-end
Wuq6RfJ-yPY_00__pre_event_non_accident,/autodl-fs/data/traffic_accident_rnd/ACCIDENT_dataset/real_videos/Wuq6RfJ-yPY_00.mp4,ACCIDENT-real,rear-end,non_accident,0,weak_clip_pre_event,25.833333,14.980645,387,1920,1080,test,Virginia,Virginia::highway,0,75,derived_pre_accident_until=5.033;weak_negative=true
jnarvwUc5NU_00__accident,/autodl-fs/data/traffic_accident_rnd/ACCIDENT_dataset/real_videos/jnarvwUc5NU_00.mp4,ACCIDENT-real,rear-end,accident,1,weak_clip_event_window,30.041667,14.779473,444,960,720,train,Virginia,Virginia::highway,105,194,accident_time=9.166666;type=rear-end
jnarvwUc5NU_00__pre_event_non_accident,/autodl-fs/data/traffic_accident_rnd/ACCIDENT_dataset/real_videos/jnarvwUc5NU_00.mp4,ACCIDENT-real,rear-end,non_accident,0,weak_clip_pre_event,30.041667,14.779473,444,960,720,train,Virginia,Virginia::highway,0,91,derived_pre_accident_until=6.167;weak_negative=true
jfGiD4S9OiA_00__accident,/autodl-fs/data/traffic_accident_rnd/ACCIDENT_dataset/real_videos/jfGiD4S9OiA_00.mp4,ACCIDENT-real,rear-end,accident,1,weak_clip_event_window,30.0,9.933333,298,960,720,train,Virginia,Virginia::highway,7,67,accident_time=2.75;type=rear-end
JGD3vYYu5S4_00__accident,/autodl-fs/data/traffic_accident_rnd/ACCIDENT_dataset/real_videos/JGD3vYYu5S4_00.mp4,ACCIDENT-real,rear-end,accident,1,weak_clip_event_window,16.633333,15.03006,250,1920,1080,test,Virginia,Virginia::highway,48,138,accident_time=5.2;type=rear-end
JGD3vYYu5S4_00__pre_event_non_accident,/autodl-fs/data/traffic_accident_rnd/ACCIDENT_dataset/real_videos/JGD3vYYu5S4_00.mp4,ACCIDENT-real,rear-end,non_accident,0,weak_clip_pre_event,16.633333,15.03006,250,1920,1080,test,Virginia,Virginia::highway,0,33,derived_pre_accident_until=2.200;weak_negative=true
mJArIYTPLbE_00__accident,/autodl-fs/data/traffic_accident_rnd/ACCIDENT_dataset/real_videos/mJArIYTPLbE_00.mp4,ACCIDENT-real,rear-end,accident,1,weak_clip_event_window,12.25,14.938776,183,960,720,test,Virginia,Virginia::signalized_intersection,29,119,accident_time=3.958;type=rear-end
Tzh_MXLofUI_00__accident,/autodl-fs/data/traffic_accident_rnd/ACCIDENT_dataset/real_videos/Tzh_MXLofUI_00.mp4,ACCIDENT-real,single,accident,1,weak_clip_event_window,30.041667,14.912621,448,960,720,train,Virginia,Virginia::highway,30,120,accident_time=4.0;type=single
Tzh_MXLofUI_00__pre_event_non_accident,/autodl-fs/data/traffic_accident_rnd/ACCIDENT_dataset/real_videos/Tzh_MXLofUI_00.mp4,ACCIDENT-real,single,non_accident,0,weak_clip_pre_event,30.041667,14.912621,448,960,720,train,Virginia,Virginia::highway,0,15,derived_pre_accident_until=1.000;weak_negative=true
AeQaR7cklVU_00__accident,/autodl-fs/data/traffic_accident_rnd/ACCIDENT_dataset/real_videos/AeQaR7cklVU_00.mp4,ACCIDENT-real,sideswipe,accident,1,weak_clip_event_window,30.041667,14.945908,449,960,720,test,Virginia,Virginia::highway,11,101,accident_time=2.75;type=sideswipe
CJYMnDmGxio_00__accident,/autodl-fs/data/traffic_accident_rnd/ACCIDENT_dataset/real_videos/CJYMnDmGxio_00.mp4,ACCIDENT-real,rear-end,accident,1,weak_clip_event_window,30.0,14.966667,449,960,720,test,Virginia,Virginia::highway,21,111,accident_time=3.375;type=rear-end
63jg9PMxHZM_00__accident,/autodl-fs/data/traffic_accident_rnd/ACCIDENT_dataset/real_videos/63jg9PMxHZM_00.mp4,ACCIDENT-real,rear-end,accident,1,weak_clip_event_window,29.333333,14.965909,439,960,720,train,Virginia,Virginia::highway,35,125,accident_time=4.375;type=rear-end
63jg9PMxHZM_00__pre_event_non_accident,/autodl-fs/data/traffic_accident_rnd/ACCIDENT_dataset/real_videos/63jg9PMxHZM_00.mp4,ACCIDENT-real,rear-end,non_accident,0,weak_clip_pre_event,29.333333,14.965909,439,960,720,train,Virginia,Virginia::highway,0,21,derived_pre_accident_until=1.375;weak_negative=true
23huSUeAOso_00__accident,/autodl-fs/data/traffic_accident_rnd/ACCIDENT_dataset/real_videos/23huSUeAOso_00.mp4,ACCIDENT-real,rear-end,accident,1,weak_clip_event_window,29.916667,8.958217,268,960,720,test,Virginia,Virginia::signalized_intersection,40,94,accident_time=6.5;type=rear-end
23huSUeAOso_00__pre_event_non_accident,/autodl-fs/data/traffic_accident_rnd/ACCIDENT_dataset/real_videos/23huSUeAOso_00.mp4,ACCIDENT-real,rear-end,non_accident,0,weak_clip_pre_event,29.916667,8.958217,268,960,720,test,Virginia,Virginia::signalized_intersection,0,31,derived_pre_accident_until=3.500;weak_negative=true
MCeomZE3fqw_00__accident,/autodl-fs/data/traffic_accident_rnd/ACCIDENT_dataset/real_videos/MCeomZE3fqw_00.mp4,ACCIDENT-real,rear-end,accident,1,weak_clip_event_window,29.958333,15.020862,450,960,720,train,Virginia,Virginia::highway,25,115,accident_time=3.666666;type=rear-end
47M8fAuFNOs_00__accident,/autodl-fs/data/traffic_accident_rnd/ACCIDENT_dataset/real_videos/47M8fAuFNOs_00.mp4,ACCIDENT-real,rear-end,accident,1,weak_clip_event_window,19.871879,14.945743,297,2400,1080,test,Virginia,Virginia::grade_separated_intersection,115,205,accident_time=9.674;type=rear-end
47M8fAuFNOs_00__pre_event_non_accident,/autodl-fs/data/traffic_accident_rnd/ACCIDENT_dataset/real_videos/47M8fAuFNOs_00.mp4,ACCIDENT-real,rear-end,non_accident,0,weak_clip_pre_event,19.871879,14.945743,297,2400,1080,test,Virginia,Virginia::grade_separated_intersection,0,100,derived_pre_accident_until=6.674;weak_negative=true
XOA5P6Ph6kY_00__accident,/autodl-fs/data/traffic_accident_rnd/ACCIDENT_dataset/real_videos/XOA5P6Ph6kY_00.mp4,ACCIDENT-real,rear-end,accident,1,weak_clip_event_window,30.033333,14.550499,437,1440,1080,train,Virginia,Virginia::highway,20,107,accident_time=3.367;type=rear-end
KcWnZOH5CK8_00__accident,/autodl-fs/data/traffic_accident_rnd/ACCIDENT_dataset/real_videos/KcWnZOH5CK8_00.mp4,ACCIDENT-real,rear-end,accident,1,weak_clip_event_window,5.458333,14.656489,80,960,720,train,Virginia,Virginia::highway,26,80,accident_time=3.75;type=rear-end
Nn10f6awuTk_00__accident,/autodl-fs/data/traffic_accident_rnd/ACCIDENT_dataset/real_videos/Nn10f6awuTk_00.mp4,ACCIDENT-real,rear-end,accident,1,weak_clip_event_window,26.298978,14.981571,394,2400,1080,test,Virginia,Virginia::highway,130,220,accident_time=10.700000000000001;type=rear-end
Nn10f6awuTk_00__pre_event_non_accident,/autodl-fs/data/traffic_accident_rnd/ACCIDENT_dataset/real_videos/Nn10f6awuTk_00.mp4,ACCIDENT-real,rear-end,non_accident,0,weak_clip_pre_event,26.298978,14.981571,394,2400,1080,test,Virginia,Virginia::highway,0,115,derived_pre_accident_until=7.700;weak_negative=true
e__4RhcKov4_00__accident,/autodl-fs/data/traffic_accident_rnd/ACCIDENT_dataset/real_videos/e__4RhcKov4_00.mp4,ACCIDENT-real,rear-end,accident,1,weak_clip_event_window,30.041667,13.880721,417,1056,720,test,Virginia,Virginia::signalized_intersection,103,187,accident_time=9.458;type=rear-end
e__4RhcKov4_00__pre_event_non_accident,/autodl-fs/data/traffic_accident_rnd/ACCIDENT_dataset/real_videos/e__4RhcKov4_00.mp4,ACCIDENT-real,rear-end,non_accident,0,weak_clip_pre_event,30.041667,13.880721,417,1056,720,test,Virginia,Virginia::signalized_intersection,0,90,derived_pre_accident_until=6.458;weak_negative=true
jaCr2wkcYJ8_00__accident,/autodl-fs/data/traffic_accident_rnd/ACCIDENT_dataset/real_videos/jaCr2wkcYJ8_00.mp4,ACCIDENT-real,single,accident,1,weak_clip_event_window,29.916667,10.061281,301,960,720,test,Virginia,Virginia::highway,14,74,accident_time=3.333;type=single
bw6JUt3iQls_00__accident,/autodl-fs/data/traffic_accident_rnd/ACCIDENT_dataset/real_videos/bw6JUt3iQls_00.mp4,ACCIDENT-real,rear-end,accident,1,weak_clip_event_window,30.0,14.966667,449,960,720,test,Virginia,Virginia::highway,30,120,accident_time=4.0;type=rear-end
bw6JUt3iQls_00__pre_event_non_accident,/autodl-fs/data/traffic_accident_rnd/ACCIDENT_dataset/real_videos/bw6JUt3iQls_00.mp4,ACCIDENT-real,rear-end,non_accident,0,weak_clip_pre_event,30.0,14.966667,449,960,720,test,Virginia,Virginia::highway,0,15,derived_pre_accident_until=1.000;weak_negative=true
sppaLXwUokY_00__accident,/autodl-fs/data/traffic_accident_rnd/ACCIDENT_dataset/real_videos/sppaLXwUokY_00.mp4,ACCIDENT-real,single,accident,1,weak_clip_event_window,24.911651,15.013056,374,2400,1080,train,Virginia,Virginia::highway,126,216,accident_time=10.37;type=single
sppaLXwUokY_00__pre_event_non_accident,/autodl-fs/data/traffic_accident_rnd/ACCIDENT_dataset/real_videos/sppaLXwUokY_00.mp4,ACCIDENT-real,single,non_accident,0,weak_clip_pre_event,24.911651,15.013056,374,2400,1080,train,Virginia,Virginia::highway,0,111,derived_pre_accident_until=7.370;weak_negative=true
YmswRbkR2YA_00__accident,/autodl-fs/data/traffic_accident_rnd/ACCIDENT_dataset/real_videos/YmswRbkR2YA_00.mp4,ACCIDENT-real,rear-end,accident,1,weak_clip_event_window,24.708333,14.934233,369,1280,720,test,Virginia,Virginia::highway,0,87,accident_time=1.7919999999999998;type=rear-end
RBxSM1800xg_00__accident,/autodl-fs/data/traffic_accident_rnd/ACCIDENT_dataset/real_videos/RBxSM1800xg_00.mp4,ACCIDENT-real,rear-end,accident,1,weak_clip_event_window,29.166667,10.114286,295,960,720,test,Virginia,Virginia::highway,17,77,accident_time=3.6660000000000004;type=rear-end
jbfxAh30dDc_00__accident,/autodl-fs/data/traffic_accident_rnd/ACCIDENT_dataset/real_videos/jbfxAh30dDc_00.mp4,ACCIDENT-real,single,accident,1,weak_clip_event_window,7.416667,14.966292,111,960,720,train,Virginia,Virginia::highway,35,111,accident_time=4.375;type=single
jbfxAh30dDc_00__pre_event_non_accident,/autodl-fs/data/traffic_accident_rnd/ACCIDENT_dataset/real_videos/jbfxAh30dDc_00.mp4,ACCIDENT-real,single,non_accident,0,weak_clip_pre_event,7.416667,14.966292,111,960,720,train,Virginia,Virginia::highway,0,21,derived_pre_accident_until=1.375;weak_negative=true
YhXaFioaBfI_00__accident,/autodl-fs/data/traffic_accident_rnd/ACCIDENT_dataset/real_videos/YhXaFioaBfI_00.mp4,ACCIDENT-real,t-bone,accident,1,weak_clip_event_window,30.0,14.966667,449,960,720,test,Virginia,Virginia::highway,393,449,accident_time=28.25;type=t-bone
YhXaFioaBfI_00__pre_event_non_accident,/autodl-fs/data/traffic_accident_rnd/ACCIDENT_dataset/real_videos/YhXaFioaBfI_00.mp4,ACCIDENT-real,t-bone,non_accident,0,weak_clip_pre_event,30.0,14.966667,449,960,720,test,Virginia,Virginia::highway,0,378,derived_pre_accident_until=25.250;weak_negative=true
aliCOjgqdfU_00__accident,/autodl-fs/data/traffic_accident_rnd/ACCIDENT_dataset/real_videos/aliCOjgqdfU_00.mp4,ACCIDENT-real,single,accident,1,weak_clip_event_window,14.916667,9.854749,147,960,720,test,Virginia,Virginia::highway,84,143,accident_time=10.541667;type=single
aliCOjgqdfU_00__pre_event_non_accident,/autodl-fs/data/traffic_accident_rnd/ACCIDENT_dataset/real_videos/aliCOjgqdfU_00.mp4,ACCIDENT-real,single,non_accident,0,weak_clip_pre_event,14.916667,9.854749,147,960,720,test,Virginia,Virginia::highway,0,74,derived_pre_accident_until=7.542;weak_negative=true
BVXW2dz2OYA_00__accident,/autodl-fs/data/traffic_accident_rnd/ACCIDENT_dataset/real_videos/BVXW2dz2OYA_00.mp4,ACCIDENT-real,single,accident,1,weak_clip_event_window,6.875,10.036364,69,960,720,train,Virginia,Virginia::highway,14,69,accident_time=3.375;type=single
sRM9RLRUYjI_00__accident,/autodl-fs/data/traffic_accident_rnd/ACCIDENT_dataset/real_videos/sRM9RLRUYjI_00.mp4,ACCIDENT-real,rear-end,accident,1,weak_clip_event_window,22.9,15.021834,344,1440,1080,test,Virginia,Virginia::highway,0,85,accident_time=1.6660000000000004;type=rear-end
TvOF9UpguyM_00__accident,/autodl-fs/data/traffic_accident_rnd/ACCIDENT_dataset/real_videos/TvOF9UpguyM_00.mp4,ACCIDENT-real,single,accident,1,weak_clip_event_window,30.041667,14.945908,449,960,720,train,Virginia,Virginia::highway,33,123,accident_time=4.208;type=single
TvOF9UpguyM_00__pre_event_non_accident,/autodl-fs/data/traffic_accident_rnd/ACCIDENT_dataset/real_videos/TvOF9UpguyM_00.mp4,ACCIDENT-real,single,non_accident,0,weak_clip_pre_event,30.041667,14.945908,449,960,720,train,Virginia,Virginia::highway,0,18,derived_pre_accident_until=1.208;weak_negative=true
zKzNUiaoHZI_00__accident,/autodl-fs/data/traffic_accident_rnd/ACCIDENT_dataset/real_videos/zKzNUiaoHZI_00.mp4,ACCIDENT-real,single,accident,1,weak_clip_event_window,9.625,14.961039,144,960,720,train,Virginia,Virginia::highway,69,144,accident_time=6.625;type=single
zKzNUiaoHZI_00__pre_event_non_accident,/autodl-fs/data/traffic_accident_rnd/ACCIDENT_dataset/real_videos/zKzNUiaoHZI_00.mp4,ACCIDENT-real,single,non_accident,0,weak_clip_pre_event,9.625,14.961039,144,960,720,train,Virginia,Virginia::highway,0,54,derived_pre_accident_until=3.625;weak_negative=true
HFgLNfSjd6g_00__accident,/autodl-fs/data/traffic_accident_rnd/ACCIDENT_dataset/real_videos/HFgLNfSjd6g_00.mp4,ACCIDENT-real,single,accident,1,weak_clip_event_window,5.916667,14.873239,88,960,720,train,Virginia,Virginia::grade_separated_intersection,8,88,accident_time=2.583;type=single
YyJF_uXryNs_00__accident,/autodl-fs/data/traffic_accident_rnd/ACCIDENT_dataset/real_videos/YyJF_uXryNs_00.mp4,ACCIDENT-real,single,accident,1,weak_clip_event_window,20.583333,14.91498,307,960,720,test,Virginia,Virginia::highway,60,150,accident_time=6.042;type=single
YyJF_uXryNs_00__pre_event_non_accident,/autodl-fs/data/traffic_accident_rnd/ACCIDENT_dataset/real_videos/YyJF_uXryNs_00.mp4,ACCIDENT-real,single,non_accident,0,weak_clip_pre_event,20.583333,14.91498,307,960,720,test,Virginia,Virginia::highway,0,45,derived_pre_accident_until=3.042;weak_negative=true
YyJF_uXryNs_01__accident,/autodl-fs/data/traffic_accident_rnd/ACCIDENT_dataset/real_videos/YyJF_uXryNs_01.mp4,ACCIDENT-real,single,accident,1,weak_clip_event_window,8.208333,15.106599,124,960,720,test,Virginia,Virginia::highway,84,124,accident_time=7.540999999999999;type=single
YyJF_uXryNs_01__pre_event_non_accident,/autodl-fs/data/traffic_accident_rnd/ACCIDENT_dataset/real_videos/YyJF_uXryNs_01.mp4,ACCIDENT-real,single,non_accident,0,weak_clip_pre_event,8.208333,15.106599,124,960,720,test,Virginia,Virginia::highway,0,69,derived_pre_accident_until=4.541;weak_negative=true
EpkEvZLzKko_00__accident,/autodl-fs/data/traffic_accident_rnd/ACCIDENT_dataset/real_videos/EpkEvZLzKko_00.mp4,ACCIDENT-real,single,accident,1,weak_clip_event_window,30.041667,14.979196,450,960,720,test,Virginia,Virginia::signalized_intersection,19,109,accident_time=3.292;type=single
vXrwMyoMA4c_00__accident,/autodl-fs/data/traffic_accident_rnd/ACCIDENT_dataset/real_videos/vXrwMyoMA4c_00.mp4,ACCIDENT-real,sideswipe,accident,1,weak_clip_event_window,25.1,10.358566,260,1920,1080,test,Virginia,Virginia::tunnel,15,77,accident_time=3.467;type=sideswipe
9VsL3A3PJ1Q_00__accident,/autodl-fs/data/traffic_accident_rnd/ACCIDENT_dataset/real_videos/9VsL3A3PJ1Q_00.mp4,ACCIDENT-real,single,accident,1,weak_clip_event_window,6.866667,14.854369,102,1920,1080,test,Virginia,Virginia::tunnel,17,102,accident_time=3.167;type=single
W1hVOBEgpJA_00__accident,/autodl-fs/data/traffic_accident_rnd/ACCIDENT_dataset/real_videos/W1hVOBEgpJA_00.mp4,ACCIDENT-real,sideswipe,accident,1,weak_clip_event_window,24.974434,15.055397,376,2400,1080,test,Virginia,Virginia::highway,70,160,accident_time=6.6209999999999996;type=sideswipe
W1hVOBEgpJA_00__pre_event_non_accident,/autodl-fs/data/traffic_accident_rnd/ACCIDENT_dataset/real_videos/W1hVOBEgpJA_00.mp4,ACCIDENT-real,sideswipe,non_accident,0,weak_clip_pre_event,24.974434,15.055397,376,2400,1080,test,Virginia,Virginia::highway,0,55,derived_pre_accident_until=3.621;weak_negative=true
mz-y5-ksDA8_00__accident,/autodl-fs/data/traffic_accident_rnd/ACCIDENT_dataset/real_videos/mz-y5-ksDA8_00.mp4,ACCIDENT-real,single,accident,1,weak_clip_event_window,26.533333,15.037688,399,1920,1080,test,Virginia,Virginia::highway,28,118,accident_time=3.866;type=single
BGxp7NOV0AQ_00__accident,/autodl-fs/data/traffic_accident_rnd/ACCIDENT_dataset/real_videos/BGxp7NOV0AQ_00.mp4,ACCIDENT-real,t-bone,accident,1,weak_clip_event_window,29.958333,13.885953,416,960,720,test,Virginia,Virginia::signalized_intersection,30,114,accident_time=4.208;type=t-bone
BGxp7NOV0AQ_00__pre_event_non_accident,/autodl-fs/data/traffic_accident_rnd/ACCIDENT_dataset/real_videos/BGxp7NOV0AQ_00.mp4,ACCIDENT-real,t-bone,non_accident,0,weak_clip_pre_event,29.958333,13.885953,416,960,720,test,Virginia,Virginia::signalized_intersection,0,17,derived_pre_accident_until=1.208;weak_negative=true
4j9OcguWbcA_00__accident,/autodl-fs/data/traffic_accident_rnd/ACCIDENT_dataset/real_videos/4j9OcguWbcA_00.mp4,ACCIDENT-real,single,accident,1,weak_clip_event_window,30.1,14.883721,448,1440,1080,test,Virginia,Virginia::highway,45,135,accident_time=5.067;type=single
4j9OcguWbcA_00__pre_event_non_accident,/autodl-fs/data/traffic_accident_rnd/ACCIDENT_dataset/real_videos/4j9OcguWbcA_00.mp4,ACCIDENT-real,single,non_accident,0,weak_clip_pre_event,30.1,14.883721,448,1440,1080,test,Virginia,Virginia::highway,0,31,derived_pre_accident_until=2.067;weak_negative=true
mgl0K0RP_y8_00__accident,/autodl-fs/data/traffic_accident_rnd/ACCIDENT_dataset/real_videos/mgl0K0RP_y8_00.mp4,ACCIDENT-real,single,accident,1,weak_clip_event_window,30.033333,15.016648,451,1440,1080,test,Virginia,Virginia::highway,32,122,accident_time=4.133;type=single
mgl0K0RP_y8_00__pre_event_non_accident,/autodl-fs/data/traffic_accident_rnd/ACCIDENT_dataset/real_videos/mgl0K0RP_y8_00.mp4,ACCIDENT-real,single,non_accident,0,weak_clip_pre_event,30.033333,15.016648,451,1440,1080,test,Virginia,Virginia::highway,0,17,derived_pre_accident_until=1.133;weak_negative=true
SvX1Ifafid0_00__accident,/autodl-fs/data/traffic_accident_rnd/ACCIDENT_dataset/real_videos/SvX1Ifafid0_00.mp4,ACCIDENT-real,sideswipe,accident,1,weak_clip_event_window,22.541667,14.950092,337,960,720,train,Virginia,Virginia::highway,6,96,accident_time=2.375;type=sideswipe
IrzdCEl72lc_00__accident,/autodl-fs/data/traffic_accident_rnd/ACCIDENT_dataset/real_videos/IrzdCEl72lc_00.mp4,ACCIDENT-real,sideswipe,accident,1,weak_clip_event_window,7.458333,14.748603,110,960,720,test,Virginia,Virginia::highway,2,90,accident_time=2.125;type=sideswipe
DU2mJPGb3ys_00__accident,/autodl-fs/data/traffic_accident_rnd/ACCIDENT_dataset/real_videos/DU2mJPGb3ys_00.mp4,ACCIDENT-real,sideswipe,accident,1,weak_clip_event_window,21.566667,14.837713,320,1440,1080,test,Virginia,Virginia::grade_separated_intersection,55,144,accident_time=5.699999999999999;type=sideswipe
DU2mJPGb3ys_00__pre_event_non_accident,/autodl-fs/data/traffic_accident_rnd/ACCIDENT_dataset/real_videos/DU2mJPGb3ys_00.mp4,ACCIDENT-real,sideswipe,non_accident,0,weak_clip_pre_event,21.566667,14.837713,320,1440,1080,test,Virginia,Virginia::grade_separated_intersection,0,40,derived_pre_accident_until=2.700;weak_negative=true
Gi1LR7ikvBo_00__accident,/autodl-fs/data/traffic_accident_rnd/ACCIDENT_dataset/real_videos/Gi1LR7ikvBo_00.mp4,ACCIDENT-real,sideswipe,accident,1,weak_clip_event_window,30.041667,18.341193,551,960,720,test,Virginia,Virginia::highway,20,130,accident_time=3.083;type=sideswipe
Zq0TjWFlXQI_00__accident,/autodl-fs/data/traffic_accident_rnd/ACCIDENT_dataset/real_videos/Zq0TjWFlXQI_00.mp4,ACCIDENT-real,sideswipe,accident,1,weak_clip_event_window,30.041667,14.979196,450,960,720,train,Virginia,Virginia::highway,19,109,accident_time=3.25;type=sideswipe
mTYWjKznhOY_00__accident,/autodl-fs/data/traffic_accident_rnd/ACCIDENT_dataset/real_videos/mTYWjKznhOY_00.mp4,ACCIDENT-real,single,accident,1,weak_clip_event_window,30.041667,14.979196,450,960,720,train,Virginia,Virginia::highway,38,128,accident_time=4.542;type=single
mTYWjKznhOY_00__pre_event_non_accident,/autodl-fs/data/traffic_accident_rnd/ACCIDENT_dataset/real_videos/mTYWjKznhOY_00.mp4,ACCIDENT-real,single,non_accident,0,weak_clip_pre_event,30.041667,14.979196,450,960,720,train,Virginia,Virginia::highway,0,23,derived_pre_accident_until=1.542;weak_negative=true
ifCSaYvb0JA_00__accident,/autodl-fs/data/traffic_accident_rnd/ACCIDENT_dataset/real_videos/ifCSaYvb0JA_00.mp4,ACCIDENT-real,t-bone,accident,1,weak_clip_event_window,23.833333,14.979021,357,960,720,test,Virginia,Virginia::highway,74,164,accident_time=6.959;type=t-bone
ifCSaYvb0JA_00__pre_event_non_accident,/autodl-fs/data/traffic_accident_rnd/ACCIDENT_dataset/real_videos/ifCSaYvb0JA_00.mp4,ACCIDENT-real,t-bone,non_accident,0,weak_clip_pre_event,23.833333,14.979021,357,960,720,test,Virginia,Virginia::highway,0,59,derived_pre_accident_until=3.959;weak_negative=true
pS8q0o3ygtI_00__accident,/autodl-fs/data/traffic_accident_rnd/ACCIDENT_dataset/real_videos/pS8q0o3ygtI_00.mp4,ACCIDENT-real,t-bone,accident,1,weak_clip_event_window,7.916667,15.031579,119,960,720,test,Virginia,Virginia::highway,0,85,accident_time=1.6669999999999998;type=t-bone
sja7nF8p6tw_00__accident,/autodl-fs/data/traffic_accident_rnd/ACCIDENT_dataset/real_videos/sja7nF8p6tw_00.mp4,ACCIDENT-real,rear-end,accident,1,weak_clip_event_window,30.041667,9.98613,300,960,720,test,Virginia,Virginia::highway,112,172,accident_time=13.25;type=rear-end
sja7nF8p6tw_00__pre_event_non_accident,/autodl-fs/data/traffic_accident_rnd/ACCIDENT_dataset/real_videos/sja7nF8p6tw_00.mp4,ACCIDENT-real,rear-end,non_accident,0,weak_clip_pre_event,30.041667,9.98613,300,960,720,test,Virginia,Virginia::highway,0,102,derived_pre_accident_until=10.250;weak_negative=true
82garGyvexA_00__accident,/autodl-fs/data/traffic_accident_rnd/ACCIDENT_dataset/real_videos/82garGyvexA_00.mp4,ACCIDENT-real,head-on,accident,1,weak_clip_event_window,7.466667,13.660714,102,1320,1080,test,Virginia,Virginia::city_street,52,102,accident_time=5.767;type=head-on
82garGyvexA_00__pre_event_non_accident,/autodl-fs/data/traffic_accident_rnd/ACCIDENT_dataset/real_videos/82garGyvexA_00.mp4,ACCIDENT-real,head-on,non_accident,0,weak_clip_pre_event,7.466667,13.660714,102,1320,1080,test,Virginia,Virginia::city_street,0,38,derived_pre_accident_until=2.767;weak_negative=true
WbLH4FMzHeo_00__accident,/autodl-fs/data/traffic_accident_rnd/ACCIDENT_dataset/real_videos/WbLH4FMzHeo_00.mp4,ACCIDENT-real,single,accident,1,weak_clip_event_window,15.916667,14.95288,238,960,720,test,Virginia,Virginia::highway,85,175,accident_time=7.708;type=single
WbLH4FMzHeo_00__pre_event_non_accident,/autodl-fs/data/traffic_accident_rnd/ACCIDENT_dataset/real_videos/WbLH4FMzHeo_00.mp4,ACCIDENT-real,single,non_accident,0,weak_clip_pre_event,15.916667,14.95288,238,960,720,test,Virginia,Virginia::highway,0,70,derived_pre_accident_until=4.708;weak_negative=true
PD-N1gMJNXg_00__accident,/autodl-fs/data/traffic_accident_rnd/ACCIDENT_dataset/real_videos/PD-N1gMJNXg_00.mp4,ACCIDENT-real,sideswipe,accident,1,weak_clip_event_window,27.708333,15.013534,416,960,720,test,Virginia,Virginia::highway,69,159,accident_time=6.625;type=sideswipe
PD-N1gMJNXg_00__pre_event_non_accident,/autodl-fs/data/traffic_accident_rnd/ACCIDENT_dataset/real_videos/PD-N1gMJNXg_00.mp4,ACCIDENT-real,sideswipe,non_accident,0,weak_clip_pre_event,27.708333,15.013534,416,960,720,test,Virginia,Virginia::highway,0,54,derived_pre_accident_until=3.625;weak_negative=true
6MBstMRZV9g_00__accident,/autodl-fs/data/traffic_accident_rnd/ACCIDENT_dataset/real_videos/6MBstMRZV9g_00.mp4,ACCIDENT-real,head-on,accident,1,weak_clip_event_window,30.041667,14.912621,448,960,720,test,Virginia,Virginia::signalized_intersection,30,120,accident_time=4.042;type=head-on
6MBstMRZV9g_00__pre_event_non_accident,/autodl-fs/data/traffic_accident_rnd/ACCIDENT_dataset/real_videos/6MBstMRZV9g_00.mp4,ACCIDENT-real,head-on,non_accident,0,weak_clip_pre_event,30.041667,14.912621,448,960,720,test,Virginia,Virginia::signalized_intersection,0,16,derived_pre_accident_until=1.042;weak_negative=true
nRLaHoFoa8s_00__accident,/autodl-fs/data/traffic_accident_rnd/ACCIDENT_dataset/real_videos/nRLaHoFoa8s_00.mp4,ACCIDENT-real,t-bone,accident,1,weak_clip_event_window,28.875,10.008658,289,960,720,test,Virginia,Virginia::signalized_intersection,53,113,accident_time=7.333;type=t-bone
nRLaHoFoa8s_00__pre_event_non_accident,/autodl-fs/data/traffic_accident_rnd/ACCIDENT_dataset/real_videos/nRLaHoFoa8s_00.mp4,ACCIDENT-real,t-bone,non_accident,0,weak_clip_pre_event,28.875,10.008658,289,960,720,test,Virginia,Virginia::signalized_intersection,0,43,derived_pre_accident_until=4.333;weak_negative=true
DHG33zf-bkk_00__accident,/autodl-fs/data/traffic_accident_rnd/ACCIDENT_dataset/real_videos/DHG33zf-bkk_00.mp4,ACCIDENT-real,single,accident,1,weak_clip_event_window,30.041667,14.57975,438,960,720,train,Virginia,Virginia::highway,49,136,accident_time=5.375;type=single
DHG33zf-bkk_00__pre_event_non_accident,/autodl-fs/data/traffic_accident_rnd/ACCIDENT_dataset/real_videos/DHG33zf-bkk_00.mp4,ACCIDENT-real,single,non_accident,0,weak_clip_pre_event,30.041667,14.57975,438,960,720,train,Virginia,Virginia::highway,0,35,derived_pre_accident_until=2.375;weak_negative=true
MRyEislt23s_00__accident,/autodl-fs/data/traffic_accident_rnd/ACCIDENT_dataset/real_videos/MRyEislt23s_00.mp4,ACCIDENT-real,single,accident,1,weak_clip_event_window,24.541667,15.076401,370,960,720,test,Virginia,Virginia::highway,120,210,accident_time=9.958;type=single
MRyEislt23s_00__pre_event_non_accident,/autodl-fs/data/traffic_accident_rnd/ACCIDENT_dataset/real_videos/MRyEislt23s_00.mp4,ACCIDENT-real,single,non_accident,0,weak_clip_pre_event,24.541667,15.076401,370,960,720,test,Virginia,Virginia::highway,0,105,derived_pre_accident_until=6.958;weak_negative=true
FFkOuMBHngY_00__accident,/autodl-fs/data/traffic_accident_rnd/ACCIDENT_dataset/real_videos/FFkOuMBHngY_00.mp4,ACCIDENT-real,single,accident,1,weak_clip_event_window,30.0,14.966667,449,960,720,train,Virginia,Virginia::highway,0,87,accident_time=1.833333;type=single
jiOupTjSods_00__accident,/autodl-fs/data/traffic_accident_rnd/ACCIDENT_dataset/real_videos/jiOupTjSods_00.mp4,ACCIDENT-real,single,accident,1,weak_clip_event_window,26.566667,15.018821,399,1440,1080,test,Virginia,Virginia::highway,92,182,accident_time=8.133;type=single
jiOupTjSods_00__pre_event_non_accident,/autodl-fs/data/traffic_accident_rnd/ACCIDENT_dataset/real_videos/jiOupTjSods_00.mp4,ACCIDENT-real,single,non_accident,0,weak_clip_pre_event,26.566667,15.018821,399,1440,1080,test,Virginia,Virginia::highway,0,77,derived_pre_accident_until=5.133;weak_negative=true
7O4STdn35L0_00__accident,/autodl-fs/data/traffic_accident_rnd/ACCIDENT_dataset/real_videos/7O4STdn35L0_00.mp4,ACCIDENT-real,sideswipe,accident,1,weak_clip_event_window,7.708333,11.675676,90,960,720,test,Virginia,Virginia::signalized_intersection,26,90,accident_time=4.208;type=sideswipe
7O4STdn35L0_00__pre_event_non_accident,/autodl-fs/data/traffic_accident_rnd/ACCIDENT_dataset/real_videos/7O4STdn35L0_00.mp4,ACCIDENT-real,sideswipe,non_accident,0,weak_clip_pre_event,7.708333,11.675676,90,960,720,test,Virginia,Virginia::signalized_intersection,0,14,derived_pre_accident_until=1.208;weak_negative=true
gtKsxCrjJ2Q_00__accident,/autodl-fs/data/traffic_accident_rnd/ACCIDENT_dataset/real_videos/gtKsxCrjJ2Q_00.mp4,ACCIDENT-real,single,accident,1,weak_clip_event_window,29.916667,10.061281,301,960,720,train,Virginia,Virginia::highway,50,110,accident_time=6.958;type=single
gtKsxCrjJ2Q_00__pre_event_non_accident,/autodl-fs/data/traffic_accident_rnd/ACCIDENT_dataset/real_videos/gtKsxCrjJ2Q_00.mp4,ACCIDENT-real,single,non_accident,0,weak_clip_pre_event,29.916667,10.061281,301,960,720,train,Virginia,Virginia::highway,0,40,derived_pre_accident_until=3.958;weak_negative=true
QbTAfMWdSN0_00__accident,/autodl-fs/data/traffic_accident_rnd/ACCIDENT_dataset/real_videos/QbTAfMWdSN0_00.mp4,ACCIDENT-real,t-bone,accident,1,weak_clip_event_window,29.708333,14.474053,430,960,720,test,Virginia,Virginia::signalized_intersection,95,182,accident_time=8.583;type=t-bone
QbTAfMWdSN0_00__pre_event_non_accident,/autodl-fs/data/traffic_accident_rnd/ACCIDENT_dataset/real_videos/QbTAfMWdSN0_00.mp4,ACCIDENT-real,t-bone,non_accident,0,weak_clip_pre_event,29.708333,14.474053,430,960,720,test,Virginia,Virginia::signalized_intersection,0,81,derived_pre_accident_until=5.583;weak_negative=true
TSHPa6dU_yo_00__accident,/autodl-fs/data/traffic_accident_rnd/ACCIDENT_dataset/real_videos/TSHPa6dU_yo_00.mp4,ACCIDENT-real,t-bone,accident,1,weak_clip_event_window,29.958333,14.520167,435,960,720,test,Virginia,Virginia::simple_intersection,62,149,accident_time=6.25;type=t-bone
TSHPa6dU_yo_00__pre_event_non_accident,/autodl-fs/data/traffic_accident_rnd/ACCIDENT_dataset/real_videos/TSHPa6dU_yo_00.mp4,ACCIDENT-real,t-bone,non_accident,0,weak_clip_pre_event,29.958333,14.520167,435,960,720,test,Virginia,Virginia::simple_intersection,0,47,derived_pre_accident_until=3.250;weak_negative=true
uwi_3_tL3us_00__accident,/autodl-fs/data/traffic_accident_rnd/ACCIDENT_dataset/real_videos/uwi_3_tL3us_00.mp4,ACCIDENT-real,single,accident,1,weak_clip_event_window,6.166667,15.081081,93,1920,1080,train,Virginia,Virginia::highway,16,93,accident_time=3.067;type=single
EAXHuVGCmSA_00__accident,/autodl-fs/data/traffic_accident_rnd/ACCIDENT_dataset/real_videos/EAXHuVGCmSA_00.mp4,ACCIDENT-real,single,accident,1,weak_clip_event_window,30.041667,14.979196,450,960,720,train,Virginia,Virginia::highway,46,136,accident_time=5.041666;type=single
EAXHuVGCmSA_00__pre_event_non_accident,/autodl-fs/data/traffic_accident_rnd/ACCIDENT_dataset/real_videos/EAXHuVGCmSA_00.mp4,ACCIDENT-real,single,non_accident,0,weak_clip_pre_event,30.041667,14.979196,450,960,720,train,Virginia,Virginia::highway,0,31,derived_pre_accident_until=2.042;weak_negative=true
PYeSHbpGyn4_00__accident,/autodl-fs/data/traffic_accident_rnd/ACCIDENT_dataset/real_videos/PYeSHbpGyn4_00.mp4,ACCIDENT-real,single,accident,1,weak_clip_event_window,16.833333,14.970297,252,960,720,test,Virginia,Virginia::highway,133,223,accident_time=10.917;type=single
PYeSHbpGyn4_00__pre_event_non_accident,/autodl-fs/data/traffic_accident_rnd/ACCIDENT_dataset/real_videos/PYeSHbpGyn4_00.mp4,ACCIDENT-real,single,non_accident,0,weak_clip_pre_event,16.833333,14.970297,252,960,720,test,Virginia,Virginia::highway,0,119,derived_pre_accident_until=7.917;weak_negative=true
C7fGGRaVtJs_00__accident,/autodl-fs/data/traffic_accident_rnd/ACCIDENT_dataset/real_videos/C7fGGRaVtJs_00.mp4,ACCIDENT-real,single,accident,1,weak_clip_event_window,6.625,14.943396,99,1280,720,test,Virginia,Virginia::highway,23,99,accident_time=3.542;type=single
FImmtvW8KUI_00__accident,/autodl-fs/data/traffic_accident_rnd/ACCIDENT_dataset/real_videos/FImmtvW8KUI_00.mp4,ACCIDENT-real,single,accident,1,weak_clip_event_window,27.0,14.851852,401,960,720,test,Virginia,Virginia::highway,55,144,accident_time=5.708333;type=single
FImmtvW8KUI_00__pre_event_non_accident,/autodl-fs/data/traffic_accident_rnd/ACCIDENT_dataset/real_videos/FImmtvW8KUI_00.mp4,ACCIDENT-real,single,non_accident,0,weak_clip_pre_event,27.0,14.851852,401,960,720,test,Virginia,Virginia::highway,0,40,derived_pre_accident_until=2.708;weak_negative=true
5bxGXH9wjOs_00__accident,/autodl-fs/data/traffic_accident_rnd/ACCIDENT_dataset/real_videos/5bxGXH9wjOs_00.mp4,ACCIDENT-real,single,accident,1,weak_clip_event_window,8.833333,15.056604,133,960,720,test,Virginia,Virginia::highway,18,108,accident_time=3.208;type=single
5bxGXH9wjOs_01__accident,/autodl-fs/data/traffic_accident_rnd/ACCIDENT_dataset/real_videos/5bxGXH9wjOs_01.mp4,ACCIDENT-real,single,accident,1,weak_clip_event_window,23.416667,14.903915,349,960,720,test,Virginia,Virginia::highway,15,105,accident_time=3.0410000000000004;type=single
9Pfq8OtTeQA_00__accident,/autodl-fs/data/traffic_accident_rnd/ACCIDENT_dataset/real_videos/9Pfq8OtTeQA_00.mp4,ACCIDENT-real,single,accident,1,weak_clip_event_window,7.041667,14.911243,105,960,720,train,Virginia,Virginia::highway,40,105,accident_time=4.708;type=single
9Pfq8OtTeQA_00__pre_event_non_accident,/autodl-fs/data/traffic_accident_rnd/ACCIDENT_dataset/real_videos/9Pfq8OtTeQA_00.mp4,ACCIDENT-real,single,non_accident,0,weak_clip_pre_event,7.041667,14.911243,105,960,720,train,Virginia,Virginia::highway,0,25,derived_pre_accident_until=1.708;weak_negative=true
LDFzVFnuKIg_00__accident,/autodl-fs/data/traffic_accident_rnd/ACCIDENT_dataset/real_videos/LDFzVFnuKIg_00.mp4,ACCIDENT-real,single,accident,1,weak_clip_event_window,30.1,14.817276,446,1920,1080,test,Virginia,Virginia::highway,24,113,accident_time=3.667;type=single
ZZM8_m1ngcc_00__accident,/autodl-fs/data/traffic_accident_rnd/ACCIDENT_dataset/real_videos/ZZM8_m1ngcc_00.mp4,ACCIDENT-real,single,accident,1,weak_clip_event_window,30.0,15.0,450,960,720,test,Virginia,Virginia::grade_separated_intersection,16,106,accident_time=3.083333;type=single
kM5FhXJsyWA_00__accident,/autodl-fs/data/traffic_accident_rnd/ACCIDENT_dataset/real_videos/kM5FhXJsyWA_00.mp4,ACCIDENT-real,single,accident,1,weak_clip_event_window,27.5,15.018182,413,1440,1080,test,Virginia,Virginia::grade_separated_intersection,72,162,accident_time=6.800000000000001;type=single
kM5FhXJsyWA_00__pre_event_non_accident,/autodl-fs/data/traffic_accident_rnd/ACCIDENT_dataset/real_videos/kM5FhXJsyWA_00.mp4,ACCIDENT-real,single,non_accident,0,weak_clip_pre_event,27.5,15.018182,413,1440,1080,test,Virginia,Virginia::grade_separated_intersection,0,57,derived_pre_accident_until=3.800;weak_negative=true
Mz3oLId8I5Y_00__accident,/autodl-fs/data/traffic_accident_rnd/ACCIDENT_dataset/real_videos/Mz3oLId8I5Y_00.mp4,ACCIDENT-real,single,accident,1,weak_clip_event_window,24.25,15.010309,364,960,720,test,Virginia,Virginia::highway,11,101,accident_time=2.75;type=single
_NywzqOXZGE_00__accident,/autodl-fs/data/traffic_accident_rnd/ACCIDENT_dataset/real_videos/_NywzqOXZGE_00.mp4,ACCIDENT-real,single,accident,1,weak_clip_event_window,5.666667,14.647059,83,1280,720,test,Virginia,Virginia::highway,3,83,accident_time=2.208;type=single
C5Vqz3BcyAs_00__accident,/autodl-fs/data/traffic_accident_rnd/ACCIDENT_dataset/real_videos/C5Vqz3BcyAs_00.mp4,ACCIDENT-real,single,accident,1,weak_clip_event_window,8.25,14.909091,123,960,720,test,Virginia,Virginia::highway,53,123,accident_time=5.583;type=single
C5Vqz3BcyAs_00__pre_event_non_accident,/autodl-fs/data/traffic_accident_rnd/ACCIDENT_dataset/real_videos/C5Vqz3BcyAs_00.mp4,ACCIDENT-real,single,non_accident,0,weak_clip_pre_event,8.25,14.909091,123,960,720,test,Virginia,Virginia::highway,0,39,derived_pre_accident_until=2.583;weak_negative=true
nS5_c56gJKM_00__accident,/autodl-fs/data/traffic_accident_rnd/ACCIDENT_dataset/real_videos/nS5_c56gJKM_00.mp4,ACCIDENT-real,single,accident,1,weak_clip_event_window,30.041667,14.979196,450,960,720,train,Virginia,Virginia::highway,40,130,accident_time=4.667;type=single
nS5_c56gJKM_00__pre_event_non_accident,/autodl-fs/data/traffic_accident_rnd/ACCIDENT_dataset/real_videos/nS5_c56gJKM_00.mp4,ACCIDENT-real,single,non_accident,0,weak_clip_pre_event,30.041667,14.979196,450,960,720,train,Virginia,Virginia::highway,0,25,derived_pre_accident_until=1.667;weak_negative=true
QfxL7R00yJE_00__accident,/autodl-fs/data/traffic_accident_rnd/ACCIDENT_dataset/real_videos/QfxL7R00yJE_00.mp4,ACCIDENT-real,single,accident,1,weak_clip_event_window,26.366667,14.94311,394,1920,1080,test,Virginia,Virginia::highway,0,74,accident_time=0.9329999999999998;type=single
WeNSWeu3fe4_00__accident,/autodl-fs/data/traffic_accident_rnd/ACCIDENT_dataset/real_videos/WeNSWeu3fe4_00.mp4,ACCIDENT-real,single,accident,1,weak_clip_event_window,30.041667,14.979196,450,960,720,test,Virginia,Virginia::grade_separated_intersection,0,88,accident_time=1.875;type=single
rEKHRhOLjm4_00__accident,/autodl-fs/data/traffic_accident_rnd/ACCIDENT_dataset/real_videos/rEKHRhOLjm4_00.mp4,ACCIDENT-real,single,accident,1,weak_clip_event_window,25.479599,15.031634,383,2400,1080,test,Virginia,Virginia::highway,112,202,accident_time=9.443;type=single
rEKHRhOLjm4_00__pre_event_non_accident,/autodl-fs/data/traffic_accident_rnd/ACCIDENT_dataset/real_videos/rEKHRhOLjm4_00.mp4,ACCIDENT-real,single,non_accident,0,weak_clip_pre_event,25.479599,15.031634,383,2400,1080,test,Virginia,Virginia::highway,0,97,derived_pre_accident_until=6.443;weak_negative=true
PIcPcm3xtX8_00__accident,/autodl-fs/data/traffic_accident_rnd/ACCIDENT_dataset/real_videos/PIcPcm3xtX8_00.mp4,ACCIDENT-real,single,accident,1,weak_clip_event_window,7.166667,14.651163,105,960,720,test,Virginia,Virginia::highway,37,105,accident_time=4.5;type=single
PIcPcm3xtX8_00__pre_event_non_accident,/autodl-fs/data/traffic_accident_rnd/ACCIDENT_dataset/real_videos/PIcPcm3xtX8_00.mp4,ACCIDENT-real,single,non_accident,0,weak_clip_pre_event,7.166667,14.651163,105,960,720,test,Virginia,Virginia::highway,0,22,derived_pre_accident_until=1.500;weak_negative=true
6z5WuGfCv1U_00__accident,/autodl-fs/data/traffic_accident_rnd/ACCIDENT_dataset/real_videos/6z5WuGfCv1U_00.mp4,ACCIDENT-real,single,accident,1,weak_clip_event_window,26.208333,15.071542,395,960,720,test,Virginia,Virginia::highway,0,80,accident_time=1.3330000000000002;type=single
2CilSgyYnK0_00__accident,/autodl-fs/data/traffic_accident_rnd/ACCIDENT_dataset/real_videos/2CilSgyYnK0_00.mp4,ACCIDENT-real,single,accident,1,weak_clip_event_window,30.1,14.883721,448,1920,1080,test,Virginia,Virginia::highway,11,101,accident_time=2.733;type=single
ov4h43VcSuQ_00__accident,/autodl-fs/data/traffic_accident_rnd/ACCIDENT_dataset/real_videos/ov4h43VcSuQ_00.mp4,ACCIDENT-real,single,accident,1,weak_clip_event_window,30.041667,14.979196,450,960,720,test,Virginia,Virginia::highway,34,124,accident_time=4.25;type=single
ov4h43VcSuQ_00__pre_event_non_accident,/autodl-fs/data/traffic_accident_rnd/ACCIDENT_dataset/real_videos/ov4h43VcSuQ_00.mp4,ACCIDENT-real,single,non_accident,0,weak_clip_pre_event,30.041667,14.979196,450,960,720,test,Virginia,Virginia::highway,0,19,derived_pre_accident_until=1.250;weak_negative=true
gmz3d4kegRk_00__accident,/autodl-fs/data/traffic_accident_rnd/ACCIDENT_dataset/real_videos/gmz3d4kegRk_00.mp4,ACCIDENT-real,single,accident,1,weak_clip_event_window,25.536664,14.841406,379,2400,1080,test,Virginia,Virginia::highway,76,165,accident_time=7.156;type=single
gmz3d4kegRk_00__pre_event_non_accident,/autodl-fs/data/traffic_accident_rnd/ACCIDENT_dataset/real_videos/gmz3d4kegRk_00.mp4,ACCIDENT-real,single,non_accident,0,weak_clip_pre_event,25.536664,14.841406,379,2400,1080,test,Virginia,Virginia::highway,0,62,derived_pre_accident_until=4.156;weak_negative=true
VXFyQ2zekTg_00__accident,/autodl-fs/data/traffic_accident_rnd/ACCIDENT_dataset/real_videos/VXFyQ2zekTg_00.mp4,ACCIDENT-real,sideswipe,accident,1,weak_clip_event_window,4.766667,14.895105,71,1920,1080,test,Virginia,Virginia::grade_separated_intersection,14,71,accident_time=2.934;type=sideswipe
d0uvO8FDM6U_00__accident,/autodl-fs/data/traffic_accident_rnd/ACCIDENT_dataset/real_videos/d0uvO8FDM6U_00.mp4,ACCIDENT-real,single,accident,1,weak_clip_event_window,8.875,10.028169,89,960,720,train,Virginia,Virginia::highway,28,88,accident_time=4.792;type=single
d0uvO8FDM6U_00__pre_event_non_accident,/autodl-fs/data/traffic_accident_rnd/ACCIDENT_dataset/real_videos/d0uvO8FDM6U_00.mp4,ACCIDENT-real,single,non_accident,0,weak_clip_pre_event,8.875,10.028169,89,960,720,train,Virginia,Virginia::highway,0,18,derived_pre_accident_until=1.792;weak_negative=true
_wf9h2X_uU0_00__accident,/autodl-fs/data/traffic_accident_rnd/ACCIDENT_dataset/real_videos/_wf9h2X_uU0_00.mp4,ACCIDENT-real,sideswipe,accident,1,weak_clip_event_window,4.708333,14.230088,67,960,720,test,Virginia,Virginia::highway,14,67,accident_time=2.917;type=sideswipe
Gg9E2AQBMpM_00__accident,/autodl-fs/data/traffic_accident_rnd/ACCIDENT_dataset/real_videos/Gg9E2AQBMpM_00.mp4,ACCIDENT-real,t-bone,accident,1,weak_clip_event_window,30.0,14.966667,449,960,720,test,Virginia,Virginia::highway,74,164,accident_time=6.916667;type=t-bone
Gg9E2AQBMpM_00__pre_event_non_accident,/autodl-fs/data/traffic_accident_rnd/ACCIDENT_dataset/real_videos/Gg9E2AQBMpM_00.mp4,ACCIDENT-real,t-bone,non_accident,0,weak_clip_pre_event,30.0,14.966667,449,960,720,test,Virginia,Virginia::highway,0,59,derived_pre_accident_until=3.917;weak_negative=true
o5neAPqmNm8_00__accident,/autodl-fs/data/traffic_accident_rnd/ACCIDENT_dataset/real_videos/o5neAPqmNm8_00.mp4,ACCIDENT-real,single,accident,1,weak_clip_event_window,20.5,8.195122,168,1620,1080,test,Virginia,Virginia::highway,55,104,accident_time=8.633;type=single
o5neAPqmNm8_00__pre_event_non_accident,/autodl-fs/data/traffic_accident_rnd/ACCIDENT_dataset/real_videos/o5neAPqmNm8_00.mp4,ACCIDENT-real,single,non_accident,0,weak_clip_pre_event,20.5,8.195122,168,1620,1080,test,Virginia,Virginia::highway,0,46,derived_pre_accident_until=5.633;weak_negative=true
uD3kjTme_dU_00__accident,/autodl-fs/data/traffic_accident_rnd/ACCIDENT_dataset/real_videos/uD3kjTme_dU_00.mp4,ACCIDENT-real,single,accident,1,weak_clip_event_window,8.625,14.84058,128,960,720,train,Virginia,Virginia::highway,59,128,accident_time=6.0;type=single
uD3kjTme_dU_00__pre_event_non_accident,/autodl-fs/data/traffic_accident_rnd/ACCIDENT_dataset/real_videos/uD3kjTme_dU_00.mp4,ACCIDENT-real,single,non_accident,0,weak_clip_pre_event,8.625,14.84058,128,960,720,train,Virginia,Virginia::highway,0,45,derived_pre_accident_until=3.000;weak_negative=true
uD3kjTme_dU_01__accident,/autodl-fs/data/traffic_accident_rnd/ACCIDENT_dataset/real_videos/uD3kjTme_dU_01.mp4,ACCIDENT-real,single,accident,1,weak_clip_event_window,3.041667,15.123288,46,960,720,train,Virginia,Virginia::highway,0,46,accident_time=1.5830000000000002;type=single
gRuYZISmQ3k_00__accident,/autodl-fs/data/traffic_accident_rnd/ACCIDENT_dataset/real_videos/gRuYZISmQ3k_00.mp4,ACCIDENT-real,single,accident,1,weak_clip_event_window,29.705882,14.980198,445,2400,1080,test,Virginia,Virginia::highway,106,196,accident_time=9.058824000000001;type=single
gRuYZISmQ3k_00__pre_event_non_accident,/autodl-fs/data/traffic_accident_rnd/ACCIDENT_dataset/real_videos/gRuYZISmQ3k_00.mp4,ACCIDENT-real,single,non_accident,0,weak_clip_pre_event,29.705882,14.980198,445,2400,1080,test,Virginia,Virginia::highway,0,91,derived_pre_accident_until=6.059;weak_negative=true
c2lwfGKeaQU_00__accident,/autodl-fs/data/traffic_accident_rnd/ACCIDENT_dataset/real_videos/c2lwfGKeaQU_00.mp4,ACCIDENT-real,single,accident,1,weak_clip_event_window,25.269841,14.048367,355,2400,1080,test,Virginia,Virginia::highway,0,77,accident_time=1.46;type=single
Sv7nUzdTUDo_00__accident,/autodl-fs/data/traffic_accident_rnd/ACCIDENT_dataset/real_videos/Sv7nUzdTUDo_00.mp4,ACCIDENT-real,single,accident,1,weak_clip_event_window,23.0625,14.95935,345,2400,1080,train,Virginia,Virginia::highway,84,174,accident_time=7.625;type=single
Sv7nUzdTUDo_00__pre_event_non_accident,/autodl-fs/data/traffic_accident_rnd/ACCIDENT_dataset/real_videos/Sv7nUzdTUDo_00.mp4,ACCIDENT-real,single,non_accident,0,weak_clip_pre_event,23.0625,14.95935,345,2400,1080,train,Virginia,Virginia::highway,0,69,derived_pre_accident_until=4.625;weak_negative=true
RHwcGsU3d08_00__accident,/autodl-fs/data/traffic_accident_rnd/ACCIDENT_dataset/real_videos/RHwcGsU3d08_00.mp4,ACCIDENT-real,sideswipe,accident,1,weak_clip_event_window,29.958333,15.020862,450,960,720,train,Virginia,Virginia::highway,52,142,accident_time=5.458333;type=sideswipe
RHwcGsU3d08_00__pre_event_non_accident,/autodl-fs/data/traffic_accident_rnd/ACCIDENT_dataset/real_videos/RHwcGsU3d08_00.mp4,ACCIDENT-real,sideswipe,non_accident,0,weak_clip_pre_event,29.958333,15.020862,450,960,720,train,Virginia,Virginia::highway,0,37,derived_pre_accident_until=2.458;weak_negative=true
HjA3G2yYrNg_00__accident,/autodl-fs/data/traffic_accident_rnd/ACCIDENT_dataset/real_videos/HjA3G2yYrNg_00.mp4,ACCIDENT-real,single,accident,1,weak_clip_event_window,15.166667,14.901099,226,1920,1080,test,Virginia,Virginia::grade_separated_intersection,39,129,accident_time=4.6;type=single
HjA3G2yYrNg_00__pre_event_non_accident,/autodl-fs/data/traffic_accident_rnd/ACCIDENT_dataset/real_videos/HjA3G2yYrNg_00.mp4,ACCIDENT-real,single,non_accident,0,weak_clip_pre_event,15.166667,14.901099,226,1920,1080,test,Virginia,Virginia::grade_separated_intersection,0,24,derived_pre_accident_until=1.600;weak_negative=true
kR4rLZ7ANAQ_00__accident,/autodl-fs/data/traffic_accident_rnd/ACCIDENT_dataset/real_videos/kR4rLZ7ANAQ_00.mp4,ACCIDENT-real,t-bone,accident,1,weak_clip_event_window,8.375,14.925373,125,960,720,test,Virginia,Virginia::grade_separated_intersection,53,125,accident_time=5.583;type=t-bone
kR4rLZ7ANAQ_00__pre_event_non_accident,/autodl-fs/data/traffic_accident_rnd/ACCIDENT_dataset/real_videos/kR4rLZ7ANAQ_00.mp4,ACCIDENT-real,t-bone,non_accident,0,weak_clip_pre_event,8.375,14.925373,125,960,720,test,Virginia,Virginia::grade_separated_intersection,0,39,derived_pre_accident_until=2.583;weak_negative=true
Tx7F-6IsLCU_00__accident,/autodl-fs/data/traffic_accident_rnd/ACCIDENT_dataset/real_videos/Tx7F-6IsLCU_00.mp4,ACCIDENT-real,sideswipe,accident,1,weak_clip_event_window,14.833333,15.033708,223,1920,1080,test,Virginia,Virginia::highway,27,117,accident_time=3.8;type=sideswipe
ZQ4epUNXIYU_00__accident,/autodl-fs/data/traffic_accident_rnd/ACCIDENT_dataset/real_videos/ZQ4epUNXIYU_00.mp4,ACCIDENT-real,single,accident,1,weak_clip_event_window,30.041667,14.979196,450,960,720,test,Virginia,Virginia::highway,36,126,accident_time=4.375;type=single
ZQ4epUNXIYU_00__pre_event_non_accident,/autodl-fs/data/traffic_accident_rnd/ACCIDENT_dataset/real_videos/ZQ4epUNXIYU_00.mp4,ACCIDENT-real,single,non_accident,0,weak_clip_pre_event,30.041667,14.979196,450,960,720,test,Virginia,Virginia::highway,0,21,derived_pre_accident_until=1.375;weak_negative=true
DksclwuFCXI_00__accident,/autodl-fs/data/traffic_accident_rnd/ACCIDENT_dataset/real_videos/DksclwuFCXI_00.mp4,ACCIDENT-real,single,accident,1,weak_clip_event_window,25.708333,14.858995,382,960,720,train,Virginia,Virginia::highway,43,132,accident_time=4.916665999999999;type=single
DksclwuFCXI_00__pre_event_non_accident,/autodl-fs/data/traffic_accident_rnd/ACCIDENT_dataset/real_videos/DksclwuFCXI_00.mp4,ACCIDENT-real,single,non_accident,0,weak_clip_pre_event,25.708333,14.858995,382,960,720,train,Virginia,Virginia::highway,0,28,derived_pre_accident_until=1.917;weak_negative=true
7sPi12elNPc_00__accident,/autodl-fs/data/traffic_accident_rnd/ACCIDENT_dataset/real_videos/7sPi12elNPc_00.mp4,ACCIDENT-real,sideswipe,accident,1,weak_clip_event_window,22.583333,14.96679,338,1280,720,test,Virginia,Virginia::highway,2,92,accident_time=2.167;type=sideswipe
BX8gqiZIIHs_00__accident,/autodl-fs/data/traffic_accident_rnd/ACCIDENT_dataset/real_videos/BX8gqiZIIHs_00.mp4,ACCIDENT-real,single,accident,1,weak_clip_event_window,9.9,14.848485,147,1920,1080,train,Virginia,Virginia::highway,77,147,accident_time=7.2;type=single
BX8gqiZIIHs_00__pre_event_non_accident,/autodl-fs/data/traffic_accident_rnd/ACCIDENT_dataset/real_videos/BX8gqiZIIHs_00.mp4,ACCIDENT-real,single,non_accident,0,weak_clip_pre_event,9.9,14.848485,147,1920,1080,train,Virginia,Virginia::highway,0,62,derived_pre_accident_until=4.200;weak_negative=true
CIN6BgkbMDQ_00__accident,/autodl-fs/data/traffic_accident_rnd/ACCIDENT_dataset/real_videos/CIN6BgkbMDQ_00.mp4,ACCIDENT-real,single,accident,1,weak_clip_event_window,29.325129,14.970096,439,2400,1080,test,Virginia,Virginia::grade_separated_intersection,103,193,accident_time=8.902;type=single
CIN6BgkbMDQ_00__pre_event_non_accident,/autodl-fs/data/traffic_accident_rnd/ACCIDENT_dataset/real_videos/CIN6BgkbMDQ_00.mp4,ACCIDENT-real,single,non_accident,0,weak_clip_pre_event,29.325129,14.970096,439,2400,1080,test,Virginia,Virginia::grade_separated_intersection,0,88,derived_pre_accident_until=5.902;weak_negative=true
CftpplTN-Qc_00__accident,/autodl-fs/data/traffic_accident_rnd/ACCIDENT_dataset/real_videos/CftpplTN-Qc_00.mp4,ACCIDENT-real,t-bone,accident,1,weak_clip_event_window,29.875,7.029289,210,960,720,test,Virginia,Virginia::signalized_intersection,13,55,accident_time=3.875;type=t-bone
qWlYogH_23M_00__accident,/autodl-fs/data/traffic_accident_rnd/ACCIDENT_dataset/real_videos/qWlYogH_23M_00.mp4,ACCIDENT-real,head-on,accident,1,weak_clip_event_window,30.041667,14.979196,450,960,720,test,Virginia,Virginia::signalized_intersection,13,103,accident_time=2.875;type=head-on
pVzWMPYJOrI_00__accident,/autodl-fs/data/traffic_accident_rnd/ACCIDENT_dataset/real_videos/pVzWMPYJOrI_00.mp4,ACCIDENT-real,single,accident,1,weak_clip_event_window,8.25,11.393939,94,960,720,train,Virginia,Virginia::highway,22,91,accident_time=3.958333;type=single
R9u_i3M7YYA_00__accident,/autodl-fs/data/traffic_accident_rnd/ACCIDENT_dataset/real_videos/R9u_i3M7YYA_00.mp4,ACCIDENT-real,single,accident,1,weak_clip_event_window,24.833333,14.979866,372,1920,1080,train,Virginia,Virginia::highway,51,141,accident_time=5.433;type=single
R9u_i3M7YYA_00__pre_event_non_accident,/autodl-fs/data/traffic_accident_rnd/ACCIDENT_dataset/real_videos/R9u_i3M7YYA_00.mp4,ACCIDENT-real,single,non_accident,0,weak_clip_pre_event,24.833333,14.979866,372,1920,1080,train,Virginia,Virginia::highway,0,36,derived_pre_accident_until=2.433;weak_negative=true
RKxTyn2z-QQ_00__accident,/autodl-fs/data/traffic_accident_rnd/ACCIDENT_dataset/real_videos/RKxTyn2z-QQ_00.mp4,ACCIDENT-real,single,accident,1,weak_clip_event_window,30.041667,14.979196,450,960,720,test,Virginia,Virginia::highway,56,146,accident_time=5.708;type=single
RKxTyn2z-QQ_00__pre_event_non_accident,/autodl-fs/data/traffic_accident_rnd/ACCIDENT_dataset/real_videos/RKxTyn2z-QQ_00.mp4,ACCIDENT-real,single,non_accident,0,weak_clip_pre_event,30.041667,14.979196,450,960,720,test,Virginia,Virginia::highway,0,41,derived_pre_accident_until=2.708;weak_negative=true
D6jE82ExHv4_00__accident,/autodl-fs/data/traffic_accident_rnd/ACCIDENT_dataset/real_videos/D6jE82ExHv4_00.mp4,ACCIDENT-real,single,accident,1,weak_clip_event_window,4.875,10.051282,49,960,720,test,Virginia,Virginia::highway,12,49,accident_time=3.208;type=single
D6jE82ExHv4_01__accident,/autodl-fs/data/traffic_accident_rnd/ACCIDENT_dataset/real_videos/D6jE82ExHv4_01.mp4,ACCIDENT-real,single,accident,1,weak_clip_event_window,24.5,9.55102,234,960,720,test,Virginia,Virginia::highway,0,51,accident_time=1.375;type=single
MenTH2yFi6c_00__accident,/autodl-fs/data/traffic_accident_rnd/ACCIDENT_dataset/real_videos/MenTH2yFi6c_00.mp4,ACCIDENT-real,single,accident,1,weak_clip_event_window,30.041667,14.945908,449,960,720,test,Virginia,Virginia::grade_separated_intersection,35,125,accident_time=4.333;type=single
MenTH2yFi6c_00__pre_event_non_accident,/autodl-fs/data/traffic_accident_rnd/ACCIDENT_dataset/real_videos/MenTH2yFi6c_00.mp4,ACCIDENT-real,single,non_accident,0,weak_clip_pre_event,30.041667,14.945908,449,960,720,test,Virginia,Virginia::grade_separated_intersection,0,20,derived_pre_accident_until=1.333;weak_negative=true
h9vCRW9MVKI_00__accident,/autodl-fs/data/traffic_accident_rnd/ACCIDENT_dataset/real_videos/h9vCRW9MVKI_00.mp4,ACCIDENT-real,single,accident,1,weak_clip_event_window,29.958333,15.020862,450,960,720,test,Virginia,Virginia::highway,78,168,accident_time=7.208;type=single
h9vCRW9MVKI_00__pre_event_non_accident,/autodl-fs/data/traffic_accident_rnd/ACCIDENT_dataset/real_videos/h9vCRW9MVKI_00.mp4,ACCIDENT-real,single,non_accident,0,weak_clip_pre_event,29.958333,15.020862,450,960,720,test,Virginia,Virginia::highway,0,63,derived_pre_accident_until=4.208;weak_negative=true
F40LX7-M7xc_00__accident,/autodl-fs/data/traffic_accident_rnd/ACCIDENT_dataset/real_videos/F40LX7-M7xc_00.mp4,ACCIDENT-real,t-bone,accident,1,weak_clip_event_window,28.25,14.265487,403,960,720,test,Virginia,Virginia::signalized_intersection,29,115,accident_time=4.083;type=t-bone
F40LX7-M7xc_00__pre_event_non_accident,/autodl-fs/data/traffic_accident_rnd/ACCIDENT_dataset/real_videos/F40LX7-M7xc_00.mp4,ACCIDENT-real,t-bone,non_accident,0,weak_clip_pre_event,28.25,14.265487,403,960,720,test,Virginia,Virginia::signalized_intersection,0,15,derived_pre_accident_until=1.083;weak_negative=true
_KmJLS_TJKY_00__accident,/autodl-fs/data/traffic_accident_rnd/ACCIDENT_dataset/real_videos/_KmJLS_TJKY_00.mp4,ACCIDENT-real,t-bone,accident,1,weak_clip_event_window,30.041667,14.912621,448,960,720,test,Virginia,Virginia::signalized_intersection,32,122,accident_time=4.166667;type=t-bone
_KmJLS_TJKY_00__pre_event_non_accident,/autodl-fs/data/traffic_accident_rnd/ACCIDENT_dataset/real_videos/_KmJLS_TJKY_00.mp4,ACCIDENT-real,t-bone,non_accident,0,weak_clip_pre_event,30.041667,14.912621,448,960,720,test,Virginia,Virginia::signalized_intersection,0,17,derived_pre_accident_until=1.167;weak_negative=true
8jfM1_kqjuY_00__accident,/autodl-fs/data/traffic_accident_rnd/ACCIDENT_dataset/real_videos/8jfM1_kqjuY_00.mp4,ACCIDENT-real,t-bone,accident,1,weak_clip_event_window,29.9,5.016722,150,1584,1080,test,Virginia,Virginia::simple_intersection,52,82,accident_time=12.433;type=t-bone
8jfM1_kqjuY_00__pre_event_non_accident,/autodl-fs/data/traffic_accident_rnd/ACCIDENT_dataset/real_videos/8jfM1_kqjuY_00.mp4,ACCIDENT-real,t-bone,non_accident,0,weak_clip_pre_event,29.9,5.016722,150,1584,1080,test,Virginia,Virginia::simple_intersection,0,47,derived_pre_accident_until=9.433;weak_negative=true
32Ou4XKEmgs_00__accident,/autodl-fs/data/traffic_accident_rnd/ACCIDENT_dataset/real_videos/32Ou4XKEmgs_00.mp4,ACCIDENT-real,single,accident,1,weak_clip_event_window,23.166667,14.848921,344,960,720,train,Virginia,Virginia::highway,0,87,accident_time=1.875;type=single
NxY_zN9UWqA_00__accident,/autodl-fs/data/traffic_accident_rnd/ACCIDENT_dataset/real_videos/NxY_zN9UWqA_00.mp4,ACCIDENT-real,single,accident,1,weak_clip_event_window,30.041667,14.979196,450,960,720,train,Virginia,Virginia::highway,102,192,accident_time=8.792;type=single
NxY_zN9UWqA_00__pre_event_non_accident,/autodl-fs/data/traffic_accident_rnd/ACCIDENT_dataset/real_videos/NxY_zN9UWqA_00.mp4,ACCIDENT-real,single,non_accident,0,weak_clip_pre_event,30.041667,14.979196,450,960,720,train,Virginia,Virginia::highway,0,87,derived_pre_accident_until=5.792;weak_negative=true
YP7fpPBpqis_00__accident,/autodl-fs/data/traffic_accident_rnd/ACCIDENT_dataset/real_videos/YP7fpPBpqis_00.mp4,ACCIDENT-real,single,accident,1,weak_clip_event_window,25.233333,14.980185,378,1440,1080,train,Virginia,Virginia::grade_separated_intersection,50,140,accident_time=5.367;type=single
YP7fpPBpqis_00__pre_event_non_accident,/autodl-fs/data/traffic_accident_rnd/ACCIDENT_dataset/real_videos/YP7fpPBpqis_00.mp4,ACCIDENT-real,single,non_accident,0,weak_clip_pre_event,25.233333,14.980185,378,1440,1080,train,Virginia,Virginia::grade_separated_intersection,0,35,derived_pre_accident_until=2.367;weak_negative=true
ufVELUluHJE_00__accident,/autodl-fs/data/traffic_accident_rnd/ACCIDENT_dataset/real_videos/ufVELUluHJE_00.mp4,ACCIDENT-real,single,accident,1,weak_clip_event_window,16.1,14.968944,241,1440,1080,train,Virginia,Virginia::highway,27,117,accident_time=3.833;type=single
jBUe4pPfIEg_00__accident,/autodl-fs/data/traffic_accident_rnd/ACCIDENT_dataset/real_videos/jBUe4pPfIEg_00.mp4,ACCIDENT-real,single,accident,1,weak_clip_event_window,29.958333,15.020862,450,960,720,test,Virginia,Virginia::signalized_intersection,187,277,accident_time=14.458;type=single
jBUe4pPfIEg_00__pre_event_non_accident,/autodl-fs/data/traffic_accident_rnd/ACCIDENT_dataset/real_videos/jBUe4pPfIEg_00.mp4,ACCIDENT-real,single,non_accident,0,weak_clip_pre_event,29.958333,15.020862,450,960,720,test,Virginia,Virginia::signalized_intersection,0,172,derived_pre_accident_until=11.458;weak_negative=true
HMh6V4MXD38_00__accident,/autodl-fs/data/traffic_accident_rnd/ACCIDENT_dataset/real_videos/HMh6V4MXD38_00.mp4,ACCIDENT-real,single,accident,1,weak_clip_event_window,15.625,15.04,235,960,720,train,Virginia,Virginia::highway,70,160,accident_time=6.625;type=single
HMh6V4MXD38_00__pre_event_non_accident,/autodl-fs/data/traffic_accident_rnd/ACCIDENT_dataset/real_videos/HMh6V4MXD38_00.mp4,ACCIDENT-real,single,non_accident,0,weak_clip_pre_event,15.625,15.04,235,960,720,train,Virginia,Virginia::highway,0,55,derived_pre_accident_until=3.625;weak_negative=true
uC7g8msxRak_00__accident,/autodl-fs/data/traffic_accident_rnd/ACCIDENT_dataset/real_videos/uC7g8msxRak_00.mp4,ACCIDENT-real,rear-end,accident,1,weak_clip_event_window,23.708333,14.973638,355,960,720,train,Virginia,Virginia::highway,69,159,accident_time=6.625;type=rear-end
uC7g8msxRak_00__pre_event_non_accident,/autodl-fs/data/traffic_accident_rnd/ACCIDENT_dataset/real_videos/uC7g8msxRak_00.mp4,ACCIDENT-real,rear-end,non_accident,0,weak_clip_pre_event,23.708333,14.973638,355,960,720,train,Virginia,Virginia::highway,0,54,derived_pre_accident_until=3.625;weak_negative=true
LrMyR9M_g3I_00__accident,/autodl-fs/data/traffic_accident_rnd/ACCIDENT_dataset/real_videos/LrMyR9M_g3I_00.mp4,ACCIDENT-real,single,accident,1,weak_clip_event_window,30.041667,14.945908,449,960,720,train,Virginia,Virginia::highway,28,118,accident_time=3.875;type=single
3Jiii8dJ4UY_00__accident,/autodl-fs/data/traffic_accident_rnd/ACCIDENT_dataset/real_videos/3Jiii8dJ4UY_00.mp4,ACCIDENT-real,single,accident,1,weak_clip_event_window,29.958333,10.047288,301,960,720,train,Virginia,Virginia::highway,32,92,accident_time=5.167;type=single
3Jiii8dJ4UY_00__pre_event_non_accident,/autodl-fs/data/traffic_accident_rnd/ACCIDENT_dataset/real_videos/3Jiii8dJ4UY_00.mp4,ACCIDENT-real,single,non_accident,0,weak_clip_pre_event,29.958333,10.047288,301,960,720,train,Virginia,Virginia::highway,0,22,derived_pre_accident_until=2.167;weak_negative=true
mEEMZBZHIrc_00__accident,/autodl-fs/data/traffic_accident_rnd/ACCIDENT_dataset/real_videos/mEEMZBZHIrc_00.mp4,ACCIDENT-real,single,accident,1,weak_clip_event_window,29.973475,14.61292,438,2400,1080,train,Virginia,Virginia::highway,166,253,accident_time=13.328999999999999;type=single
mEEMZBZHIrc_00__pre_event_non_accident,/autodl-fs/data/traffic_accident_rnd/ACCIDENT_dataset/real_videos/mEEMZBZHIrc_00.mp4,ACCIDENT-real,single,non_accident,0,weak_clip_pre_event,29.973475,14.61292,438,2400,1080,train,Virginia,Virginia::highway,0,151,derived_pre_accident_until=10.329;weak_negative=true
QE6eIgOY5v8_00__accident,/autodl-fs/data/traffic_accident_rnd/ACCIDENT_dataset/real_videos/QE6eIgOY5v8_00.mp4,ACCIDENT-real,single,accident,1,weak_clip_event_window,4.416667,15.169811,67,960,720,test,Virginia,Virginia::highway,0,67,accident_time=1.4580000000000002;type=single
yaP_9SJBWUg_00__accident,/autodl-fs/data/traffic_accident_rnd/ACCIDENT_dataset/real_videos/yaP_9SJBWUg_00.mp4,ACCIDENT-real,single,accident,1,weak_clip_event_window,30.397033,15.100158,459,1280,720,test,World,World::parking_lot,377,459,accident_time=26.960266;type=single
yaP_9SJBWUg_00__pre_event_non_accident,/autodl-fs/data/traffic_accident_rnd/ACCIDENT_dataset/real_videos/yaP_9SJBWUg_00.mp4,ACCIDENT-real,single,non_accident,0,weak_clip_pre_event,30.397033,15.100158,459,1280,720,test,World,World::parking_lot,0,362,derived_pre_accident_until=23.960;weak_negative=true
-dqVECYKOk4_00__accident,/autodl-fs/data/traffic_accident_rnd/ACCIDENT_dataset/real_videos/-dqVECYKOk4_00.mp4,ACCIDENT-real,single,accident,1,weak_clip_event_window,26.958333,15.208655,410,960,720,test,Virginia,Virginia::signalized_intersection,71,162,accident_time=6.667;type=single
-dqVECYKOk4_00__pre_event_non_accident,/autodl-fs/data/traffic_accident_rnd/ACCIDENT_dataset/real_videos/-dqVECYKOk4_00.mp4,ACCIDENT-real,single,non_accident,0,weak_clip_pre_event,26.958333,15.208655,410,960,720,test,Virginia,Virginia::signalized_intersection,0,56,derived_pre_accident_until=3.667;weak_negative=true
THjJUsS8MXk_00__accident,/autodl-fs/data/traffic_accident_rnd/ACCIDENT_dataset/real_videos/THjJUsS8MXk_00.mp4,ACCIDENT-real,rear-end,accident,1,weak_clip_event_window,30.033333,15.016648,451,1620,1080,train,Virginia,Virginia::highway,75,165,accident_time=7.0;type=rear-end
THjJUsS8MXk_00__pre_event_non_accident,/autodl-fs/data/traffic_accident_rnd/ACCIDENT_dataset/real_videos/THjJUsS8MXk_00.mp4,ACCIDENT-real,rear-end,non_accident,0,weak_clip_pre_event,30.033333,15.016648,451,1620,1080,train,Virginia,Virginia::highway,0,60,derived_pre_accident_until=4.000;weak_negative=true
wVHxOW_jAvo_00__accident,/autodl-fs/data/traffic_accident_rnd/ACCIDENT_dataset/real_videos/wVHxOW_jAvo_00.mp4,ACCIDENT-real,rear-end,accident,1,weak_clip_event_window,22.833333,15.021898,343,960,720,test,Virginia,Virginia::grade_separated_intersection,51,141,accident_time=5.416667;type=rear-end
wVHxOW_jAvo_00__pre_event_non_accident,/autodl-fs/data/traffic_accident_rnd/ACCIDENT_dataset/real_videos/wVHxOW_jAvo_00.mp4,ACCIDENT-real,rear-end,non_accident,0,weak_clip_pre_event,22.833333,15.021898,343,960,720,test,Virginia,Virginia::grade_separated_intersection,0,36,derived_pre_accident_until=2.417;weak_negative=true
yA0g2eWjmNs_00__accident,/autodl-fs/data/traffic_accident_rnd/ACCIDENT_dataset/real_videos/yA0g2eWjmNs_00.mp4,ACCIDENT-real,single,accident,1,weak_clip_event_window,30.041667,14.945908,449,960,720,train,Virginia,Virginia::highway,43,133,accident_time=4.875;type=single
yA0g2eWjmNs_00__pre_event_non_accident,/autodl-fs/data/traffic_accident_rnd/ACCIDENT_dataset/real_videos/yA0g2eWjmNs_00.mp4,ACCIDENT-real,single,non_accident,0,weak_clip_pre_event,30.041667,14.945908,449,960,720,train,Virginia,Virginia::highway,0,28,derived_pre_accident_until=1.875;weak_negative=true
FGZ7r8JC1MY_00__accident,/autodl-fs/data/traffic_accident_rnd/ACCIDENT_dataset/real_videos/FGZ7r8JC1MY_00.mp4,ACCIDENT-real,single,accident,1,weak_clip_event_window,18.958333,14.98022,284,960,720,train,Virginia,Virginia::highway,74,164,accident_time=6.958;type=single
FGZ7r8JC1MY_00__pre_event_non_accident,/autodl-fs/data/traffic_accident_rnd/ACCIDENT_dataset/real_videos/FGZ7r8JC1MY_00.mp4,ACCIDENT-real,single,non_accident,0,weak_clip_pre_event,18.958333,14.98022,284,960,720,train,Virginia,Virginia::highway,0,59,derived_pre_accident_until=3.958;weak_negative=true
YkJBdoMtBfU_00__accident,/autodl-fs/data/traffic_accident_rnd/ACCIDENT_dataset/real_videos/YkJBdoMtBfU_00.mp4,ACCIDENT-real,single,accident,1,weak_clip_event_window,7.166667,14.790698,106,1920,1080,test,Virginia,Virginia::grade_separated_intersection,25,106,accident_time=3.733;type=single
YkJBdoMtBfU_01__accident,/autodl-fs/data/traffic_accident_rnd/ACCIDENT_dataset/real_videos/YkJBdoMtBfU_01.mp4,ACCIDENT-real,single,accident,1,weak_clip_event_window,24.233333,15.020633,364,1920,1080,test,Virginia,Virginia::grade_separated_intersection,0,90,accident_time=2.0;type=single
y-yIv_dFHuc_00__accident,/autodl-fs/data/traffic_accident_rnd/ACCIDENT_dataset/real_videos/y-yIv_dFHuc_00.mp4,ACCIDENT-real,single,accident,1,weak_clip_event_window,7.628018,15.076,115,1728,1080,test,Virginia,Virginia::highway,54,115,accident_time=5.572;type=single
y-yIv_dFHuc_00__pre_event_non_accident,/autodl-fs/data/traffic_accident_rnd/ACCIDENT_dataset/real_videos/y-yIv_dFHuc_00.mp4,ACCIDENT-real,single,non_accident,0,weak_clip_pre_event,7.628018,15.076,115,1728,1080,test,Virginia,Virginia::highway,0,39,derived_pre_accident_until=2.572;weak_negative=true
x7R33QUiHHM_00__accident,/autodl-fs/data/traffic_accident_rnd/ACCIDENT_dataset/real_videos/x7R33QUiHHM_00.mp4,ACCIDENT-real,rear-end,accident,1,weak_clip_event_window,30.125,14.838174,447,960,720,test,Virginia,Virginia::highway,76,165,accident_time=7.125;type=rear-end
x7R33QUiHHM_00__pre_event_non_accident,/autodl-fs/data/traffic_accident_rnd/ACCIDENT_dataset/real_videos/x7R33QUiHHM_00.mp4,ACCIDENT-real,rear-end,non_accident,0,weak_clip_pre_event,30.125,14.838174,447,960,720,test,Virginia,Virginia::highway,0,61,derived_pre_accident_until=4.125;weak_negative=true
Ok6RsksG3fY_00__accident,/autodl-fs/data/traffic_accident_rnd/ACCIDENT_dataset/real_videos/Ok6RsksG3fY_00.mp4,ACCIDENT-real,single,accident,1,weak_clip_event_window,29.875,13.589958,406,960,720,test,Virginia,Virginia::highway,299,380,accident_time=24.0;type=single
Ok6RsksG3fY_00__pre_event_non_accident,/autodl-fs/data/traffic_accident_rnd/ACCIDENT_dataset/real_videos/Ok6RsksG3fY_00.mp4,ACCIDENT-real,single,non_accident,0,weak_clip_pre_event,29.875,13.589958,406,960,720,test,Virginia,Virginia::highway,0,285,derived_pre_accident_until=21.000;weak_negative=true
xBSWuwJElBc_00__accident,/autodl-fs/data/traffic_accident_rnd/ACCIDENT_dataset/real_videos/xBSWuwJElBc_00.mp4,ACCIDENT-real,sideswipe,accident,1,weak_clip_event_window,12.75,14.901961,190,960,720,test,Virginia,Virginia::signalized_intersection,148,190,accident_time=11.916667;type=sideswipe
xBSWuwJElBc_00__pre_event_non_accident,/autodl-fs/data/traffic_accident_rnd/ACCIDENT_dataset/real_videos/xBSWuwJElBc_00.mp4,ACCIDENT-real,sideswipe,non_accident,0,weak_clip_pre_event,12.75,14.901961,190,960,720,test,Virginia,Virginia::signalized_intersection,0,133,derived_pre_accident_until=8.917;weak_negative=true
w-oDFvzkC8o_00__accident,/autodl-fs/data/traffic_accident_rnd/ACCIDENT_dataset/real_videos/w-oDFvzkC8o_00.mp4,ACCIDENT-real,t-bone,accident,1,weak_clip_event_window,25.154823,15.026939,378,854,384,test,Virginia,Virginia::highway,76,166,accident_time=7.023;type=t-bone
w-oDFvzkC8o_00__pre_event_non_accident,/autodl-fs/data/traffic_accident_rnd/ACCIDENT_dataset/real_videos/w-oDFvzkC8o_00.mp4,ACCIDENT-real,t-bone,non_accident,0,weak_clip_pre_event,25.154823,15.026939,378,854,384,test,Virginia,Virginia::highway,0,60,derived_pre_accident_until=4.023;weak_negative=true
aP-xY6fjndg_00__accident,/autodl-fs/data/traffic_accident_rnd/ACCIDENT_dataset/real_videos/aP-xY6fjndg_00.mp4,ACCIDENT-real,t-bone,accident,1,weak_clip_event_window,30.050314,10.548975,317,640,352,test,World,World::simple_intersection,43,106,accident_time=6.034;type=t-bone
aP-xY6fjndg_00__pre_event_non_accident,/autodl-fs/data/traffic_accident_rnd/ACCIDENT_dataset/real_videos/aP-xY6fjndg_00.mp4,ACCIDENT-real,t-bone,non_accident,0,weak_clip_pre_event,30.050314,10.548975,317,640,352,test,World,World::simple_intersection,0,32,derived_pre_accident_until=3.034;weak_negative=true
1ySfr7IZBs8_00__accident,/autodl-fs/data/traffic_accident_rnd/ACCIDENT_dataset/real_videos/1ySfr7IZBs8_00.mp4,ACCIDENT-real,single,accident,1,weak_clip_event_window,24.041667,14.974003,360,1280,720,test,Virginia,Virginia::grade_separated_intersection,0,72,accident_time=0.8330000000000002;type=single
0jlyeLcFLVc_00__accident,/autodl-fs/data/traffic_accident_rnd/ACCIDENT_dataset/real_videos/0jlyeLcFLVc_00.mp4,ACCIDENT-real,single,accident,1,weak_clip_event_window,25.8258,25.091188,648,1920,1080,test,World,World::highway,35,185,accident_time=3.4029999999999996;type=single
kkwEN_zBCx8_00__accident,/autodl-fs/data/traffic_accident_rnd/ACCIDENT_dataset/real_videos/kkwEN_zBCx8_00.mp4,ACCIDENT-real,t-bone,accident,1,weak_clip_event_window,15.933333,23.033473,367,1920,1080,test,World,World::city_street,92,230,accident_time=6.0;type=t-bone
kkwEN_zBCx8_00__pre_event_non_accident,/autodl-fs/data/traffic_accident_rnd/ACCIDENT_dataset/real_videos/kkwEN_zBCx8_00.mp4,ACCIDENT-real,t-bone,non_accident,0,weak_clip_pre_event,15.933333,23.033473,367,1920,1080,test,World,World::city_street,0,69,derived_pre_accident_until=3.000;weak_negative=true
kkwEN_zBCx8_01__accident,/autodl-fs/data/traffic_accident_rnd/ACCIDENT_dataset/real_videos/kkwEN_zBCx8_01.mp4,ACCIDENT-real,rear-end,accident,1,weak_clip_event_window,7.133333,19.626168,140,1920,1080,test,World,World::city_street,32,140,accident_time=3.633333;type=rear-end
kkwEN_zBCx8_02__accident,/autodl-fs/data/traffic_accident_rnd/ACCIDENT_dataset/real_videos/kkwEN_zBCx8_02.mp4,ACCIDENT-real,t-bone,accident,1,weak_clip_event_window,13.666667,16.097561,220,1920,1080,test,World,World::parking_lot,47,143,accident_time=4.933333;type=t-bone
kkwEN_zBCx8_02__pre_event_non_accident,/autodl-fs/data/traffic_accident_rnd/ACCIDENT_dataset/real_videos/kkwEN_zBCx8_02.mp4,ACCIDENT-real,t-bone,non_accident,0,weak_clip_pre_event,13.666667,16.097561,220,1920,1080,test,World,World::parking_lot,0,31,derived_pre_accident_until=1.933;weak_negative=true
nbSL1Tri9gc_00__accident,/autodl-fs/data/traffic_accident_rnd/ACCIDENT_dataset/real_videos/nbSL1Tri9gc_00.mp4,ACCIDENT-real,single,accident,1,weak_clip_event_window,6.0,27.333333,164,1280,720,test,World,World::tunnel,0,152,accident_time=1.566;type=single
h7MY4vNQ2Ak_00__accident,/autodl-fs/data/traffic_accident_rnd/ACCIDENT_dataset/real_videos/h7MY4vNQ2Ak_00.mp4,ACCIDENT-real,t-bone,accident,1,weak_clip_event_window,30.000665,14.733007,442,2400,1080,test,Virginia,Virginia::simple_intersection,54,142,accident_time=5.654;type=t-bone
h7MY4vNQ2Ak_00__pre_event_non_accident,/autodl-fs/data/traffic_accident_rnd/ACCIDENT_dataset/real_videos/h7MY4vNQ2Ak_00.mp4,ACCIDENT-real,t-bone,non_accident,0,weak_clip_pre_event,30.000665,14.733007,442,2400,1080,test,Virginia,Virginia::simple_intersection,0,39,derived_pre_accident_until=2.654;weak_negative=true
IlublX9hlVc_00__accident,/autodl-fs/data/traffic_accident_rnd/ACCIDENT_dataset/real_videos/IlublX9hlVc_00.mp4,ACCIDENT-real,t-bone,accident,1,weak_clip_event_window,30.041667,14.912621,448,960,720,test,Virginia,Virginia::signalized_intersection,52,142,accident_time=5.5;type=t-bone
IlublX9hlVc_00__pre_event_non_accident,/autodl-fs/data/traffic_accident_rnd/ACCIDENT_dataset/real_videos/IlublX9hlVc_00.mp4,ACCIDENT-real,t-bone,non_accident,0,weak_clip_pre_event,30.041667,14.912621,448,960,720,test,Virginia,Virginia::signalized_intersection,0,37,derived_pre_accident_until=2.500;weak_negative=true
fcJD3Xt4zzA_00__accident,/autodl-fs/data/traffic_accident_rnd/ACCIDENT_dataset/real_videos/fcJD3Xt4zzA_00.mp4,ACCIDENT-real,t-bone,accident,1,weak_clip_event_window,30.041667,14.945908,449,960,720,test,Virginia,Virginia::signalized_intersection,19,109,accident_time=3.292;type=t-bone
5caUHPE480M_00__accident,/autodl-fs/data/traffic_accident_rnd/ACCIDENT_dataset/real_videos/5caUHPE480M_00.mp4,ACCIDENT-real,head-on,accident,1,weak_clip_event_window,26.6,24.849624,661,1280,720,test,World,World::highway,142,291,accident_time=7.72;type=head-on
5caUHPE480M_00__pre_event_non_accident,/autodl-fs/data/traffic_accident_rnd/ACCIDENT_dataset/real_videos/5caUHPE480M_00.mp4,ACCIDENT-real,head-on,non_accident,0,weak_clip_pre_event,26.6,24.849624,661,1280,720,test,World,World::highway,0,117,derived_pre_accident_until=4.720;weak_negative=true
eilpGahN9JI_00__accident,/autodl-fs/data/traffic_accident_rnd/ACCIDENT_dataset/real_videos/eilpGahN9JI_00.mp4,ACCIDENT-real,rear-end,accident,1,weak_clip_event_window,30.041667,14.979196,450,1080,720,test,Florida,Florida::grade_separated_intersection,34,124,accident_time=4.292;type=rear-end
eilpGahN9JI_00__pre_event_non_accident,/autodl-fs/data/traffic_accident_rnd/ACCIDENT_dataset/real_videos/eilpGahN9JI_00.mp4,ACCIDENT-real,rear-end,non_accident,0,weak_clip_pre_event,30.041667,14.979196,450,1080,720,test,Florida,Florida::grade_separated_intersection,0,19,derived_pre_accident_until=1.292;weak_negative=true
EJodW3XFdU4_00__accident,/autodl-fs/data/traffic_accident_rnd/ACCIDENT_dataset/real_videos/EJodW3XFdU4_00.mp4,ACCIDENT-real,t-bone,accident,1,weak_clip_event_window,30.04,25.0,751,1280,720,test,Florida,Florida::signalized_intersection,69,219,accident_time=4.76;type=t-bone
EJodW3XFdU4_00__pre_event_non_accident,/autodl-fs/data/traffic_accident_rnd/ACCIDENT_dataset/real_videos/EJodW3XFdU4_00.mp4,ACCIDENT-real,t-bone,non_accident,0,weak_clip_pre_event,30.04,25.0,751,1280,720,test,Florida,Florida::signalized_intersection,0,44,derived_pre_accident_until=1.760;weak_negative=true
JvLt2kMm3Qs_00__accident,/autodl-fs/data/traffic_accident_rnd/ACCIDENT_dataset/real_videos/JvLt2kMm3Qs_00.mp4,ACCIDENT-real,sideswipe,accident,1,weak_clip_event_window,6.791667,14.871166,101,1280,720,test,Florida,Florida::highway,31,101,accident_time=4.125;type=sideswipe
JvLt2kMm3Qs_00__pre_event_non_accident,/autodl-fs/data/traffic_accident_rnd/ACCIDENT_dataset/real_videos/JvLt2kMm3Qs_00.mp4,ACCIDENT-real,sideswipe,non_accident,0,weak_clip_pre_event,6.791667,14.871166,101,1280,720,test,Florida,Florida::highway,0,17,derived_pre_accident_until=1.125;weak_negative=true
qfCt6R_rTMY_00__accident,/autodl-fs/data/traffic_accident_rnd/ACCIDENT_dataset/real_videos/qfCt6R_rTMY_00.mp4,ACCIDENT-real,rear-end,accident,1,weak_clip_event_window,30.041667,14.979196,450,1080,720,test,Florida,Florida::highway,64,154,accident_time=6.25;type=rear-end
qfCt6R_rTMY_00__pre_event_non_accident,/autodl-fs/data/traffic_accident_rnd/ACCIDENT_dataset/real_videos/qfCt6R_rTMY_00.mp4,ACCIDENT-real,rear-end,non_accident,0,weak_clip_pre_event,30.041667,14.979196,450,1080,720,test,Florida,Florida::highway,0,49,derived_pre_accident_until=3.250;weak_negative=true
u4lFhg1C20o_00__accident,/autodl-fs/data/traffic_accident_rnd/ACCIDENT_dataset/real_videos/u4lFhg1C20o_00.mp4,ACCIDENT-real,single,accident,1,weak_clip_event_window,29.966667,18.120133,543,1056,720,test,Florida,Florida::grade_separated_intersection,15,123,accident_time=2.833;type=single
Uc85umAPCc0_00__accident,/autodl-fs/data/traffic_accident_rnd/ACCIDENT_dataset/real_videos/Uc85umAPCc0_00.mp4,ACCIDENT-real,t-bone,accident,1,weak_clip_event_window,30.033333,29.766926,894,960,720,test,Florida,Florida::grade_separated_intersection,41,220,accident_time=3.4;type=t-bone
eZGqsmnXpHQ_00__accident,/autodl-fs/data/traffic_accident_rnd/ACCIDENT_dataset/real_videos/eZGqsmnXpHQ_00.mp4,ACCIDENT-real,sideswipe,accident,1,weak_clip_event_window,9.066667,30.0,272,960,720,test,Florida,Florida::highway,11,191,accident_time=2.367;type=sideswipe
jzIahqK1XpM_00__accident,/autodl-fs/data/traffic_accident_rnd/ACCIDENT_dataset/real_videos/jzIahqK1XpM_00.mp4,ACCIDENT-real,t-bone,accident,1,weak_clip_event_window,30.0,24.9,747,1056,720,test,Florida,Florida::signalized_intersection,61,211,accident_time=4.44;type=t-bone
jzIahqK1XpM_00__pre_event_non_accident,/autodl-fs/data/traffic_accident_rnd/ACCIDENT_dataset/real_videos/jzIahqK1XpM_00.mp4,ACCIDENT-real,t-bone,non_accident,0,weak_clip_pre_event,30.0,24.9,747,1056,720,test,Florida,Florida::signalized_intersection,0,36,derived_pre_accident_until=1.440;weak_negative=true
7ufiKhY4D_Y_00__accident,/autodl-fs/data/traffic_accident_rnd/ACCIDENT_dataset/real_videos/7ufiKhY4D_Y_00.mp4,ACCIDENT-real,single,accident,1,weak_clip_event_window,30.033333,29.700333,892,960,720,test,Florida,Florida::highway,292,470,accident_time=11.833;type=single
7ufiKhY4D_Y_00__pre_event_non_accident,/autodl-fs/data/traffic_accident_rnd/ACCIDENT_dataset/real_videos/7ufiKhY4D_Y_00.mp4,ACCIDENT-real,single,non_accident,0,weak_clip_pre_event,30.033333,29.700333,892,960,720,test,Florida,Florida::highway,0,262,derived_pre_accident_until=8.833;weak_negative=true
vcN-clDH2A8_00__accident,/autodl-fs/data/traffic_accident_rnd/ACCIDENT_dataset/real_videos/vcN-clDH2A8_00.mp4,ACCIDENT-real,rear-end,accident,1,weak_clip_event_window,30.033333,29.933407,899,960,720,test,Florida,Florida::signalized_intersection,171,351,accident_time=7.733;type=rear-end
vcN-clDH2A8_00__pre_event_non_accident,/autodl-fs/data/traffic_accident_rnd/ACCIDENT_dataset/real_videos/vcN-clDH2A8_00.mp4,ACCIDENT-real,rear-end,non_accident,0,weak_clip_pre_event,30.033333,29.933407,899,960,720,test,Florida,Florida::signalized_intersection,0,142,derived_pre_accident_until=4.733;weak_negative=true
R29vBQmDFq4_00__accident,/autodl-fs/data/traffic_accident_rnd/ACCIDENT_dataset/real_videos/R29vBQmDFq4_00.mp4,ACCIDENT-real,single,accident,1,weak_clip_event_window,30.066667,21.385809,643,1056,720,test,New_York,New_York::highway,91,220,accident_time=6.267;type=single
R29vBQmDFq4_00__pre_event_non_accident,/autodl-fs/data/traffic_accident_rnd/ACCIDENT_dataset/real_videos/R29vBQmDFq4_00.mp4,ACCIDENT-real,single,non_accident,0,weak_clip_pre_event,30.066667,21.385809,643,1056,720,test,New_York,New_York::highway,0,70,derived_pre_accident_until=3.267;weak_negative=true
oXHq9qN7jyk_00__accident,/autodl-fs/data/traffic_accident_rnd/ACCIDENT_dataset/real_videos/oXHq9qN7jyk_00.mp4,ACCIDENT-real,t-bone,accident,1,weak_clip_event_window,30.083333,14.925208,449,1080,720,test,Florida,Florida::highway,0,85,accident_time=1.708;type=t-bone
dI-ueIMSLZQ_00__accident,/autodl-fs/data/traffic_accident_rnd/ACCIDENT_dataset/real_videos/dI-ueIMSLZQ_00.mp4,ACCIDENT-real,rear-end,accident,1,weak_clip_event_window,30.0,30.0,900,1280,720,test,Florida,Florida::highway,67,247,accident_time=4.233;type=rear-end
dI-ueIMSLZQ_00__pre_event_non_accident,/autodl-fs/data/traffic_accident_rnd/ACCIDENT_dataset/real_videos/dI-ueIMSLZQ_00.mp4,ACCIDENT-real,rear-end,non_accident,0,weak_clip_pre_event,30.0,30.0,900,1280,720,test,Florida,Florida::highway,0,37,derived_pre_accident_until=1.233;weak_negative=true
aPenMcX0LNY_00__accident,/autodl-fs/data/traffic_accident_rnd/ACCIDENT_dataset/real_videos/aPenMcX0LNY_00.mp4,ACCIDENT-real,single,accident,1,weak_clip_event_window,26.2,30.0,786,900,720,test,Florida,Florida::highway,18,198,accident_time=2.5999999999999996;type=single
PI75_k43UTI_00__accident,/autodl-fs/data/traffic_accident_rnd/ACCIDENT_dataset/real_videos/PI75_k43UTI_00.mp4,ACCIDENT-real,rear-end,accident,1,weak_clip_event_window,9.68,20.041322,194,1056,720,test,Florida,Florida::highway,15,135,accident_time=2.76;type=rear-end
QeZz4_zmy1I_00__accident,/autodl-fs/data/traffic_accident_rnd/ACCIDENT_dataset/real_videos/QeZz4_zmy1I_00.mp4,ACCIDENT-real,rear-end,accident,1,weak_clip_event_window,21.541667,10.027079,216,1056,720,train,Florida,Florida::highway,0,54,accident_time=1.4169999999999998;type=rear-end
pcT3Lr767_M_00__accident,/autodl-fs/data/traffic_accident_rnd/ACCIDENT_dataset/real_videos/pcT3Lr767_M_00.mp4,ACCIDENT-real,rear-end,accident,1,weak_clip_event_window,17.6,30.0,528,1056,720,test,Florida,Florida::highway,46,226,accident_time=3.5330000000000004;type=rear-end
6rvo5STkUPw_00__accident,/autodl-fs/data/traffic_accident_rnd/ACCIDENT_dataset/real_videos/6rvo5STkUPw_00.mp4,ACCIDENT-real,t-bone,accident,1,weak_clip_event_window,30.0,29.766667,893,960,720,test,Florida,Florida::grade_separated_intersection,55,234,accident_time=3.867;type=t-bone
gzu1NnmXMuY_00__accident,/autodl-fs/data/traffic_accident_rnd/ACCIDENT_dataset/real_videos/gzu1NnmXMuY_00.mp4,ACCIDENT-real,single,accident,1,weak_clip_event_window,15.066667,13.473451,203,960,720,test,Florida,Florida::highway,79,160,accident_time=7.833;type=single
gzu1NnmXMuY_00__pre_event_non_accident,/autodl-fs/data/traffic_accident_rnd/ACCIDENT_dataset/real_videos/gzu1NnmXMuY_00.mp4,ACCIDENT-real,single,non_accident,0,weak_clip_pre_event,15.066667,13.473451,203,960,720,test,Florida,Florida::highway,0,65,derived_pre_accident_until=4.833;weak_negative=true
X0SCL-_zJ3o_00__accident,/autodl-fs/data/traffic_accident_rnd/ACCIDENT_dataset/real_videos/X0SCL-_zJ3o_00.mp4,ACCIDENT-real,single,accident,1,weak_clip_event_window,30.0,29.833333,895,1056,720,test,Florida,Florida::highway,162,341,accident_time=7.433;type=single
X0SCL-_zJ3o_00__pre_event_non_accident,/autodl-fs/data/traffic_accident_rnd/ACCIDENT_dataset/real_videos/X0SCL-_zJ3o_00.mp4,ACCIDENT-real,single,non_accident,0,weak_clip_pre_event,30.0,29.833333,895,1056,720,test,Florida,Florida::highway,0,132,derived_pre_accident_until=4.433;weak_negative=true
fxiCDDZx2YM_00__accident,/autodl-fs/data/traffic_accident_rnd/ACCIDENT_dataset/real_videos/fxiCDDZx2YM_00.mp4,ACCIDENT-real,single,accident,1,weak_clip_event_window,30.074074,26.600985,800,1280,720,test,Florida,Florida::highway,60,219,accident_time=4.259;type=single
fxiCDDZx2YM_00__pre_event_non_accident,/autodl-fs/data/traffic_accident_rnd/ACCIDENT_dataset/real_videos/fxiCDDZx2YM_00.mp4,ACCIDENT-real,single,non_accident,0,weak_clip_pre_event,30.074074,26.600985,800,1280,720,test,Florida,Florida::highway,0,33,derived_pre_accident_until=1.259;weak_negative=true
jrbryXS0w74_00__accident,/autodl-fs/data/traffic_accident_rnd/ACCIDENT_dataset/real_videos/jrbryXS0w74_00.mp4,ACCIDENT-real,single,accident,1,weak_clip_event_window,30.066667,28.337029,852,1280,720,test,Florida,Florida::highway,23,193,accident_time=2.833;type=single
Urin3yuptr8_00__accident,/autodl-fs/data/traffic_accident_rnd/ACCIDENT_dataset/real_videos/Urin3yuptr8_00.mp4,ACCIDENT-real,single,accident,1,weak_clip_event_window,29.8,22.718121,677,1080,720,test,Florida,Florida::highway,35,171,accident_time=3.5;type=single
rJaAl_YfQiM_00__accident,/autodl-fs/data/traffic_accident_rnd/ACCIDENT_dataset/real_videos/rJaAl_YfQiM_00.mp4,ACCIDENT-real,single,accident,1,weak_clip_event_window,30.033333,28.401776,853,960,720,test,Florida,Florida::highway,218,389,accident_time=9.7;type=single
rJaAl_YfQiM_00__pre_event_non_accident,/autodl-fs/data/traffic_accident_rnd/ACCIDENT_dataset/real_videos/rJaAl_YfQiM_00.mp4,ACCIDENT-real,single,non_accident,0,weak_clip_pre_event,30.033333,28.401776,853,960,720,test,Florida,Florida::highway,0,190,derived_pre_accident_until=6.700;weak_negative=true
H6DKiF_kwIs_00__accident,/autodl-fs/data/traffic_accident_rnd/ACCIDENT_dataset/real_videos/H6DKiF_kwIs_00.mp4,ACCIDENT-real,single,accident,1,weak_clip_event_window,28.25,15.00885,424,1080,720,test,Florida,Florida::highway,0,75,accident_time=1.0000000000000002;type=single
kbpb8IGOAP0_00__accident,/autodl-fs/data/traffic_accident_rnd/ACCIDENT_dataset/real_videos/kbpb8IGOAP0_00.mp4,ACCIDENT-real,single,accident,1,weak_clip_event_window,30.041667,14.945908,449,1056,720,test,Florida,Florida::highway,67,157,accident_time=6.458;type=single
kbpb8IGOAP0_00__pre_event_non_accident,/autodl-fs/data/traffic_accident_rnd/ACCIDENT_dataset/real_videos/kbpb8IGOAP0_00.mp4,ACCIDENT-real,single,non_accident,0,weak_clip_pre_event,30.041667,14.945908,449,1056,720,test,Florida,Florida::highway,0,52,derived_pre_accident_until=3.458;weak_negative=true
2dgMA7afLFc_00__accident,/autodl-fs/data/traffic_accident_rnd/ACCIDENT_dataset/real_videos/2dgMA7afLFc_00.mp4,ACCIDENT-real,single,accident,1,weak_clip_event_window,23.827586,27.069465,645,1280,720,test,Florida,Florida::highway,165,327,accident_time=8.104;type=single
2dgMA7afLFc_00__pre_event_non_accident,/autodl-fs/data/traffic_accident_rnd/ACCIDENT_dataset/real_videos/2dgMA7afLFc_00.mp4,ACCIDENT-real,single,non_accident,0,weak_clip_pre_event,23.827586,27.069465,645,1280,720,test,Florida,Florida::highway,0,138,derived_pre_accident_until=5.104;weak_negative=true
zDgcljcRR8A_00__accident,/autodl-fs/data/traffic_accident_rnd/ACCIDENT_dataset/real_videos/zDgcljcRR8A_00.mp4,ACCIDENT-real,single,accident,1,weak_clip_event_window,30.0,23.5,705,1080,720,test,Florida,Florida::highway,102,243,accident_time=6.333;type=single
zDgcljcRR8A_00__pre_event_non_accident,/autodl-fs/data/traffic_accident_rnd/ACCIDENT_dataset/real_videos/zDgcljcRR8A_00.mp4,ACCIDENT-real,single,non_accident,0,weak_clip_pre_event,30.0,23.5,705,1080,720,test,Florida,Florida::highway,0,78,derived_pre_accident_until=3.333;weak_negative=true
KfSjYfTH-H4_00__accident,/autodl-fs/data/traffic_accident_rnd/ACCIDENT_dataset/real_videos/KfSjYfTH-H4_00.mp4,ACCIDENT-real,single,accident,1,weak_clip_event_window,29.8,17.114094,510,1056,720,test,Florida,Florida::highway,54,156,accident_time=5.12;type=single
KfSjYfTH-H4_00__pre_event_non_accident,/autodl-fs/data/traffic_accident_rnd/ACCIDENT_dataset/real_videos/KfSjYfTH-H4_00.mp4,ACCIDENT-real,single,non_accident,0,weak_clip_pre_event,29.8,17.114094,510,1056,720,test,Florida,Florida::highway,0,36,derived_pre_accident_until=2.120;weak_negative=true
1ot_Dyi6XyI_00__accident,/autodl-fs/data/traffic_accident_rnd/ACCIDENT_dataset/real_videos/1ot_Dyi6XyI_00.mp4,ACCIDENT-real,single,accident,1,weak_clip_event_window,30.033333,29.900111,898,1056,720,test,Florida,Florida::highway,184,364,accident_time=8.167;type=single
1ot_Dyi6XyI_00__pre_event_non_accident,/autodl-fs/data/traffic_accident_rnd/ACCIDENT_dataset/real_videos/1ot_Dyi6XyI_00.mp4,ACCIDENT-real,single,non_accident,0,weak_clip_pre_event,30.033333,29.900111,898,1056,720,test,Florida,Florida::highway,0,154,derived_pre_accident_until=5.167;weak_negative=true
llwNilbilqg_00__accident,/autodl-fs/data/traffic_accident_rnd/ACCIDENT_dataset/real_videos/llwNilbilqg_00.mp4,ACCIDENT-real,single,accident,1,weak_clip_event_window,30.066667,29.667406,892,1280,720,test,Florida,Florida::highway,114,292,accident_time=5.833;type=single
llwNilbilqg_00__pre_event_non_accident,/autodl-fs/data/traffic_accident_rnd/ACCIDENT_dataset/real_videos/llwNilbilqg_00.mp4,ACCIDENT-real,single,non_accident,0,weak_clip_pre_event,30.066667,29.667406,892,1280,720,test,Florida,Florida::highway,0,84,derived_pre_accident_until=2.833;weak_negative=true
ITHSYGUkuV8_00__accident,/autodl-fs/data/traffic_accident_rnd/ACCIDENT_dataset/real_videos/ITHSYGUkuV8_00.mp4,ACCIDENT-real,single,accident,1,weak_clip_event_window,30.033333,29.933407,899,1280,720,test,Florida,Florida::highway,98,278,accident_time=5.267;type=single
ITHSYGUkuV8_00__pre_event_non_accident,/autodl-fs/data/traffic_accident_rnd/ACCIDENT_dataset/real_videos/ITHSYGUkuV8_00.mp4,ACCIDENT-real,single,non_accident,0,weak_clip_pre_event,30.033333,29.933407,899,1280,720,test,Florida,Florida::highway,0,68,derived_pre_accident_until=2.267;weak_negative=true
dW7rp-cXNMY_00__accident,/autodl-fs/data/traffic_accident_rnd/ACCIDENT_dataset/real_videos/dW7rp-cXNMY_00.mp4,ACCIDENT-real,head-on,accident,1,weak_clip_event_window,30.066667,29.933481,900,1056,720,test,Florida,Florida::signalized_intersection,109,289,accident_time=5.633;type=head-on
dW7rp-cXNMY_00__pre_event_non_accident,/autodl-fs/data/traffic_accident_rnd/ACCIDENT_dataset/real_videos/dW7rp-cXNMY_00.mp4,ACCIDENT-real,head-on,non_accident,0,weak_clip_pre_event,30.066667,29.933481,900,1056,720,test,Florida,Florida::signalized_intersection,0,79,derived_pre_accident_until=2.633;weak_negative=true
QSPGXxzUXVs_00__accident,/autodl-fs/data/traffic_accident_rnd/ACCIDENT_dataset/real_videos/QSPGXxzUXVs_00.mp4,ACCIDENT-real,single,accident,1,weak_clip_event_window,30.04,18.375499,552,1056,720,test,Virginia,Virginia::signalized_intersection,436,547,accident_time=25.76;type=single
QSPGXxzUXVs_00__pre_event_non_accident,/autodl-fs/data/traffic_accident_rnd/ACCIDENT_dataset/real_videos/QSPGXxzUXVs_00.mp4,ACCIDENT-real,single,non_accident,0,weak_clip_pre_event,30.04,18.375499,552,1056,720,test,Virginia,Virginia::signalized_intersection,0,418,derived_pre_accident_until=22.760;weak_negative=true
24R72DZBQ5k_00__accident,/autodl-fs/data/traffic_accident_rnd/ACCIDENT_dataset/real_videos/24R72DZBQ5k_00.mp4,ACCIDENT-real,single,accident,1,weak_clip_event_window,25.866667,30.0,776,1056,720,train,Florida,Florida::grade_separated_intersection,0,137,accident_time=0.5670000000000002;type=single
9eE5_INjzaQ_00__accident,/autodl-fs/data/traffic_accident_rnd/ACCIDENT_dataset/real_videos/9eE5_INjzaQ_00.mp4,ACCIDENT-real,single,accident,1,weak_clip_event_window,5.3,30.0,159,1056,720,test,Florida,Florida::highway,11,159,accident_time=2.367;type=single
vii3d_HkqvY_00__accident,/autodl-fs/data/traffic_accident_rnd/ACCIDENT_dataset/real_videos/vii3d_HkqvY_00.mp4,ACCIDENT-real,single,accident,1,weak_clip_event_window,11.366667,29.824047,339,1080,720,test,Florida,Florida::highway,186,339,accident_time=8.233;type=single
vii3d_HkqvY_00__pre_event_non_accident,/autodl-fs/data/traffic_accident_rnd/ACCIDENT_dataset/real_videos/vii3d_HkqvY_00.mp4,ACCIDENT-real,single,non_accident,0,weak_clip_pre_event,11.366667,29.824047,339,1080,720,test,Florida,Florida::highway,0,156,derived_pre_accident_until=5.233;weak_negative=true
qzOpk_d1pGU_00__accident,/autodl-fs/data/traffic_accident_rnd/ACCIDENT_dataset/real_videos/qzOpk_d1pGU_00.mp4,ACCIDENT-real,single,accident,1,weak_clip_event_window,18.965517,28.894545,548,960,720,test,Florida,Florida::highway,121,295,accident_time=6.207;type=single
qzOpk_d1pGU_00__pre_event_non_accident,/autodl-fs/data/traffic_accident_rnd/ACCIDENT_dataset/real_videos/qzOpk_d1pGU_00.mp4,ACCIDENT-real,single,non_accident,0,weak_clip_pre_event,18.965517,28.894545,548,960,720,test,Florida,Florida::highway,0,93,derived_pre_accident_until=3.207;weak_negative=true
3yNBYymxHys_00__accident,/autodl-fs/data/traffic_accident_rnd/ACCIDENT_dataset/real_videos/3yNBYymxHys_00.mp4,ACCIDENT-real,single,accident,1,weak_clip_event_window,30.0,29.766667,893,1280,720,test,Florida,Florida::highway,143,322,accident_time=6.833;type=single
3yNBYymxHys_00__pre_event_non_accident,/autodl-fs/data/traffic_accident_rnd/ACCIDENT_dataset/real_videos/3yNBYymxHys_00.mp4,ACCIDENT-real,single,non_accident,0,weak_clip_pre_event,30.0,29.766667,893,1280,720,test,Florida,Florida::highway,0,114,derived_pre_accident_until=3.833;weak_negative=true
cVil8sERLjg_00__accident,/autodl-fs/data/traffic_accident_rnd/ACCIDENT_dataset/real_videos/cVil8sERLjg_00.mp4,ACCIDENT-real,single,accident,1,weak_clip_event_window,12.866667,29.455959,379,1280,720,test,Florida,Florida::highway,97,274,accident_time=5.3;type=single
cVil8sERLjg_00__pre_event_non_accident,/autodl-fs/data/traffic_accident_rnd/ACCIDENT_dataset/real_videos/cVil8sERLjg_00.mp4,ACCIDENT-real,single,non_accident,0,weak_clip_pre_event,12.866667,29.455959,379,1280,720,test,Florida,Florida::highway,0,68,derived_pre_accident_until=2.300;weak_negative=true
kMm9K4FKQyA_00__accident,/autodl-fs/data/traffic_accident_rnd/ACCIDENT_dataset/real_videos/kMm9K4FKQyA_00.mp4,ACCIDENT-real,single,accident,1,weak_clip_event_window,30.0,28.9,867,1056,720,test,Florida,Florida::highway,85,259,accident_time=4.931;type=single
kMm9K4FKQyA_00__pre_event_non_accident,/autodl-fs/data/traffic_accident_rnd/ACCIDENT_dataset/real_videos/kMm9K4FKQyA_00.mp4,ACCIDENT-real,single,non_accident,0,weak_clip_pre_event,30.0,28.9,867,1056,720,test,Florida,Florida::highway,0,56,derived_pre_accident_until=1.931;weak_negative=true
nKC_z-VEBfE_00__accident,/autodl-fs/data/traffic_accident_rnd/ACCIDENT_dataset/real_videos/nKC_z-VEBfE_00.mp4,ACCIDENT-real,rear-end,accident,1,weak_clip_event_window,30.04,23.501997,706,880,720,test,Florida,Florida::city_street,128,269,accident_time=7.44;type=rear-end
nKC_z-VEBfE_00__pre_event_non_accident,/autodl-fs/data/traffic_accident_rnd/ACCIDENT_dataset/real_videos/nKC_z-VEBfE_00.mp4,ACCIDENT-real,rear-end,non_accident,0,weak_clip_pre_event,30.04,23.501997,706,880,720,test,Florida,Florida::city_street,0,104,derived_pre_accident_until=4.440;weak_negative=true
nnY1sFj3-Ag_00__accident,/autodl-fs/data/traffic_accident_rnd/ACCIDENT_dataset/real_videos/nnY1sFj3-Ag_00.mp4,ACCIDENT-real,single,accident,1,weak_clip_event_window,23.0,24.304348,559,1080,720,test,Florida,Florida::highway,0,143,accident_time=1.8999999999999995;type=single
CRFFj83OIDU_00__accident,/autodl-fs/data/traffic_accident_rnd/ACCIDENT_dataset/real_videos/CRFFj83OIDU_00.mp4,ACCIDENT-real,t-bone,accident,1,weak_clip_event_window,15.0,18.666667,280,1056,720,test,Florida,Florida::signalized_intersection,46,158,accident_time=4.44;type=t-bone
CRFFj83OIDU_00__pre_event_non_accident,/autodl-fs/data/traffic_accident_rnd/ACCIDENT_dataset/real_videos/CRFFj83OIDU_00.mp4,ACCIDENT-real,t-bone,non_accident,0,weak_clip_pre_event,15.0,18.666667,280,1056,720,test,Florida,Florida::signalized_intersection,0,27,derived_pre_accident_until=1.440;weak_negative=true
l_2BO67srNo_00__accident,/autodl-fs/data/traffic_accident_rnd/ACCIDENT_dataset/real_videos/l_2BO67srNo_00.mp4,ACCIDENT-real,t-bone,accident,1,weak_clip_event_window,8.1,29.753086,241,1080,720,test,Florida,Florida::grade_separated_intersection,141,241,accident_time=6.767;type=t-bone
l_2BO67srNo_00__pre_event_non_accident,/autodl-fs/data/traffic_accident_rnd/ACCIDENT_dataset/real_videos/l_2BO67srNo_00.mp4,ACCIDENT-real,t-bone,non_accident,0,weak_clip_pre_event,8.1,29.753086,241,1080,720,test,Florida,Florida::grade_separated_intersection,0,112,derived_pre_accident_until=3.767;weak_negative=true
M7tbQSvMe5o_00__accident,/autodl-fs/data/traffic_accident_rnd/ACCIDENT_dataset/real_videos/M7tbQSvMe5o_00.mp4,ACCIDENT-real,single,accident,1,weak_clip_event_window,30.0,29.733333,892,1280,720,train,Florida,Florida::highway,35,213,accident_time=3.167;type=single
FNS3OiJwL0k_00__accident,/autodl-fs/data/traffic_accident_rnd/ACCIDENT_dataset/real_videos/FNS3OiJwL0k_00.mp4,ACCIDENT-real,single,accident,1,weak_clip_event_window,30.033333,29.700333,892,1056,720,test,Florida,Florida::highway,83,261,accident_time=4.767;type=single
FNS3OiJwL0k_00__pre_event_non_accident,/autodl-fs/data/traffic_accident_rnd/ACCIDENT_dataset/real_videos/FNS3OiJwL0k_00.mp4,ACCIDENT-real,single,non_accident,0,weak_clip_pre_event,30.033333,29.700333,892,1056,720,test,Florida,Florida::highway,0,52,derived_pre_accident_until=1.767;weak_negative=true
X59Tadp1bjg_00__accident,/autodl-fs/data/traffic_accident_rnd/ACCIDENT_dataset/real_videos/X59Tadp1bjg_00.mp4,ACCIDENT-real,single,accident,1,weak_clip_event_window,30.041667,18.341193,551,1056,720,test,Florida,Florida::highway,60,170,accident_time=5.292;type=single
X59Tadp1bjg_00__pre_event_non_accident,/autodl-fs/data/traffic_accident_rnd/ACCIDENT_dataset/real_videos/X59Tadp1bjg_00.mp4,ACCIDENT-real,single,non_accident,0,weak_clip_pre_event,30.041667,18.341193,551,1056,720,test,Florida,Florida::highway,0,42,derived_pre_accident_until=2.292;weak_negative=true
zSujHC7MOcU_00__accident,/autodl-fs/data/traffic_accident_rnd/ACCIDENT_dataset/real_videos/zSujHC7MOcU_00.mp4,ACCIDENT-real,t-bone,accident,1,weak_clip_event_window,30.08,23.503989,707,1056,720,test,Florida,Florida::signalized_intersection,0,129,accident_time=1.48;type=t-bone
oeRlPluv-eY_00__accident,/autodl-fs/data/traffic_accident_rnd/ACCIDENT_dataset/real_videos/oeRlPluv-eY_00.mp4,ACCIDENT-real,single,accident,1,weak_clip_event_window,24.7,29.635628,732,1280,720,test,Florida,Florida::highway,121,299,accident_time=6.067;type=single
oeRlPluv-eY_00__pre_event_non_accident,/autodl-fs/data/traffic_accident_rnd/ACCIDENT_dataset/real_videos/oeRlPluv-eY_00.mp4,ACCIDENT-real,single,non_accident,0,weak_clip_pre_event,24.7,29.635628,732,1280,720,test,Florida,Florida::highway,0,91,derived_pre_accident_until=3.067;weak_negative=true
bDLOyLAi51k_00__accident,/autodl-fs/data/traffic_accident_rnd/ACCIDENT_dataset/real_videos/bDLOyLAi51k_00.mp4,ACCIDENT-real,single,accident,1,weak_clip_event_window,25.72,19.984448,514,1056,720,train,Florida,Florida::grade_separated_intersection,110,230,accident_time=7.52;type=single
bDLOyLAi51k_00__pre_event_non_accident,/autodl-fs/data/traffic_accident_rnd/ACCIDENT_dataset/real_videos/bDLOyLAi51k_00.mp4,ACCIDENT-real,single,non_accident,0,weak_clip_pre_event,25.72,19.984448,514,1056,720,train,Florida,Florida::grade_separated_intersection,0,90,derived_pre_accident_until=4.520;weak_negative=true
V9uox3MIVrA_00__accident,/autodl-fs/data/traffic_accident_rnd/ACCIDENT_dataset/real_videos/V9uox3MIVrA_00.mp4,ACCIDENT-real,single,accident,1,weak_clip_event_window,30.033333,29.866815,897,1056,720,test,Florida,Florida::highway,76,255,accident_time=4.567;type=single
V9uox3MIVrA_00__pre_event_non_accident,/autodl-fs/data/traffic_accident_rnd/ACCIDENT_dataset/real_videos/V9uox3MIVrA_00.mp4,ACCIDENT-real,single,non_accident,0,weak_clip_pre_event,30.033333,29.866815,897,1056,720,test,Florida,Florida::highway,0,47,derived_pre_accident_until=1.567;weak_negative=true
dEINXAEIQjA_00__accident,/autodl-fs/data/traffic_accident_rnd/ACCIDENT_dataset/real_videos/dEINXAEIQjA_00.mp4,ACCIDENT-real,single,accident,1,weak_clip_event_window,8.44,20.023697,169,1056,720,test,Florida,Florida::highway,34,154,accident_time=3.68;type=single
AFK28KnqDOQ_00__accident,/autodl-fs/data/traffic_accident_rnd/ACCIDENT_dataset/real_videos/AFK28KnqDOQ_00.mp4,ACCIDENT-real,t-bone,accident,1,weak_clip_event_window,3.84,24.479167,94,1280,720,test,Florida,Florida::signalized_intersection,11,94,accident_time=2.44;type=t-bone
Mujpcz6MX4g_00__accident,/autodl-fs/data/traffic_accident_rnd/ACCIDENT_dataset/real_videos/Mujpcz6MX4g_00.mp4,ACCIDENT-real,t-bone,accident,1,weak_clip_event_window,30.0,29.766667,893,960,720,test,Florida,Florida::grade_separated_intersection,82,261,accident_time=4.767;type=t-bone
Mujpcz6MX4g_00__pre_event_non_accident,/autodl-fs/data/traffic_accident_rnd/ACCIDENT_dataset/real_videos/Mujpcz6MX4g_00.mp4,ACCIDENT-real,t-bone,non_accident,0,weak_clip_pre_event,30.0,29.766667,893,960,720,test,Florida,Florida::grade_separated_intersection,0,53,derived_pre_accident_until=1.767;weak_negative=true
HYr1QeHHFkI_00__accident,/autodl-fs/data/traffic_accident_rnd/ACCIDENT_dataset/real_videos/HYr1QeHHFkI_00.mp4,ACCIDENT-real,sideswipe,accident,1,weak_clip_event_window,30.033333,29.733629,893,1080,720,train,Florida,Florida::highway,71,249,accident_time=4.367;type=sideswipe
HYr1QeHHFkI_00__pre_event_non_accident,/autodl-fs/data/traffic_accident_rnd/ACCIDENT_dataset/real_videos/HYr1QeHHFkI_00.mp4,ACCIDENT-real,sideswipe,non_accident,0,weak_clip_pre_event,30.033333,29.733629,893,1080,720,train,Florida,Florida::highway,0,41,derived_pre_accident_until=1.367;weak_negative=true
_SK-OKBNWj0_00__accident,/autodl-fs/data/traffic_accident_rnd/ACCIDENT_dataset/real_videos/_SK-OKBNWj0_00.mp4,ACCIDENT-real,single,accident,1,weak_clip_event_window,22.7,16.211454,368,1056,720,test,Florida,Florida::grade_separated_intersection,227,324,accident_time=16.0;type=single
_SK-OKBNWj0_00__pre_event_non_accident,/autodl-fs/data/traffic_accident_rnd/ACCIDENT_dataset/real_videos/_SK-OKBNWj0_00.mp4,ACCIDENT-real,single,non_accident,0,weak_clip_pre_event,22.7,16.211454,368,1056,720,test,Florida,Florida::grade_separated_intersection,0,211,derived_pre_accident_until=13.000;weak_negative=true
0jCQy-BZ1uw_00__accident,/autodl-fs/data/traffic_accident_rnd/ACCIDENT_dataset/real_videos/0jCQy-BZ1uw_00.mp4,ACCIDENT-real,sideswipe,accident,1,weak_clip_event_window,30.0,30.0,900,960,720,test,Florida,Florida::grade_separated_intersection,102,282,accident_time=5.4;type=sideswipe
0jCQy-BZ1uw_00__pre_event_non_accident,/autodl-fs/data/traffic_accident_rnd/ACCIDENT_dataset/real_videos/0jCQy-BZ1uw_00.mp4,ACCIDENT-real,sideswipe,non_accident,0,weak_clip_pre_event,30.0,30.0,900,960,720,test,Florida,Florida::grade_separated_intersection,0,72,derived_pre_accident_until=2.400;weak_negative=true
UntkxMpwFSY_00__accident,/autodl-fs/data/traffic_accident_rnd/ACCIDENT_dataset/real_videos/UntkxMpwFSY_00.mp4,ACCIDENT-real,head-on,accident,1,weak_clip_event_window,30.0,28.5,855,1280,720,test,Florida,Florida::signalized_intersection,125,296,accident_time=6.4;type=head-on
UntkxMpwFSY_00__pre_event_non_accident,/autodl-fs/data/traffic_accident_rnd/ACCIDENT_dataset/real_videos/UntkxMpwFSY_00.mp4,ACCIDENT-real,head-on,non_accident,0,weak_clip_pre_event,30.0,28.5,855,1280,720,test,Florida,Florida::signalized_intersection,0,97,derived_pre_accident_until=3.400;weak_negative=true
c3B2ddiaBcQ_00__accident,/autodl-fs/data/traffic_accident_rnd/ACCIDENT_dataset/real_videos/c3B2ddiaBcQ_00.mp4,ACCIDENT-real,sideswipe,accident,1,weak_clip_event_window,30.0,28.866667,866,1056,720,test,Florida,Florida::highway,13,186,accident_time=2.467;type=sideswipe
Sm-U6h1VUYQ_00__accident,/autodl-fs/data/traffic_accident_rnd/ACCIDENT_dataset/real_videos/Sm-U6h1VUYQ_00.mp4,ACCIDENT-real,t-bone,accident,1,weak_clip_event_window,29.966667,24.894327,746,704,480,test,Florida,Florida::signalized_intersection,203,353,accident_time=10.167;type=t-bone
Sm-U6h1VUYQ_00__pre_event_non_accident,/autodl-fs/data/traffic_accident_rnd/ACCIDENT_dataset/real_videos/Sm-U6h1VUYQ_00.mp4,ACCIDENT-real,t-bone,non_accident,0,weak_clip_pre_event,29.966667,24.894327,746,704,480,test,Florida,Florida::signalized_intersection,0,178,derived_pre_accident_until=7.167;weak_negative=true
r-k-zVvecKs_00__accident,/autodl-fs/data/traffic_accident_rnd/ACCIDENT_dataset/real_videos/r-k-zVvecKs_00.mp4,ACCIDENT-real,t-bone,accident,1,weak_clip_event_window,15.125,14.14876,214,960,720,test,Virginia,Virginia::signalized_intersection,58,143,accident_time=6.083333;type=t-bone
r-k-zVvecKs_00__pre_event_non_accident,/autodl-fs/data/traffic_accident_rnd/ACCIDENT_dataset/real_videos/r-k-zVvecKs_00.mp4,ACCIDENT-real,t-bone,non_accident,0,weak_clip_pre_event,15.125,14.14876,214,960,720,test,Virginia,Virginia::signalized_intersection,0,44,derived_pre_accident_until=3.083;weak_negative=true
cSCM3PYMKRo_00__accident,/autodl-fs/data/traffic_accident_rnd/ACCIDENT_dataset/real_videos/cSCM3PYMKRo_00.mp4,ACCIDENT-real,t-bone,accident,1,weak_clip_event_window,29.095733,25.020851,728,1280,720,test,World,World::parking_lot,526,676,accident_time=23.023;type=t-bone
cSCM3PYMKRo_00__pre_event_non_accident,/autodl-fs/data/traffic_accident_rnd/ACCIDENT_dataset/real_videos/cSCM3PYMKRo_00.mp4,ACCIDENT-real,t-bone,non_accident,0,weak_clip_pre_event,29.095733,25.020851,728,1280,720,test,World,World::parking_lot,0,501,derived_pre_accident_until=20.023;weak_negative=true
cSCM3PYMKRo_01__accident,/autodl-fs/data/traffic_accident_rnd/ACCIDENT_dataset/real_videos/cSCM3PYMKRo_01.mp4,ACCIDENT-real,single,accident,1,weak_clip_event_window,23.256567,25.111187,584,1280,720,test,World,World::parking_lot,168,318,accident_time=8.675334;type=single
cSCM3PYMKRo_01__pre_event_non_accident,/autodl-fs/data/traffic_accident_rnd/ACCIDENT_dataset/real_videos/cSCM3PYMKRo_01.mp4,ACCIDENT-real,single,non_accident,0,weak_clip_pre_event,23.256567,25.111187,584,1280,720,test,World,World::parking_lot,0,143,derived_pre_accident_until=5.675;weak_negative=true
YQxqeP2Q_-M_00__accident,/autodl-fs/data/traffic_accident_rnd/ACCIDENT_dataset/real_videos/YQxqeP2Q_-M_00.mp4,ACCIDENT-real,single,accident,1,weak_clip_event_window,30.08,11.569149,348,960,720,test,World,World::signalized_intersection,174,243,accident_time=17.04;type=single
YQxqeP2Q_-M_00__pre_event_non_accident,/autodl-fs/data/traffic_accident_rnd/ACCIDENT_dataset/real_videos/YQxqeP2Q_-M_00.mp4,ACCIDENT-real,single,non_accident,0,weak_clip_pre_event,30.08,11.569149,348,960,720,test,World,World::signalized_intersection,0,162,derived_pre_accident_until=14.040;weak_negative=true
FAEmPbAt0Wk_00__accident,/autodl-fs/data/traffic_accident_rnd/ACCIDENT_dataset/real_videos/FAEmPbAt0Wk_00.mp4,ACCIDENT-real,sideswipe,accident,1,weak_clip_event_window,30.033333,14.983352,450,3840,2160,test,Georgia,Georgia::signalized_intersection,26,116,accident_time=3.767;type=sideswipe
HC89136mZXs_00__accident,/autodl-fs/data/traffic_accident_rnd/ACCIDENT_dataset/real_videos/HC89136mZXs_00.mp4,ACCIDENT-real,single,accident,1,weak_clip_event_window,30.041667,14.979196,450,1280,720,test,Georgia,Georgia::highway,36,126,accident_time=4.375;type=single
HC89136mZXs_00__pre_event_non_accident,/autodl-fs/data/traffic_accident_rnd/ACCIDENT_dataset/real_videos/HC89136mZXs_00.mp4,ACCIDENT-real,single,non_accident,0,weak_clip_pre_event,30.041667,14.979196,450,1280,720,test,Georgia,Georgia::highway,0,21,derived_pre_accident_until=1.375;weak_negative=true
UZmfc00aSSQ_00__accident,/autodl-fs/data/traffic_accident_rnd/ACCIDENT_dataset/real_videos/UZmfc00aSSQ_00.mp4,ACCIDENT-real,single,accident,1,weak_clip_event_window,19.392813,15.057125,292,2400,1080,train,Georgia,Georgia::highway,118,208,accident_time=9.851;type=single
UZmfc00aSSQ_00__pre_event_non_accident,/autodl-fs/data/traffic_accident_rnd/ACCIDENT_dataset/real_videos/UZmfc00aSSQ_00.mp4,ACCIDENT-real,single,non_accident,0,weak_clip_pre_event,19.392813,15.057125,292,2400,1080,train,Georgia,Georgia::highway,0,103,derived_pre_accident_until=6.851;weak_negative=true
NHOOHKL_z8s_00__accident,/autodl-fs/data/traffic_accident_rnd/ACCIDENT_dataset/real_videos/NHOOHKL_z8s_00.mp4,ACCIDENT-real,sideswipe,accident,1,weak_clip_event_window,30.041667,14.979196,450,1280,720,test,Georgia,Georgia::signalized_intersection,32,122,accident_time=4.125;type=sideswipe
NHOOHKL_z8s_00__pre_event_non_accident,/autodl-fs/data/traffic_accident_rnd/ACCIDENT_dataset/real_videos/NHOOHKL_z8s_00.mp4,ACCIDENT-real,sideswipe,non_accident,0,weak_clip_pre_event,30.041667,14.979196,450,1280,720,test,Georgia,Georgia::signalized_intersection,0,17,derived_pre_accident_until=1.125;weak_negative=true
dbIlU1q8lfM_00__accident,/autodl-fs/data/traffic_accident_rnd/ACCIDENT_dataset/real_videos/dbIlU1q8lfM_00.mp4,ACCIDENT-real,t-bone,accident,1,weak_clip_event_window,30.041667,14.979196,450,1280,720,test,Georgia,Georgia::signalized_intersection,26,116,accident_time=3.708333;type=t-bone
u3KPKXc9A1c_00__accident,/autodl-fs/data/traffic_accident_rnd/ACCIDENT_dataset/real_videos/u3KPKXc9A1c_00.mp4,ACCIDENT-real,head-on,accident,1,weak_clip_event_window,30.041667,14.945908,449,1280,720,test,Georgia,Georgia::signalized_intersection,41,131,accident_time=4.75;type=head-on
u3KPKXc9A1c_00__pre_event_non_accident,/autodl-fs/data/traffic_accident_rnd/ACCIDENT_dataset/real_videos/u3KPKXc9A1c_00.mp4,ACCIDENT-real,head-on,non_accident,0,weak_clip_pre_event,30.041667,14.945908,449,1280,720,test,Georgia,Georgia::signalized_intersection,0,26,derived_pre_accident_until=1.750;weak_negative=true
fFxTIUK_Ju0_00__accident,/autodl-fs/data/traffic_accident_rnd/ACCIDENT_dataset/real_videos/fFxTIUK_Ju0_00.mp4,ACCIDENT-real,t-bone,accident,1,weak_clip_event_window,30.0,14.966667,449,1280,720,test,Georgia,Georgia::signalized_intersection,30,120,accident_time=4.0;type=t-bone
fFxTIUK_Ju0_00__pre_event_non_accident,/autodl-fs/data/traffic_accident_rnd/ACCIDENT_dataset/real_videos/fFxTIUK_Ju0_00.mp4,ACCIDENT-real,t-bone,non_accident,0,weak_clip_pre_event,30.0,14.966667,449,1280,720,test,Georgia,Georgia::signalized_intersection,0,15,derived_pre_accident_until=1.000;weak_negative=true
fd3l6Z3OSXE_00__accident,/autodl-fs/data/traffic_accident_rnd/ACCIDENT_dataset/real_videos/fd3l6Z3OSXE_00.mp4,ACCIDENT-real,t-bone,accident,1,weak_clip_event_window,30.041667,14.746186,443,1280,720,test,Georgia,Georgia::signalized_intersection,64,152,accident_time=6.291666;type=t-bone
fd3l6Z3OSXE_00__pre_event_non_accident,/autodl-fs/data/traffic_accident_rnd/ACCIDENT_dataset/real_videos/fd3l6Z3OSXE_00.mp4,ACCIDENT-real,t-bone,non_accident,0,weak_clip_pre_event,30.041667,14.746186,443,1280,720,test,Georgia,Georgia::signalized_intersection,0,49,derived_pre_accident_until=3.292;weak_negative=true
jriayW0n33c_00__accident,/autodl-fs/data/traffic_accident_rnd/ACCIDENT_dataset/real_videos/jriayW0n33c_00.mp4,ACCIDENT-real,t-bone,accident,1,weak_clip_event_window,30.041667,14.912621,448,1280,720,test,Georgia,Georgia::signalized_intersection,72,162,accident_time=6.833333;type=t-bone
jriayW0n33c_00__pre_event_non_accident,/autodl-fs/data/traffic_accident_rnd/ACCIDENT_dataset/real_videos/jriayW0n33c_00.mp4,ACCIDENT-real,t-bone,non_accident,0,weak_clip_pre_event,30.041667,14.912621,448,1280,720,test,Georgia,Georgia::signalized_intersection,0,57,derived_pre_accident_until=3.833;weak_negative=true
iiBMFJqcrGY_00__accident,/autodl-fs/data/traffic_accident_rnd/ACCIDENT_dataset/real_videos/iiBMFJqcrGY_00.mp4,ACCIDENT-real,single,accident,1,weak_clip_event_window,30.033333,15.016648,451,1920,1080,test,Georgia,Georgia::highway,76,166,accident_time=7.067;type=single
iiBMFJqcrGY_00__pre_event_non_accident,/autodl-fs/data/traffic_accident_rnd/ACCIDENT_dataset/real_videos/iiBMFJqcrGY_00.mp4,ACCIDENT-real,single,non_accident,0,weak_clip_pre_event,30.033333,15.016648,451,1920,1080,test,Georgia,Georgia::highway,0,61,derived_pre_accident_until=4.067;weak_negative=true
3AvjUT91bJA_00__accident,/autodl-fs/data/traffic_accident_rnd/ACCIDENT_dataset/real_videos/3AvjUT91bJA_00.mp4,ACCIDENT-real,t-bone,accident,1,weak_clip_event_window,29.958333,15.020862,450,1280,720,test,Georgia,Georgia::signalized_intersection,6,96,accident_time=2.416666;type=t-bone
ssoscEvTTLc_00__accident,/autodl-fs/data/traffic_accident_rnd/ACCIDENT_dataset/real_videos/ssoscEvTTLc_00.mp4,ACCIDENT-real,sideswipe,accident,1,weak_clip_event_window,5.958333,15.272727,91,1056,720,test,Georgia,Georgia::highway,28,91,accident_time=3.8339999999999996;type=sideswipe
WagIvmw1jcI_00__accident,/autodl-fs/data/traffic_accident_rnd/ACCIDENT_dataset/real_videos/WagIvmw1jcI_00.mp4,ACCIDENT-real,sideswipe,accident,1,weak_clip_event_window,8.375,14.80597,124,1280,720,train,Georgia,Georgia::highway,44,124,accident_time=5.0;type=sideswipe
WagIvmw1jcI_00__pre_event_non_accident,/autodl-fs/data/traffic_accident_rnd/ACCIDENT_dataset/real_videos/WagIvmw1jcI_00.mp4,ACCIDENT-real,sideswipe,non_accident,0,weak_clip_pre_event,8.375,14.80597,124,1280,720,train,Georgia,Georgia::highway,0,30,derived_pre_accident_until=2.000;weak_negative=true
WagIvmw1jcI_01__accident,/autodl-fs/data/traffic_accident_rnd/ACCIDENT_dataset/real_videos/WagIvmw1jcI_01.mp4,ACCIDENT-real,single,accident,1,weak_clip_event_window,4.458333,15.028037,67,1280,720,train,Georgia,Georgia::highway,5,67,accident_time=2.3333329999999997;type=single
tJlFR_bbD6s_00__accident,/autodl-fs/data/traffic_accident_rnd/ACCIDENT_dataset/real_videos/tJlFR_bbD6s_00.mp4,ACCIDENT-real,rear-end,accident,1,weak_clip_event_window,14.666667,14.931818,219,1280,720,train,Georgia,Georgia::highway,22,112,accident_time=3.458;type=rear-end
NbRmwSIXDzw_00__accident,/autodl-fs/data/traffic_accident_rnd/ACCIDENT_dataset/real_videos/NbRmwSIXDzw_00.mp4,ACCIDENT-real,t-bone,accident,1,weak_clip_event_window,30.0,14.333333,430,1280,720,test,Georgia,Georgia::signalized_intersection,21,107,accident_time=3.5;type=t-bone
joRCqlk5sSA_00__accident,/autodl-fs/data/traffic_accident_rnd/ACCIDENT_dataset/real_videos/joRCqlk5sSA_00.mp4,ACCIDENT-real,t-bone,accident,1,weak_clip_event_window,29.958333,15.020862,450,1280,720,test,Georgia,Georgia::signalized_intersection,87,177,accident_time=7.791666;type=t-bone
joRCqlk5sSA_00__pre_event_non_accident,/autodl-fs/data/traffic_accident_rnd/ACCIDENT_dataset/real_videos/joRCqlk5sSA_00.mp4,ACCIDENT-real,t-bone,non_accident,0,weak_clip_pre_event,29.958333,15.020862,450,1280,720,test,Georgia,Georgia::signalized_intersection,0,72,derived_pre_accident_until=4.792;weak_negative=true
Sb3SaOYjrrs_00__accident,/autodl-fs/data/traffic_accident_rnd/ACCIDENT_dataset/real_videos/Sb3SaOYjrrs_00.mp4,ACCIDENT-real,t-bone,accident,1,weak_clip_event_window,29.958333,15.020862,450,1280,720,test,Georgia,Georgia::signalized_intersection,1,91,accident_time=2.083333;type=t-bone
Xy3P5EhdZ7k_00__accident,/autodl-fs/data/traffic_accident_rnd/ACCIDENT_dataset/real_videos/Xy3P5EhdZ7k_00.mp4,ACCIDENT-real,t-bone,accident,1,weak_clip_event_window,29.896533,13.814311,413,480,270,test,Georgia,Georgia::signalized_intersection,66,149,accident_time=6.8068;type=t-bone
Xy3P5EhdZ7k_00__pre_event_non_accident,/autodl-fs/data/traffic_accident_rnd/ACCIDENT_dataset/real_videos/Xy3P5EhdZ7k_00.mp4,ACCIDENT-real,t-bone,non_accident,0,weak_clip_pre_event,29.896533,13.814311,413,480,270,test,Georgia,Georgia::signalized_intersection,0,53,derived_pre_accident_until=3.807;weak_negative=true
xCSV8hDQPDo_00__accident,/autodl-fs/data/traffic_accident_rnd/ACCIDENT_dataset/real_videos/xCSV8hDQPDo_00.mp4,ACCIDENT-real,single,accident,1,weak_clip_event_window,30.066667,14.966741,450,1584,1080,test,Georgia,Georgia::highway,4,94,accident_time=2.3;type=single
9eOu-gdsJD4_00__accident,/autodl-fs/data/traffic_accident_rnd/ACCIDENT_dataset/real_videos/9eOu-gdsJD4_00.mp4,ACCIDENT-real,head-on,accident,1,weak_clip_event_window,29.791667,9.667133,288,1280,720,test,Georgia,Georgia::signalized_intersection,27,85,accident_time=4.791666;type=head-on
9eOu-gdsJD4_00__pre_event_non_accident,/autodl-fs/data/traffic_accident_rnd/ACCIDENT_dataset/real_videos/9eOu-gdsJD4_00.mp4,ACCIDENT-real,head-on,non_accident,0,weak_clip_pre_event,29.791667,9.667133,288,1280,720,test,Georgia,Georgia::signalized_intersection,0,17,derived_pre_accident_until=1.792;weak_negative=true
_75B7Y8QaX0_00__accident,/autodl-fs/data/traffic_accident_rnd/ACCIDENT_dataset/real_videos/_75B7Y8QaX0_00.mp4,ACCIDENT-real,sideswipe,accident,1,weak_clip_event_window,12.25,16.0,196,1280,720,train,Georgia,Georgia::highway,4,100,accident_time=2.25;type=sideswipe
klHFoVQo--8_00__accident,/autodl-fs/data/traffic_accident_rnd/ACCIDENT_dataset/real_videos/klHFoVQo--8_00.mp4,ACCIDENT-real,single,accident,1,weak_clip_event_window,7.233333,14.930876,108,1920,1080,test,Georgia,Georgia::highway,34,108,accident_time=4.2669999999999995;type=single
klHFoVQo--8_00__pre_event_non_accident,/autodl-fs/data/traffic_accident_rnd/ACCIDENT_dataset/real_videos/klHFoVQo--8_00.mp4,ACCIDENT-real,single,non_accident,0,weak_clip_pre_event,7.233333,14.930876,108,1920,1080,test,Georgia,Georgia::highway,0,19,derived_pre_accident_until=1.267;weak_negative=true
ja62cRF2tbQ_00__accident,/autodl-fs/data/traffic_accident_rnd/ACCIDENT_dataset/real_videos/ja62cRF2tbQ_00.mp4,ACCIDENT-real,rear-end,accident,1,weak_clip_event_window,27.666667,14.963855,414,1280,720,test,Virginia,Virginia::highway,0,72,accident_time=0.8333339999999998;type=rear-end
QGE0dV-iaSY_00__accident,/autodl-fs/data/traffic_accident_rnd/ACCIDENT_dataset/real_videos/QGE0dV-iaSY_00.mp4,ACCIDENT-real,rear-end,accident,1,weak_clip_event_window,5.366667,15.093168,81,1920,1080,test,Georgia,Georgia::highway,27,81,accident_time=3.8;type=rear-end
NeOMWr9b_7I_00__accident,/autodl-fs/data/traffic_accident_rnd/ACCIDENT_dataset/real_videos/NeOMWr9b_7I_00.mp4,ACCIDENT-real,rear-end,accident,1,weak_clip_event_window,23.366667,15.021398,351,1584,1080,test,Georgia,Georgia::highway,0,71,accident_time=0.7330000000000005;type=rear-end
XPErIB4xgYg_00__accident,/autodl-fs/data/traffic_accident_rnd/ACCIDENT_dataset/real_videos/XPErIB4xgYg_00.mp4,ACCIDENT-real,rear-end,accident,1,weak_clip_event_window,14.291667,14.90379,213,1280,720,train,Georgia,Georgia::highway,77,167,accident_time=7.208333;type=rear-end
XPErIB4xgYg_00__pre_event_non_accident,/autodl-fs/data/traffic_accident_rnd/ACCIDENT_dataset/real_videos/XPErIB4xgYg_00.mp4,ACCIDENT-real,rear-end,non_accident,0,weak_clip_pre_event,14.291667,14.90379,213,1280,720,train,Georgia,Georgia::highway,0,63,derived_pre_accident_until=4.208;weak_negative=true
IjYlfr_dwaE_00__accident,/autodl-fs/data/traffic_accident_rnd/ACCIDENT_dataset/real_videos/IjYlfr_dwaE_00.mp4,ACCIDENT-real,rear-end,accident,1,weak_clip_event_window,12.291667,14.969492,184,1280,720,test,Georgia,Georgia::signalized_intersection,116,184,accident_time=9.75;type=rear-end
IjYlfr_dwaE_00__pre_event_non_accident,/autodl-fs/data/traffic_accident_rnd/ACCIDENT_dataset/real_videos/IjYlfr_dwaE_00.mp4,ACCIDENT-real,rear-end,non_accident,0,weak_clip_pre_event,12.291667,14.969492,184,1280,720,test,Georgia,Georgia::signalized_intersection,0,101,derived_pre_accident_until=6.750;weak_negative=true
G4QrIWuvNoM_00__accident,/autodl-fs/data/traffic_accident_rnd/ACCIDENT_dataset/real_videos/G4QrIWuvNoM_00.mp4,ACCIDENT-real,rear-end,accident,1,weak_clip_event_window,14.416667,14.913295,215,1280,720,test,Georgia,Georgia::highway,38,128,accident_time=4.542;type=rear-end
G4QrIWuvNoM_00__pre_event_non_accident,/autodl-fs/data/traffic_accident_rnd/ACCIDENT_dataset/real_videos/G4QrIWuvNoM_00.mp4,ACCIDENT-real,rear-end,non_accident,0,weak_clip_pre_event,14.416667,14.913295,215,1280,720,test,Georgia,Georgia::highway,0,23,derived_pre_accident_until=1.542;weak_negative=true
1jCpA4y5NHY_00__accident,/autodl-fs/data/traffic_accident_rnd/ACCIDENT_dataset/real_videos/1jCpA4y5NHY_00.mp4,ACCIDENT-real,rear-end,accident,1,weak_clip_event_window,30.033333,14.950055,449,1920,1080,train,Georgia,Georgia::highway,25,115,accident_time=3.7;type=rear-end
5CNGhR8vBBk_00__accident,/autodl-fs/data/traffic_accident_rnd/ACCIDENT_dataset/real_videos/5CNGhR8vBBk_00.mp4,ACCIDENT-real,rear-end,accident,1,weak_clip_event_window,30.033333,14.983352,450,1920,1080,test,Georgia,Georgia::highway,45,135,accident_time=5.033;type=rear-end
5CNGhR8vBBk_00__pre_event_non_accident,/autodl-fs/data/traffic_accident_rnd/ACCIDENT_dataset/real_videos/5CNGhR8vBBk_00.mp4,ACCIDENT-real,rear-end,non_accident,0,weak_clip_pre_event,30.033333,14.983352,450,1920,1080,test,Georgia,Georgia::highway,0,30,derived_pre_accident_until=2.033;weak_negative=true
WouBHgQJBM4_00__accident,/autodl-fs/data/traffic_accident_rnd/ACCIDENT_dataset/real_videos/WouBHgQJBM4_00.mp4,ACCIDENT-real,rear-end,accident,1,weak_clip_event_window,30.041667,14.945908,449,1280,720,test,Georgia,Georgia::signalized_intersection,22,112,accident_time=3.458;type=rear-end
SUjTl7OifoA_00__accident,/autodl-fs/data/traffic_accident_rnd/ACCIDENT_dataset/real_videos/SUjTl7OifoA_00.mp4,ACCIDENT-real,rear-end,accident,1,weak_clip_event_window,30.033333,14.950055,449,1920,1080,test,Georgia,Georgia::highway,34,124,accident_time=4.3;type=rear-end
SUjTl7OifoA_00__pre_event_non_accident,/autodl-fs/data/traffic_accident_rnd/ACCIDENT_dataset/real_videos/SUjTl7OifoA_00.mp4,ACCIDENT-real,rear-end,non_accident,0,weak_clip_pre_event,30.033333,14.950055,449,1920,1080,test,Georgia,Georgia::highway,0,19,derived_pre_accident_until=1.300;weak_negative=true
ZyHloKpLTDs_00__accident,/autodl-fs/data/traffic_accident_rnd/ACCIDENT_dataset/real_videos/ZyHloKpLTDs_00.mp4,ACCIDENT-real,rear-end,accident,1,weak_clip_event_window,30.033333,30.0,901,1920,1080,train,Georgia,Georgia::highway,136,316,accident_time=6.533;type=rear-end
ZyHloKpLTDs_00__pre_event_non_accident,/autodl-fs/data/traffic_accident_rnd/ACCIDENT_dataset/real_videos/ZyHloKpLTDs_00.mp4,ACCIDENT-real,rear-end,non_accident,0,weak_clip_pre_event,30.033333,30.0,901,1920,1080,train,Georgia,Georgia::highway,0,106,derived_pre_accident_until=3.533;weak_negative=true
tmv5qTrk8H4_00__accident,/autodl-fs/data/traffic_accident_rnd/ACCIDENT_dataset/real_videos/tmv5qTrk8H4_00.mp4,ACCIDENT-real,rear-end,accident,1,weak_clip_event_window,8.458333,14.896552,126,1280,720,test,Georgia,Georgia::highway,14,104,accident_time=2.958333;type=rear-end
6Wt8Y2Z1dkc_00__accident,/autodl-fs/data/traffic_accident_rnd/ACCIDENT_dataset/real_videos/6Wt8Y2Z1dkc_00.mp4,ACCIDENT-real,single,accident,1,weak_clip_event_window,30.041667,14.945908,449,1280,720,test,Georgia,Georgia::highway,29,119,accident_time=3.917;type=single
dO_jtPluv5Q_00__accident,/autodl-fs/data/traffic_accident_rnd/ACCIDENT_dataset/real_videos/dO_jtPluv5Q_00.mp4,ACCIDENT-real,single,accident,1,weak_clip_event_window,25.028016,14.983209,375,854,384,test,Georgia,Georgia::highway,16,106,accident_time=3.0500000000000003;type=single
lRcaIAGppGs_00__accident,/autodl-fs/data/traffic_accident_rnd/ACCIDENT_dataset/real_videos/lRcaIAGppGs_00.mp4,ACCIDENT-real,single,accident,1,weak_clip_event_window,30.041667,14.945908,449,1280,720,train,Georgia,Georgia::highway,4,94,accident_time=2.25;type=single
R9r3my7Q7po_00__accident,/autodl-fs/data/traffic_accident_rnd/ACCIDENT_dataset/real_videos/R9r3my7Q7po_00.mp4,ACCIDENT-real,t-bone,accident,1,weak_clip_event_window,30.066667,14.035477,422,480,270,test,Georgia,Georgia::signalized_intersection,77,161,accident_time=7.466666;type=t-bone
R9r3my7Q7po_00__pre_event_non_accident,/autodl-fs/data/traffic_accident_rnd/ACCIDENT_dataset/real_videos/R9r3my7Q7po_00.mp4,ACCIDENT-real,t-bone,non_accident,0,weak_clip_pre_event,30.066667,14.035477,422,480,270,test,Georgia,Georgia::signalized_intersection,0,63,derived_pre_accident_until=4.467;weak_negative=true
QaJHRtPAQRE_00__accident,/autodl-fs/data/traffic_accident_rnd/ACCIDENT_dataset/real_videos/QaJHRtPAQRE_00.mp4,ACCIDENT-real,sideswipe,accident,1,weak_clip_event_window,33.8,9.615385,325,480,270,test,Georgia,Georgia::signalized_intersection,41,98,accident_time=6.199999999999999;type=sideswipe
QaJHRtPAQRE_00__pre_event_non_accident,/autodl-fs/data/traffic_accident_rnd/ACCIDENT_dataset/real_videos/QaJHRtPAQRE_00.mp4,ACCIDENT-real,sideswipe,non_accident,0,weak_clip_pre_event,33.8,9.615385,325,480,270,test,Georgia,Georgia::signalized_intersection,0,31,derived_pre_accident_until=3.200;weak_negative=true
oCp56IFmInU_00__accident,/autodl-fs/data/traffic_accident_rnd/ACCIDENT_dataset/real_videos/oCp56IFmInU_00.mp4,ACCIDENT-real,t-bone,accident,1,weak_clip_event_window,29.958333,15.020862,450,1280,720,test,Georgia,Georgia::signalized_intersection,56,146,accident_time=5.75;type=t-bone
oCp56IFmInU_00__pre_event_non_accident,/autodl-fs/data/traffic_accident_rnd/ACCIDENT_dataset/real_videos/oCp56IFmInU_00.mp4,ACCIDENT-real,t-bone,non_accident,0,weak_clip_pre_event,29.958333,15.020862,450,1280,720,test,Georgia,Georgia::signalized_intersection,0,41,derived_pre_accident_until=2.750;weak_negative=true
pyL525xZdfw_00__accident,/autodl-fs/data/traffic_accident_rnd/ACCIDENT_dataset/real_videos/pyL525xZdfw_00.mp4,ACCIDENT-real,sideswipe,accident,1,weak_clip_event_window,9.333333,14.892857,139,1056,720,test,Georgia,Georgia::highway,26,116,accident_time=3.75;type=sideswipe
HQSjoUe8M8U_00__accident,/autodl-fs/data/traffic_accident_rnd/ACCIDENT_dataset/real_videos/HQSjoUe8M8U_00.mp4,ACCIDENT-real,single,accident,1,weak_clip_event_window,30.041667,14.979196,450,1280,720,test,Georgia,Georgia::highway,51,141,accident_time=5.375;type=single
HQSjoUe8M8U_00__pre_event_non_accident,/autodl-fs/data/traffic_accident_rnd/ACCIDENT_dataset/real_videos/HQSjoUe8M8U_00.mp4,ACCIDENT-real,single,non_accident,0,weak_clip_pre_event,30.041667,14.979196,450,1280,720,test,Georgia,Georgia::highway,0,36,derived_pre_accident_until=2.375;weak_negative=true
U46ElqUKa_4_00__accident,/autodl-fs/data/traffic_accident_rnd/ACCIDENT_dataset/real_videos/U46ElqUKa_4_00.mp4,ACCIDENT-real,single,accident,1,weak_clip_event_window,27.133333,30.0,814,1920,1080,train,Georgia,Georgia::highway,0,166,accident_time=1.533;type=single
C5OJEzm0dio_00__accident,/autodl-fs/data/traffic_accident_rnd/ACCIDENT_dataset/real_videos/C5OJEzm0dio_00.mp4,ACCIDENT-real,single,accident,1,weak_clip_event_window,8.958333,14.846512,133,1280,720,train,Georgia,Georgia::highway,56,133,accident_time=5.791666;type=single
C5OJEzm0dio_00__pre_event_non_accident,/autodl-fs/data/traffic_accident_rnd/ACCIDENT_dataset/real_videos/C5OJEzm0dio_00.mp4,ACCIDENT-real,single,non_accident,0,weak_clip_pre_event,8.958333,14.846512,133,1280,720,train,Georgia,Georgia::highway,0,41,derived_pre_accident_until=2.792;weak_negative=true
mh2N02NQ-bQ_00__accident,/autodl-fs/data/traffic_accident_rnd/ACCIDENT_dataset/real_videos/mh2N02NQ-bQ_00.mp4,ACCIDENT-real,single,accident,1,weak_clip_event_window,30.041667,14.912621,448,1280,720,test,Georgia,Georgia::signalized_intersection,105,195,accident_time=9.042;type=single
mh2N02NQ-bQ_00__pre_event_non_accident,/autodl-fs/data/traffic_accident_rnd/ACCIDENT_dataset/real_videos/mh2N02NQ-bQ_00.mp4,ACCIDENT-real,single,non_accident,0,weak_clip_pre_event,30.041667,14.912621,448,1280,720,test,Georgia,Georgia::signalized_intersection,0,90,derived_pre_accident_until=6.042;weak_negative=true
zWKHAyNKlF4_00__accident,/autodl-fs/data/traffic_accident_rnd/ACCIDENT_dataset/real_videos/zWKHAyNKlF4_00.mp4,ACCIDENT-real,t-bone,accident,1,weak_clip_event_window,30.1,14.983389,451,1920,1080,test,Georgia,Georgia::highway,166,256,accident_time=13.1;type=t-bone
zWKHAyNKlF4_00__pre_event_non_accident,/autodl-fs/data/traffic_accident_rnd/ACCIDENT_dataset/real_videos/zWKHAyNKlF4_00.mp4,ACCIDENT-real,t-bone,non_accident,0,weak_clip_pre_event,30.1,14.983389,451,1920,1080,test,Georgia,Georgia::highway,0,151,derived_pre_accident_until=10.100;weak_negative=true
2wWw4MidlLY_00__accident,/autodl-fs/data/traffic_accident_rnd/ACCIDENT_dataset/real_videos/2wWw4MidlLY_00.mp4,ACCIDENT-real,t-bone,accident,1,weak_clip_event_window,30.1,14.883721,448,1920,1080,test,Georgia,Georgia::signalized_intersection,18,108,accident_time=3.2;type=t-bone
mD8Lu8KAoYc_00__accident,/autodl-fs/data/traffic_accident_rnd/ACCIDENT_dataset/real_videos/mD8Lu8KAoYc_00.mp4,ACCIDENT-real,t-bone,accident,1,weak_clip_event_window,4.5,15.111111,68,1280,720,test,Georgia,Georgia::signalized_intersection,10,68,accident_time=2.666666;type=t-bone
J4QZ5vJy-3E_00__accident,/autodl-fs/data/traffic_accident_rnd/ACCIDENT_dataset/real_videos/J4QZ5vJy-3E_00.mp4,ACCIDENT-real,head-on,accident,1,weak_clip_event_window,27.166667,10.969325,298,1280,720,test,Georgia,Georgia::signalized_intersection,44,110,accident_time=6.0;type=head-on
J4QZ5vJy-3E_00__pre_event_non_accident,/autodl-fs/data/traffic_accident_rnd/ACCIDENT_dataset/real_videos/J4QZ5vJy-3E_00.mp4,ACCIDENT-real,head-on,non_accident,0,weak_clip_pre_event,27.166667,10.969325,298,1280,720,test,Georgia,Georgia::signalized_intersection,0,33,derived_pre_accident_until=3.000;weak_negative=true
gACmlFi5x0A_00__accident,/autodl-fs/data/traffic_accident_rnd/ACCIDENT_dataset/real_videos/gACmlFi5x0A_00.mp4,ACCIDENT-real,single,accident,1,weak_clip_event_window,25.3,14.940711,378,1920,1080,test,Georgia,Georgia::highway,26,116,accident_time=3.733;type=single
Rsl5cRsKZQ8_00__accident,/autodl-fs/data/traffic_accident_rnd/ACCIDENT_dataset/real_videos/Rsl5cRsKZQ8_00.mp4,ACCIDENT-real,rear-end,accident,1,weak_clip_event_window,15.566667,14.96788,233,1584,1080,test,Georgia,Georgia::highway,48,138,accident_time=5.233;type=rear-end
Rsl5cRsKZQ8_00__pre_event_non_accident,/autodl-fs/data/traffic_accident_rnd/ACCIDENT_dataset/real_videos/Rsl5cRsKZQ8_00.mp4,ACCIDENT-real,rear-end,non_accident,0,weak_clip_pre_event,15.566667,14.96788,233,1584,1080,test,Georgia,Georgia::highway,0,33,derived_pre_accident_until=2.233;weak_negative=true
hQJqYD_MpRw_00__accident,/autodl-fs/data/traffic_accident_rnd/ACCIDENT_dataset/real_videos/hQJqYD_MpRw_00.mp4,ACCIDENT-real,t-bone,accident,1,weak_clip_event_window,30.083333,17.584488,529,1280,720,test,Georgia,Georgia::signalized_intersection,49,154,accident_time=4.75;type=t-bone
hQJqYD_MpRw_00__pre_event_non_accident,/autodl-fs/data/traffic_accident_rnd/ACCIDENT_dataset/real_videos/hQJqYD_MpRw_00.mp4,ACCIDENT-real,t-bone,non_accident,0,weak_clip_pre_event,30.083333,17.584488,529,1280,720,test,Georgia,Georgia::signalized_intersection,0,31,derived_pre_accident_until=1.750;weak_negative=true
P74ieG--On8_00__accident,/autodl-fs/data/traffic_accident_rnd/ACCIDENT_dataset/real_videos/P74ieG--On8_00.mp4,ACCIDENT-real,single,accident,1,weak_clip_event_window,15.592711,15.071145,235,2400,1080,train,Georgia,Georgia::highway,40,130,accident_time=4.634;type=single
P74ieG--On8_00__pre_event_non_accident,/autodl-fs/data/traffic_accident_rnd/ACCIDENT_dataset/real_videos/P74ieG--On8_00.mp4,ACCIDENT-real,single,non_accident,0,weak_clip_pre_event,15.592711,15.071145,235,2400,1080,train,Georgia,Georgia::highway,0,25,derived_pre_accident_until=1.634;weak_negative=true
oiF_zB8j6MM_00__accident,/autodl-fs/data/traffic_accident_rnd/ACCIDENT_dataset/real_videos/oiF_zB8j6MM_00.mp4,ACCIDENT-real,single,accident,1,weak_clip_event_window,30.033333,14.983352,450,1920,1080,test,Georgia,Georgia::highway,78,168,accident_time=7.233;type=single
oiF_zB8j6MM_00__pre_event_non_accident,/autodl-fs/data/traffic_accident_rnd/ACCIDENT_dataset/real_videos/oiF_zB8j6MM_00.mp4,ACCIDENT-real,single,non_accident,0,weak_clip_pre_event,30.033333,14.983352,450,1920,1080,test,Georgia,Georgia::highway,0,63,derived_pre_accident_until=4.233;weak_negative=true
-z1jK6UwRec_00__accident,/autodl-fs/data/traffic_accident_rnd/ACCIDENT_dataset/real_videos/-z1jK6UwRec_00.mp4,ACCIDENT-real,single,accident,1,weak_clip_event_window,30.0,14.966667,449,960,720,test,Georgia,Georgia::highway,92,182,accident_time=8.167;type=single
-z1jK6UwRec_00__pre_event_non_accident,/autodl-fs/data/traffic_accident_rnd/ACCIDENT_dataset/real_videos/-z1jK6UwRec_00.mp4,ACCIDENT-real,single,non_accident,0,weak_clip_pre_event,30.0,14.966667,449,960,720,test,Georgia,Georgia::highway,0,77,derived_pre_accident_until=5.167;weak_negative=true
K4we-6FhePo_00__accident,/autodl-fs/data/traffic_accident_rnd/ACCIDENT_dataset/real_videos/K4we-6FhePo_00.mp4,ACCIDENT-real,sideswipe,accident,1,weak_clip_event_window,30.033333,15.016648,451,1920,1080,test,Georgia,Georgia::highway,28,118,accident_time=3.867;type=sideswipe
dPXXrFXPqGc_00__accident,/autodl-fs/data/traffic_accident_rnd/ACCIDENT_dataset/real_videos/dPXXrFXPqGc_00.mp4,ACCIDENT-real,sideswipe,accident,1,weak_clip_event_window,16.916667,13.359606,226,1280,720,test,Georgia,Georgia::signalized_intersection,4,84,accident_time=2.333;type=sideswipe
MXO-t9vukaM_00__accident,/autodl-fs/data/traffic_accident_rnd/ACCIDENT_dataset/real_videos/MXO-t9vukaM_00.mp4,ACCIDENT-real,t-bone,accident,1,weak_clip_event_window,3.958333,14.4,57,1280,720,test,Georgia,Georgia::highway,11,57,accident_time=2.791666;type=t-bone
dCV66Y9tV1s_00__accident,/autodl-fs/data/traffic_accident_rnd/ACCIDENT_dataset/real_videos/dCV66Y9tV1s_00.mp4,ACCIDENT-real,single,accident,1,weak_clip_event_window,27.433333,14.981774,411,1920,1080,test,Georgia,Georgia::highway,60,150,accident_time=6.034;type=single
dCV66Y9tV1s_00__pre_event_non_accident,/autodl-fs/data/traffic_accident_rnd/ACCIDENT_dataset/real_videos/dCV66Y9tV1s_00.mp4,ACCIDENT-real,single,non_accident,0,weak_clip_pre_event,27.433333,14.981774,411,1920,1080,test,Georgia,Georgia::highway,0,45,derived_pre_accident_until=3.034;weak_negative=true
idAIp622PoY_00__accident,/autodl-fs/data/traffic_accident_rnd/ACCIDENT_dataset/real_videos/idAIp622PoY_00.mp4,ACCIDENT-real,single,accident,1,weak_clip_event_window,25.033333,12.942743,324,1920,1080,test,Georgia,Georgia::tunnel,18,96,accident_time=3.433;type=single
o51jfgj-KEA_00__accident,/autodl-fs/data/traffic_accident_rnd/ACCIDENT_dataset/real_videos/o51jfgj-KEA_00.mp4,ACCIDENT-real,t-bone,accident,1,weak_clip_event_window,29.958333,15.020862,450,1280,720,test,Georgia,Georgia::signalized_intersection,40,130,accident_time=4.667;type=t-bone
o51jfgj-KEA_00__pre_event_non_accident,/autodl-fs/data/traffic_accident_rnd/ACCIDENT_dataset/real_videos/o51jfgj-KEA_00.mp4,ACCIDENT-real,t-bone,non_accident,0,weak_clip_pre_event,29.958333,15.020862,450,1280,720,test,Georgia,Georgia::signalized_intersection,0,25,derived_pre_accident_until=1.667;weak_negative=true
Xdpsr1GVl4U_00__accident,/autodl-fs/data/traffic_accident_rnd/ACCIDENT_dataset/real_videos/Xdpsr1GVl4U_00.mp4,ACCIDENT-real,t-bone,accident,1,weak_clip_event_window,30.041667,13.847434,416,1056,720,test,Georgia,Georgia::signalized_intersection,51,134,accident_time=5.708;type=t-bone
Xdpsr1GVl4U_00__pre_event_non_accident,/autodl-fs/data/traffic_accident_rnd/ACCIDENT_dataset/real_videos/Xdpsr1GVl4U_00.mp4,ACCIDENT-real,t-bone,non_accident,0,weak_clip_pre_event,30.041667,13.847434,416,1056,720,test,Georgia,Georgia::signalized_intersection,0,37,derived_pre_accident_until=2.708;weak_negative=true
-_J5xdxCZZU_00__accident,/autodl-fs/data/traffic_accident_rnd/ACCIDENT_dataset/real_videos/-_J5xdxCZZU_00.mp4,ACCIDENT-real,t-bone,accident,1,weak_clip_event_window,9.625,14.649351,141,1280,720,test,Georgia,Georgia::signalized_intersection,30,118,accident_time=4.0;type=t-bone
-_J5xdxCZZU_00__pre_event_non_accident,/autodl-fs/data/traffic_accident_rnd/ACCIDENT_dataset/real_videos/-_J5xdxCZZU_00.mp4,ACCIDENT-real,t-bone,non_accident,0,weak_clip_pre_event,9.625,14.649351,141,1280,720,test,Georgia,Georgia::signalized_intersection,0,15,derived_pre_accident_until=1.000;weak_negative=true
aMOOElIYyiU_00__accident,/autodl-fs/data/traffic_accident_rnd/ACCIDENT_dataset/real_videos/aMOOElIYyiU_00.mp4,ACCIDENT-real,rear-end,accident,1,weak_clip_event_window,30.041667,14.979196,450,1280,720,train,Georgia,Georgia::highway,16,106,accident_time=3.083333;type=rear-end
oc1DL7vLskc_00__accident,/autodl-fs/data/traffic_accident_rnd/ACCIDENT_dataset/real_videos/oc1DL7vLskc_00.mp4,ACCIDENT-real,head-on,accident,1,weak_clip_event_window,30.033333,14.950055,449,1920,1080,test,Georgia,Georgia::signalized_intersection,33,123,accident_time=4.233;type=head-on
oc1DL7vLskc_00__pre_event_non_accident,/autodl-fs/data/traffic_accident_rnd/ACCIDENT_dataset/real_videos/oc1DL7vLskc_00.mp4,ACCIDENT-real,head-on,non_accident,0,weak_clip_pre_event,30.033333,14.950055,449,1920,1080,test,Georgia,Georgia::signalized_intersection,0,18,derived_pre_accident_until=1.233;weak_negative=true
Ej9_uEsIejA_00__accident,/autodl-fs/data/traffic_accident_rnd/ACCIDENT_dataset/real_videos/Ej9_uEsIejA_00.mp4,ACCIDENT-real,t-bone,accident,1,weak_clip_event_window,30.041667,13.814147,415,1280,720,test,Georgia,Georgia::signalized_intersection,17,100,accident_time=3.292;type=t-bone
9j0swlmm6eg_00__accident,/autodl-fs/data/traffic_accident_rnd/ACCIDENT_dataset/real_videos/9j0swlmm6eg_00.mp4,ACCIDENT-real,single,accident,1,weak_clip_event_window,30.033333,14.983352,450,1920,1080,test,Georgia,Georgia::highway,10,100,accident_time=2.7;type=single
OcSiHrgFRNs_00__accident,/autodl-fs/data/traffic_accident_rnd/ACCIDENT_dataset/real_videos/OcSiHrgFRNs_00.mp4,ACCIDENT-real,single,accident,1,weak_clip_event_window,30.04,15.046605,452,320,240,test,World,World::city_street,322,412,accident_time=23.4;type=single
OcSiHrgFRNs_00__pre_event_non_accident,/autodl-fs/data/traffic_accident_rnd/ACCIDENT_dataset/real_videos/OcSiHrgFRNs_00.mp4,ACCIDENT-real,single,non_accident,0,weak_clip_pre_event,30.04,15.046605,452,320,240,test,World,World::city_street,0,307,derived_pre_accident_until=20.400;weak_negative=true
6rWXOsN-MDM_00__accident,/autodl-fs/data/traffic_accident_rnd/ACCIDENT_dataset/real_videos/6rWXOsN-MDM_00.mp4,ACCIDENT-real,sideswipe,accident,1,weak_clip_event_window,30.04,25.0,751,1920,1080,test,World,World::signalized_intersection,441,591,accident_time=19.64;type=sideswipe
6rWXOsN-MDM_00__pre_event_non_accident,/autodl-fs/data/traffic_accident_rnd/ACCIDENT_dataset/real_videos/6rWXOsN-MDM_00.mp4,ACCIDENT-real,sideswipe,non_accident,0,weak_clip_pre_event,30.04,25.0,751,1920,1080,test,World,World::signalized_intersection,0,416,derived_pre_accident_until=16.640;weak_negative=true
FKB8WfghbV0_00__accident,/autodl-fs/data/traffic_accident_rnd/ACCIDENT_dataset/real_videos/FKB8WfghbV0_00.mp4,ACCIDENT-real,rear-end,accident,1,weak_clip_event_window,30.1,14.717608,443,1440,1080,test,Virginia,Virginia::signalized_intersection,36,124,accident_time=4.433;type=rear-end
FKB8WfghbV0_00__pre_event_non_accident,/autodl-fs/data/traffic_accident_rnd/ACCIDENT_dataset/real_videos/FKB8WfghbV0_00.mp4,ACCIDENT-real,rear-end,non_accident,0,weak_clip_pre_event,30.1,14.717608,443,1440,1080,test,Virginia,Virginia::signalized_intersection,0,21,derived_pre_accident_until=1.433;weak_negative=true
Dupsb1RMpXM_00__accident,/autodl-fs/data/traffic_accident_rnd/ACCIDENT_dataset/real_videos/Dupsb1RMpXM_00.mp4,ACCIDENT-real,rear-end,accident,1,weak_clip_event_window,23.033333,14.761216,340,1620,1080,train,Virginia,Virginia::highway,26,115,accident_time=3.8;type=rear-end
YWFPaOR1CZc_00__accident,/autodl-fs/data/traffic_accident_rnd/ACCIDENT_dataset/real_videos/YWFPaOR1CZc_00.mp4,ACCIDENT-real,rear-end,accident,1,weak_clip_event_window,24.7,14.939271,369,1440,1080,test,Tennessee,Tennessee::highway,13,103,accident_time=2.8660000000000005;type=rear-end
L821I_3rs6Y_00__accident,/autodl-fs/data/traffic_accident_rnd/ACCIDENT_dataset/real_videos/L821I_3rs6Y_00.mp4,ACCIDENT-real,single,accident,1,weak_clip_event_window,25.633333,12.83485,329,1620,1080,train,Tennessee,Tennessee::highway,24,101,accident_time=3.867;type=single
1hJlpaZsYa8_00__accident,/autodl-fs/data/traffic_accident_rnd/ACCIDENT_dataset/real_videos/1hJlpaZsYa8_00.mp4,ACCIDENT-real,sideswipe,accident,1,weak_clip_event_window,10.033333,15.847176,159,1440,1080,test,Virginia,Virginia::signalized_intersection,59,154,accident_time=5.734;type=sideswipe
1hJlpaZsYa8_00__pre_event_non_accident,/autodl-fs/data/traffic_accident_rnd/ACCIDENT_dataset/real_videos/1hJlpaZsYa8_00.mp4,ACCIDENT-real,sideswipe,non_accident,0,weak_clip_pre_event,10.033333,15.847176,159,1440,1080,test,Virginia,Virginia::signalized_intersection,0,43,derived_pre_accident_until=2.734;weak_negative=true
J4EFIegLA-I_00__accident,/autodl-fs/data/traffic_accident_rnd/ACCIDENT_dataset/real_videos/J4EFIegLA-I_00.mp4,ACCIDENT-real,head-on,accident,1,weak_clip_event_window,30.033333,14.950055,449,1440,1080,test,Virginia,Virginia::signalized_intersection,43,133,accident_time=4.867;type=head-on
J4EFIegLA-I_00__pre_event_non_accident,/autodl-fs/data/traffic_accident_rnd/ACCIDENT_dataset/real_videos/J4EFIegLA-I_00.mp4,ACCIDENT-real,head-on,non_accident,0,weak_clip_pre_event,30.033333,14.950055,449,1440,1080,test,Virginia,Virginia::signalized_intersection,0,28,derived_pre_accident_until=1.867;weak_negative=true
fLdSFP_8PJ4_00__accident,/autodl-fs/data/traffic_accident_rnd/ACCIDENT_dataset/real_videos/fLdSFP_8PJ4_00.mp4,ACCIDENT-real,head-on,accident,1,weak_clip_event_window,31.366667,9.851222,309,1440,1080,test,Virginia,Virginia::signalized_intersection,23,82,accident_time=4.367;type=head-on
fLdSFP_8PJ4_00__pre_event_non_accident,/autodl-fs/data/traffic_accident_rnd/ACCIDENT_dataset/real_videos/fLdSFP_8PJ4_00.mp4,ACCIDENT-real,head-on,non_accident,0,weak_clip_pre_event,31.366667,9.851222,309,1440,1080,test,Virginia,Virginia::signalized_intersection,0,13,derived_pre_accident_until=1.367;weak_negative=true
knWz2A2w3Ts_00__accident,/autodl-fs/data/traffic_accident_rnd/ACCIDENT_dataset/real_videos/knWz2A2w3Ts_00.mp4,ACCIDENT-real,t-bone,accident,1,weak_clip_event_window,29.966667,15.050056,451,1440,1080,test,Virginia,Virginia::signalized_intersection,18,108,accident_time=3.167;type=t-bone
vWus0so2b0w_00__accident,/autodl-fs/data/traffic_accident_rnd/ACCIDENT_dataset/real_videos/vWus0so2b0w_00.mp4,ACCIDENT-real,t-bone,accident,1,weak_clip_event_window,18.733333,27.758007,520,564,480,test,World,World::signalized_intersection,157,324,accident_time=7.667;type=t-bone
vWus0so2b0w_00__pre_event_non_accident,/autodl-fs/data/traffic_accident_rnd/ACCIDENT_dataset/real_videos/vWus0so2b0w_00.mp4,ACCIDENT-real,t-bone,non_accident,0,weak_clip_pre_event,18.733333,27.758007,520,564,480,test,World,World::signalized_intersection,0,130,derived_pre_accident_until=4.667;weak_negative=true
typL5MlQdQU_00__accident,/autodl-fs/data/traffic_accident_rnd/ACCIDENT_dataset/real_videos/typL5MlQdQU_00.mp4,ACCIDENT-real,t-bone,accident,1,weak_clip_event_window,30.1,19.800664,596,1920,1080,test,World,World::signalized_intersection,172,291,accident_time=10.7;type=t-bone
typL5MlQdQU_00__pre_event_non_accident,/autodl-fs/data/traffic_accident_rnd/ACCIDENT_dataset/real_videos/typL5MlQdQU_00.mp4,ACCIDENT-real,t-bone,non_accident,0,weak_clip_pre_event,30.1,19.800664,596,1920,1080,test,World,World::signalized_intersection,0,152,derived_pre_accident_until=7.700;weak_negative=true
91JpOFnaiD4_00__accident,/autodl-fs/data/traffic_accident_rnd/ACCIDENT_dataset/real_videos/91JpOFnaiD4_00.mp4,ACCIDENT-real,head-on,accident,1,weak_clip_event_window,12.0,14.916667,179,960,720,test,Virginia,Virginia::signalized_intersection,9,99,accident_time=2.583;type=head-on
Zt2cNzpQIZc_00__accident,/autodl-fs/data/traffic_accident_rnd/ACCIDENT_dataset/real_videos/Zt2cNzpQIZc_00.mp4,ACCIDENT-real,sideswipe,accident,1,weak_clip_event_window,7.0,25.0,175,1920,1080,test,World,World::signalized_intersection,41,175,accident_time=3.64;type=sideswipe
1D0KxP4drTU_00__accident,/autodl-fs/data/traffic_accident_rnd/ACCIDENT_dataset/real_videos/1D0KxP4drTU_00.mp4,ACCIDENT-real,single,accident,1,weak_clip_event_window,13.980633,23.389498,327,1920,1080,test,World,World::city_street,143,284,accident_time=8.1081;type=single
1D0KxP4drTU_00__pre_event_non_accident,/autodl-fs/data/traffic_accident_rnd/ACCIDENT_dataset/real_videos/1D0KxP4drTU_00.mp4,ACCIDENT-real,single,non_accident,0,weak_clip_pre_event,13.980633,23.389498,327,1920,1080,test,World,World::city_street,0,119,derived_pre_accident_until=5.108;weak_negative=true
5TdEe3ikbEM_00__accident,/autodl-fs/data/traffic_accident_rnd/ACCIDENT_dataset/real_videos/5TdEe3ikbEM_00.mp4,ACCIDENT-real,sideswipe,accident,1,weak_clip_event_window,9.066667,24.705882,224,1920,1080,test,World,World::city_street,72,220,accident_time=4.9;type=sideswipe
5TdEe3ikbEM_00__pre_event_non_accident,/autodl-fs/data/traffic_accident_rnd/ACCIDENT_dataset/real_videos/5TdEe3ikbEM_00.mp4,ACCIDENT-real,sideswipe,non_accident,0,weak_clip_pre_event,9.066667,24.705882,224,1920,1080,test,World,World::city_street,0,47,derived_pre_accident_until=1.900;weak_negative=true
5TdEe3ikbEM_01__accident,/autodl-fs/data/traffic_accident_rnd/ACCIDENT_dataset/real_videos/5TdEe3ikbEM_01.mp4,ACCIDENT-real,single,accident,1,weak_clip_event_window,8.1,26.54321,215,1920,1080,test,World,World::highway,0,123,accident_time=0.633334;type=single
zz0qZ-sSCbY_00__accident,/autodl-fs/data/traffic_accident_rnd/ACCIDENT_dataset/real_videos/zz0qZ-sSCbY_00.mp4,ACCIDENT-real,single,accident,1,weak_clip_event_window,8.76,18.493151,162,1920,1080,test,World,World::city_street,44,155,accident_time=4.359999999999999;type=single
zz0qZ-sSCbY_00__pre_event_non_accident,/autodl-fs/data/traffic_accident_rnd/ACCIDENT_dataset/real_videos/zz0qZ-sSCbY_00.mp4,ACCIDENT-real,single,non_accident,0,weak_clip_pre_event,8.76,18.493151,162,1920,1080,test,World,World::city_street,0,25,derived_pre_accident_until=1.360;weak_negative=true
CLxtkUlDwYs_00__accident,/autodl-fs/data/traffic_accident_rnd/ACCIDENT_dataset/real_videos/CLxtkUlDwYs_00.mp4,ACCIDENT-real,sideswipe,accident,1,weak_clip_event_window,15.074756,14.726607,222,2400,1080,test,Virginia,Virginia::grade_separated_intersection,119,207,accident_time=10.071;type=sideswipe
CLxtkUlDwYs_00__pre_event_non_accident,/autodl-fs/data/traffic_accident_rnd/ACCIDENT_dataset/real_videos/CLxtkUlDwYs_00.mp4,ACCIDENT-real,sideswipe,non_accident,0,weak_clip_pre_event,15.074756,14.726607,222,2400,1080,test,Virginia,Virginia::grade_separated_intersection,0,104,derived_pre_accident_until=7.071;weak_negative=true
D7D-zT4wxC4_00__accident,/autodl-fs/data/traffic_accident_rnd/ACCIDENT_dataset/real_videos/D7D-zT4wxC4_00.mp4,ACCIDENT-real,sideswipe,accident,1,weak_clip_event_window,14.766667,15.03386,222,1620,1080,test,Virginia,Virginia::grade_separated_intersection,20,110,accident_time=3.333;type=sideswipe
S4pRVJ-We44_00__accident,/autodl-fs/data/traffic_accident_rnd/ACCIDENT_dataset/real_videos/S4pRVJ-We44_00.mp4,ACCIDENT-real,sideswipe,accident,1,weak_clip_event_window,14.646415,15.089017,221,854,384,test,Virginia,Virginia::highway,117,207,accident_time=9.715;type=sideswipe
S4pRVJ-We44_00__pre_event_non_accident,/autodl-fs/data/traffic_accident_rnd/ACCIDENT_dataset/real_videos/S4pRVJ-We44_00.mp4,ACCIDENT-real,sideswipe,non_accident,0,weak_clip_pre_event,14.646415,15.089017,221,854,384,test,Virginia,Virginia::highway,0,101,derived_pre_accident_until=6.715;weak_negative=true
mM1mhT8o578_00__accident,/autodl-fs/data/traffic_accident_rnd/ACCIDENT_dataset/real_videos/mM1mhT8o578_00.mp4,ACCIDENT-real,sideswipe,accident,1,weak_clip_event_window,30.1,14.950166,450,1440,1080,test,Virginia,Virginia::highway,35,125,accident_time=4.333;type=sideswipe
mM1mhT8o578_00__pre_event_non_accident,/autodl-fs/data/traffic_accident_rnd/ACCIDENT_dataset/real_videos/mM1mhT8o578_00.mp4,ACCIDENT-real,sideswipe,non_accident,0,weak_clip_pre_event,30.1,14.950166,450,1440,1080,test,Virginia,Virginia::highway,0,20,derived_pre_accident_until=1.333;weak_negative=true
Dum9n19ZHYk_00__accident,/autodl-fs/data/traffic_accident_rnd/ACCIDENT_dataset/real_videos/Dum9n19ZHYk_00.mp4,ACCIDENT-real,rear-end,accident,1,weak_clip_event_window,14.503684,15.030664,218,2400,1080,test,Virginia,Virginia::highway,0,89,accident_time=1.9139999999999997;type=rear-end
neRsGdCvROM_00__accident,/autodl-fs/data/traffic_accident_rnd/ACCIDENT_dataset/real_videos/neRsGdCvROM_00.mp4,ACCIDENT-real,sideswipe,accident,1,weak_clip_event_window,27.997683,14.786938,414,2400,1080,test,Virginia,Virginia::highway,157,246,accident_time=12.615;type=sideswipe
neRsGdCvROM_00__pre_event_non_accident,/autodl-fs/data/traffic_accident_rnd/ACCIDENT_dataset/real_videos/neRsGdCvROM_00.mp4,ACCIDENT-real,sideswipe,non_accident,0,weak_clip_pre_event,27.997683,14.786938,414,2400,1080,test,Virginia,Virginia::highway,0,142,derived_pre_accident_until=9.615;weak_negative=true
QQ3MyzcyOL4_00__accident,/autodl-fs/data/traffic_accident_rnd/ACCIDENT_dataset/real_videos/QQ3MyzcyOL4_00.mp4,ACCIDENT-real,t-bone,accident,1,weak_clip_event_window,25.3,14.782609,374,1584,1080,test,Virginia,Virginia::signalized_intersection,45,134,accident_time=5.1;type=t-bone
QQ3MyzcyOL4_00__pre_event_non_accident,/autodl-fs/data/traffic_accident_rnd/ACCIDENT_dataset/real_videos/QQ3MyzcyOL4_00.mp4,ACCIDENT-real,t-bone,non_accident,0,weak_clip_pre_event,25.3,14.782609,374,1584,1080,test,Virginia,Virginia::signalized_intersection,0,31,derived_pre_accident_until=2.100;weak_negative=true
EEYAqpWdNAE_00__accident,/autodl-fs/data/traffic_accident_rnd/ACCIDENT_dataset/real_videos/EEYAqpWdNAE_00.mp4,ACCIDENT-real,t-bone,accident,1,weak_clip_event_window,27.958333,14.342772,401,960,720,test,Virginia,Virginia::signalized_intersection,0,86,accident_time=2.0;type=t-bone
Ex8VtDfLq8M_00__accident,/autodl-fs/data/traffic_accident_rnd/ACCIDENT_dataset/real_videos/Ex8VtDfLq8M_00.mp4,ACCIDENT-real,sideswipe,accident,1,weak_clip_event_window,10.366667,14.951768,155,1440,1080,test,Virginia,Virginia::highway,6,96,accident_time=2.433;type=sideswipe
OlkuOuXVfQ8_00__accident,/autodl-fs/data/traffic_accident_rnd/ACCIDENT_dataset/real_videos/OlkuOuXVfQ8_00.mp4,ACCIDENT-real,single,accident,1,weak_clip_event_window,30.1,14.385382,433,1920,1080,test,Iowa,Iowa::highway,127,214,accident_time=10.867;type=single
OlkuOuXVfQ8_00__pre_event_non_accident,/autodl-fs/data/traffic_accident_rnd/ACCIDENT_dataset/real_videos/OlkuOuXVfQ8_00.mp4,ACCIDENT-real,single,non_accident,0,weak_clip_pre_event,30.1,14.385382,433,1920,1080,test,Iowa,Iowa::highway,0,113,derived_pre_accident_until=7.867;weak_negative=true
BFN3VYJ9ARs_00__accident,/autodl-fs/data/traffic_accident_rnd/ACCIDENT_dataset/real_videos/BFN3VYJ9ARs_00.mp4,ACCIDENT-real,rear-end,accident,1,weak_clip_event_window,25.333333,23.763158,602,1920,1080,test,Iowa,Iowa::highway,115,258,accident_time=6.867;type=rear-end
BFN3VYJ9ARs_00__pre_event_non_accident,/autodl-fs/data/traffic_accident_rnd/ACCIDENT_dataset/real_videos/BFN3VYJ9ARs_00.mp4,ACCIDENT-real,rear-end,non_accident,0,weak_clip_pre_event,25.333333,23.763158,602,1920,1080,test,Iowa,Iowa::highway,0,92,derived_pre_accident_until=3.867;weak_negative=true
JmRMCNbbhOY_00__accident,/autodl-fs/data/traffic_accident_rnd/ACCIDENT_dataset/real_videos/JmRMCNbbhOY_00.mp4,ACCIDENT-real,t-bone,accident,1,weak_clip_event_window,27.8,20.57554,572,1920,1080,test,Iowa,Iowa::highway,99,222,accident_time=6.8;type=t-bone
JmRMCNbbhOY_00__pre_event_non_accident,/autodl-fs/data/traffic_accident_rnd/ACCIDENT_dataset/real_videos/JmRMCNbbhOY_00.mp4,ACCIDENT-real,t-bone,non_accident,0,weak_clip_pre_event,27.8,20.57554,572,1920,1080,test,Iowa,Iowa::highway,0,78,derived_pre_accident_until=3.800;weak_negative=true
iQbsvy9KGC8_00__accident,/autodl-fs/data/traffic_accident_rnd/ACCIDENT_dataset/real_videos/iQbsvy9KGC8_00.mp4,ACCIDENT-real,sideswipe,accident,1,weak_clip_event_window,13.266667,14.924623,198,1920,1080,test,Iowa,Iowa::grade_separated_intersection,82,172,accident_time=7.533;type=sideswipe
iQbsvy9KGC8_00__pre_event_non_accident,/autodl-fs/data/traffic_accident_rnd/ACCIDENT_dataset/real_videos/iQbsvy9KGC8_00.mp4,ACCIDENT-real,sideswipe,non_accident,0,weak_clip_pre_event,13.266667,14.924623,198,1920,1080,test,Iowa,Iowa::grade_separated_intersection,0,68,derived_pre_accident_until=4.533;weak_negative=true
-PpBteU0p3Q_00__accident,/autodl-fs/data/traffic_accident_rnd/ACCIDENT_dataset/real_videos/-PpBteU0p3Q_00.mp4,ACCIDENT-real,single,accident,1,weak_clip_event_window,30.041667,14.979196,450,1280,720,test,Iowa,Iowa::highway,19,109,accident_time=3.292;type=single
ozCjkCKp6DQ_00__accident,/autodl-fs/data/traffic_accident_rnd/ACCIDENT_dataset/real_videos/ozCjkCKp6DQ_00.mp4,ACCIDENT-real,t-bone,accident,1,weak_clip_event_window,24.233333,8.789546,213,1440,1080,test,Iowa,Iowa::simple_intersection,45,98,accident_time=7.133;type=t-bone
ozCjkCKp6DQ_00__pre_event_non_accident,/autodl-fs/data/traffic_accident_rnd/ACCIDENT_dataset/real_videos/ozCjkCKp6DQ_00.mp4,ACCIDENT-real,t-bone,non_accident,0,weak_clip_pre_event,24.233333,8.789546,213,1440,1080,test,Iowa,Iowa::simple_intersection,0,36,derived_pre_accident_until=4.133;weak_negative=true
oocg-wnFMDE_00__accident,/autodl-fs/data/traffic_accident_rnd/ACCIDENT_dataset/real_videos/oocg-wnFMDE_00.mp4,ACCIDENT-real,sideswipe,accident,1,weak_clip_event_window,30.041667,14.945908,449,1280,720,test,Iowa,Iowa::highway,73,163,accident_time=6.917;type=sideswipe
oocg-wnFMDE_00__pre_event_non_accident,/autodl-fs/data/traffic_accident_rnd/ACCIDENT_dataset/real_videos/oocg-wnFMDE_00.mp4,ACCIDENT-real,sideswipe,non_accident,0,weak_clip_pre_event,30.041667,14.945908,449,1280,720,test,Iowa,Iowa::highway,0,59,derived_pre_accident_until=3.917;weak_negative=true
Zw3DbNY6ZpE_00__accident,/autodl-fs/data/traffic_accident_rnd/ACCIDENT_dataset/real_videos/Zw3DbNY6ZpE_00.mp4,ACCIDENT-real,t-bone,accident,1,weak_clip_event_window,30.033333,12.186459,366,1920,1080,test,Iowa,Iowa::simple_intersection,40,113,accident_time=5.267;type=t-bone
Zw3DbNY6ZpE_00__pre_event_non_accident,/autodl-fs/data/traffic_accident_rnd/ACCIDENT_dataset/real_videos/Zw3DbNY6ZpE_00.mp4,ACCIDENT-real,t-bone,non_accident,0,weak_clip_pre_event,30.033333,12.186459,366,1920,1080,test,Iowa,Iowa::simple_intersection,0,28,derived_pre_accident_until=2.267;weak_negative=true
g1vKgJ9RN8c_00__accident,/autodl-fs/data/traffic_accident_rnd/ACCIDENT_dataset/real_videos/g1vKgJ9RN8c_00.mp4,ACCIDENT-real,single,accident,1,weak_clip_event_window,9.033333,15.166052,137,1920,1080,test,Iowa,Iowa::highway,69,137,accident_time=6.500000000000001;type=single
g1vKgJ9RN8c_00__pre_event_non_accident,/autodl-fs/data/traffic_accident_rnd/ACCIDENT_dataset/real_videos/g1vKgJ9RN8c_00.mp4,ACCIDENT-real,single,non_accident,0,weak_clip_pre_event,9.033333,15.166052,137,1920,1080,test,Iowa,Iowa::highway,0,53,derived_pre_accident_until=3.500;weak_negative=true
NJvjYUBWAc0_00__accident,/autodl-fs/data/traffic_accident_rnd/ACCIDENT_dataset/real_videos/NJvjYUBWAc0_00.mp4,ACCIDENT-real,single,accident,1,weak_clip_event_window,25.220224,14.591464,368,854,384,test,Iowa,Iowa::highway,61,148,accident_time=6.154;type=single
NJvjYUBWAc0_00__pre_event_non_accident,/autodl-fs/data/traffic_accident_rnd/ACCIDENT_dataset/real_videos/NJvjYUBWAc0_00.mp4,ACCIDENT-real,single,non_accident,0,weak_clip_pre_event,25.220224,14.591464,368,854,384,test,Iowa,Iowa::highway,0,46,derived_pre_accident_until=3.154;weak_negative=true
CpBPz9n7_Rg_00__accident,/autodl-fs/data/traffic_accident_rnd/ACCIDENT_dataset/real_videos/CpBPz9n7_Rg_00.mp4,ACCIDENT-real,single,accident,1,weak_clip_event_window,25.041667,14.815308,371,1280,720,train,Iowa,Iowa::highway,36,125,accident_time=4.458;type=single
CpBPz9n7_Rg_00__pre_event_non_accident,/autodl-fs/data/traffic_accident_rnd/ACCIDENT_dataset/real_videos/CpBPz9n7_Rg_00.mp4,ACCIDENT-real,single,non_accident,0,weak_clip_pre_event,25.041667,14.815308,371,1280,720,train,Iowa,Iowa::highway,0,22,derived_pre_accident_until=1.458;weak_negative=true
3wK_g1985p4_00__accident,/autodl-fs/data/traffic_accident_rnd/ACCIDENT_dataset/real_videos/3wK_g1985p4_00.mp4,ACCIDENT-real,rear-end,accident,1,weak_clip_event_window,30.033333,14.017758,421,1920,1080,test,Iowa,Iowa::highway,122,206,accident_time=10.7;type=rear-end
3wK_g1985p4_00__pre_event_non_accident,/autodl-fs/data/traffic_accident_rnd/ACCIDENT_dataset/real_videos/3wK_g1985p4_00.mp4,ACCIDENT-real,rear-end,non_accident,0,weak_clip_pre_event,30.033333,14.017758,421,1920,1080,test,Iowa,Iowa::highway,0,108,derived_pre_accident_until=7.700;weak_negative=true
AOlLjNQ2vu4_00__accident,/autodl-fs/data/traffic_accident_rnd/ACCIDENT_dataset/real_videos/AOlLjNQ2vu4_00.mp4,ACCIDENT-real,rear-end,accident,1,weak_clip_event_window,30.041667,14.879334,447,1280,720,test,Iowa,Iowa::highway,80,170,accident_time=7.375;type=rear-end
AOlLjNQ2vu4_00__pre_event_non_accident,/autodl-fs/data/traffic_accident_rnd/ACCIDENT_dataset/real_videos/AOlLjNQ2vu4_00.mp4,ACCIDENT-real,rear-end,non_accident,0,weak_clip_pre_event,30.041667,14.879334,447,1280,720,test,Iowa,Iowa::highway,0,65,derived_pre_accident_until=4.375;weak_negative=true
3dIt2gBnS7o_00__accident,/autodl-fs/data/traffic_accident_rnd/ACCIDENT_dataset/real_videos/3dIt2gBnS7o_00.mp4,ACCIDENT-real,rear-end,accident,1,weak_clip_event_window,23.791667,11.222417,267,1280,720,test,Iowa,Iowa::highway,58,125,accident_time=7.125;type=rear-end
3dIt2gBnS7o_00__pre_event_non_accident,/autodl-fs/data/traffic_accident_rnd/ACCIDENT_dataset/real_videos/3dIt2gBnS7o_00.mp4,ACCIDENT-real,rear-end,non_accident,0,weak_clip_pre_event,23.791667,11.222417,267,1280,720,test,Iowa,Iowa::highway,0,46,derived_pre_accident_until=4.125;weak_negative=true
w_4-UPeU_zc_00__accident,/autodl-fs/data/traffic_accident_rnd/ACCIDENT_dataset/real_videos/w_4-UPeU_zc_00.mp4,ACCIDENT-real,single,accident,1,weak_clip_event_window,25.424812,13.76608,350,2400,1080,test,Iowa,Iowa::highway,83,166,accident_time=8.049000000000001;type=single
w_4-UPeU_zc_00__pre_event_non_accident,/autodl-fs/data/traffic_accident_rnd/ACCIDENT_dataset/real_videos/w_4-UPeU_zc_00.mp4,ACCIDENT-real,single,non_accident,0,weak_clip_pre_event,25.424812,13.76608,350,2400,1080,test,Iowa,Iowa::highway,0,70,derived_pre_accident_until=5.049;weak_negative=true
Uf-KkS36dZg_00__accident,/autodl-fs/data/traffic_accident_rnd/ACCIDENT_dataset/real_videos/Uf-KkS36dZg_00.mp4,ACCIDENT-real,single,accident,1,weak_clip_event_window,7.375,14.915254,110,1280,720,test,Iowa,Iowa::highway,31,110,accident_time=4.083;type=single
Uf-KkS36dZg_00__pre_event_non_accident,/autodl-fs/data/traffic_accident_rnd/ACCIDENT_dataset/real_videos/Uf-KkS36dZg_00.mp4,ACCIDENT-real,single,non_accident,0,weak_clip_pre_event,7.375,14.915254,110,1280,720,test,Iowa,Iowa::highway,0,16,derived_pre_accident_until=1.083;weak_negative=true
IbJBE53NXZc_00__accident,/autodl-fs/data/traffic_accident_rnd/ACCIDENT_dataset/real_videos/IbJBE53NXZc_00.mp4,ACCIDENT-real,single,accident,1,weak_clip_event_window,9.833333,14.745763,145,1280,720,train,Iowa,Iowa::highway,69,145,accident_time=6.625;type=single
IbJBE53NXZc_00__pre_event_non_accident,/autodl-fs/data/traffic_accident_rnd/ACCIDENT_dataset/real_videos/IbJBE53NXZc_00.mp4,ACCIDENT-real,single,non_accident,0,weak_clip_pre_event,9.833333,14.745763,145,1280,720,train,Iowa,Iowa::highway,0,53,derived_pre_accident_until=3.625;weak_negative=true
W0qpYlyc-Ws_00__accident,/autodl-fs/data/traffic_accident_rnd/ACCIDENT_dataset/real_videos/W0qpYlyc-Ws_00.mp4,ACCIDENT-real,single,accident,1,weak_clip_event_window,30.033333,13.018868,391,1920,1080,test,Iowa,Iowa::highway,0,65,accident_time=1.033;type=single
LI8ZZcRlFV8_00__accident,/autodl-fs/data/traffic_accident_rnd/ACCIDENT_dataset/real_videos/LI8ZZcRlFV8_00.mp4,ACCIDENT-real,sideswipe,accident,1,weak_clip_event_window,5.083333,14.95082,76,1280,720,test,Iowa,Iowa::highway,0,76,accident_time=1.125;type=sideswipe
9AnFK85qRjM_00__accident,/autodl-fs/data/traffic_accident_rnd/ACCIDENT_dataset/real_videos/9AnFK85qRjM_00.mp4,ACCIDENT-real,sideswipe,accident,1,weak_clip_event_window,9.375,14.826667,139,1280,720,test,Iowa,Iowa::highway,73,139,accident_time=6.917;type=sideswipe
9AnFK85qRjM_00__pre_event_non_accident,/autodl-fs/data/traffic_accident_rnd/ACCIDENT_dataset/real_videos/9AnFK85qRjM_00.mp4,ACCIDENT-real,sideswipe,non_accident,0,weak_clip_pre_event,9.375,14.826667,139,1280,720,test,Iowa,Iowa::highway,0,58,derived_pre_accident_until=3.917;weak_negative=true
0J5lP1YbTHc_00__accident,/autodl-fs/data/traffic_accident_rnd/ACCIDENT_dataset/real_videos/0J5lP1YbTHc_00.mp4,ACCIDENT-real,single,accident,1,weak_clip_event_window,29.933333,14.03118,420,1920,1080,test,Iowa,Iowa::highway,18,102,accident_time=3.3;type=single
zjHAkzyXOCg_00__accident,/autodl-fs/data/traffic_accident_rnd/ACCIDENT_dataset/real_videos/zjHAkzyXOCg_00.mp4,ACCIDENT-real,single,accident,1,weak_clip_event_window,30.033333,14.517203,436,1920,1080,test,Iowa,Iowa::highway,40,127,accident_time=4.767;type=single
zjHAkzyXOCg_00__pre_event_non_accident,/autodl-fs/data/traffic_accident_rnd/ACCIDENT_dataset/real_videos/zjHAkzyXOCg_00.mp4,ACCIDENT-real,single,non_accident,0,weak_clip_pre_event,30.033333,14.517203,436,1920,1080,test,Iowa,Iowa::highway,0,26,derived_pre_accident_until=1.767;weak_negative=true
lfQuoQHfc4k_00__accident,/autodl-fs/data/traffic_accident_rnd/ACCIDENT_dataset/real_videos/lfQuoQHfc4k_00.mp4,ACCIDENT-real,sideswipe,accident,1,weak_clip_event_window,5.633333,14.911243,84,1920,1080,test,Iowa,Iowa::highway,11,84,accident_time=2.767;type=sideswipe
JM2EUK2Odg8_00__accident,/autodl-fs/data/traffic_accident_rnd/ACCIDENT_dataset/real_videos/JM2EUK2Odg8_00.mp4,ACCIDENT-real,single,accident,1,weak_clip_event_window,5.3,15.09434,80,1920,1080,test,Iowa,Iowa::highway,0,76,accident_time=1.0329999999999995;type=single
oWLWFTK4QdU_00__accident,/autodl-fs/data/traffic_accident_rnd/ACCIDENT_dataset/real_videos/oWLWFTK4QdU_00.mp4,ACCIDENT-real,single,accident,1,weak_clip_event_window,9.7,25.051546,243,1920,1080,test,Iowa,Iowa::highway,91,241,accident_time=5.633;type=single
oWLWFTK4QdU_00__pre_event_non_accident,/autodl-fs/data/traffic_accident_rnd/ACCIDENT_dataset/real_videos/oWLWFTK4QdU_00.mp4,ACCIDENT-real,single,non_accident,0,weak_clip_pre_event,9.7,25.051546,243,1920,1080,test,Iowa,Iowa::highway,0,66,derived_pre_accident_until=2.633;weak_negative=true
oWLWFTK4QdU_01__accident,/autodl-fs/data/traffic_accident_rnd/ACCIDENT_dataset/real_videos/oWLWFTK4QdU_01.mp4,ACCIDENT-real,sideswipe,accident,1,weak_clip_event_window,10.2,25.098039,256,1920,1080,test,Iowa,Iowa::highway,143,256,accident_time=7.699999999999999;type=sideswipe
oWLWFTK4QdU_01__pre_event_non_accident,/autodl-fs/data/traffic_accident_rnd/ACCIDENT_dataset/real_videos/oWLWFTK4QdU_01.mp4,ACCIDENT-real,sideswipe,non_accident,0,weak_clip_pre_event,10.2,25.098039,256,1920,1080,test,Iowa,Iowa::highway,0,118,derived_pre_accident_until=4.700;weak_negative=true
oWLWFTK4QdU_02__accident,/autodl-fs/data/traffic_accident_rnd/ACCIDENT_dataset/real_videos/oWLWFTK4QdU_02.mp4,ACCIDENT-real,single,accident,1,weak_clip_event_window,7.466667,25.178571,188,1920,1080,test,Iowa,Iowa::highway,0,138,accident_time=1.466000000000001;type=single
WyJmpozauFo_00__accident,/autodl-fs/data/traffic_accident_rnd/ACCIDENT_dataset/real_videos/WyJmpozauFo_00.mp4,ACCIDENT-real,single,accident,1,weak_clip_event_window,7.3,14.931507,109,1584,1080,test,Iowa,Iowa::highway,24,109,accident_time=3.6;type=single
fbkRjY737QE_00__accident,/autodl-fs/data/traffic_accident_rnd/ACCIDENT_dataset/real_videos/fbkRjY737QE_00.mp4,ACCIDENT-real,single,accident,1,weak_clip_event_window,30.041667,14.979196,450,1280,720,test,Iowa,Iowa::highway,27,117,accident_time=3.833;type=single
XOIVTT7Fn9U_00__accident,/autodl-fs/data/traffic_accident_rnd/ACCIDENT_dataset/real_videos/XOIVTT7Fn9U_00.mp4,ACCIDENT-real,single,accident,1,weak_clip_event_window,30.083333,11.567867,348,1280,720,test,Iowa,Iowa::highway,42,111,accident_time=5.625;type=single
XOIVTT7Fn9U_00__pre_event_non_accident,/autodl-fs/data/traffic_accident_rnd/ACCIDENT_dataset/real_videos/XOIVTT7Fn9U_00.mp4,ACCIDENT-real,single,non_accident,0,weak_clip_pre_event,30.083333,11.567867,348,1280,720,test,Iowa,Iowa::highway,0,30,derived_pre_accident_until=2.625;weak_negative=true
5ZHUJ6AwHGA_00__accident,/autodl-fs/data/traffic_accident_rnd/ACCIDENT_dataset/real_videos/5ZHUJ6AwHGA_00.mp4,ACCIDENT-real,single,accident,1,weak_clip_event_window,15.166667,14.835165,225,1280,720,test,Iowa,Iowa::highway,60,149,accident_time=6.042;type=single
5ZHUJ6AwHGA_00__pre_event_non_accident,/autodl-fs/data/traffic_accident_rnd/ACCIDENT_dataset/real_videos/5ZHUJ6AwHGA_00.mp4,ACCIDENT-real,single,non_accident,0,weak_clip_pre_event,15.166667,14.835165,225,1280,720,test,Iowa,Iowa::highway,0,45,derived_pre_accident_until=3.042;weak_negative=true
vrkLno9PSfU_00__accident,/autodl-fs/data/traffic_accident_rnd/ACCIDENT_dataset/real_videos/vrkLno9PSfU_00.mp4,ACCIDENT-real,single,accident,1,weak_clip_event_window,30.1,14.950166,450,1920,1080,test,Iowa,Iowa::grade_separated_intersection,50,140,accident_time=5.333;type=single
vrkLno9PSfU_00__pre_event_non_accident,/autodl-fs/data/traffic_accident_rnd/ACCIDENT_dataset/real_videos/vrkLno9PSfU_00.mp4,ACCIDENT-real,single,non_accident,0,weak_clip_pre_event,30.1,14.950166,450,1920,1080,test,Iowa,Iowa::grade_separated_intersection,0,35,derived_pre_accident_until=2.333;weak_negative=true
Vtp5G_Z5BZQ_00__accident,/autodl-fs/data/traffic_accident_rnd/ACCIDENT_dataset/real_videos/Vtp5G_Z5BZQ_00.mp4,ACCIDENT-real,single,accident,1,weak_clip_event_window,6.3,13.809524,87,1920,1080,test,Iowa,Iowa::grade_separated_intersection,14,87,accident_time=3.067;type=single
Vtp5G_Z5BZQ_01__accident,/autodl-fs/data/traffic_accident_rnd/ACCIDENT_dataset/real_videos/Vtp5G_Z5BZQ_01.mp4,ACCIDENT-real,single,accident,1,weak_clip_event_window,4.566667,14.233577,65,1920,1080,test,Iowa,Iowa::grade_separated_intersection,0,65,accident_time=1.9669999999999996;type=single
mRbMWblAmzo_00__accident,/autodl-fs/data/traffic_accident_rnd/ACCIDENT_dataset/real_videos/mRbMWblAmzo_00.mp4,ACCIDENT-real,single,accident,1,weak_clip_event_window,30.04,24.933422,749,1920,1080,test,Iowa,Iowa::highway,165,315,accident_time=8.64;type=single
mRbMWblAmzo_00__pre_event_non_accident,/autodl-fs/data/traffic_accident_rnd/ACCIDENT_dataset/real_videos/mRbMWblAmzo_00.mp4,ACCIDENT-real,single,non_accident,0,weak_clip_pre_event,30.04,24.933422,749,1920,1080,test,Iowa,Iowa::highway,0,141,derived_pre_accident_until=5.640;weak_negative=true
3Gc1wi2Qp4g_00__accident,/autodl-fs/data/traffic_accident_rnd/ACCIDENT_dataset/real_videos/3Gc1wi2Qp4g_00.mp4,ACCIDENT-real,single,accident,1,weak_clip_event_window,30.2,6.490066,196,1920,1080,test,Iowa,Iowa::highway,28,67,accident_time=6.333;type=single
3Gc1wi2Qp4g_00__pre_event_non_accident,/autodl-fs/data/traffic_accident_rnd/ACCIDENT_dataset/real_videos/3Gc1wi2Qp4g_00.mp4,ACCIDENT-real,single,non_accident,0,weak_clip_pre_event,30.2,6.490066,196,1920,1080,test,Iowa,Iowa::highway,0,22,derived_pre_accident_until=3.333;weak_negative=true
cF1M5Rhn8Zs_00__accident,/autodl-fs/data/traffic_accident_rnd/ACCIDENT_dataset/real_videos/cF1M5Rhn8Zs_00.mp4,ACCIDENT-real,single,accident,1,weak_clip_event_window,9.1,14.725275,134,1920,1080,test,Iowa,Iowa::highway,21,109,accident_time=3.4;type=single
rDkG2tN8W8o_00__accident,/autodl-fs/data/traffic_accident_rnd/ACCIDENT_dataset/real_videos/rDkG2tN8W8o_00.mp4,ACCIDENT-real,single,accident,1,weak_clip_event_window,25.515789,14.971122,382,854,384,test,Virginia,Virginia::highway,117,207,accident_time=9.789473999999998;type=single
rDkG2tN8W8o_00__pre_event_non_accident,/autodl-fs/data/traffic_accident_rnd/ACCIDENT_dataset/real_videos/rDkG2tN8W8o_00.mp4,ACCIDENT-real,single,non_accident,0,weak_clip_pre_event,25.515789,14.971122,382,854,384,test,Virginia,Virginia::highway,0,102,derived_pre_accident_until=6.789;weak_negative=true
hHLYbcQzL0U_00__accident,/autodl-fs/data/traffic_accident_rnd/ACCIDENT_dataset/real_videos/hHLYbcQzL0U_00.mp4,ACCIDENT-real,single,accident,1,weak_clip_event_window,7.958333,14.95288,119,960,720,train,Virginia,Virginia::highway,55,119,accident_time=5.708;type=single
hHLYbcQzL0U_00__pre_event_non_accident,/autodl-fs/data/traffic_accident_rnd/ACCIDENT_dataset/real_videos/hHLYbcQzL0U_00.mp4,ACCIDENT-real,single,non_accident,0,weak_clip_pre_event,7.958333,14.95288,119,960,720,train,Virginia,Virginia::highway,0,40,derived_pre_accident_until=2.708;weak_negative=true
F8PPMv46IQk_00__accident,/autodl-fs/data/traffic_accident_rnd/ACCIDENT_dataset/real_videos/F8PPMv46IQk_00.mp4,ACCIDENT-real,sideswipe,accident,1,weak_clip_event_window,16.466667,20.708502,341,1920,1080,test,World,World::city_street,153,277,accident_time=9.367;type=sideswipe
F8PPMv46IQk_00__pre_event_non_accident,/autodl-fs/data/traffic_accident_rnd/ACCIDENT_dataset/real_videos/F8PPMv46IQk_00.mp4,ACCIDENT-real,sideswipe,non_accident,0,weak_clip_pre_event,16.466667,20.708502,341,1920,1080,test,World,World::city_street,0,132,derived_pre_accident_until=6.367;weak_negative=true
p-Tdocrz9HI_00__accident,/autodl-fs/data/traffic_accident_rnd/ACCIDENT_dataset/real_videos/p-Tdocrz9HI_00.mp4,ACCIDENT-real,single,accident,1,weak_clip_event_window,25.833333,14.980645,387,1920,1080,test,Kansas,Kansas::highway,187,277,accident_time=14.5;type=single
p-Tdocrz9HI_00__pre_event_non_accident,/autodl-fs/data/traffic_accident_rnd/ACCIDENT_dataset/real_videos/p-Tdocrz9HI_00.mp4,ACCIDENT-real,single,non_accident,0,weak_clip_pre_event,25.833333,14.980645,387,1920,1080,test,Kansas,Kansas::highway,0,172,derived_pre_accident_until=11.500;weak_negative=true
kUsZnGYhevs_00__accident,/autodl-fs/data/traffic_accident_rnd/ACCIDENT_dataset/real_videos/kUsZnGYhevs_00.mp4,ACCIDENT-real,rear-end,accident,1,weak_clip_event_window,5.366667,14.906832,80,1920,1080,test,Kansas,Kansas::highway,41,80,accident_time=4.767;type=rear-end
kUsZnGYhevs_00__pre_event_non_accident,/autodl-fs/data/traffic_accident_rnd/ACCIDENT_dataset/real_videos/kUsZnGYhevs_00.mp4,ACCIDENT-real,rear-end,non_accident,0,weak_clip_pre_event,5.366667,14.906832,80,1920,1080,test,Kansas,Kansas::highway,0,26,derived_pre_accident_until=1.767;weak_negative=true
9P_vAk9ZExI_00__accident,/autodl-fs/data/traffic_accident_rnd/ACCIDENT_dataset/real_videos/9P_vAk9ZExI_00.mp4,ACCIDENT-real,single,accident,1,weak_clip_event_window,30.1,14.950166,450,1920,1080,test,Kansas,Kansas::grade_separated_intersection,8,98,accident_time=2.533;type=single
vtXjJLurYMY_00__accident,/autodl-fs/data/traffic_accident_rnd/ACCIDENT_dataset/real_videos/vtXjJLurYMY_00.mp4,ACCIDENT-real,t-bone,accident,1,weak_clip_event_window,19.966667,14.974958,299,1920,1080,test,Kansas,Kansas::grade_separated_intersection,52,142,accident_time=5.5;type=t-bone
vtXjJLurYMY_00__pre_event_non_accident,/autodl-fs/data/traffic_accident_rnd/ACCIDENT_dataset/real_videos/vtXjJLurYMY_00.mp4,ACCIDENT-real,t-bone,non_accident,0,weak_clip_pre_event,19.966667,14.974958,299,1920,1080,test,Kansas,Kansas::grade_separated_intersection,0,37,derived_pre_accident_until=2.500;weak_negative=true
UCNyjybsbiU_00__accident,/autodl-fs/data/traffic_accident_rnd/ACCIDENT_dataset/real_videos/UCNyjybsbiU_00.mp4,ACCIDENT-real,single,accident,1,weak_clip_event_window,25.6,14.921875,382,1920,1080,train,Kansas,Kansas::grade_separated_intersection,7,97,accident_time=2.5;type=single
x7yDzEf3TxM_00__accident,/autodl-fs/data/traffic_accident_rnd/ACCIDENT_dataset/real_videos/x7yDzEf3TxM_00.mp4,ACCIDENT-real,single,accident,1,weak_clip_event_window,30.033333,14.983352,450,1920,1080,test,Kansas,Kansas::grade_separated_intersection,42,132,accident_time=4.833;type=single
x7yDzEf3TxM_00__pre_event_non_accident,/autodl-fs/data/traffic_accident_rnd/ACCIDENT_dataset/real_videos/x7yDzEf3TxM_00.mp4,ACCIDENT-real,single,non_accident,0,weak_clip_pre_event,30.033333,14.983352,450,1920,1080,test,Kansas,Kansas::grade_separated_intersection,0,27,derived_pre_accident_until=1.833;weak_negative=true
BGXx55xRiic_00__accident,/autodl-fs/data/traffic_accident_rnd/ACCIDENT_dataset/real_videos/BGXx55xRiic_00.mp4,ACCIDENT-real,sideswipe,accident,1,weak_clip_event_window,30.033333,14.983352,450,1920,1080,test,Kansas,Kansas::highway,56,146,accident_time=5.767;type=sideswipe
BGXx55xRiic_00__pre_event_non_accident,/autodl-fs/data/traffic_accident_rnd/ACCIDENT_dataset/real_videos/BGXx55xRiic_00.mp4,ACCIDENT-real,sideswipe,non_accident,0,weak_clip_pre_event,30.033333,14.983352,450,1920,1080,test,Kansas,Kansas::highway,0,41,derived_pre_accident_until=2.767;weak_negative=true
jsh--BYn0pc_00__accident,/autodl-fs/data/traffic_accident_rnd/ACCIDENT_dataset/real_videos/jsh--BYn0pc_00.mp4,ACCIDENT-real,single,accident,1,weak_clip_event_window,11.566667,15.043228,174,1920,1080,test,Kansas,Kansas::highway,62,152,accident_time=6.133;type=single
jsh--BYn0pc_00__pre_event_non_accident,/autodl-fs/data/traffic_accident_rnd/ACCIDENT_dataset/real_videos/jsh--BYn0pc_00.mp4,ACCIDENT-real,single,non_accident,0,weak_clip_pre_event,11.566667,15.043228,174,1920,1080,test,Kansas,Kansas::highway,0,47,derived_pre_accident_until=3.133;weak_negative=true
ggSUG42G9YE_00__accident,/autodl-fs/data/traffic_accident_rnd/ACCIDENT_dataset/real_videos/ggSUG42G9YE_00.mp4,ACCIDENT-real,single,accident,1,weak_clip_event_window,30.033333,15.016648,451,1920,1080,test,Kansas,Kansas::highway,10,100,accident_time=2.633;type=single
qCDsyJKE1MA_00__accident,/autodl-fs/data/traffic_accident_rnd/ACCIDENT_dataset/real_videos/qCDsyJKE1MA_00.mp4,ACCIDENT-real,rear-end,accident,1,weak_clip_event_window,30.1,14.950166,450,1920,1080,test,Kansas,Kansas::highway,49,139,accident_time=5.267;type=rear-end
qCDsyJKE1MA_00__pre_event_non_accident,/autodl-fs/data/traffic_accident_rnd/ACCIDENT_dataset/real_videos/qCDsyJKE1MA_00.mp4,ACCIDENT-real,rear-end,non_accident,0,weak_clip_pre_event,30.1,14.950166,450,1920,1080,test,Kansas,Kansas::highway,0,34,derived_pre_accident_until=2.267;weak_negative=true
AjhYRdkLdRc_00__accident,/autodl-fs/data/traffic_accident_rnd/ACCIDENT_dataset/real_videos/AjhYRdkLdRc_00.mp4,ACCIDENT-real,rear-end,accident,1,weak_clip_event_window,26.3,14.980989,394,1920,1080,test,Kansas,Kansas::highway,10,100,accident_time=2.6999999999999997;type=rear-end
nHKTuIJZA1U_00__accident,/autodl-fs/data/traffic_accident_rnd/ACCIDENT_dataset/real_videos/nHKTuIJZA1U_00.mp4,ACCIDENT-real,single,accident,1,weak_clip_event_window,5.833333,15.085714,88,1280,720,test,Kansas,Kansas::grade_separated_intersection,20,88,accident_time=3.2910000000000004;type=single
nKz4V0ajOgc_00__accident,/autodl-fs/data/traffic_accident_rnd/ACCIDENT_dataset/real_videos/nKz4V0ajOgc_00.mp4,ACCIDENT-real,rear-end,accident,1,weak_clip_event_window,30.041667,14.979196,450,1280,720,test,Kansas,Kansas::highway,119,209,accident_time=9.917;type=rear-end
nKz4V0ajOgc_00__pre_event_non_accident,/autodl-fs/data/traffic_accident_rnd/ACCIDENT_dataset/real_videos/nKz4V0ajOgc_00.mp4,ACCIDENT-real,rear-end,non_accident,0,weak_clip_pre_event,30.041667,14.979196,450,1280,720,test,Kansas,Kansas::highway,0,104,derived_pre_accident_until=6.917;weak_negative=true
N8kPF4qITIM_00__accident,/autodl-fs/data/traffic_accident_rnd/ACCIDENT_dataset/real_videos/N8kPF4qITIM_00.mp4,ACCIDENT-real,rear-end,accident,1,weak_clip_event_window,19.0,14.947368,284,1280,720,test,Kansas,Kansas::highway,42,132,accident_time=4.833333;type=rear-end
N8kPF4qITIM_00__pre_event_non_accident,/autodl-fs/data/traffic_accident_rnd/ACCIDENT_dataset/real_videos/N8kPF4qITIM_00.mp4,ACCIDENT-real,rear-end,non_accident,0,weak_clip_pre_event,19.0,14.947368,284,1280,720,test,Kansas,Kansas::highway,0,27,derived_pre_accident_until=1.833;weak_negative=true
xwp9G0TuTUk_00__accident,/autodl-fs/data/traffic_accident_rnd/ACCIDENT_dataset/real_videos/xwp9G0TuTUk_00.mp4,ACCIDENT-real,single,accident,1,weak_clip_event_window,30.033333,14.983352,450,1920,1080,test,Kansas,Kansas::highway,77,167,accident_time=7.167;type=single
xwp9G0TuTUk_00__pre_event_non_accident,/autodl-fs/data/traffic_accident_rnd/ACCIDENT_dataset/real_videos/xwp9G0TuTUk_00.mp4,ACCIDENT-real,single,non_accident,0,weak_clip_pre_event,30.033333,14.983352,450,1920,1080,test,Kansas,Kansas::highway,0,62,derived_pre_accident_until=4.167;weak_negative=true
uGvzo8mRSSo_00__accident,/autodl-fs/data/traffic_accident_rnd/ACCIDENT_dataset/real_videos/uGvzo8mRSSo_00.mp4,ACCIDENT-real,single,accident,1,weak_clip_event_window,30.0,18.933333,568,1920,1080,test,Kansas,Kansas::grade_separated_intersection,45,159,accident_time=4.4;type=single
uGvzo8mRSSo_00__pre_event_non_accident,/autodl-fs/data/traffic_accident_rnd/ACCIDENT_dataset/real_videos/uGvzo8mRSSo_00.mp4,ACCIDENT-real,single,non_accident,0,weak_clip_pre_event,30.0,18.933333,568,1920,1080,test,Kansas,Kansas::grade_separated_intersection,0,27,derived_pre_accident_until=1.400;weak_negative=true
Ov8CuX37yeo_00__accident,/autodl-fs/data/traffic_accident_rnd/ACCIDENT_dataset/real_videos/Ov8CuX37yeo_00.mp4,ACCIDENT-real,single,accident,1,weak_clip_event_window,21.9,30.0,657,1920,1080,test,Kansas,Kansas::highway,62,242,accident_time=4.067;type=single
Ov8CuX37yeo_00__pre_event_non_accident,/autodl-fs/data/traffic_accident_rnd/ACCIDENT_dataset/real_videos/Ov8CuX37yeo_00.mp4,ACCIDENT-real,single,non_accident,0,weak_clip_pre_event,21.9,30.0,657,1920,1080,test,Kansas,Kansas::highway,0,32,derived_pre_accident_until=1.067;weak_negative=true
1yWbvi0K6Eg_00__accident,/autodl-fs/data/traffic_accident_rnd/ACCIDENT_dataset/real_videos/1yWbvi0K6Eg_00.mp4,ACCIDENT-real,single,accident,1,weak_clip_event_window,18.291667,14.979499,274,1280,720,test,Kansas,Kansas::grade_separated_intersection,24,114,accident_time=3.583;type=single
EyZo7F2P35A_00__accident,/autodl-fs/data/traffic_accident_rnd/ACCIDENT_dataset/real_videos/EyZo7F2P35A_00.mp4,ACCIDENT-real,single,accident,1,weak_clip_event_window,30.033333,14.983352,450,1920,1080,test,Kansas,Kansas::highway,38,128,accident_time=4.567;type=single
EyZo7F2P35A_00__pre_event_non_accident,/autodl-fs/data/traffic_accident_rnd/ACCIDENT_dataset/real_videos/EyZo7F2P35A_00.mp4,ACCIDENT-real,single,non_accident,0,weak_clip_pre_event,30.033333,14.983352,450,1920,1080,test,Kansas,Kansas::highway,0,23,derived_pre_accident_until=1.567;weak_negative=true
yTkouPWrmpU_00__accident,/autodl-fs/data/traffic_accident_rnd/ACCIDENT_dataset/real_videos/yTkouPWrmpU_00.mp4,ACCIDENT-real,single,accident,1,weak_clip_event_window,27.233333,15.01836,409,1920,1080,test,Kansas,Kansas::highway,0,90,accident_time=2.0000000000000004;type=single
pnV5RLCskPI_00__accident,/autodl-fs/data/traffic_accident_rnd/ACCIDENT_dataset/real_videos/pnV5RLCskPI_00.mp4,ACCIDENT-real,single,accident,1,weak_clip_event_window,30.1,14.950166,450,1920,1080,test,Kansas,Kansas::highway,45,135,accident_time=5.0;type=single
pnV5RLCskPI_00__pre_event_non_accident,/autodl-fs/data/traffic_accident_rnd/ACCIDENT_dataset/real_videos/pnV5RLCskPI_00.mp4,ACCIDENT-real,single,non_accident,0,weak_clip_pre_event,30.1,14.950166,450,1920,1080,test,Kansas,Kansas::highway,0,30,derived_pre_accident_until=2.000;weak_negative=true
x4jVejiZNsI_00__accident,/autodl-fs/data/traffic_accident_rnd/ACCIDENT_dataset/real_videos/x4jVejiZNsI_00.mp4,ACCIDENT-real,single,accident,1,weak_clip_event_window,30.033333,15.016648,451,1920,1080,test,Kansas,Kansas::grade_separated_intersection,0,86,accident_time=1.733;type=single
_Etcfb7cUH8_00__accident,/autodl-fs/data/traffic_accident_rnd/ACCIDENT_dataset/real_videos/_Etcfb7cUH8_00.mp4,ACCIDENT-real,t-bone,accident,1,weak_clip_event_window,29.958333,15.020862,450,1280,720,test,Kansas,Kansas::grade_separated_intersection,85,175,accident_time=7.667;type=t-bone
_Etcfb7cUH8_00__pre_event_non_accident,/autodl-fs/data/traffic_accident_rnd/ACCIDENT_dataset/real_videos/_Etcfb7cUH8_00.mp4,ACCIDENT-real,t-bone,non_accident,0,weak_clip_pre_event,29.958333,15.020862,450,1280,720,test,Kansas,Kansas::grade_separated_intersection,0,70,derived_pre_accident_until=4.667;weak_negative=true
SWAI7FYPhjc_00__accident,/autodl-fs/data/traffic_accident_rnd/ACCIDENT_dataset/real_videos/SWAI7FYPhjc_00.mp4,ACCIDENT-real,single,accident,1,weak_clip_event_window,30.166667,13.756906,415,1280,720,test,Kansas,Kansas::grade_separated_intersection,22,105,accident_time=3.625;type=single
GI1-kjZaEWM_00__accident,/autodl-fs/data/traffic_accident_rnd/ACCIDENT_dataset/real_videos/GI1-kjZaEWM_00.mp4,ACCIDENT-real,single,accident,1,weak_clip_event_window,25.666667,14.649351,376,1920,1080,test,Kansas,Kansas::highway,72,160,accident_time=6.866667;type=single
GI1-kjZaEWM_00__pre_event_non_accident,/autodl-fs/data/traffic_accident_rnd/ACCIDENT_dataset/real_videos/GI1-kjZaEWM_00.mp4,ACCIDENT-real,single,non_accident,0,weak_clip_pre_event,25.666667,14.649351,376,1920,1080,test,Kansas,Kansas::highway,0,57,derived_pre_accident_until=3.867;weak_negative=true
5mrzzNJQOug_00__accident,/autodl-fs/data/traffic_accident_rnd/ACCIDENT_dataset/real_videos/5mrzzNJQOug_00.mp4,ACCIDENT-real,single,accident,1,weak_clip_event_window,30.133333,14.933628,450,1920,1080,test,Kansas,Kansas::grade_separated_intersection,5,95,accident_time=2.366667;type=single
ue2PvUTPXTs_00__accident,/autodl-fs/data/traffic_accident_rnd/ACCIDENT_dataset/real_videos/ue2PvUTPXTs_00.mp4,ACCIDENT-real,rear-end,accident,1,weak_clip_event_window,20.708333,14.969819,310,1280,720,test,Kansas,Kansas::highway,31,121,accident_time=4.042;type=rear-end
ue2PvUTPXTs_00__pre_event_non_accident,/autodl-fs/data/traffic_accident_rnd/ACCIDENT_dataset/real_videos/ue2PvUTPXTs_00.mp4,ACCIDENT-real,rear-end,non_accident,0,weak_clip_pre_event,20.708333,14.969819,310,1280,720,test,Kansas,Kansas::highway,0,16,derived_pre_accident_until=1.042;weak_negative=true
FOPldt8txP4_00__accident,/autodl-fs/data/traffic_accident_rnd/ACCIDENT_dataset/real_videos/FOPldt8txP4_00.mp4,ACCIDENT-real,single,accident,1,weak_clip_event_window,30.033333,15.016648,451,1920,1080,test,Kansas,Kansas::grade_separated_intersection,61,151,accident_time=6.067;type=single
FOPldt8txP4_00__pre_event_non_accident,/autodl-fs/data/traffic_accident_rnd/ACCIDENT_dataset/real_videos/FOPldt8txP4_00.mp4,ACCIDENT-real,single,non_accident,0,weak_clip_pre_event,30.033333,15.016648,451,1920,1080,test,Kansas,Kansas::grade_separated_intersection,0,46,derived_pre_accident_until=3.067;weak_negative=true
FDjxbPaxmho_00__accident,/autodl-fs/data/traffic_accident_rnd/ACCIDENT_dataset/real_videos/FDjxbPaxmho_00.mp4,ACCIDENT-real,single,accident,1,weak_clip_event_window,30.0,15.0,450,1920,1080,test,Kansas,Kansas::highway,51,141,accident_time=5.433;type=single
FDjxbPaxmho_00__pre_event_non_accident,/autodl-fs/data/traffic_accident_rnd/ACCIDENT_dataset/real_videos/FDjxbPaxmho_00.mp4,ACCIDENT-real,single,non_accident,0,weak_clip_pre_event,30.0,15.0,450,1920,1080,test,Kansas,Kansas::highway,0,36,derived_pre_accident_until=2.433;weak_negative=true
SH93O7eHV08_00__accident,/autodl-fs/data/traffic_accident_rnd/ACCIDENT_dataset/real_videos/SH93O7eHV08_00.mp4,ACCIDENT-real,single,accident,1,weak_clip_event_window,20.358471,14.441163,294,854,480,test,Kansas,Kansas::grade_separated_intersection,133,220,accident_time=11.228;type=single
SH93O7eHV08_00__pre_event_non_accident,/autodl-fs/data/traffic_accident_rnd/ACCIDENT_dataset/real_videos/SH93O7eHV08_00.mp4,ACCIDENT-real,single,non_accident,0,weak_clip_pre_event,20.358471,14.441163,294,854,480,test,Kansas,Kansas::grade_separated_intersection,0,119,derived_pre_accident_until=8.228;weak_negative=true
MvV_hkztDqE_00__accident,/autodl-fs/data/traffic_accident_rnd/ACCIDENT_dataset/real_videos/MvV_hkztDqE_00.mp4,ACCIDENT-real,t-bone,accident,1,weak_clip_event_window,29.958333,15.020862,450,1280,720,test,Kansas,Kansas::highway,78,168,accident_time=7.208;type=t-bone
MvV_hkztDqE_00__pre_event_non_accident,/autodl-fs/data/traffic_accident_rnd/ACCIDENT_dataset/real_videos/MvV_hkztDqE_00.mp4,ACCIDENT-real,t-bone,non_accident,0,weak_clip_pre_event,29.958333,15.020862,450,1280,720,test,Kansas,Kansas::highway,0,63,derived_pre_accident_until=4.208;weak_negative=true
HGediRhCK14_00__accident,/autodl-fs/data/traffic_accident_rnd/ACCIDENT_dataset/real_videos/HGediRhCK14_00.mp4,ACCIDENT-real,rear-end,accident,1,weak_clip_event_window,25.9,15.482625,401,1920,1080,test,Kansas,Kansas::highway,53,146,accident_time=5.433;type=rear-end
HGediRhCK14_00__pre_event_non_accident,/autodl-fs/data/traffic_accident_rnd/ACCIDENT_dataset/real_videos/HGediRhCK14_00.mp4,ACCIDENT-real,rear-end,non_accident,0,weak_clip_pre_event,25.9,15.482625,401,1920,1080,test,Kansas,Kansas::highway,0,38,derived_pre_accident_until=2.433;weak_negative=true
2IY6PpDm85k_00__accident,/autodl-fs/data/traffic_accident_rnd/ACCIDENT_dataset/real_videos/2IY6PpDm85k_00.mp4,ACCIDENT-real,t-bone,accident,1,weak_clip_event_window,21.083333,15.083004,318,1280,720,test,Kansas,Kansas::signalized_intersection,0,83,accident_time=1.5419999999999998;type=t-bone
Th2EbZpLkrk_00__accident,/autodl-fs/data/traffic_accident_rnd/ACCIDENT_dataset/real_videos/Th2EbZpLkrk_00.mp4,ACCIDENT-real,rear-end,accident,1,weak_clip_event_window,25.666667,17.571429,451,1920,1080,test,Kansas,Kansas::highway,80,185,accident_time=6.534000000000001;type=rear-end
Th2EbZpLkrk_00__pre_event_non_accident,/autodl-fs/data/traffic_accident_rnd/ACCIDENT_dataset/real_videos/Th2EbZpLkrk_00.mp4,ACCIDENT-real,rear-end,non_accident,0,weak_clip_pre_event,25.666667,17.571429,451,1920,1080,test,Kansas,Kansas::highway,0,62,derived_pre_accident_until=3.534;weak_negative=true
5ZYWhoVVLGI_00__accident,/autodl-fs/data/traffic_accident_rnd/ACCIDENT_dataset/real_videos/5ZYWhoVVLGI_00.mp4,ACCIDENT-real,single,accident,1,weak_clip_event_window,25.433333,14.980341,381,1920,1080,test,Kansas,Kansas::highway,96,186,accident_time=8.433;type=single
5ZYWhoVVLGI_00__pre_event_non_accident,/autodl-fs/data/traffic_accident_rnd/ACCIDENT_dataset/real_videos/5ZYWhoVVLGI_00.mp4,ACCIDENT-real,single,non_accident,0,weak_clip_pre_event,25.433333,14.980341,381,1920,1080,test,Kansas,Kansas::highway,0,81,derived_pre_accident_until=5.433;weak_negative=true
IrdhgFvZE1Y_00__accident,/autodl-fs/data/traffic_accident_rnd/ACCIDENT_dataset/real_videos/IrdhgFvZE1Y_00.mp4,ACCIDENT-real,single,accident,1,weak_clip_event_window,9.1,14.835165,135,1920,1080,test,Kansas,Kansas::highway,28,117,accident_time=3.933;type=single
0Kh7K1ftejg_00__accident,/autodl-fs/data/traffic_accident_rnd/ACCIDENT_dataset/real_videos/0Kh7K1ftejg_00.mp4,ACCIDENT-real,single,accident,1,weak_clip_event_window,2.366667,15.211268,36,1920,1080,test,Kansas,Kansas::highway,0,36,accident_time=0.6000000000000001;type=single
qdHRfSReZ0w_00__accident,/autodl-fs/data/traffic_accident_rnd/ACCIDENT_dataset/real_videos/qdHRfSReZ0w_00.mp4,ACCIDENT-real,single,accident,1,weak_clip_event_window,7.1,14.788732,105,1920,1080,test,Kansas,Kansas::grade_separated_intersection,9,98,accident_time=2.634;type=single
0sxbjc7SAZA_00__accident,/autodl-fs/data/traffic_accident_rnd/ACCIDENT_dataset/real_videos/0sxbjc7SAZA_00.mp4,ACCIDENT-real,single,accident,1,weak_clip_event_window,30.033333,14.983352,450,1920,1080,test,Kansas,Kansas::grade_separated_intersection,51,141,accident_time=5.433;type=single
0sxbjc7SAZA_00__pre_event_non_accident,/autodl-fs/data/traffic_accident_rnd/ACCIDENT_dataset/real_videos/0sxbjc7SAZA_00.mp4,ACCIDENT-real,single,non_accident,0,weak_clip_pre_event,30.033333,14.983352,450,1920,1080,test,Kansas,Kansas::grade_separated_intersection,0,36,derived_pre_accident_until=2.433;weak_negative=true
egyW5DsK8BQ_00__accident,/autodl-fs/data/traffic_accident_rnd/ACCIDENT_dataset/real_videos/egyW5DsK8BQ_00.mp4,ACCIDENT-real,single,accident,1,weak_clip_event_window,12.916667,14.709677,190,1280,720,test,Louisiana,Louisiana::highway,29,117,accident_time=3.917;type=single
A6Ut8jw-oLs_00__accident,/autodl-fs/data/traffic_accident_rnd/ACCIDENT_dataset/real_videos/A6Ut8jw-oLs_00.mp4,ACCIDENT-real,t-bone,accident,1,weak_clip_event_window,30.0,14.933333,448,1280,720,test,Louisiana,Louisiana::signalized_intersection,36,126,accident_time=4.416666;type=t-bone
A6Ut8jw-oLs_00__pre_event_non_accident,/autodl-fs/data/traffic_accident_rnd/ACCIDENT_dataset/real_videos/A6Ut8jw-oLs_00.mp4,ACCIDENT-real,t-bone,non_accident,0,weak_clip_pre_event,30.0,14.933333,448,1280,720,test,Louisiana,Louisiana::signalized_intersection,0,21,derived_pre_accident_until=1.417;weak_negative=true
6Xd4Xk76ylQ_00__accident,/autodl-fs/data/traffic_accident_rnd/ACCIDENT_dataset/real_videos/6Xd4Xk76ylQ_00.mp4,ACCIDENT-real,sideswipe,accident,1,weak_clip_event_window,30.041667,14.979196,450,1056,720,test,Louisiana,Louisiana::grade_separated_intersection,0,87,accident_time=1.833333;type=sideswipe
Qbgh3C8ew2o_00__accident,/autodl-fs/data/traffic_accident_rnd/ACCIDENT_dataset/real_videos/Qbgh3C8ew2o_00.mp4,ACCIDENT-real,t-bone,accident,1,weak_clip_event_window,30.03,14.985015,450,352,240,test,Louisiana,Louisiana::signalized_intersection,49,139,accident_time=5.271933;type=t-bone
Qbgh3C8ew2o_00__pre_event_non_accident,/autodl-fs/data/traffic_accident_rnd/ACCIDENT_dataset/real_videos/Qbgh3C8ew2o_00.mp4,ACCIDENT-real,t-bone,non_accident,0,weak_clip_pre_event,30.03,14.985015,450,352,240,test,Louisiana,Louisiana::signalized_intersection,0,34,derived_pre_accident_until=2.272;weak_negative=true
P7BOK9E4kS8_00__accident,/autodl-fs/data/traffic_accident_rnd/ACCIDENT_dataset/real_videos/P7BOK9E4kS8_00.mp4,ACCIDENT-real,sideswipe,accident,1,weak_clip_event_window,30.041667,14.979196,450,1056,720,train,Louisiana,Louisiana::highway,74,164,accident_time=6.958333;type=sideswipe
P7BOK9E4kS8_00__pre_event_non_accident,/autodl-fs/data/traffic_accident_rnd/ACCIDENT_dataset/real_videos/P7BOK9E4kS8_00.mp4,ACCIDENT-real,sideswipe,non_accident,0,weak_clip_pre_event,30.041667,14.979196,450,1056,720,train,Louisiana,Louisiana::highway,0,59,derived_pre_accident_until=3.958;weak_negative=true
Cu3dl1ABN2k_00__accident,/autodl-fs/data/traffic_accident_rnd/ACCIDENT_dataset/real_videos/Cu3dl1ABN2k_00.mp4,ACCIDENT-real,head-on,accident,1,weak_clip_event_window,24.067039,14.251857,343,352,240,test,Louisiana,Louisiana::signalized_intersection,25,111,accident_time=3.7541900000000004;type=head-on
ed96OpSybeQ_00__accident,/autodl-fs/data/traffic_accident_rnd/ACCIDENT_dataset/real_videos/ed96OpSybeQ_00.mp4,ACCIDENT-real,t-bone,accident,1,weak_clip_event_window,30.03,14.885115,447,352,240,test,Louisiana,Louisiana::signalized_intersection,70,160,accident_time=6.740067;type=t-bone
ed96OpSybeQ_00__pre_event_non_accident,/autodl-fs/data/traffic_accident_rnd/ACCIDENT_dataset/real_videos/ed96OpSybeQ_00.mp4,ACCIDENT-real,t-bone,non_accident,0,weak_clip_pre_event,30.03,14.885115,447,352,240,test,Louisiana,Louisiana::signalized_intersection,0,56,derived_pre_accident_until=3.740;weak_negative=true
W1YnYuUFxwg_00__accident,/autodl-fs/data/traffic_accident_rnd/ACCIDENT_dataset/real_videos/W1YnYuUFxwg_00.mp4,ACCIDENT-real,t-bone,accident,1,weak_clip_event_window,30.041667,12.915395,388,1056,720,test,Louisiana,Louisiana::signalized_intersection,66,144,accident_time=7.125;type=t-bone
W1YnYuUFxwg_00__pre_event_non_accident,/autodl-fs/data/traffic_accident_rnd/ACCIDENT_dataset/real_videos/W1YnYuUFxwg_00.mp4,ACCIDENT-real,t-bone,non_accident,0,weak_clip_pre_event,30.041667,12.915395,388,1056,720,test,Louisiana,Louisiana::signalized_intersection,0,53,derived_pre_accident_until=4.125;weak_negative=true
MQI5ApNNZPI_00__accident,/autodl-fs/data/traffic_accident_rnd/ACCIDENT_dataset/real_videos/MQI5ApNNZPI_00.mp4,ACCIDENT-real,rear-end,accident,1,weak_clip_event_window,30.016713,28.517446,856,640,480,test,Louisiana,Louisiana::highway,50,221,accident_time=3.743733;type=rear-end
k9lZ453AVO8_00__accident,/autodl-fs/data/traffic_accident_rnd/ACCIDENT_dataset/real_videos/k9lZ453AVO8_00.mp4,ACCIDENT-real,rear-end,accident,1,weak_clip_event_window,26.791667,14.892691,399,1056,720,test,Louisiana,Louisiana::signalized_intersection,33,123,accident_time=4.25;type=rear-end
k9lZ453AVO8_00__pre_event_non_accident,/autodl-fs/data/traffic_accident_rnd/ACCIDENT_dataset/real_videos/k9lZ453AVO8_00.mp4,ACCIDENT-real,rear-end,non_accident,0,weak_clip_pre_event,26.791667,14.892691,399,1056,720,test,Louisiana,Louisiana::signalized_intersection,0,19,derived_pre_accident_until=1.250;weak_negative=true
JDc09Tn1tR8_00__accident,/autodl-fs/data/traffic_accident_rnd/ACCIDENT_dataset/real_videos/JDc09Tn1tR8_00.mp4,ACCIDENT-real,rear-end,accident,1,weak_clip_event_window,30.041667,14.945908,449,1056,720,test,Louisiana,Louisiana::highway,34,124,accident_time=4.25;type=rear-end
JDc09Tn1tR8_00__pre_event_non_accident,/autodl-fs/data/traffic_accident_rnd/ACCIDENT_dataset/real_videos/JDc09Tn1tR8_00.mp4,ACCIDENT-real,rear-end,non_accident,0,weak_clip_pre_event,30.041667,14.945908,449,1056,720,test,Louisiana,Louisiana::highway,0,19,derived_pre_accident_until=1.250;weak_negative=true
a3T2DygvH4w_00__accident,/autodl-fs/data/traffic_accident_rnd/ACCIDENT_dataset/real_videos/a3T2DygvH4w_00.mp4,ACCIDENT-real,single,accident,1,weak_clip_event_window,30.041667,14.979196,450,1280,720,test,Louisiana,Louisiana::grade_separated_intersection,47,137,accident_time=5.167;type=single
a3T2DygvH4w_00__pre_event_non_accident,/autodl-fs/data/traffic_accident_rnd/ACCIDENT_dataset/real_videos/a3T2DygvH4w_00.mp4,ACCIDENT-real,single,non_accident,0,weak_clip_pre_event,30.041667,14.979196,450,1280,720,test,Louisiana,Louisiana::grade_separated_intersection,0,32,derived_pre_accident_until=2.167;weak_negative=true
7KAkcOyPqkw_00__accident,/autodl-fs/data/traffic_accident_rnd/ACCIDENT_dataset/real_videos/7KAkcOyPqkw_00.mp4,ACCIDENT-real,single,accident,1,weak_clip_event_window,7.375,14.915254,110,1280,720,test,Louisiana,Louisiana::highway,52,110,accident_time=5.5;type=single
7KAkcOyPqkw_00__pre_event_non_accident,/autodl-fs/data/traffic_accident_rnd/ACCIDENT_dataset/real_videos/7KAkcOyPqkw_00.mp4,ACCIDENT-real,single,non_accident,0,weak_clip_pre_event,7.375,14.915254,110,1280,720,test,Louisiana,Louisiana::highway,0,37,derived_pre_accident_until=2.500;weak_negative=true
2UWHJTklurQ_00__accident,/autodl-fs/data/traffic_accident_rnd/ACCIDENT_dataset/real_videos/2UWHJTklurQ_00.mp4,ACCIDENT-real,single,accident,1,weak_clip_event_window,11.666667,14.571429,170,1056,720,test,Louisiana,Louisiana::grade_separated_intersection,0,81,accident_time=1.583;type=single
i09Z9tesnac_00__accident,/autodl-fs/data/traffic_accident_rnd/ACCIDENT_dataset/real_videos/i09Z9tesnac_00.mp4,ACCIDENT-real,single,accident,1,weak_clip_event_window,30.0,14.933333,448,1056,720,test,Louisiana,Louisiana::highway,18,108,accident_time=3.208;type=single
T5396f4sJ5w_00__accident,/autodl-fs/data/traffic_accident_rnd/ACCIDENT_dataset/real_videos/T5396f4sJ5w_00.mp4,ACCIDENT-real,rear-end,accident,1,weak_clip_event_window,16.208333,10.673522,173,1056,720,test,Louisiana,Louisiana::highway,110,173,accident_time=12.25;type=rear-end
T5396f4sJ5w_00__pre_event_non_accident,/autodl-fs/data/traffic_accident_rnd/ACCIDENT_dataset/real_videos/T5396f4sJ5w_00.mp4,ACCIDENT-real,rear-end,non_accident,0,weak_clip_pre_event,16.208333,10.673522,173,1056,720,test,Louisiana,Louisiana::highway,0,99,derived_pre_accident_until=9.250;weak_negative=true
r_Ca7EkJDdg_00__accident,/autodl-fs/data/traffic_accident_rnd/ACCIDENT_dataset/real_videos/r_Ca7EkJDdg_00.mp4,ACCIDENT-real,single,accident,1,weak_clip_event_window,11.875,14.905263,177,1056,720,test,Louisiana,Louisiana::highway,35,125,accident_time=4.375;type=single
r_Ca7EkJDdg_00__pre_event_non_accident,/autodl-fs/data/traffic_accident_rnd/ACCIDENT_dataset/real_videos/r_Ca7EkJDdg_00.mp4,ACCIDENT-real,single,non_accident,0,weak_clip_pre_event,11.875,14.905263,177,1056,720,test,Louisiana,Louisiana::highway,0,20,derived_pre_accident_until=1.375;weak_negative=true
8j-qfY6_Bxg_00__accident,/autodl-fs/data/traffic_accident_rnd/ACCIDENT_dataset/real_videos/8j-qfY6_Bxg_00.mp4,ACCIDENT-real,sideswipe,accident,1,weak_clip_event_window,13.375,14.953271,200,1056,720,test,Louisiana,Louisiana::signalized_intersection,29,119,accident_time=3.958333;type=sideswipe
iKpoAkiKqjw_00__accident,/autodl-fs/data/traffic_accident_rnd/ACCIDENT_dataset/real_videos/iKpoAkiKqjw_00.mp4,ACCIDENT-real,single,accident,1,weak_clip_event_window,5.066667,12.039474,61,1920,1080,test,Louisiana,Louisiana::highway,9,61,accident_time=2.766666;type=single
OdgIl355A80_00__accident,/autodl-fs/data/traffic_accident_rnd/ACCIDENT_dataset/real_videos/OdgIl355A80_00.mp4,ACCIDENT-real,rear-end,accident,1,weak_clip_event_window,7.125,15.017544,107,1056,720,train,Louisiana,Louisiana::highway,39,107,accident_time=4.583333;type=rear-end
OdgIl355A80_00__pre_event_non_accident,/autodl-fs/data/traffic_accident_rnd/ACCIDENT_dataset/real_videos/OdgIl355A80_00.mp4,ACCIDENT-real,rear-end,non_accident,0,weak_clip_pre_event,7.125,15.017544,107,1056,720,train,Louisiana,Louisiana::highway,0,24,derived_pre_accident_until=1.583;weak_negative=true
hAaMPL2ieyE_00__accident,/autodl-fs/data/traffic_accident_rnd/ACCIDENT_dataset/real_videos/hAaMPL2ieyE_00.mp4,ACCIDENT-real,single,accident,1,weak_clip_event_window,30.0,14.933333,448,1280,720,test,Louisiana,Louisiana::highway,9,99,accident_time=2.625;type=single
9KTcbXYyzWI_00__accident,/autodl-fs/data/traffic_accident_rnd/ACCIDENT_dataset/real_videos/9KTcbXYyzWI_00.mp4,ACCIDENT-real,single,accident,1,weak_clip_event_window,30.0,14.966667,449,1056,720,test,Louisiana,Louisiana::grade_separated_intersection,42,132,accident_time=4.833333;type=single
9KTcbXYyzWI_00__pre_event_non_accident,/autodl-fs/data/traffic_accident_rnd/ACCIDENT_dataset/real_videos/9KTcbXYyzWI_00.mp4,ACCIDENT-real,single,non_accident,0,weak_clip_pre_event,30.0,14.966667,449,1056,720,test,Louisiana,Louisiana::grade_separated_intersection,0,27,derived_pre_accident_until=1.833;weak_negative=true
4RAe_LEFTTU_00__accident,/autodl-fs/data/traffic_accident_rnd/ACCIDENT_dataset/real_videos/4RAe_LEFTTU_00.mp4,ACCIDENT-real,single,accident,1,weak_clip_event_window,30.083333,14.858726,447,960,720,test,Louisiana,Louisiana::highway,107,196,accident_time=9.25;type=single
4RAe_LEFTTU_00__pre_event_non_accident,/autodl-fs/data/traffic_accident_rnd/ACCIDENT_dataset/real_videos/4RAe_LEFTTU_00.mp4,ACCIDENT-real,single,non_accident,0,weak_clip_pre_event,30.083333,14.858726,447,960,720,test,Louisiana,Louisiana::highway,0,93,derived_pre_accident_until=6.250;weak_negative=true
gnyMlVu3LzY_00__accident,/autodl-fs/data/traffic_accident_rnd/ACCIDENT_dataset/real_videos/gnyMlVu3LzY_00.mp4,ACCIDENT-real,sideswipe,accident,1,weak_clip_event_window,27.0,15.0,405,1056,720,test,Louisiana,Louisiana::highway,0,80,accident_time=1.3330000000000002;type=sideswipe
vPWarRX_sVI_00__accident,/autodl-fs/data/traffic_accident_rnd/ACCIDENT_dataset/real_videos/vPWarRX_sVI_00.mp4,ACCIDENT-real,single,accident,1,weak_clip_event_window,30.0,15.0,450,1056,720,test,Louisiana,Louisiana::highway,90,180,accident_time=8.0;type=single
vPWarRX_sVI_00__pre_event_non_accident,/autodl-fs/data/traffic_accident_rnd/ACCIDENT_dataset/real_videos/vPWarRX_sVI_00.mp4,ACCIDENT-real,single,non_accident,0,weak_clip_pre_event,30.0,15.0,450,1056,720,test,Louisiana,Louisiana::highway,0,75,derived_pre_accident_until=5.000;weak_negative=true
ntjBOrqvD6Q_00__accident,/autodl-fs/data/traffic_accident_rnd/ACCIDENT_dataset/real_videos/ntjBOrqvD6Q_00.mp4,ACCIDENT-real,single,accident,1,weak_clip_event_window,30.0,30.0,900,1056,720,test,Louisiana,Louisiana::highway,65,245,accident_time=4.166666;type=single
ntjBOrqvD6Q_00__pre_event_non_accident,/autodl-fs/data/traffic_accident_rnd/ACCIDENT_dataset/real_videos/ntjBOrqvD6Q_00.mp4,ACCIDENT-real,single,non_accident,0,weak_clip_pre_event,30.0,30.0,900,1056,720,test,Louisiana,Louisiana::highway,0,35,derived_pre_accident_until=1.167;weak_negative=true
_5e--tkpUck_00__accident,/autodl-fs/data/traffic_accident_rnd/ACCIDENT_dataset/real_videos/_5e--tkpUck_00.mp4,ACCIDENT-real,sideswipe,accident,1,weak_clip_event_window,30.041667,14.912621,448,1056,720,test,Louisiana,Louisiana::highway,30,120,accident_time=4.0;type=sideswipe
_5e--tkpUck_00__pre_event_non_accident,/autodl-fs/data/traffic_accident_rnd/ACCIDENT_dataset/real_videos/_5e--tkpUck_00.mp4,ACCIDENT-real,sideswipe,non_accident,0,weak_clip_pre_event,30.041667,14.912621,448,1056,720,test,Louisiana,Louisiana::highway,0,15,derived_pre_accident_until=1.000;weak_negative=true
xsX4nrMR0ds_00__accident,/autodl-fs/data/traffic_accident_rnd/ACCIDENT_dataset/real_videos/xsX4nrMR0ds_00.mp4,ACCIDENT-real,single,accident,1,weak_clip_event_window,30.083333,13.396122,403,1056,720,test,Louisiana,Louisiana::highway,89,170,accident_time=8.667;type=single
xsX4nrMR0ds_00__pre_event_non_accident,/autodl-fs/data/traffic_accident_rnd/ACCIDENT_dataset/real_videos/xsX4nrMR0ds_00.mp4,ACCIDENT-real,single,non_accident,0,weak_clip_pre_event,30.083333,13.396122,403,1056,720,test,Louisiana,Louisiana::highway,0,76,derived_pre_accident_until=5.667;weak_negative=true
3oxYxwfTwro_00__accident,/autodl-fs/data/traffic_accident_rnd/ACCIDENT_dataset/real_videos/3oxYxwfTwro_00.mp4,ACCIDENT-real,t-bone,accident,1,weak_clip_event_window,6.4,24.53125,157,656,480,test,World,World::signalized_intersection,33,157,accident_time=3.36;type=t-bone
6yQNWmpmUPk_00__accident,/autodl-fs/data/traffic_accident_rnd/ACCIDENT_dataset/real_videos/6yQNWmpmUPk_00.mp4,ACCIDENT-real,sideswipe,accident,1,weak_clip_event_window,29.7,29.360269,872,2400,1080,test,Maryland,Maryland::highway,205,381,accident_time=9.0;type=sideswipe
6yQNWmpmUPk_00__pre_event_non_accident,/autodl-fs/data/traffic_accident_rnd/ACCIDENT_dataset/real_videos/6yQNWmpmUPk_00.mp4,ACCIDENT-real,sideswipe,non_accident,0,weak_clip_pre_event,29.7,29.360269,872,2400,1080,test,Maryland,Maryland::highway,0,176,derived_pre_accident_until=6.000;weak_negative=true
J19P9fWUj2U_00__accident,/autodl-fs/data/traffic_accident_rnd/ACCIDENT_dataset/real_videos/J19P9fWUj2U_00.mp4,ACCIDENT-real,sideswipe,accident,1,weak_clip_event_window,29.958333,15.020862,450,1056,720,test,Maryland,Maryland::highway,69,159,accident_time=6.583;type=sideswipe
J19P9fWUj2U_00__pre_event_non_accident,/autodl-fs/data/traffic_accident_rnd/ACCIDENT_dataset/real_videos/J19P9fWUj2U_00.mp4,ACCIDENT-real,sideswipe,non_accident,0,weak_clip_pre_event,29.958333,15.020862,450,1056,720,test,Maryland,Maryland::highway,0,54,derived_pre_accident_until=3.583;weak_negative=true
8ZzJdjQi-aM_00__accident,/autodl-fs/data/traffic_accident_rnd/ACCIDENT_dataset/real_videos/8ZzJdjQi-aM_00.mp4,ACCIDENT-real,rear-end,accident,1,weak_clip_event_window,7.689655,27.439462,211,960,720,test,Maryland,Maryland::highway,116,211,accident_time=6.24138;type=rear-end
8ZzJdjQi-aM_00__pre_event_non_accident,/autodl-fs/data/traffic_accident_rnd/ACCIDENT_dataset/real_videos/8ZzJdjQi-aM_00.mp4,ACCIDENT-real,rear-end,non_accident,0,weak_clip_pre_event,7.689655,27.439462,211,960,720,test,Maryland,Maryland::highway,0,89,derived_pre_accident_until=3.241;weak_negative=true
vqIPnFuQ22c_00__accident,/autodl-fs/data/traffic_accident_rnd/ACCIDENT_dataset/real_videos/vqIPnFuQ22c_00.mp4,ACCIDENT-real,rear-end,accident,1,weak_clip_event_window,30.033333,30.0,901,1440,1080,test,Maryland,Maryland::highway,68,248,accident_time=4.267;type=rear-end
vqIPnFuQ22c_00__pre_event_non_accident,/autodl-fs/data/traffic_accident_rnd/ACCIDENT_dataset/real_videos/vqIPnFuQ22c_00.mp4,ACCIDENT-real,rear-end,non_accident,0,weak_clip_pre_event,30.033333,30.0,901,1440,1080,test,Maryland,Maryland::highway,0,38,derived_pre_accident_until=1.267;weak_negative=true
yD3Q70U-bD4_00__accident,/autodl-fs/data/traffic_accident_rnd/ACCIDENT_dataset/real_videos/yD3Q70U-bD4_00.mp4,ACCIDENT-real,single,accident,1,weak_clip_event_window,30.0,29.933333,898,960,720,test,Virginia,Virginia::grade_separated_intersection,23,203,accident_time=2.766666;type=single
RokQ01Hx_Fg_00__accident,/autodl-fs/data/traffic_accident_rnd/ACCIDENT_dataset/real_videos/RokQ01Hx_Fg_00.mp4,ACCIDENT-real,sideswipe,accident,1,weak_clip_event_window,30.033333,29.933407,899,960,720,test,Maryland,Maryland::highway,68,248,accident_time=4.267;type=sideswipe
RokQ01Hx_Fg_00__pre_event_non_accident,/autodl-fs/data/traffic_accident_rnd/ACCIDENT_dataset/real_videos/RokQ01Hx_Fg_00.mp4,ACCIDENT-real,sideswipe,non_accident,0,weak_clip_pre_event,30.033333,29.933407,899,960,720,test,Maryland,Maryland::highway,0,38,derived_pre_accident_until=1.267;weak_negative=true
6fIB4cD0IrE_00__accident,/autodl-fs/data/traffic_accident_rnd/ACCIDENT_dataset/real_videos/6fIB4cD0IrE_00.mp4,ACCIDENT-real,rear-end,accident,1,weak_clip_event_window,25.566667,30.0,767,960,720,test,Maryland,Maryland::highway,54,234,accident_time=3.8000000000000007;type=rear-end
yWyxEWTof1A_00__accident,/autodl-fs/data/traffic_accident_rnd/ACCIDENT_dataset/real_videos/yWyxEWTof1A_00.mp4,ACCIDENT-real,rear-end,accident,1,weak_clip_event_window,21.066667,22.310127,470,960,720,test,Maryland,Maryland::highway,0,134,accident_time=2.0329999999999995;type=rear-end
_Bm8NYVbTN4_00__accident,/autodl-fs/data/traffic_accident_rnd/ACCIDENT_dataset/real_videos/_Bm8NYVbTN4_00.mp4,ACCIDENT-real,sideswipe,accident,1,weak_clip_event_window,29.958333,14.987483,449,1056,720,test,Maryland,Maryland::highway,40,130,accident_time=4.667;type=sideswipe
_Bm8NYVbTN4_00__pre_event_non_accident,/autodl-fs/data/traffic_accident_rnd/ACCIDENT_dataset/real_videos/_Bm8NYVbTN4_00.mp4,ACCIDENT-real,sideswipe,non_accident,0,weak_clip_pre_event,29.958333,14.987483,449,1056,720,test,Maryland,Maryland::highway,0,25,derived_pre_accident_until=1.667;weak_negative=true
coukijt9MpI_00__accident,/autodl-fs/data/traffic_accident_rnd/ACCIDENT_dataset/real_videos/coukijt9MpI_00.mp4,ACCIDENT-real,sideswipe,accident,1,weak_clip_event_window,21.5,30.0,645,960,720,test,Maryland,Maryland::highway,0,139,accident_time=0.6329999999999991;type=sideswipe
kgfitHjT3cs_00__accident,/autodl-fs/data/traffic_accident_rnd/ACCIDENT_dataset/real_videos/kgfitHjT3cs_00.mp4,ACCIDENT-real,rear-end,accident,1,weak_clip_event_window,30.041667,14.81276,445,1056,720,test,Maryland,Maryland::highway,66,155,accident_time=6.458;type=rear-end
kgfitHjT3cs_00__pre_event_non_accident,/autodl-fs/data/traffic_accident_rnd/ACCIDENT_dataset/real_videos/kgfitHjT3cs_00.mp4,ACCIDENT-real,rear-end,non_accident,0,weak_clip_pre_event,30.041667,14.81276,445,1056,720,test,Maryland,Maryland::highway,0,51,derived_pre_accident_until=3.458;weak_negative=true
jopSKVpAIos_00__accident,/autodl-fs/data/traffic_accident_rnd/ACCIDENT_dataset/real_videos/jopSKVpAIos_00.mp4,ACCIDENT-real,rear-end,accident,1,weak_clip_event_window,29.708333,14.709677,437,1056,720,test,Maryland,Maryland::highway,38,126,accident_time=4.542;type=rear-end
jopSKVpAIos_00__pre_event_non_accident,/autodl-fs/data/traffic_accident_rnd/ACCIDENT_dataset/real_videos/jopSKVpAIos_00.mp4,ACCIDENT-real,rear-end,non_accident,0,weak_clip_pre_event,29.708333,14.709677,437,1056,720,test,Maryland,Maryland::highway,0,23,derived_pre_accident_until=1.542;weak_negative=true
QrKQoabj12w_00__accident,/autodl-fs/data/traffic_accident_rnd/ACCIDENT_dataset/real_videos/QrKQoabj12w_00.mp4,ACCIDENT-real,sideswipe,accident,1,weak_clip_event_window,30.041667,14.979196,450,960,720,test,Maryland,Maryland::highway,51,141,accident_time=5.375;type=sideswipe
QrKQoabj12w_00__pre_event_non_accident,/autodl-fs/data/traffic_accident_rnd/ACCIDENT_dataset/real_videos/QrKQoabj12w_00.mp4,ACCIDENT-real,sideswipe,non_accident,0,weak_clip_pre_event,30.041667,14.979196,450,960,720,test,Maryland,Maryland::highway,0,36,derived_pre_accident_until=2.375;weak_negative=true
neosg71VJkY_00__accident,/autodl-fs/data/traffic_accident_rnd/ACCIDENT_dataset/real_videos/neosg71VJkY_00.mp4,ACCIDENT-real,rear-end,accident,1,weak_clip_event_window,30.166667,13.060773,394,1440,1080,test,Maryland,Maryland::highway,38,116,accident_time=4.9;type=rear-end
neosg71VJkY_00__pre_event_non_accident,/autodl-fs/data/traffic_accident_rnd/ACCIDENT_dataset/real_videos/neosg71VJkY_00.mp4,ACCIDENT-real,rear-end,non_accident,0,weak_clip_pre_event,30.166667,13.060773,394,1440,1080,test,Maryland,Maryland::highway,0,25,derived_pre_accident_until=1.900;weak_negative=true
5uh8-3q51uI_00__accident,/autodl-fs/data/traffic_accident_rnd/ACCIDENT_dataset/real_videos/5uh8-3q51uI_00.mp4,ACCIDENT-real,rear-end,accident,1,weak_clip_event_window,30.0,30.0,900,960,720,test,Maryland,Maryland::highway,116,296,accident_time=5.866666;type=rear-end
5uh8-3q51uI_00__pre_event_non_accident,/autodl-fs/data/traffic_accident_rnd/ACCIDENT_dataset/real_videos/5uh8-3q51uI_00.mp4,ACCIDENT-real,rear-end,non_accident,0,weak_clip_pre_event,30.0,30.0,900,960,720,test,Maryland,Maryland::highway,0,86,derived_pre_accident_until=2.867;weak_negative=true
udxjyNtNiV4_00__accident,/autodl-fs/data/traffic_accident_rnd/ACCIDENT_dataset/real_videos/udxjyNtNiV4_00.mp4,ACCIDENT-real,single,accident,1,weak_clip_event_window,30.0,30.0,900,960,720,test,Maryland,Maryland::highway,25,205,accident_time=2.833;type=single
cZkJ009T8mU_00__accident,/autodl-fs/data/traffic_accident_rnd/ACCIDENT_dataset/real_videos/cZkJ009T8mU_00.mp4,ACCIDENT-real,t-bone,accident,1,weak_clip_event_window,30.0,30.0,900,960,720,test,Maryland,Maryland::highway,68,248,accident_time=4.266666000000001;type=t-bone
cZkJ009T8mU_00__pre_event_non_accident,/autodl-fs/data/traffic_accident_rnd/ACCIDENT_dataset/real_videos/cZkJ009T8mU_00.mp4,ACCIDENT-real,t-bone,non_accident,0,weak_clip_pre_event,30.0,30.0,900,960,720,test,Maryland,Maryland::highway,0,38,derived_pre_accident_until=1.267;weak_negative=true
DZBg6CcIi6Y_00__accident,/autodl-fs/data/traffic_accident_rnd/ACCIDENT_dataset/real_videos/DZBg6CcIi6Y_00.mp4,ACCIDENT-real,single,accident,1,weak_clip_event_window,30.033333,30.0,901,1440,1080,test,Maryland,Maryland::grade_separated_intersection,495,675,accident_time=18.5;type=single
DZBg6CcIi6Y_00__pre_event_non_accident,/autodl-fs/data/traffic_accident_rnd/ACCIDENT_dataset/real_videos/DZBg6CcIi6Y_00.mp4,ACCIDENT-real,single,non_accident,0,weak_clip_pre_event,30.033333,30.0,901,1440,1080,test,Maryland,Maryland::grade_separated_intersection,0,465,derived_pre_accident_until=15.500;weak_negative=true
cYwpWiiwZro_00__accident,/autodl-fs/data/traffic_accident_rnd/ACCIDENT_dataset/real_videos/cYwpWiiwZro_00.mp4,ACCIDENT-real,single,accident,1,weak_clip_event_window,30.066667,29.933481,900,1620,1080,test,Maryland,Maryland::city_street,102,282,accident_time=5.4;type=single
cYwpWiiwZro_00__pre_event_non_accident,/autodl-fs/data/traffic_accident_rnd/ACCIDENT_dataset/real_videos/cYwpWiiwZro_00.mp4,ACCIDENT-real,single,non_accident,0,weak_clip_pre_event,30.066667,29.933481,900,1620,1080,test,Maryland,Maryland::city_street,0,72,derived_pre_accident_until=2.400;weak_negative=true
wQ0jtlL3tbA_00__accident,/autodl-fs/data/traffic_accident_rnd/ACCIDENT_dataset/real_videos/wQ0jtlL3tbA_00.mp4,ACCIDENT-real,single,accident,1,weak_clip_event_window,30.033333,29.933407,899,960,720,test,Maryland,Maryland::highway,18,198,accident_time=2.5999999999999996;type=single
aw8RbjIaKKA_00__accident,/autodl-fs/data/traffic_accident_rnd/ACCIDENT_dataset/real_videos/aw8RbjIaKKA_00.mp4,ACCIDENT-real,single,accident,1,weak_clip_event_window,30.033333,30.0,901,640,480,test,Maryland,Maryland::highway,410,590,accident_time=15.667;type=single
aw8RbjIaKKA_00__pre_event_non_accident,/autodl-fs/data/traffic_accident_rnd/ACCIDENT_dataset/real_videos/aw8RbjIaKKA_00.mp4,ACCIDENT-real,single,non_accident,0,weak_clip_pre_event,30.033333,30.0,901,640,480,test,Maryland,Maryland::highway,0,380,derived_pre_accident_until=12.667;weak_negative=true
NXGMpjaYFsw_00__accident,/autodl-fs/data/traffic_accident_rnd/ACCIDENT_dataset/real_videos/NXGMpjaYFsw_00.mp4,ACCIDENT-real,single,accident,1,weak_clip_event_window,30.033333,29.933407,899,960,720,test,Maryland,Maryland::highway,153,333,accident_time=7.1;type=single
NXGMpjaYFsw_00__pre_event_non_accident,/autodl-fs/data/traffic_accident_rnd/ACCIDENT_dataset/real_videos/NXGMpjaYFsw_00.mp4,ACCIDENT-real,single,non_accident,0,weak_clip_pre_event,30.033333,29.933407,899,960,720,test,Maryland,Maryland::highway,0,123,derived_pre_accident_until=4.100;weak_negative=true
iAsAPYpjkS8_00__accident,/autodl-fs/data/traffic_accident_rnd/ACCIDENT_dataset/real_videos/iAsAPYpjkS8_00.mp4,ACCIDENT-real,single,accident,1,weak_clip_event_window,30.033333,29.134295,875,960,720,test,Maryland,Maryland::highway,22,197,accident_time=2.733;type=single
y7FiOf3tpnk_00__accident,/autodl-fs/data/traffic_accident_rnd/ACCIDENT_dataset/real_videos/y7FiOf3tpnk_00.mp4,ACCIDENT-real,single,accident,1,weak_clip_event_window,29.916667,14.406685,431,1056,720,test,Maryland,Maryland::highway,124,211,accident_time=10.625;type=single
y7FiOf3tpnk_00__pre_event_non_accident,/autodl-fs/data/traffic_accident_rnd/ACCIDENT_dataset/real_videos/y7FiOf3tpnk_00.mp4,ACCIDENT-real,single,non_accident,0,weak_clip_pre_event,29.916667,14.406685,431,1056,720,test,Maryland,Maryland::highway,0,110,derived_pre_accident_until=7.625;weak_negative=true
l1_qLRlQw8U_00__accident,/autodl-fs/data/traffic_accident_rnd/ACCIDENT_dataset/real_videos/l1_qLRlQw8U_00.mp4,ACCIDENT-real,single,accident,1,weak_clip_event_window,29.958333,10.047288,301,960,720,test,Virginia,Virginia::highway,57,117,accident_time=7.708;type=single
l1_qLRlQw8U_00__pre_event_non_accident,/autodl-fs/data/traffic_accident_rnd/ACCIDENT_dataset/real_videos/l1_qLRlQw8U_00.mp4,ACCIDENT-real,single,non_accident,0,weak_clip_pre_event,29.958333,10.047288,301,960,720,test,Virginia,Virginia::highway,0,47,derived_pre_accident_until=4.708;weak_negative=true
iKor62WhYgc_00__accident,/autodl-fs/data/traffic_accident_rnd/ACCIDENT_dataset/real_videos/iKor62WhYgc_00.mp4,ACCIDENT-real,t-bone,accident,1,weak_clip_event_window,30.041667,10.21914,307,960,720,test,Virginia,Virginia::signalized_intersection,15,76,accident_time=3.417;type=t-bone
5GV2ouD2_hA_00__accident,/autodl-fs/data/traffic_accident_rnd/ACCIDENT_dataset/real_videos/5GV2ouD2_hA_00.mp4,ACCIDENT-real,t-bone,accident,1,weak_clip_event_window,29.330254,11.660315,342,2400,1080,test,Virginia,Virginia::highway,106,176,accident_time=11.086;type=t-bone
5GV2ouD2_hA_00__pre_event_non_accident,/autodl-fs/data/traffic_accident_rnd/ACCIDENT_dataset/real_videos/5GV2ouD2_hA_00.mp4,ACCIDENT-real,t-bone,non_accident,0,weak_clip_pre_event,29.330254,11.660315,342,2400,1080,test,Virginia,Virginia::highway,0,94,derived_pre_accident_until=8.086;weak_negative=true
k88wOc1q7kI_00__accident,/autodl-fs/data/traffic_accident_rnd/ACCIDENT_dataset/real_videos/k88wOc1q7kI_00.mp4,ACCIDENT-real,t-bone,accident,1,weak_clip_event_window,29.875,11.983264,358,960,720,test,Virginia,Virginia::signalized_intersection,56,128,accident_time=6.708;type=t-bone
k88wOc1q7kI_00__pre_event_non_accident,/autodl-fs/data/traffic_accident_rnd/ACCIDENT_dataset/real_videos/k88wOc1q7kI_00.mp4,ACCIDENT-real,t-bone,non_accident,0,weak_clip_pre_event,29.875,11.983264,358,960,720,test,Virginia,Virginia::signalized_intersection,0,44,derived_pre_accident_until=3.708;weak_negative=true
42g5gRbzYhY_00__accident,/autodl-fs/data/traffic_accident_rnd/ACCIDENT_dataset/real_videos/42g5gRbzYhY_00.mp4,ACCIDENT-real,single,accident,1,weak_clip_event_window,9.8,30.0,294,1080,720,test,Unknown,Unknown::grade_separated_intersection,161,294,accident_time=7.3666670000000005;type=single
42g5gRbzYhY_00__pre_event_non_accident,/autodl-fs/data/traffic_accident_rnd/ACCIDENT_dataset/real_videos/42g5gRbzYhY_00.mp4,ACCIDENT-real,single,non_accident,0,weak_clip_pre_event,9.8,30.0,294,1080,720,test,Unknown,Unknown::grade_separated_intersection,0,131,derived_pre_accident_until=4.367;weak_negative=true
42g5gRbzYhY_01__accident,/autodl-fs/data/traffic_accident_rnd/ACCIDENT_dataset/real_videos/42g5gRbzYhY_01.mp4,ACCIDENT-real,single,accident,1,weak_clip_event_window,9.5,30.0,285,1080,720,test,Unknown,Unknown::grade_separated_intersection,82,262,accident_time=4.733333;type=single
42g5gRbzYhY_01__pre_event_non_accident,/autodl-fs/data/traffic_accident_rnd/ACCIDENT_dataset/real_videos/42g5gRbzYhY_01.mp4,ACCIDENT-real,single,non_accident,0,weak_clip_pre_event,9.5,30.0,285,1080,720,test,Unknown,Unknown::grade_separated_intersection,0,52,derived_pre_accident_until=1.733;weak_negative=true
x8GY43DccAs_00__accident,/autodl-fs/data/traffic_accident_rnd/ACCIDENT_dataset/real_videos/x8GY43DccAs_00.mp4,ACCIDENT-real,sideswipe,accident,1,weak_clip_event_window,20.633333,30.0,619,854,384,test,Minnesota,Minnesota::highway,233,413,accident_time=9.767;type=sideswipe
x8GY43DccAs_00__pre_event_non_accident,/autodl-fs/data/traffic_accident_rnd/ACCIDENT_dataset/real_videos/x8GY43DccAs_00.mp4,ACCIDENT-real,sideswipe,non_accident,0,weak_clip_pre_event,20.633333,30.0,619,854,384,test,Minnesota,Minnesota::highway,0,203,derived_pre_accident_until=6.767;weak_negative=true
unTKXNwIN1A_00__accident,/autodl-fs/data/traffic_accident_rnd/ACCIDENT_dataset/real_videos/unTKXNwIN1A_00.mp4,ACCIDENT-real,sideswipe,accident,1,weak_clip_event_window,25.833333,29.922581,773,1620,1080,test,Minnesota,Minnesota::grade_separated_intersection,0,179,accident_time=1.967;type=sideswipe
oGQRRhrK2LA_00__accident,/autodl-fs/data/traffic_accident_rnd/ACCIDENT_dataset/real_videos/oGQRRhrK2LA_00.mp4,ACCIDENT-real,sideswipe,accident,1,weak_clip_event_window,15.666667,30.0,470,1620,1080,test,Minnesota,Minnesota::signalized_intersection,51,231,accident_time=3.7;type=sideswipe
SA_ZC0qlqdg_00__accident,/autodl-fs/data/traffic_accident_rnd/ACCIDENT_dataset/real_videos/SA_ZC0qlqdg_00.mp4,ACCIDENT-real,sideswipe,accident,1,weak_clip_event_window,25.0,20.92,523,1620,1080,test,Minnesota,Minnesota::signalized_intersection,77,203,accident_time=5.7;type=sideswipe
SA_ZC0qlqdg_00__pre_event_non_accident,/autodl-fs/data/traffic_accident_rnd/ACCIDENT_dataset/real_videos/SA_ZC0qlqdg_00.mp4,ACCIDENT-real,sideswipe,non_accident,0,weak_clip_pre_event,25.0,20.92,523,1620,1080,test,Minnesota,Minnesota::signalized_intersection,0,56,derived_pre_accident_until=2.700;weak_negative=true
lj2jsTChFEo_00__accident,/autodl-fs/data/traffic_accident_rnd/ACCIDENT_dataset/real_videos/lj2jsTChFEo_00.mp4,ACCIDENT-real,single,accident,1,weak_clip_event_window,27.733333,28.665865,795,1620,1080,train,Minnesota,Minnesota::highway,130,302,accident_time=6.533;type=single
lj2jsTChFEo_00__pre_event_non_accident,/autodl-fs/data/traffic_accident_rnd/ACCIDENT_dataset/real_videos/lj2jsTChFEo_00.mp4,ACCIDENT-real,single,non_accident,0,weak_clip_pre_event,27.733333,28.665865,795,1620,1080,train,Minnesota,Minnesota::highway,0,101,derived_pre_accident_until=3.533;weak_negative=true
aLrHglJ_H6o_00__accident,/autodl-fs/data/traffic_accident_rnd/ACCIDENT_dataset/real_videos/aLrHglJ_H6o_00.mp4,ACCIDENT-real,single,accident,1,weak_clip_event_window,7.133333,29.579439,211,3240,2160,test,Minnesota,Minnesota::highway,120,211,accident_time=6.067;type=single
aLrHglJ_H6o_00__pre_event_non_accident,/autodl-fs/data/traffic_accident_rnd/ACCIDENT_dataset/real_videos/aLrHglJ_H6o_00.mp4,ACCIDENT-real,single,non_accident,0,weak_clip_pre_event,7.133333,29.579439,211,3240,2160,test,Minnesota,Minnesota::highway,0,91,derived_pre_accident_until=3.067;weak_negative=true
yd7QK62ESfM_00__accident,/autodl-fs/data/traffic_accident_rnd/ACCIDENT_dataset/real_videos/yd7QK62ESfM_00.mp4,ACCIDENT-real,t-bone,accident,1,weak_clip_event_window,30.7,28.697068,881,1620,1080,test,Minnesota,Minnesota::signalized_intersection,0,172,accident_time=2.0;type=t-bone
7jr-TzLKTrU_00__accident,/autodl-fs/data/traffic_accident_rnd/ACCIDENT_dataset/real_videos/7jr-TzLKTrU_00.mp4,ACCIDENT-real,rear-end,accident,1,weak_clip_event_window,15.333333,29.543478,453,1080,720,test,Minnesota,Minnesota::signalized_intersection,0,165,accident_time=1.6;type=rear-end
rk8CtIpbG5w_00__accident,/autodl-fs/data/traffic_accident_rnd/ACCIDENT_dataset/real_videos/rk8CtIpbG5w_00.mp4,ACCIDENT-real,single,accident,1,weak_clip_event_window,30.0,29.766667,893,1080,720,train,Minnesota,Minnesota::highway,148,327,accident_time=7.0;type=single
rk8CtIpbG5w_00__pre_event_non_accident,/autodl-fs/data/traffic_accident_rnd/ACCIDENT_dataset/real_videos/rk8CtIpbG5w_00.mp4,ACCIDENT-real,single,non_accident,0,weak_clip_pre_event,30.0,29.766667,893,1080,720,train,Minnesota,Minnesota::highway,0,119,derived_pre_accident_until=4.000;weak_negative=true
pyq3j3CobZ0_00__accident,/autodl-fs/data/traffic_accident_rnd/ACCIDENT_dataset/real_videos/pyq3j3CobZ0_00.mp4,ACCIDENT-real,sideswipe,accident,1,weak_clip_event_window,9.7,29.793814,289,1080,720,test,Minnesota,Minnesota::grade_separated_intersection,43,222,accident_time=3.466666;type=sideswipe
Y3OQspLTLok_00__accident,/autodl-fs/data/traffic_accident_rnd/ACCIDENT_dataset/real_videos/Y3OQspLTLok_00.mp4,ACCIDENT-real,rear-end,accident,1,weak_clip_event_window,30.033333,29.933407,899,1080,720,train,Minnesota,Minnesota::grade_separated_intersection,64,244,accident_time=4.133333;type=rear-end
Y3OQspLTLok_00__pre_event_non_accident,/autodl-fs/data/traffic_accident_rnd/ACCIDENT_dataset/real_videos/Y3OQspLTLok_00.mp4,ACCIDENT-real,rear-end,non_accident,0,weak_clip_pre_event,30.033333,29.933407,899,1080,720,train,Minnesota,Minnesota::grade_separated_intersection,0,34,derived_pre_accident_until=1.133;weak_negative=true
64ZEWTQY7SY_00__accident,/autodl-fs/data/traffic_accident_rnd/ACCIDENT_dataset/real_videos/64ZEWTQY7SY_00.mp4,ACCIDENT-real,rear-end,accident,1,weak_clip_event_window,30.066667,29.933481,900,1080,720,train,Minnesota,Minnesota::highway,40,220,accident_time=3.333;type=rear-end
tmZqFNBoF-E_00__accident,/autodl-fs/data/traffic_accident_rnd/ACCIDENT_dataset/real_videos/tmZqFNBoF-E_00.mp4,ACCIDENT-real,sideswipe,accident,1,weak_clip_event_window,30.066667,20.587583,619,1620,1080,test,Minnesota,Minnesota::signalized_intersection,0,112,accident_time=1.467;type=sideswipe
7ZCKQq8C3X0_00__accident,/autodl-fs/data/traffic_accident_rnd/ACCIDENT_dataset/real_videos/7ZCKQq8C3X0_00.mp4,ACCIDENT-real,single,accident,1,weak_clip_event_window,30.033333,29.933407,899,1080,720,train,Minnesota,Minnesota::highway,64,244,accident_time=4.133333;type=single
7ZCKQq8C3X0_00__pre_event_non_accident,/autodl-fs/data/traffic_accident_rnd/ACCIDENT_dataset/real_videos/7ZCKQq8C3X0_00.mp4,ACCIDENT-real,single,non_accident,0,weak_clip_pre_event,30.033333,29.933407,899,1080,720,train,Minnesota,Minnesota::highway,0,34,derived_pre_accident_until=1.133;weak_negative=true
soihnyrvZms_00__accident,/autodl-fs/data/traffic_accident_rnd/ACCIDENT_dataset/real_videos/soihnyrvZms_00.mp4,ACCIDENT-real,rear-end,accident,1,weak_clip_event_window,16.6,30.0,498,1080,720,test,Minnesota,Minnesota::grade_separated_intersection,14,194,accident_time=2.4670000000000005;type=rear-end
6wS8Dv8-S8s_00__accident,/autodl-fs/data/traffic_accident_rnd/ACCIDENT_dataset/real_videos/6wS8Dv8-S8s_00.mp4,ACCIDENT-real,rear-end,accident,1,weak_clip_event_window,30.0,30.0,900,1080,720,test,Minnesota,Minnesota::grade_separated_intersection,577,757,accident_time=21.233333000000002;type=rear-end
6wS8Dv8-S8s_00__pre_event_non_accident,/autodl-fs/data/traffic_accident_rnd/ACCIDENT_dataset/real_videos/6wS8Dv8-S8s_00.mp4,ACCIDENT-real,rear-end,non_accident,0,weak_clip_pre_event,30.0,30.0,900,1080,720,test,Minnesota,Minnesota::grade_separated_intersection,0,547,derived_pre_accident_until=18.233;weak_negative=true
m33jiO8xGLk_00__accident,/autodl-fs/data/traffic_accident_rnd/ACCIDENT_dataset/real_videos/m33jiO8xGLk_00.mp4,ACCIDENT-real,rear-end,accident,1,weak_clip_event_window,30.066667,29.933481,900,1620,1080,test,Minnesota,Minnesota::highway,235,415,accident_time=9.867;type=rear-end
m33jiO8xGLk_00__pre_event_non_accident,/autodl-fs/data/traffic_accident_rnd/ACCIDENT_dataset/real_videos/m33jiO8xGLk_00.mp4,ACCIDENT-real,rear-end,non_accident,0,weak_clip_pre_event,30.066667,29.933481,900,1620,1080,test,Minnesota,Minnesota::highway,0,206,derived_pre_accident_until=6.867;weak_negative=true
9XfMq4ikGTU_00__accident,/autodl-fs/data/traffic_accident_rnd/ACCIDENT_dataset/real_videos/9XfMq4ikGTU_00.mp4,ACCIDENT-real,rear-end,accident,1,weak_clip_event_window,30.0,29.466667,884,1080,720,train,Minnesota,Minnesota::grade_separated_intersection,113,290,accident_time=5.8333330000000005;type=rear-end
9XfMq4ikGTU_00__pre_event_non_accident,/autodl-fs/data/traffic_accident_rnd/ACCIDENT_dataset/real_videos/9XfMq4ikGTU_00.mp4,ACCIDENT-real,rear-end,non_accident,0,weak_clip_pre_event,30.0,29.466667,884,1080,720,train,Minnesota,Minnesota::grade_separated_intersection,0,83,derived_pre_accident_until=2.833;weak_negative=true
_-XReeuhpiE_00__accident,/autodl-fs/data/traffic_accident_rnd/ACCIDENT_dataset/real_videos/_-XReeuhpiE_00.mp4,ACCIDENT-real,single,accident,1,weak_clip_event_window,30.0,23.2,696,1080,720,test,Minnesota,Minnesota::highway,18,157,accident_time=2.767;type=single
vR3sZ1IxPAo_00__accident,/autodl-fs/data/traffic_accident_rnd/ACCIDENT_dataset/real_videos/vR3sZ1IxPAo_00.mp4,ACCIDENT-real,single,accident,1,weak_clip_event_window,15.35,29.90228,459,3240,2160,test,Minnesota,Minnesota::highway,203,383,accident_time=8.8;type=single
vR3sZ1IxPAo_00__pre_event_non_accident,/autodl-fs/data/traffic_accident_rnd/ACCIDENT_dataset/real_videos/vR3sZ1IxPAo_00.mp4,ACCIDENT-real,single,non_accident,0,weak_clip_pre_event,15.35,29.90228,459,3240,2160,test,Minnesota,Minnesota::highway,0,173,derived_pre_accident_until=5.800;weak_negative=true
vR3sZ1IxPAo_01__accident,/autodl-fs/data/traffic_accident_rnd/ACCIDENT_dataset/real_videos/vR3sZ1IxPAo_01.mp4,ACCIDENT-real,single,accident,1,weak_clip_event_window,14.683333,29.965948,440,3240,2160,test,Minnesota,Minnesota::highway,214,394,accident_time=9.15;type=single
vR3sZ1IxPAo_01__pre_event_non_accident,/autodl-fs/data/traffic_accident_rnd/ACCIDENT_dataset/real_videos/vR3sZ1IxPAo_01.mp4,ACCIDENT-real,single,non_accident,0,weak_clip_pre_event,14.683333,29.965948,440,3240,2160,test,Minnesota,Minnesota::highway,0,184,derived_pre_accident_until=6.150;weak_negative=true
3gFe7GtkEPk_00__accident,/autodl-fs/data/traffic_accident_rnd/ACCIDENT_dataset/real_videos/3gFe7GtkEPk_00.mp4,ACCIDENT-real,single,accident,1,weak_clip_event_window,20.016667,30.024979,601,3240,2160,train,Virginia,Virginia::highway,303,483,accident_time=12.1;type=single
3gFe7GtkEPk_00__pre_event_non_accident,/autodl-fs/data/traffic_accident_rnd/ACCIDENT_dataset/real_videos/3gFe7GtkEPk_00.mp4,ACCIDENT-real,single,non_accident,0,weak_clip_pre_event,20.016667,30.024979,601,3240,2160,train,Virginia,Virginia::highway,0,273,derived_pre_accident_until=9.100;weak_negative=true
ao3VuM_p4_8_00__accident,/autodl-fs/data/traffic_accident_rnd/ACCIDENT_dataset/real_videos/ao3VuM_p4_8_00.mp4,ACCIDENT-real,single,accident,1,weak_clip_event_window,25.233333,29.92074,755,1620,1080,train,Minnesota,Minnesota::grade_separated_intersection,0,163,accident_time=1.4340000000000002;type=single
-T_E4YhtjyE_00__accident,/autodl-fs/data/traffic_accident_rnd/ACCIDENT_dataset/real_videos/-T_E4YhtjyE_00.mp4,ACCIDENT-real,single,accident,1,weak_clip_event_window,30.033333,29.933407,899,1080,720,train,Minnesota,Minnesota::highway,54,234,accident_time=3.8;type=single
QfHs3610Fw4_00__accident,/autodl-fs/data/traffic_accident_rnd/ACCIDENT_dataset/real_videos/QfHs3610Fw4_00.mp4,ACCIDENT-real,sideswipe,accident,1,weak_clip_event_window,30.033333,29.933407,899,1080,720,test,Minnesota,Minnesota::highway,40,220,accident_time=3.3333329999999997;type=sideswipe
75qRY47mjfQ_00__accident,/autodl-fs/data/traffic_accident_rnd/ACCIDENT_dataset/real_videos/75qRY47mjfQ_00.mp4,ACCIDENT-real,t-bone,accident,1,weak_clip_event_window,30.066667,29.501109,887,1080,720,test,Minnesota,Minnesota::signalized_intersection,94,271,accident_time=5.2;type=t-bone
75qRY47mjfQ_00__pre_event_non_accident,/autodl-fs/data/traffic_accident_rnd/ACCIDENT_dataset/real_videos/75qRY47mjfQ_00.mp4,ACCIDENT-real,t-bone,non_accident,0,weak_clip_pre_event,30.066667,29.501109,887,1080,720,test,Minnesota,Minnesota::signalized_intersection,0,65,derived_pre_accident_until=2.200;weak_negative=true
TPVutn4rHsU_00__accident,/autodl-fs/data/traffic_accident_rnd/ACCIDENT_dataset/real_videos/TPVutn4rHsU_00.mp4,ACCIDENT-real,single,accident,1,weak_clip_event_window,30.0,30.0,900,1080,720,test,Minnesota,Minnesota::grade_separated_intersection,28,208,accident_time=2.933;type=single
6CW7HogT0ZA_00__accident,/autodl-fs/data/traffic_accident_rnd/ACCIDENT_dataset/real_videos/6CW7HogT0ZA_00.mp4,ACCIDENT-real,single,accident,1,weak_clip_event_window,13.0,30.0,390,1080,720,test,Minnesota,Minnesota::grade_separated_intersection,23,203,accident_time=2.766666;type=single
vC6P5GxfX-Q_00__accident,/autodl-fs/data/traffic_accident_rnd/ACCIDENT_dataset/real_videos/vC6P5GxfX-Q_00.mp4,ACCIDENT-real,single,accident,1,weak_clip_event_window,30.033333,29.933407,899,1620,1080,train,Minnesota,Minnesota::highway,91,271,accident_time=5.033;type=single
vC6P5GxfX-Q_00__pre_event_non_accident,/autodl-fs/data/traffic_accident_rnd/ACCIDENT_dataset/real_videos/vC6P5GxfX-Q_00.mp4,ACCIDENT-real,single,non_accident,0,weak_clip_pre_event,30.033333,29.933407,899,1620,1080,train,Minnesota,Minnesota::highway,0,61,derived_pre_accident_until=2.033;weak_negative=true
obqvQOIyzL4_00__accident,/autodl-fs/data/traffic_accident_rnd/ACCIDENT_dataset/real_videos/obqvQOIyzL4_00.mp4,ACCIDENT-real,single,accident,1,weak_clip_event_window,30.033333,29.933407,899,1080,720,train,Minnesota,Minnesota::highway,236,416,accident_time=9.899999999999999;type=single
obqvQOIyzL4_00__pre_event_non_accident,/autodl-fs/data/traffic_accident_rnd/ACCIDENT_dataset/real_videos/obqvQOIyzL4_00.mp4,ACCIDENT-real,single,non_accident,0,weak_clip_pre_event,30.033333,29.933407,899,1080,720,train,Minnesota,Minnesota::highway,0,207,derived_pre_accident_until=6.900;weak_negative=true
ob6zKCT1SGE_00__accident,/autodl-fs/data/traffic_accident_rnd/ACCIDENT_dataset/real_videos/ob6zKCT1SGE_00.mp4,ACCIDENT-real,single,accident,1,weak_clip_event_window,26.533333,30.0,796,1080,720,test,Minnesota,Minnesota::grade_separated_intersection,111,291,accident_time=5.699999999999999;type=single
ob6zKCT1SGE_00__pre_event_non_accident,/autodl-fs/data/traffic_accident_rnd/ACCIDENT_dataset/real_videos/ob6zKCT1SGE_00.mp4,ACCIDENT-real,single,non_accident,0,weak_clip_pre_event,26.533333,30.0,796,1080,720,test,Minnesota,Minnesota::grade_separated_intersection,0,81,derived_pre_accident_until=2.700;weak_negative=true
QnEqrBCB7Ak_00__accident,/autodl-fs/data/traffic_accident_rnd/ACCIDENT_dataset/real_videos/QnEqrBCB7Ak_00.mp4,ACCIDENT-real,t-bone,accident,1,weak_clip_event_window,30.033333,29.933407,899,1080,720,test,Minnesota,Minnesota::signalized_intersection,44,224,accident_time=3.466666;type=t-bone
v45DbbZotgI_00__accident,/autodl-fs/data/traffic_accident_rnd/ACCIDENT_dataset/real_videos/v45DbbZotgI_00.mp4,ACCIDENT-real,single,accident,1,weak_clip_event_window,30.0,30.0,900,1080,720,test,Minnesota,Minnesota::highway,56,236,accident_time=3.867;type=single
ZQOzzKybkTA_00__accident,/autodl-fs/data/traffic_accident_rnd/ACCIDENT_dataset/real_videos/ZQOzzKybkTA_00.mp4,ACCIDENT-real,single,accident,1,weak_clip_event_window,30.033333,29.36737,882,1080,720,train,Minnesota,Minnesota::grade_separated_intersection,274,450,accident_time=11.333333;type=single
ZQOzzKybkTA_00__pre_event_non_accident,/autodl-fs/data/traffic_accident_rnd/ACCIDENT_dataset/real_videos/ZQOzzKybkTA_00.mp4,ACCIDENT-real,single,non_accident,0,weak_clip_pre_event,30.033333,29.36737,882,1080,720,train,Minnesota,Minnesota::grade_separated_intersection,0,245,derived_pre_accident_until=8.333;weak_negative=true
Vh13EbZJAiA_00__accident,/autodl-fs/data/traffic_accident_rnd/ACCIDENT_dataset/real_videos/Vh13EbZJAiA_00.mp4,ACCIDENT-real,single,accident,1,weak_clip_event_window,25.966667,30.0,779,1620,1080,train,Minnesota,Minnesota::grade_separated_intersection,393,573,accident_time=15.1;type=single
Vh13EbZJAiA_00__pre_event_non_accident,/autodl-fs/data/traffic_accident_rnd/ACCIDENT_dataset/real_videos/Vh13EbZJAiA_00.mp4,ACCIDENT-real,single,non_accident,0,weak_clip_pre_event,25.966667,30.0,779,1620,1080,train,Minnesota,Minnesota::grade_separated_intersection,0,363,derived_pre_accident_until=12.100;weak_negative=true
GtL1Onu28Iw_00__accident,/autodl-fs/data/traffic_accident_rnd/ACCIDENT_dataset/real_videos/GtL1Onu28Iw_00.mp4,ACCIDENT-real,single,accident,1,weak_clip_event_window,11.6,26.982759,313,1080,720,test,Minnesota,Minnesota::highway,190,313,accident_time=9.033332999999999;type=single
GtL1Onu28Iw_00__pre_event_non_accident,/autodl-fs/data/traffic_accident_rnd/ACCIDENT_dataset/real_videos/GtL1Onu28Iw_00.mp4,ACCIDENT-real,single,non_accident,0,weak_clip_pre_event,11.6,26.982759,313,1080,720,test,Minnesota,Minnesota::highway,0,163,derived_pre_accident_until=6.033;weak_negative=true
BY9XdpYwLto_00__accident,/autodl-fs/data/traffic_accident_rnd/ACCIDENT_dataset/real_videos/BY9XdpYwLto_00.mp4,ACCIDENT-real,single,accident,1,weak_clip_event_window,29.933333,9.22049,276,1620,1080,test,Minnesota,Minnesota::signalized_intersection,5,60,accident_time=2.467;type=single
cHJRsctghpY_00__accident,/autodl-fs/data/traffic_accident_rnd/ACCIDENT_dataset/real_videos/cHJRsctghpY_00.mp4,ACCIDENT-real,t-bone,accident,1,weak_clip_event_window,30.033333,30.0,901,1620,1080,test,Minnesota,Minnesota::signalized_intersection,71,251,accident_time=4.367;type=t-bone
cHJRsctghpY_00__pre_event_non_accident,/autodl-fs/data/traffic_accident_rnd/ACCIDENT_dataset/real_videos/cHJRsctghpY_00.mp4,ACCIDENT-real,t-bone,non_accident,0,weak_clip_pre_event,30.033333,30.0,901,1620,1080,test,Minnesota,Minnesota::signalized_intersection,0,41,derived_pre_accident_until=1.367;weak_negative=true
aD4MQN4ZM18_00__accident,/autodl-fs/data/traffic_accident_rnd/ACCIDENT_dataset/real_videos/aD4MQN4ZM18_00.mp4,ACCIDENT-real,t-bone,accident,1,weak_clip_event_window,5.933333,29.494382,175,1080,720,test,Minnesota,Minnesota::signalized_intersection,74,175,accident_time=4.5;type=t-bone
aD4MQN4ZM18_00__pre_event_non_accident,/autodl-fs/data/traffic_accident_rnd/ACCIDENT_dataset/real_videos/aD4MQN4ZM18_00.mp4,ACCIDENT-real,t-bone,non_accident,0,weak_clip_pre_event,5.933333,29.494382,175,1080,720,test,Minnesota,Minnesota::signalized_intersection,0,44,derived_pre_accident_until=1.500;weak_negative=true
6eUG-Pp36_s_00__accident,/autodl-fs/data/traffic_accident_rnd/ACCIDENT_dataset/real_videos/6eUG-Pp36_s_00.mp4,ACCIDENT-real,head-on,accident,1,weak_clip_event_window,20.1,26.069652,524,854,384,test,Minnesota,Minnesota::signalized_intersection,242,398,accident_time=11.267000000000001;type=head-on
6eUG-Pp36_s_00__pre_event_non_accident,/autodl-fs/data/traffic_accident_rnd/ACCIDENT_dataset/real_videos/6eUG-Pp36_s_00.mp4,ACCIDENT-real,head-on,non_accident,0,weak_clip_pre_event,20.1,26.069652,524,854,384,test,Minnesota,Minnesota::signalized_intersection,0,216,derived_pre_accident_until=8.267;weak_negative=true
ZkHzHo_PvIM_00__accident,/autodl-fs/data/traffic_accident_rnd/ACCIDENT_dataset/real_videos/ZkHzHo_PvIM_00.mp4,ACCIDENT-real,t-bone,accident,1,weak_clip_event_window,25.633333,21.612484,554,1620,1080,test,Minnesota,Minnesota::signalized_intersection,44,173,accident_time=4.033;type=t-bone
ZkHzHo_PvIM_00__pre_event_non_accident,/autodl-fs/data/traffic_accident_rnd/ACCIDENT_dataset/real_videos/ZkHzHo_PvIM_00.mp4,ACCIDENT-real,t-bone,non_accident,0,weak_clip_pre_event,25.633333,21.612484,554,1620,1080,test,Minnesota,Minnesota::signalized_intersection,0,22,derived_pre_accident_until=1.033;weak_negative=true
9tBAfjjPEkw_00__accident,/autodl-fs/data/traffic_accident_rnd/ACCIDENT_dataset/real_videos/9tBAfjjPEkw_00.mp4,ACCIDENT-real,t-bone,accident,1,weak_clip_event_window,25.3,29.130435,737,1920,1080,test,Minnesota,Minnesota::signalized_intersection,75,250,accident_time=4.567;type=t-bone
9tBAfjjPEkw_00__pre_event_non_accident,/autodl-fs/data/traffic_accident_rnd/ACCIDENT_dataset/real_videos/9tBAfjjPEkw_00.mp4,ACCIDENT-real,t-bone,non_accident,0,weak_clip_pre_event,25.3,29.130435,737,1920,1080,test,Minnesota,Minnesota::signalized_intersection,0,46,derived_pre_accident_until=1.567;weak_negative=true
GbIQab3ECjI_00__accident,/autodl-fs/data/traffic_accident_rnd/ACCIDENT_dataset/real_videos/GbIQab3ECjI_00.mp4,ACCIDENT-real,t-bone,accident,1,weak_clip_event_window,30.166667,17.005525,513,1350,1080,test,Minnesota,Minnesota::signalized_intersection,73,175,accident_time=6.3;type=t-bone
GbIQab3ECjI_00__pre_event_non_accident,/autodl-fs/data/traffic_accident_rnd/ACCIDENT_dataset/real_videos/GbIQab3ECjI_00.mp4,ACCIDENT-real,t-bone,non_accident,0,weak_clip_pre_event,30.166667,17.005525,513,1350,1080,test,Minnesota,Minnesota::signalized_intersection,0,56,derived_pre_accident_until=3.300;weak_negative=true
DTPQZJzsoXY_00__accident,/autodl-fs/data/traffic_accident_rnd/ACCIDENT_dataset/real_videos/DTPQZJzsoXY_00.mp4,ACCIDENT-real,rear-end,accident,1,weak_clip_event_window,4.3,30.0,129,1080,720,test,Minnesota,Minnesota::grade_separated_intersection,38,129,accident_time=3.2669999999999995;type=rear-end
Pjuu3TEEonY_00__accident,/autodl-fs/data/traffic_accident_rnd/ACCIDENT_dataset/real_videos/Pjuu3TEEonY_00.mp4,ACCIDENT-real,single,accident,1,weak_clip_event_window,10.566667,25.741325,272,1620,1080,test,Minnesota,Minnesota::grade_separated_intersection,67,221,accident_time=4.6;type=single
Pjuu3TEEonY_00__pre_event_non_accident,/autodl-fs/data/traffic_accident_rnd/ACCIDENT_dataset/real_videos/Pjuu3TEEonY_00.mp4,ACCIDENT-real,single,non_accident,0,weak_clip_pre_event,10.566667,25.741325,272,1620,1080,test,Minnesota,Minnesota::grade_separated_intersection,0,41,derived_pre_accident_until=1.600;weak_negative=true
swjfOB7CzTM_00__accident,/autodl-fs/data/traffic_accident_rnd/ACCIDENT_dataset/real_videos/swjfOB7CzTM_00.mp4,ACCIDENT-real,t-bone,accident,1,weak_clip_event_window,30.0,27.733333,832,1620,1080,test,Minnesota,Minnesota::highway,204,370,accident_time=9.333;type=t-bone
swjfOB7CzTM_00__pre_event_non_accident,/autodl-fs/data/traffic_accident_rnd/ACCIDENT_dataset/real_videos/swjfOB7CzTM_00.mp4,ACCIDENT-real,t-bone,non_accident,0,weak_clip_pre_event,30.0,27.733333,832,1620,1080,test,Minnesota,Minnesota::highway,0,176,derived_pre_accident_until=6.333;weak_negative=true
aTlLIoo3nCE_00__accident,/autodl-fs/data/traffic_accident_rnd/ACCIDENT_dataset/real_videos/aTlLIoo3nCE_00.mp4,ACCIDENT-real,single,accident,1,weak_clip_event_window,20.733333,30.0,622,1620,1080,train,Minnesota,Minnesota::highway,29,209,accident_time=2.967;type=single
wSuWfSgwKZU_00__accident,/autodl-fs/data/traffic_accident_rnd/ACCIDENT_dataset/real_videos/wSuWfSgwKZU_00.mp4,ACCIDENT-real,t-bone,accident,1,weak_clip_event_window,4.666667,29.785714,139,1620,1080,test,Minnesota,Minnesota::highway,61,139,accident_time=4.067;type=t-bone
wSuWfSgwKZU_00__pre_event_non_accident,/autodl-fs/data/traffic_accident_rnd/ACCIDENT_dataset/real_videos/wSuWfSgwKZU_00.mp4,ACCIDENT-real,t-bone,non_accident,0,weak_clip_pre_event,4.666667,29.785714,139,1620,1080,test,Minnesota,Minnesota::highway,0,32,derived_pre_accident_until=1.067;weak_negative=true
Mk3DdsuI71U_00__accident,/autodl-fs/data/traffic_accident_rnd/ACCIDENT_dataset/real_videos/Mk3DdsuI71U_00.mp4,ACCIDENT-real,t-bone,accident,1,weak_clip_event_window,30.0,30.0,900,1080,720,test,Minnesota,Minnesota::highway,160,340,accident_time=7.3333330000000005;type=t-bone
Mk3DdsuI71U_00__pre_event_non_accident,/autodl-fs/data/traffic_accident_rnd/ACCIDENT_dataset/real_videos/Mk3DdsuI71U_00.mp4,ACCIDENT-real,t-bone,non_accident,0,weak_clip_pre_event,30.0,30.0,900,1080,720,test,Minnesota,Minnesota::highway,0,130,derived_pre_accident_until=4.333;weak_negative=true
mmEiKiU-ZLs_00__accident,/autodl-fs/data/traffic_accident_rnd/ACCIDENT_dataset/real_videos/mmEiKiU-ZLs_00.mp4,ACCIDENT-real,single,accident,1,weak_clip_event_window,30.033333,19.944506,599,1620,1080,test,Minnesota,Minnesota::highway,76,196,accident_time=5.833;type=single
mmEiKiU-ZLs_00__pre_event_non_accident,/autodl-fs/data/traffic_accident_rnd/ACCIDENT_dataset/real_videos/mmEiKiU-ZLs_00.mp4,ACCIDENT-real,single,non_accident,0,weak_clip_pre_event,30.033333,19.944506,599,1620,1080,test,Minnesota,Minnesota::highway,0,57,derived_pre_accident_until=2.833;weak_negative=true
gKNkwyn6a-o_00__accident,/autodl-fs/data/traffic_accident_rnd/ACCIDENT_dataset/real_videos/gKNkwyn6a-o_00.mp4,ACCIDENT-real,t-bone,accident,1,weak_clip_event_window,20.133333,28.013245,564,1920,1080,test,Minnesota,Minnesota::signalized_intersection,78,246,accident_time=4.766667;type=t-bone
gKNkwyn6a-o_00__pre_event_non_accident,/autodl-fs/data/traffic_accident_rnd/ACCIDENT_dataset/real_videos/gKNkwyn6a-o_00.mp4,ACCIDENT-real,t-bone,non_accident,0,weak_clip_pre_event,20.133333,28.013245,564,1920,1080,test,Minnesota,Minnesota::signalized_intersection,0,49,derived_pre_accident_until=1.767;weak_negative=true
1koo-2ZTC9U_00__accident,/autodl-fs/data/traffic_accident_rnd/ACCIDENT_dataset/real_videos/1koo-2ZTC9U_00.mp4,ACCIDENT-real,single,accident,1,weak_clip_event_window,15.466667,29.87069,462,1620,1080,test,Minnesota,Minnesota::highway,52,231,accident_time=3.733;type=single
Cfot7TRlxAQ_00__accident,/autodl-fs/data/traffic_accident_rnd/ACCIDENT_dataset/real_videos/Cfot7TRlxAQ_00.mp4,ACCIDENT-real,head-on,accident,1,weak_clip_event_window,6.333333,27.157895,172,1620,1080,test,Minnesota,Minnesota::signalized_intersection,90,172,accident_time=5.300000000000001;type=head-on
Cfot7TRlxAQ_00__pre_event_non_accident,/autodl-fs/data/traffic_accident_rnd/ACCIDENT_dataset/real_videos/Cfot7TRlxAQ_00.mp4,ACCIDENT-real,head-on,non_accident,0,weak_clip_pre_event,6.333333,27.157895,172,1620,1080,test,Minnesota,Minnesota::signalized_intersection,0,62,derived_pre_accident_until=2.300;weak_negative=true
at2_tQSDlKg_00__accident,/autodl-fs/data/traffic_accident_rnd/ACCIDENT_dataset/real_videos/at2_tQSDlKg_00.mp4,ACCIDENT-real,sideswipe,accident,1,weak_clip_event_window,30.0,30.0,900,1080,720,test,Minnesota,Minnesota::grade_separated_intersection,0,162,accident_time=1.4000000000000001;type=sideswipe
jzFOvz-C9q0_00__accident,/autodl-fs/data/traffic_accident_rnd/ACCIDENT_dataset/real_videos/jzFOvz-C9q0_00.mp4,ACCIDENT-real,sideswipe,accident,1,weak_clip_event_window,27.466667,30.0,824,1080,720,train,Minnesota,Minnesota::highway,95,275,accident_time=5.166667;type=sideswipe
jzFOvz-C9q0_00__pre_event_non_accident,/autodl-fs/data/traffic_accident_rnd/ACCIDENT_dataset/real_videos/jzFOvz-C9q0_00.mp4,ACCIDENT-real,sideswipe,non_accident,0,weak_clip_pre_event,27.466667,30.0,824,1080,720,train,Minnesota,Minnesota::highway,0,65,derived_pre_accident_until=2.167;weak_negative=true
wJBN4-qBBWI_00__accident,/autodl-fs/data/traffic_accident_rnd/ACCIDENT_dataset/real_videos/wJBN4-qBBWI_00.mp4,ACCIDENT-real,single,accident,1,weak_clip_event_window,30.066667,29.933481,900,1920,1080,test,Minnesota,Minnesota::highway,121,301,accident_time=6.033;type=single
wJBN4-qBBWI_00__pre_event_non_accident,/autodl-fs/data/traffic_accident_rnd/ACCIDENT_dataset/real_videos/wJBN4-qBBWI_00.mp4,ACCIDENT-real,single,non_accident,0,weak_clip_pre_event,30.066667,29.933481,900,1920,1080,test,Minnesota,Minnesota::highway,0,91,derived_pre_accident_until=3.033;weak_negative=true
CuKoIfFdF_U_00__accident,/autodl-fs/data/traffic_accident_rnd/ACCIDENT_dataset/real_videos/CuKoIfFdF_U_00.mp4,ACCIDENT-real,t-bone,accident,1,weak_clip_event_window,30.033333,27.63596,830,1620,1080,test,Minnesota,Minnesota::signalized_intersection,105,271,accident_time=5.8;type=t-bone
CuKoIfFdF_U_00__pre_event_non_accident,/autodl-fs/data/traffic_accident_rnd/ACCIDENT_dataset/real_videos/CuKoIfFdF_U_00.mp4,ACCIDENT-real,t-bone,non_accident,0,weak_clip_pre_event,30.033333,27.63596,830,1620,1080,test,Minnesota,Minnesota::signalized_intersection,0,77,derived_pre_accident_until=2.800;weak_negative=true
LosVYAhNYlY_00__accident,/autodl-fs/data/traffic_accident_rnd/ACCIDENT_dataset/real_videos/LosVYAhNYlY_00.mp4,ACCIDENT-real,t-bone,accident,1,weak_clip_event_window,7.533333,26.415929,199,1080,720,test,Minnesota,Minnesota::signalized_intersection,44,199,accident_time=3.667;type=t-bone
tAGibqigAx0_00__accident,/autodl-fs/data/traffic_accident_rnd/ACCIDENT_dataset/real_videos/tAGibqigAx0_00.mp4,ACCIDENT-real,head-on,accident,1,weak_clip_event_window,30.033333,30.0,901,1080,720,test,Minnesota,Minnesota::signalized_intersection,60,240,accident_time=4.0;type=head-on
tAGibqigAx0_00__pre_event_non_accident,/autodl-fs/data/traffic_accident_rnd/ACCIDENT_dataset/real_videos/tAGibqigAx0_00.mp4,ACCIDENT-real,head-on,non_accident,0,weak_clip_pre_event,30.033333,30.0,901,1080,720,test,Minnesota,Minnesota::signalized_intersection,0,30,derived_pre_accident_until=1.000;weak_negative=true
W5YikE19nkc_00__accident,/autodl-fs/data/traffic_accident_rnd/ACCIDENT_dataset/real_videos/W5YikE19nkc_00.mp4,ACCIDENT-real,t-bone,accident,1,weak_clip_event_window,30.066667,29.933481,900,1620,1080,test,Minnesota,Minnesota::signalized_intersection,134,314,accident_time=6.467;type=t-bone
W5YikE19nkc_00__pre_event_non_accident,/autodl-fs/data/traffic_accident_rnd/ACCIDENT_dataset/real_videos/W5YikE19nkc_00.mp4,ACCIDENT-real,t-bone,non_accident,0,weak_clip_pre_event,30.066667,29.933481,900,1620,1080,test,Minnesota,Minnesota::signalized_intersection,0,104,derived_pre_accident_until=3.467;weak_negative=true
n4SC6GEp99A_00__accident,/autodl-fs/data/traffic_accident_rnd/ACCIDENT_dataset/real_videos/n4SC6GEp99A_00.mp4,ACCIDENT-real,t-bone,accident,1,weak_clip_event_window,30.033333,26.470588,795,1620,1080,test,Minnesota,Minnesota::signalized_intersection,82,241,accident_time=5.1;type=t-bone
n4SC6GEp99A_00__pre_event_non_accident,/autodl-fs/data/traffic_accident_rnd/ACCIDENT_dataset/real_videos/n4SC6GEp99A_00.mp4,ACCIDENT-real,t-bone,non_accident,0,weak_clip_pre_event,30.033333,26.470588,795,1620,1080,test,Minnesota,Minnesota::signalized_intersection,0,56,derived_pre_accident_until=2.100;weak_negative=true
QmNsR_29zIs_00__accident,/autodl-fs/data/traffic_accident_rnd/ACCIDENT_dataset/real_videos/QmNsR_29zIs_00.mp4,ACCIDENT-real,t-bone,accident,1,weak_clip_event_window,25.666667,28.480519,731,1620,1080,test,Minnesota,Minnesota::signalized_intersection,355,526,accident_time=14.467;type=t-bone
QmNsR_29zIs_00__pre_event_non_accident,/autodl-fs/data/traffic_accident_rnd/ACCIDENT_dataset/real_videos/QmNsR_29zIs_00.mp4,ACCIDENT-real,t-bone,non_accident,0,weak_clip_pre_event,25.666667,28.480519,731,1620,1080,test,Minnesota,Minnesota::signalized_intersection,0,327,derived_pre_accident_until=11.467;weak_negative=true
0a405keDKpc_00__accident,/autodl-fs/data/traffic_accident_rnd/ACCIDENT_dataset/real_videos/0a405keDKpc_00.mp4,ACCIDENT-real,t-bone,accident,1,weak_clip_event_window,30.033333,30.0,901,1620,1080,test,Minnesota,Minnesota::signalized_intersection,211,391,accident_time=9.033;type=t-bone
0a405keDKpc_00__pre_event_non_accident,/autodl-fs/data/traffic_accident_rnd/ACCIDENT_dataset/real_videos/0a405keDKpc_00.mp4,ACCIDENT-real,t-bone,non_accident,0,weak_clip_pre_event,30.033333,30.0,901,1620,1080,test,Minnesota,Minnesota::signalized_intersection,0,181,derived_pre_accident_until=6.033;weak_negative=true
XGmx0mhtM_A_00__accident,/autodl-fs/data/traffic_accident_rnd/ACCIDENT_dataset/real_videos/XGmx0mhtM_A_00.mp4,ACCIDENT-real,t-bone,accident,1,weak_clip_event_window,30.066667,23.381375,703,1080,720,test,Minnesota,Minnesota::signalized_intersection,103,244,accident_time=6.433;type=t-bone
XGmx0mhtM_A_00__pre_event_non_accident,/autodl-fs/data/traffic_accident_rnd/ACCIDENT_dataset/real_videos/XGmx0mhtM_A_00.mp4,ACCIDENT-real,t-bone,non_accident,0,weak_clip_pre_event,30.066667,23.381375,703,1080,720,test,Minnesota,Minnesota::signalized_intersection,0,80,derived_pre_accident_until=3.433;weak_negative=true
hgm6sQUl8Yg_00__accident,/autodl-fs/data/traffic_accident_rnd/ACCIDENT_dataset/real_videos/hgm6sQUl8Yg_00.mp4,ACCIDENT-real,single,accident,1,weak_clip_event_window,25.266667,29.920844,756,1620,1080,test,Minnesota,Minnesota::highway,0,160,accident_time=1.333;type=single
WgD4Rf1J8P4_00__accident,/autodl-fs/data/traffic_accident_rnd/ACCIDENT_dataset/real_videos/WgD4Rf1J8P4_00.mp4,ACCIDENT-real,t-bone,accident,1,weak_clip_event_window,30.033333,27.63596,830,1620,1080,test,Minnesota,Minnesota::signalized_intersection,128,294,accident_time=6.633;type=t-bone
WgD4Rf1J8P4_00__pre_event_non_accident,/autodl-fs/data/traffic_accident_rnd/ACCIDENT_dataset/real_videos/WgD4Rf1J8P4_00.mp4,ACCIDENT-real,t-bone,non_accident,0,weak_clip_pre_event,30.033333,27.63596,830,1620,1080,test,Minnesota,Minnesota::signalized_intersection,0,100,derived_pre_accident_until=3.633;weak_negative=true
7Q6tqECKuVw_00__accident,/autodl-fs/data/traffic_accident_rnd/ACCIDENT_dataset/real_videos/7Q6tqECKuVw_00.mp4,ACCIDENT-real,single,accident,1,weak_clip_event_window,30.0,29.333333,880,1080,720,test,Minnesota,Minnesota::highway,181,357,accident_time=8.167;type=single
7Q6tqECKuVw_00__pre_event_non_accident,/autodl-fs/data/traffic_accident_rnd/ACCIDENT_dataset/real_videos/7Q6tqECKuVw_00.mp4,ACCIDENT-real,single,non_accident,0,weak_clip_pre_event,30.0,29.333333,880,1080,720,test,Minnesota,Minnesota::highway,0,152,derived_pre_accident_until=5.167;weak_negative=true
bMFK3B5qPiE_00__accident,/autodl-fs/data/traffic_accident_rnd/ACCIDENT_dataset/real_videos/bMFK3B5qPiE_00.mp4,ACCIDENT-real,single,accident,1,weak_clip_event_window,30.0,30.0,900,1080,720,test,Minnesota,Minnesota::highway,110,290,accident_time=5.666666;type=single
bMFK3B5qPiE_00__pre_event_non_accident,/autodl-fs/data/traffic_accident_rnd/ACCIDENT_dataset/real_videos/bMFK3B5qPiE_00.mp4,ACCIDENT-real,single,non_accident,0,weak_clip_pre_event,30.0,30.0,900,1080,720,test,Minnesota,Minnesota::highway,0,80,derived_pre_accident_until=2.667;weak_negative=true
9BbYjDDO59w_00__accident,/autodl-fs/data/traffic_accident_rnd/ACCIDENT_dataset/real_videos/9BbYjDDO59w_00.mp4,ACCIDENT-real,sideswipe,accident,1,weak_clip_event_window,3.8,29.736842,113,1620,1080,test,Minnesota,Minnesota::highway,0,113,accident_time=1.5670000000000002;type=sideswipe
r_hzgvP7sJg_00__accident,/autodl-fs/data/traffic_accident_rnd/ACCIDENT_dataset/real_videos/r_hzgvP7sJg_00.mp4,ACCIDENT-real,t-bone,accident,1,weak_clip_event_window,32.0,26.0625,834,1620,1080,test,Minnesota,Minnesota::signalized_intersection,89,245,accident_time=5.4;type=t-bone
r_hzgvP7sJg_00__pre_event_non_accident,/autodl-fs/data/traffic_accident_rnd/ACCIDENT_dataset/real_videos/r_hzgvP7sJg_00.mp4,ACCIDENT-real,t-bone,non_accident,0,weak_clip_pre_event,32.0,26.0625,834,1620,1080,test,Minnesota,Minnesota::signalized_intersection,0,63,derived_pre_accident_until=2.400;weak_negative=true
rqXj43PDmBw_00__accident,/autodl-fs/data/traffic_accident_rnd/ACCIDENT_dataset/real_videos/rqXj43PDmBw_00.mp4,ACCIDENT-real,single,accident,1,weak_clip_event_window,23.166667,29.956835,694,1080,720,test,Minnesota,Minnesota::highway,367,547,accident_time=14.267;type=single
rqXj43PDmBw_00__pre_event_non_accident,/autodl-fs/data/traffic_accident_rnd/ACCIDENT_dataset/real_videos/rqXj43PDmBw_00.mp4,ACCIDENT-real,single,non_accident,0,weak_clip_pre_event,23.166667,29.956835,694,1080,720,test,Minnesota,Minnesota::highway,0,338,derived_pre_accident_until=11.267;weak_negative=true
T1g7fA6Ad-g_00__accident,/autodl-fs/data/traffic_accident_rnd/ACCIDENT_dataset/real_videos/T1g7fA6Ad-g_00.mp4,ACCIDENT-real,single,accident,1,weak_clip_event_window,25.266667,30.0,758,1620,1080,test,Minnesota,Minnesota::highway,42,222,accident_time=3.4;type=single
7FzkwCUqP1Y_00__accident,/autodl-fs/data/traffic_accident_rnd/ACCIDENT_dataset/real_videos/7FzkwCUqP1Y_00.mp4,ACCIDENT-real,t-bone,accident,1,weak_clip_event_window,29.6,28.817568,853,2400,1080,test,Minnesota,Minnesota::simple_intersection,122,295,accident_time=6.233;type=t-bone
7FzkwCUqP1Y_00__pre_event_non_accident,/autodl-fs/data/traffic_accident_rnd/ACCIDENT_dataset/real_videos/7FzkwCUqP1Y_00.mp4,ACCIDENT-real,t-bone,non_accident,0,weak_clip_pre_event,29.6,28.817568,853,2400,1080,test,Minnesota,Minnesota::simple_intersection,0,93,derived_pre_accident_until=3.233;weak_negative=true
Ly7szYRjMdw_00__accident,/autodl-fs/data/traffic_accident_rnd/ACCIDENT_dataset/real_videos/Ly7szYRjMdw_00.mp4,ACCIDENT-real,single,accident,1,weak_clip_event_window,14.033333,23.301663,327,1620,1080,test,Minnesota,Minnesota::highway,87,227,accident_time=5.733;type=single
Ly7szYRjMdw_00__pre_event_non_accident,/autodl-fs/data/traffic_accident_rnd/ACCIDENT_dataset/real_videos/Ly7szYRjMdw_00.mp4,ACCIDENT-real,single,non_accident,0,weak_clip_pre_event,14.033333,23.301663,327,1620,1080,test,Minnesota,Minnesota::highway,0,64,derived_pre_accident_until=2.733;weak_negative=true
jPM0jwxK2W8_00__accident,/autodl-fs/data/traffic_accident_rnd/ACCIDENT_dataset/real_videos/jPM0jwxK2W8_00.mp4,ACCIDENT-real,single,accident,1,weak_clip_event_window,29.533333,10.936795,323,1080,720,test,Minnesota,Minnesota::signalized_intersection,0,63,accident_time=1.7;type=single
9nmufil1vvo_00__accident,/autodl-fs/data/traffic_accident_rnd/ACCIDENT_dataset/real_videos/9nmufil1vvo_00.mp4,ACCIDENT-real,t-bone,accident,1,weak_clip_event_window,15.066667,29.402655,443,1620,1080,test,Minnesota,Minnesota::signalized_intersection,90,267,accident_time=5.067;type=t-bone
9nmufil1vvo_00__pre_event_non_accident,/autodl-fs/data/traffic_accident_rnd/ACCIDENT_dataset/real_videos/9nmufil1vvo_00.mp4,ACCIDENT-real,t-bone,non_accident,0,weak_clip_pre_event,15.066667,29.402655,443,1620,1080,test,Minnesota,Minnesota::signalized_intersection,0,61,derived_pre_accident_until=2.067;weak_negative=true
bUn3nfDgLEs_00__accident,/autodl-fs/data/traffic_accident_rnd/ACCIDENT_dataset/real_videos/bUn3nfDgLEs_00.mp4,ACCIDENT-real,head-on,accident,1,weak_clip_event_window,30.0,29.933333,898,880,720,test,Mississippi,Mississippi::signalized_intersection,95,275,accident_time=5.167;type=head-on
bUn3nfDgLEs_00__pre_event_non_accident,/autodl-fs/data/traffic_accident_rnd/ACCIDENT_dataset/real_videos/bUn3nfDgLEs_00.mp4,ACCIDENT-real,head-on,non_accident,0,weak_clip_pre_event,30.0,29.933333,898,880,720,test,Mississippi,Mississippi::signalized_intersection,0,65,derived_pre_accident_until=2.167;weak_negative=true
4geYk_miUzo_00__accident,/autodl-fs/data/traffic_accident_rnd/ACCIDENT_dataset/real_videos/4geYk_miUzo_00.mp4,ACCIDENT-real,rear-end,accident,1,weak_clip_event_window,30.0,29.766667,893,960,720,test,Mississippi,Mississippi::highway,27,206,accident_time=2.9333329999999997;type=rear-end
4Bde0lYQ4mg_00__accident,/autodl-fs/data/traffic_accident_rnd/ACCIDENT_dataset/real_videos/4Bde0lYQ4mg_00.mp4,ACCIDENT-real,t-bone,accident,1,weak_clip_event_window,30.041667,14.979196,450,880,720,test,Mississippi,Mississippi::signalized_intersection,14,104,accident_time=2.958;type=t-bone
0PrAtifCwjg_00__accident,/autodl-fs/data/traffic_accident_rnd/ACCIDENT_dataset/real_videos/0PrAtifCwjg_00.mp4,ACCIDENT-real,head-on,accident,1,weak_clip_event_window,30.033333,24.372919,732,880,720,test,Mississippi,Mississippi::signalized_intersection,63,209,accident_time=4.6;type=head-on
0PrAtifCwjg_00__pre_event_non_accident,/autodl-fs/data/traffic_accident_rnd/ACCIDENT_dataset/real_videos/0PrAtifCwjg_00.mp4,ACCIDENT-real,head-on,non_accident,0,weak_clip_pre_event,30.033333,24.372919,732,880,720,test,Mississippi,Mississippi::signalized_intersection,0,39,derived_pre_accident_until=1.600;weak_negative=true
xUocvk0m-mc_00__accident,/autodl-fs/data/traffic_accident_rnd/ACCIDENT_dataset/real_videos/xUocvk0m-mc_00.mp4,ACCIDENT-real,single,accident,1,weak_clip_event_window,30.033333,29.933407,899,880,720,test,Mississippi,Mississippi::grade_separated_intersection,168,348,accident_time=7.633;type=single
xUocvk0m-mc_00__pre_event_non_accident,/autodl-fs/data/traffic_accident_rnd/ACCIDENT_dataset/real_videos/xUocvk0m-mc_00.mp4,ACCIDENT-real,single,non_accident,0,weak_clip_pre_event,30.033333,29.933407,899,880,720,test,Mississippi,Mississippi::grade_separated_intersection,0,139,derived_pre_accident_until=4.633;weak_negative=true
jNzHFeCP2DU_00__accident,/autodl-fs/data/traffic_accident_rnd/ACCIDENT_dataset/real_videos/jNzHFeCP2DU_00.mp4,ACCIDENT-real,t-bone,accident,1,weak_clip_event_window,6.76,25.0,169,900,720,test,Mississippi,Mississippi::signalized_intersection,36,169,accident_time=3.44;type=t-bone
jhkWGmAajmE_00__accident,/autodl-fs/data/traffic_accident_rnd/ACCIDENT_dataset/real_videos/jhkWGmAajmE_00.mp4,ACCIDENT-real,single,accident,1,weak_clip_event_window,25.119071,15.008517,377,854,384,train,Virginia,Virginia::highway,58,148,accident_time=5.872;type=single
jhkWGmAajmE_00__pre_event_non_accident,/autodl-fs/data/traffic_accident_rnd/ACCIDENT_dataset/real_videos/jhkWGmAajmE_00.mp4,ACCIDENT-real,single,non_accident,0,weak_clip_pre_event,25.119071,15.008517,377,854,384,train,Virginia,Virginia::highway,0,43,derived_pre_accident_until=2.872;weak_negative=true
gpRtEfxMkYc_00__accident,/autodl-fs/data/traffic_accident_rnd/ACCIDENT_dataset/real_videos/gpRtEfxMkYc_00.mp4,ACCIDENT-real,t-bone,accident,1,weak_clip_event_window,30.041667,14.979196,450,960,720,test,Virginia,Virginia::highway,42,132,accident_time=4.833;type=t-bone
gpRtEfxMkYc_00__pre_event_non_accident,/autodl-fs/data/traffic_accident_rnd/ACCIDENT_dataset/real_videos/gpRtEfxMkYc_00.mp4,ACCIDENT-real,t-bone,non_accident,0,weak_clip_pre_event,30.041667,14.979196,450,960,720,test,Virginia,Virginia::highway,0,27,derived_pre_accident_until=1.833;weak_negative=true
R69Y-qYAuis_00__accident,/autodl-fs/data/traffic_accident_rnd/ACCIDENT_dataset/real_videos/R69Y-qYAuis_00.mp4,ACCIDENT-real,sideswipe,accident,1,weak_clip_event_window,30.0,14.966667,449,1280,720,test,Virginia,Virginia::highway,55,145,accident_time=5.667;type=sideswipe
R69Y-qYAuis_00__pre_event_non_accident,/autodl-fs/data/traffic_accident_rnd/ACCIDENT_dataset/real_videos/R69Y-qYAuis_00.mp4,ACCIDENT-real,sideswipe,non_accident,0,weak_clip_pre_event,30.0,14.966667,449,1280,720,test,Virginia,Virginia::highway,0,40,derived_pre_accident_until=2.667;weak_negative=true
ZTLYOhzf8Jw_00__accident,/autodl-fs/data/traffic_accident_rnd/ACCIDENT_dataset/real_videos/ZTLYOhzf8Jw_00.mp4,ACCIDENT-real,rear-end,accident,1,weak_clip_event_window,20.7,14.927536,309,1920,1080,train,Virginia,Virginia::highway,41,131,accident_time=4.733;type=rear-end
ZTLYOhzf8Jw_00__pre_event_non_accident,/autodl-fs/data/traffic_accident_rnd/ACCIDENT_dataset/real_videos/ZTLYOhzf8Jw_00.mp4,ACCIDENT-real,rear-end,non_accident,0,weak_clip_pre_event,20.7,14.927536,309,1920,1080,train,Virginia,Virginia::highway,0,26,derived_pre_accident_until=1.733;weak_negative=true
QX2MmlSq2AQ_00__accident,/autodl-fs/data/traffic_accident_rnd/ACCIDENT_dataset/real_videos/QX2MmlSq2AQ_00.mp4,ACCIDENT-real,sideswipe,accident,1,weak_clip_event_window,27.033333,14.981504,405,1584,1080,test,New_York,New_York::highway,5,95,accident_time=2.3670000000000004;type=sideswipe
Ns30XeulhHo_00__accident,/autodl-fs/data/traffic_accident_rnd/ACCIDENT_dataset/real_videos/Ns30XeulhHo_00.mp4,ACCIDENT-real,single,accident,1,weak_clip_event_window,7.96,19.221106,153,1920,1080,test,World,World::tunnel,87,153,accident_time=6.52;type=single
Ns30XeulhHo_00__pre_event_non_accident,/autodl-fs/data/traffic_accident_rnd/ACCIDENT_dataset/real_videos/Ns30XeulhHo_00.mp4,ACCIDENT-real,single,non_accident,0,weak_clip_pre_event,7.96,19.221106,153,1920,1080,test,World,World::tunnel,0,68,derived_pre_accident_until=3.520;weak_negative=true
Ns30XeulhHo_01__accident,/autodl-fs/data/traffic_accident_rnd/ACCIDENT_dataset/real_videos/Ns30XeulhHo_01.mp4,ACCIDENT-real,sideswipe,accident,1,weak_clip_event_window,3.92,21.938776,86,1920,1080,test,World,World::tunnel,0,86,accident_time=0.12000000000000001;type=sideswipe
Ns30XeulhHo_02__accident,/autodl-fs/data/traffic_accident_rnd/ACCIDENT_dataset/real_videos/Ns30XeulhHo_02.mp4,ACCIDENT-real,single,accident,1,weak_clip_event_window,5.56,19.784173,110,1920,1080,test,World,World::tunnel,0,107,accident_time=1.4;type=single
Ns30XeulhHo_03__accident,/autodl-fs/data/traffic_accident_rnd/ACCIDENT_dataset/real_videos/Ns30XeulhHo_03.mp4,ACCIDENT-real,single,accident,1,weak_clip_event_window,7.24,23.342541,169,1920,1080,test,World,World::tunnel,19,159,accident_time=2.8400000000000003;type=single
Ns30XeulhHo_04__accident,/autodl-fs/data/traffic_accident_rnd/ACCIDENT_dataset/real_videos/Ns30XeulhHo_04.mp4,ACCIDENT-real,rear-end,accident,1,weak_clip_event_window,5.92,12.5,74,1920,1080,test,World,World::tunnel,17,74,accident_time=3.36;type=rear-end
Ns30XeulhHo_05__accident,/autodl-fs/data/traffic_accident_rnd/ACCIDENT_dataset/real_videos/Ns30XeulhHo_05.mp4,ACCIDENT-real,single,accident,1,weak_clip_event_window,4.56,20.394737,93,1920,1080,test,World,World::tunnel,25,93,accident_time=3.24;type=single
IOxe9lyfZRA_00__accident,/autodl-fs/data/traffic_accident_rnd/ACCIDENT_dataset/real_videos/IOxe9lyfZRA_00.mp4,ACCIDENT-real,single,accident,1,weak_clip_event_window,6.70319,15.067452,101,854,384,test,Nevada,Nevada::highway,32,101,accident_time=4.125;type=single
IOxe9lyfZRA_00__pre_event_non_accident,/autodl-fs/data/traffic_accident_rnd/ACCIDENT_dataset/real_videos/IOxe9lyfZRA_00.mp4,ACCIDENT-real,single,non_accident,0,weak_clip_pre_event,6.70319,15.067452,101,854,384,test,Nevada,Nevada::highway,0,17,derived_pre_accident_until=1.125;weak_negative=true
dQ0ao_Yu7II_00__accident,/autodl-fs/data/traffic_accident_rnd/ACCIDENT_dataset/real_videos/dQ0ao_Yu7II_00.mp4,ACCIDENT-real,sideswipe,accident,1,weak_clip_event_window,25.166667,29.92053,753,1920,1080,test,Nevada,Nevada::highway,3,183,accident_time=2.1;type=sideswipe
6oymx7wBmjw_00__accident,/autodl-fs/data/traffic_accident_rnd/ACCIDENT_dataset/real_videos/6oymx7wBmjw_00.mp4,ACCIDENT-real,t-bone,accident,1,weak_clip_event_window,14.1141,17.287677,244,1280,720,test,World,World::signalized_intersection,114,218,accident_time=8.6086;type=t-bone
6oymx7wBmjw_00__pre_event_non_accident,/autodl-fs/data/traffic_accident_rnd/ACCIDENT_dataset/real_videos/6oymx7wBmjw_00.mp4,ACCIDENT-real,t-bone,non_accident,0,weak_clip_pre_event,14.1141,17.287677,244,1280,720,test,World,World::signalized_intersection,0,97,derived_pre_accident_until=5.609;weak_negative=true
6oymx7wBmjw_01__accident,/autodl-fs/data/traffic_accident_rnd/ACCIDENT_dataset/real_videos/6oymx7wBmjw_01.mp4,ACCIDENT-real,t-bone,accident,1,weak_clip_event_window,4.037367,14.861172,60,1280,720,test,World,World::signalized_intersection,18,60,accident_time=3.2032;type=t-bone
6oymx7wBmjw_02__accident,/autodl-fs/data/traffic_accident_rnd/ACCIDENT_dataset/real_videos/6oymx7wBmjw_02.mp4,ACCIDENT-real,t-bone,accident,1,weak_clip_event_window,3.6036,12.765013,46,1280,720,test,World,World::signalized_intersection,0,46,accident_time=1.067733;type=t-bone
6oymx7wBmjw_03__accident,/autodl-fs/data/traffic_accident_rnd/ACCIDENT_dataset/real_videos/6oymx7wBmjw_03.mp4,ACCIDENT-real,t-bone,accident,1,weak_clip_event_window,8.975633,25.179282,226,1280,720,test,World,World::simple_intersection,0,142,accident_time=1.634967;type=t-bone
6oymx7wBmjw_04__accident,/autodl-fs/data/traffic_accident_rnd/ACCIDENT_dataset/real_videos/6oymx7wBmjw_04.mp4,ACCIDENT-real,t-bone,accident,1,weak_clip_event_window,14.147467,21.346578,302,1280,720,test,World,World::signalized_intersection,72,200,accident_time=5.372033999999999;type=t-bone
6oymx7wBmjw_04__pre_event_non_accident,/autodl-fs/data/traffic_accident_rnd/ACCIDENT_dataset/real_videos/6oymx7wBmjw_04.mp4,ACCIDENT-real,t-bone,non_accident,0,weak_clip_pre_event,14.147467,21.346578,302,1280,720,test,World,World::signalized_intersection,0,51,derived_pre_accident_until=2.372;weak_negative=true
cZo9DI6DSIY_00__accident,/autodl-fs/data/traffic_accident_rnd/ACCIDENT_dataset/real_videos/cZo9DI6DSIY_00.mp4,ACCIDENT-real,head-on,accident,1,weak_clip_event_window,11.2112,20.069216,225,1280,720,test,World,World::signalized_intersection,45,165,accident_time=4.237567;type=head-on
cZo9DI6DSIY_00__pre_event_non_accident,/autodl-fs/data/traffic_accident_rnd/ACCIDENT_dataset/real_videos/cZo9DI6DSIY_00.mp4,ACCIDENT-real,head-on,non_accident,0,weak_clip_pre_event,11.2112,20.069216,225,1280,720,test,World,World::signalized_intersection,0,25,derived_pre_accident_until=1.238;weak_negative=true
cZo9DI6DSIY_01__accident,/autodl-fs/data/traffic_accident_rnd/ACCIDENT_dataset/real_videos/cZo9DI6DSIY_01.mp4,ACCIDENT-real,sideswipe,accident,1,weak_clip_event_window,26.8268,20.501886,550,1280,720,test,World,World::signalized_intersection,88,211,accident_time=6.272933999999999;type=sideswipe
cZo9DI6DSIY_01__pre_event_non_accident,/autodl-fs/data/traffic_accident_rnd/ACCIDENT_dataset/real_videos/cZo9DI6DSIY_01.mp4,ACCIDENT-real,sideswipe,non_accident,0,weak_clip_pre_event,26.8268,20.501886,550,1280,720,test,World,World::signalized_intersection,0,67,derived_pre_accident_until=3.273;weak_negative=true
cZo9DI6DSIY_02__accident,/autodl-fs/data/traffic_accident_rnd/ACCIDENT_dataset/real_videos/cZo9DI6DSIY_02.mp4,ACCIDENT-real,rear-end,accident,1,weak_clip_event_window,24.991633,20.086722,502,1280,720,test,World,World::city_street,277,397,accident_time=15.782434;type=rear-end
cZo9DI6DSIY_02__pre_event_non_accident,/autodl-fs/data/traffic_accident_rnd/ACCIDENT_dataset/real_videos/cZo9DI6DSIY_02.mp4,ACCIDENT-real,rear-end,non_accident,0,weak_clip_pre_event,24.991633,20.086722,502,1280,720,test,World,World::city_street,0,257,derived_pre_accident_until=12.782;weak_negative=true
cZo9DI6DSIY_03__accident,/autodl-fs/data/traffic_accident_rnd/ACCIDENT_dataset/real_videos/cZo9DI6DSIY_03.mp4,ACCIDENT-real,t-bone,accident,1,weak_clip_event_window,9.8098,24.975025,245,1280,720,test,World,World::signalized_intersection,41,191,accident_time=3.636967;type=t-bone
nGzSLxoFILc_00__accident,/autodl-fs/data/traffic_accident_rnd/ACCIDENT_dataset/real_videos/nGzSLxoFILc_00.mp4,ACCIDENT-real,t-bone,accident,1,weak_clip_event_window,6.072733,19.431118,118,1280,720,test,World,World::signalized_intersection,16,118,accident_time=2.836167;type=t-bone
jvM9Js5f9dI_00__accident,/autodl-fs/data/traffic_accident_rnd/ACCIDENT_dataset/real_videos/jvM9Js5f9dI_00.mp4,ACCIDENT-real,rear-end,accident,1,weak_clip_event_window,21.291667,14.982387,319,1280,720,test,New_York,New_York::highway,118,208,accident_time=9.875;type=rear-end
jvM9Js5f9dI_00__pre_event_non_accident,/autodl-fs/data/traffic_accident_rnd/ACCIDENT_dataset/real_videos/jvM9Js5f9dI_00.mp4,ACCIDENT-real,rear-end,non_accident,0,weak_clip_pre_event,21.291667,14.982387,319,1280,720,test,New_York,New_York::highway,0,103,derived_pre_accident_until=6.875;weak_negative=true
p1ibbi6Pljw_00__accident,/autodl-fs/data/traffic_accident_rnd/ACCIDENT_dataset/real_videos/p1ibbi6Pljw_00.mp4,ACCIDENT-real,sideswipe,accident,1,weak_clip_event_window,30.041667,15.112344,454,1280,720,test,New_York,New_York::highway,63,153,accident_time=6.125;type=sideswipe
p1ibbi6Pljw_00__pre_event_non_accident,/autodl-fs/data/traffic_accident_rnd/ACCIDENT_dataset/real_videos/p1ibbi6Pljw_00.mp4,ACCIDENT-real,sideswipe,non_accident,0,weak_clip_pre_event,30.041667,15.112344,454,1280,720,test,New_York,New_York::highway,0,47,derived_pre_accident_until=3.125;weak_negative=true
9jZ67_1d5nU_00__accident,/autodl-fs/data/traffic_accident_rnd/ACCIDENT_dataset/real_videos/9jZ67_1d5nU_00.mp4,ACCIDENT-real,single,accident,1,weak_clip_event_window,10.4,29.326923,305,1280,720,test,New_York,New_York::highway,125,301,accident_time=6.267;type=single
9jZ67_1d5nU_00__pre_event_non_accident,/autodl-fs/data/traffic_accident_rnd/ACCIDENT_dataset/real_videos/9jZ67_1d5nU_00.mp4,ACCIDENT-real,single,non_accident,0,weak_clip_pre_event,10.4,29.326923,305,1280,720,test,New_York,New_York::highway,0,96,derived_pre_accident_until=3.267;weak_negative=true
O0_rWZB5-xM_00__accident,/autodl-fs/data/traffic_accident_rnd/ACCIDENT_dataset/real_videos/O0_rWZB5-xM_00.mp4,ACCIDENT-real,single,accident,1,weak_clip_event_window,30.041667,14.979196,450,1280,720,test,New_York,New_York::grade_separated_intersection,19,109,accident_time=3.292;type=single
Lm_u8Ey-588_00__accident,/autodl-fs/data/traffic_accident_rnd/ACCIDENT_dataset/real_videos/Lm_u8Ey-588_00.mp4,ACCIDENT-real,t-bone,accident,1,weak_clip_event_window,30.3,28.250825,856,960,720,test,New_York,New_York::signalized_intersection,67,237,accident_time=4.4;type=t-bone
Lm_u8Ey-588_00__pre_event_non_accident,/autodl-fs/data/traffic_accident_rnd/ACCIDENT_dataset/real_videos/Lm_u8Ey-588_00.mp4,ACCIDENT-real,t-bone,non_accident,0,weak_clip_pre_event,30.3,28.250825,856,960,720,test,New_York,New_York::signalized_intersection,0,40,derived_pre_accident_until=1.400;weak_negative=true
hyZ-ZbPYabo_00__accident,/autodl-fs/data/traffic_accident_rnd/ACCIDENT_dataset/real_videos/hyZ-ZbPYabo_00.mp4,ACCIDENT-real,rear-end,accident,1,weak_clip_event_window,30.083333,14.825485,446,966,720,test,New_York,New_York::signalized_intersection,77,166,accident_time=7.208;type=rear-end
hyZ-ZbPYabo_00__pre_event_non_accident,/autodl-fs/data/traffic_accident_rnd/ACCIDENT_dataset/real_videos/hyZ-ZbPYabo_00.mp4,ACCIDENT-real,rear-end,non_accident,0,weak_clip_pre_event,30.083333,14.825485,446,966,720,test,New_York,New_York::signalized_intersection,0,62,derived_pre_accident_until=4.208;weak_negative=true
YDret7_VHUQ_00__accident,/autodl-fs/data/traffic_accident_rnd/ACCIDENT_dataset/real_videos/YDret7_VHUQ_00.mp4,ACCIDENT-real,head-on,accident,1,weak_clip_event_window,30.033333,14.983352,450,1584,1080,test,New_York,New_York::signalized_intersection,0,89,accident_time=1.967;type=head-on
w5i2d9URq1I_00__accident,/autodl-fs/data/traffic_accident_rnd/ACCIDENT_dataset/real_videos/w5i2d9URq1I_00.mp4,ACCIDENT-real,sideswipe,accident,1,weak_clip_event_window,29.958333,15.020862,450,1280,720,test,New_York,New_York::highway,31,121,accident_time=4.083;type=sideswipe
w5i2d9URq1I_00__pre_event_non_accident,/autodl-fs/data/traffic_accident_rnd/ACCIDENT_dataset/real_videos/w5i2d9URq1I_00.mp4,ACCIDENT-real,sideswipe,non_accident,0,weak_clip_pre_event,29.958333,15.020862,450,1280,720,test,New_York,New_York::highway,0,16,derived_pre_accident_until=1.083;weak_negative=true
y6d2TfbeWFk_00__accident,/autodl-fs/data/traffic_accident_rnd/ACCIDENT_dataset/real_videos/y6d2TfbeWFk_00.mp4,ACCIDENT-real,single,accident,1,weak_clip_event_window,30.041667,15.012483,451,1056,720,test,New_York,New_York::highway,7,97,accident_time=2.458;type=single
4VVOcbvXgdE_00__accident,/autodl-fs/data/traffic_accident_rnd/ACCIDENT_dataset/real_videos/4VVOcbvXgdE_00.mp4,ACCIDENT-real,sideswipe,accident,1,weak_clip_event_window,14.833333,9.977528,148,1080,720,test,New_York,New_York::highway,12,72,accident_time=3.25;type=sideswipe
BcZnPHU8nvY_00__accident,/autodl-fs/data/traffic_accident_rnd/ACCIDENT_dataset/real_videos/BcZnPHU8nvY_00.mp4,ACCIDENT-real,sideswipe,accident,1,weak_clip_event_window,30.0,21.9,657,1056,720,test,New_York,New_York::grade_separated_intersection,210,342,accident_time=11.583;type=sideswipe
BcZnPHU8nvY_00__pre_event_non_accident,/autodl-fs/data/traffic_accident_rnd/ACCIDENT_dataset/real_videos/BcZnPHU8nvY_00.mp4,ACCIDENT-real,sideswipe,non_accident,0,weak_clip_pre_event,30.0,21.9,657,1056,720,test,New_York,New_York::grade_separated_intersection,0,188,derived_pre_accident_until=8.583;weak_negative=true
meDGeTof2x0_00__accident,/autodl-fs/data/traffic_accident_rnd/ACCIDENT_dataset/real_videos/meDGeTof2x0_00.mp4,ACCIDENT-real,rear-end,accident,1,weak_clip_event_window,30.033333,29.933407,899,1920,1080,train,New_York,New_York::highway,80,260,accident_time=4.667;type=rear-end
meDGeTof2x0_00__pre_event_non_accident,/autodl-fs/data/traffic_accident_rnd/ACCIDENT_dataset/real_videos/meDGeTof2x0_00.mp4,ACCIDENT-real,rear-end,non_accident,0,weak_clip_pre_event,30.033333,29.933407,899,1920,1080,train,New_York,New_York::highway,0,50,derived_pre_accident_until=1.667;weak_negative=true
WXUOlgOESJ4_00__accident,/autodl-fs/data/traffic_accident_rnd/ACCIDENT_dataset/real_videos/WXUOlgOESJ4_00.mp4,ACCIDENT-real,rear-end,accident,1,weak_clip_event_window,30.083333,14.825485,446,1280,720,test,New_York,New_York::highway,309,398,accident_time=22.875;type=rear-end
WXUOlgOESJ4_00__pre_event_non_accident,/autodl-fs/data/traffic_accident_rnd/ACCIDENT_dataset/real_videos/WXUOlgOESJ4_00.mp4,ACCIDENT-real,rear-end,non_accident,0,weak_clip_pre_event,30.083333,14.825485,446,1280,720,test,New_York,New_York::highway,0,295,derived_pre_accident_until=19.875;weak_negative=true
qFypaL4RVTw_00__accident,/autodl-fs/data/traffic_accident_rnd/ACCIDENT_dataset/real_videos/qFypaL4RVTw_00.mp4,ACCIDENT-real,sideswipe,accident,1,weak_clip_event_window,25.2,14.920635,376,1440,1080,test,New_York,New_York::highway,344,376,accident_time=25.032999999999998;type=sideswipe
qFypaL4RVTw_00__pre_event_non_accident,/autodl-fs/data/traffic_accident_rnd/ACCIDENT_dataset/real_videos/qFypaL4RVTw_00.mp4,ACCIDENT-real,sideswipe,non_accident,0,weak_clip_pre_event,25.2,14.920635,376,1440,1080,test,New_York,New_York::highway,0,329,derived_pre_accident_until=22.033;weak_negative=true
-Qt5bDJNT84_00__accident,/autodl-fs/data/traffic_accident_rnd/ACCIDENT_dataset/real_videos/-Qt5bDJNT84_00.mp4,ACCIDENT-real,single,accident,1,weak_clip_event_window,3.346154,25.701149,86,1280,720,train,New_York,New_York::highway,18,86,accident_time=2.692;type=single
6AzIoSDn5Qs_00__accident,/autodl-fs/data/traffic_accident_rnd/ACCIDENT_dataset/real_videos/6AzIoSDn5Qs_00.mp4,ACCIDENT-real,rear-end,accident,1,weak_clip_event_window,18.041667,15.020785,271,960,720,train,New_York,New_York::highway,0,84,accident_time=1.5839999999999996;type=rear-end
6s2KTCCo1Hw_00__accident,/autodl-fs/data/traffic_accident_rnd/ACCIDENT_dataset/real_videos/6s2KTCCo1Hw_00.mp4,ACCIDENT-real,rear-end,accident,1,weak_clip_event_window,30.0,15.0,450,966,720,test,New_York,New_York::highway,63,153,accident_time=6.167;type=rear-end
6s2KTCCo1Hw_00__pre_event_non_accident,/autodl-fs/data/traffic_accident_rnd/ACCIDENT_dataset/real_videos/6s2KTCCo1Hw_00.mp4,ACCIDENT-real,rear-end,non_accident,0,weak_clip_pre_event,30.0,15.0,450,966,720,test,New_York,New_York::highway,0,48,derived_pre_accident_until=3.167;weak_negative=true
tSSn6ZA4cfI_00__accident,/autodl-fs/data/traffic_accident_rnd/ACCIDENT_dataset/real_videos/tSSn6ZA4cfI_00.mp4,ACCIDENT-real,single,accident,1,weak_clip_event_window,30.0,14.933333,448,966,720,test,New_York,New_York::highway,19,109,accident_time=3.25;type=single
CJP-_jaZ3FQ_00__accident,/autodl-fs/data/traffic_accident_rnd/ACCIDENT_dataset/real_videos/CJP-_jaZ3FQ_00.mp4,ACCIDENT-real,single,accident,1,weak_clip_event_window,30.041667,15.04577,452,1280,720,test,New_York,New_York::highway,0,86,accident_time=1.708;type=single
PxRDOMjsbE8_00__accident,/autodl-fs/data/traffic_accident_rnd/ACCIDENT_dataset/real_videos/PxRDOMjsbE8_00.mp4,ACCIDENT-real,single,accident,1,weak_clip_event_window,30.041667,14.979196,450,1056,720,test,New_York,New_York::highway,73,163,accident_time=6.875;type=single
PxRDOMjsbE8_00__pre_event_non_accident,/autodl-fs/data/traffic_accident_rnd/ACCIDENT_dataset/real_videos/PxRDOMjsbE8_00.mp4,ACCIDENT-real,single,non_accident,0,weak_clip_pre_event,30.041667,14.979196,450,1056,720,test,New_York,New_York::highway,0,58,derived_pre_accident_until=3.875;weak_negative=true
lM1uI0uKh-U_00__accident,/autodl-fs/data/traffic_accident_rnd/ACCIDENT_dataset/real_videos/lM1uI0uKh-U_00.mp4,ACCIDENT-real,single,accident,1,weak_clip_event_window,30.0,14.966667,449,1280,720,test,New_York,New_York::grade_separated_intersection,55,145,accident_time=5.708;type=single
lM1uI0uKh-U_00__pre_event_non_accident,/autodl-fs/data/traffic_accident_rnd/ACCIDENT_dataset/real_videos/lM1uI0uKh-U_00.mp4,ACCIDENT-real,single,non_accident,0,weak_clip_pre_event,30.0,14.966667,449,1280,720,test,New_York,New_York::grade_separated_intersection,0,41,derived_pre_accident_until=2.708;weak_negative=true
ajxUuxbpAVQ_00__accident,/autodl-fs/data/traffic_accident_rnd/ACCIDENT_dataset/real_videos/ajxUuxbpAVQ_00.mp4,ACCIDENT-real,rear-end,accident,1,weak_clip_event_window,25.0,15.0,375,966,720,test,New_York,New_York::highway,9,99,accident_time=2.583;type=rear-end
H0MCccZiB3M_00__accident,/autodl-fs/data/traffic_accident_rnd/ACCIDENT_dataset/real_videos/H0MCccZiB3M_00.mp4,ACCIDENT-real,t-bone,accident,1,weak_clip_event_window,30.0,29.166667,875,1440,1080,test,New_York,New_York::signalized_intersection,45,220,accident_time=3.533;type=t-bone
GDadq8Vznvc_00__accident,/autodl-fs/data/traffic_accident_rnd/ACCIDENT_dataset/real_videos/GDadq8Vznvc_00.mp4,ACCIDENT-real,t-bone,accident,1,weak_clip_event_window,30.0,14.733333,442,960,720,test,New_York,New_York::signalized_intersection,71,159,accident_time=6.792;type=t-bone
GDadq8Vznvc_00__pre_event_non_accident,/autodl-fs/data/traffic_accident_rnd/ACCIDENT_dataset/real_videos/GDadq8Vznvc_00.mp4,ACCIDENT-real,t-bone,non_accident,0,weak_clip_pre_event,30.0,14.733333,442,960,720,test,New_York,New_York::signalized_intersection,0,56,derived_pre_accident_until=3.792;weak_negative=true
-qmYW4S3Xxo_00__accident,/autodl-fs/data/traffic_accident_rnd/ACCIDENT_dataset/real_videos/-qmYW4S3Xxo_00.mp4,ACCIDENT-real,t-bone,accident,1,weak_clip_event_window,30.041667,14.846047,446,1280,720,test,New_York,New_York::simple_intersection,34,123,accident_time=4.292;type=t-bone
-qmYW4S3Xxo_00__pre_event_non_accident,/autodl-fs/data/traffic_accident_rnd/ACCIDENT_dataset/real_videos/-qmYW4S3Xxo_00.mp4,ACCIDENT-real,t-bone,non_accident,0,weak_clip_pre_event,30.041667,14.846047,446,1280,720,test,New_York,New_York::simple_intersection,0,19,derived_pre_accident_until=1.292;weak_negative=true
E7SZ9wPStb4_00__accident,/autodl-fs/data/traffic_accident_rnd/ACCIDENT_dataset/real_videos/E7SZ9wPStb4_00.mp4,ACCIDENT-real,single,accident,1,weak_clip_event_window,30.041667,14.979196,450,1056,720,test,New_York,New_York::highway,37,127,accident_time=4.5;type=single
E7SZ9wPStb4_00__pre_event_non_accident,/autodl-fs/data/traffic_accident_rnd/ACCIDENT_dataset/real_videos/E7SZ9wPStb4_00.mp4,ACCIDENT-real,single,non_accident,0,weak_clip_pre_event,30.041667,14.979196,450,1056,720,test,New_York,New_York::highway,0,22,derived_pre_accident_until=1.500;weak_negative=true
y-QrV0SN9V0_00__accident,/autodl-fs/data/traffic_accident_rnd/ACCIDENT_dataset/real_videos/y-QrV0SN9V0_00.mp4,ACCIDENT-real,sideswipe,accident,1,weak_clip_event_window,14.708333,14.889518,219,1280,720,test,New_York,New_York::highway,35,125,accident_time=4.333;type=sideswipe
y-QrV0SN9V0_00__pre_event_non_accident,/autodl-fs/data/traffic_accident_rnd/ACCIDENT_dataset/real_videos/y-QrV0SN9V0_00.mp4,ACCIDENT-real,sideswipe,non_accident,0,weak_clip_pre_event,14.708333,14.889518,219,1280,720,test,New_York,New_York::highway,0,20,derived_pre_accident_until=1.333;weak_negative=true
fK7DAi8Ybvc_00__accident,/autodl-fs/data/traffic_accident_rnd/ACCIDENT_dataset/real_videos/fK7DAi8Ybvc_00.mp4,ACCIDENT-real,sideswipe,accident,1,weak_clip_event_window,30.0,14.666667,440,960,720,test,New_York,New_York::highway,55,143,accident_time=5.75;type=sideswipe
fK7DAi8Ybvc_00__pre_event_non_accident,/autodl-fs/data/traffic_accident_rnd/ACCIDENT_dataset/real_videos/fK7DAi8Ybvc_00.mp4,ACCIDENT-real,sideswipe,non_accident,0,weak_clip_pre_event,30.0,14.666667,440,960,720,test,New_York,New_York::highway,0,40,derived_pre_accident_until=2.750;weak_negative=true
LSiLtoXajJE_00__accident,/autodl-fs/data/traffic_accident_rnd/ACCIDENT_dataset/real_videos/LSiLtoXajJE_00.mp4,ACCIDENT-real,single,accident,1,weak_clip_event_window,30.1,14.684385,442,1448,1080,test,New_York,New_York::highway,25,113,accident_time=3.667;type=single
_0RDZgCKPGo_00__accident,/autodl-fs/data/traffic_accident_rnd/ACCIDENT_dataset/real_videos/_0RDZgCKPGo_00.mp4,ACCIDENT-real,single,accident,1,weak_clip_event_window,26.833333,14.869565,399,966,720,test,New_York,New_York::highway,51,140,accident_time=5.416;type=single
_0RDZgCKPGo_00__pre_event_non_accident,/autodl-fs/data/traffic_accident_rnd/ACCIDENT_dataset/real_videos/_0RDZgCKPGo_00.mp4,ACCIDENT-real,single,non_accident,0,weak_clip_pre_event,26.833333,14.869565,399,966,720,test,New_York,New_York::highway,0,36,derived_pre_accident_until=2.416;weak_negative=true
BdHk9yhbB94_00__accident,/autodl-fs/data/traffic_accident_rnd/ACCIDENT_dataset/real_videos/BdHk9yhbB94_00.mp4,ACCIDENT-real,t-bone,accident,1,weak_clip_event_window,30.0,14.966667,449,960,720,test,New_York,New_York::signalized_intersection,20,110,accident_time=3.333;type=t-bone
mCR74lvVPdY_00__accident,/autodl-fs/data/traffic_accident_rnd/ACCIDENT_dataset/real_videos/mCR74lvVPdY_00.mp4,ACCIDENT-real,single,accident,1,weak_clip_event_window,30.041667,14.979196,450,960,720,test,New_York,New_York::highway,29,119,accident_time=3.917;type=single
xYbFnmG3-Og_00__accident,/autodl-fs/data/traffic_accident_rnd/ACCIDENT_dataset/real_videos/xYbFnmG3-Og_00.mp4,ACCIDENT-real,t-bone,accident,1,weak_clip_event_window,30.041667,14.546463,437,960,720,test,New_York,New_York::signalized_intersection,19,106,accident_time=3.333;type=t-bone
FaI91W7BO04_00__accident,/autodl-fs/data/traffic_accident_rnd/ACCIDENT_dataset/real_videos/FaI91W7BO04_00.mp4,ACCIDENT-real,t-bone,accident,1,weak_clip_event_window,8.833333,12.90566,114,960,720,test,New_York,New_York::signalized_intersection,65,114,accident_time=7.083;type=t-bone
FaI91W7BO04_00__pre_event_non_accident,/autodl-fs/data/traffic_accident_rnd/ACCIDENT_dataset/real_videos/FaI91W7BO04_00.mp4,ACCIDENT-real,t-bone,non_accident,0,weak_clip_pre_event,8.833333,12.90566,114,960,720,test,New_York,New_York::signalized_intersection,0,53,derived_pre_accident_until=4.083;weak_negative=true
lpeKVGzEaUk_00__accident,/autodl-fs/data/traffic_accident_rnd/ACCIDENT_dataset/real_videos/lpeKVGzEaUk_00.mp4,ACCIDENT-real,t-bone,accident,1,weak_clip_event_window,30.014839,14.759366,443,640,480,test,New_York,New_York::highway,235,324,accident_time=17.941;type=t-bone
lpeKVGzEaUk_00__pre_event_non_accident,/autodl-fs/data/traffic_accident_rnd/ACCIDENT_dataset/real_videos/lpeKVGzEaUk_00.mp4,ACCIDENT-real,t-bone,non_accident,0,weak_clip_pre_event,30.014839,14.759366,443,640,480,test,New_York,New_York::highway,0,221,derived_pre_accident_until=14.941;weak_negative=true
ZSgfKfHNOb8_00__accident,/autodl-fs/data/traffic_accident_rnd/ACCIDENT_dataset/real_videos/ZSgfKfHNOb8_00.mp4,ACCIDENT-real,single,accident,1,weak_clip_event_window,27.291667,15.022901,410,1056,720,test,New_York,New_York::highway,64,154,accident_time=6.25;type=single
ZSgfKfHNOb8_00__pre_event_non_accident,/autodl-fs/data/traffic_accident_rnd/ACCIDENT_dataset/real_videos/ZSgfKfHNOb8_00.mp4,ACCIDENT-real,single,non_accident,0,weak_clip_pre_event,27.291667,15.022901,410,1056,720,test,New_York,New_York::highway,0,49,derived_pre_accident_until=3.250;weak_negative=true
w1jVynKgMzo_00__accident,/autodl-fs/data/traffic_accident_rnd/ACCIDENT_dataset/real_videos/w1jVynKgMzo_00.mp4,ACCIDENT-real,sideswipe,accident,1,weak_clip_event_window,29.966667,15.050056,451,1440,1080,test,Virginia,Virginia::highway,117,207,accident_time=9.767;type=sideswipe
w1jVynKgMzo_00__pre_event_non_accident,/autodl-fs/data/traffic_accident_rnd/ACCIDENT_dataset/real_videos/w1jVynKgMzo_00.mp4,ACCIDENT-real,sideswipe,non_accident,0,weak_clip_pre_event,29.966667,15.050056,451,1440,1080,test,Virginia,Virginia::highway,0,102,derived_pre_accident_until=6.767;weak_negative=true
l9KMgfV5BeU_00__accident,/autodl-fs/data/traffic_accident_rnd/ACCIDENT_dataset/real_videos/l9KMgfV5BeU_00.mp4,ACCIDENT-real,t-bone,accident,1,weak_clip_event_window,26.9,25.762082,693,640,480,test,World,World::parking_lot,413,568,accident_time=18.066666;type=t-bone
l9KMgfV5BeU_00__pre_event_non_accident,/autodl-fs/data/traffic_accident_rnd/ACCIDENT_dataset/real_videos/l9KMgfV5BeU_00.mp4,ACCIDENT-real,t-bone,non_accident,0,weak_clip_pre_event,26.9,25.762082,693,640,480,test,World,World::parking_lot,0,388,derived_pre_accident_until=15.067;weak_negative=true
_j_q79xO2ug_00__accident,/autodl-fs/data/traffic_accident_rnd/ACCIDENT_dataset/real_videos/_j_q79xO2ug_00.mp4,ACCIDENT-real,t-bone,accident,1,weak_clip_event_window,87.625,7.954351,697,1920,1080,test,World,World::parking_lot,193,241,accident_time=26.25;type=t-bone
_j_q79xO2ug_00__pre_event_non_accident,/autodl-fs/data/traffic_accident_rnd/ACCIDENT_dataset/real_videos/_j_q79xO2ug_00.mp4,ACCIDENT-real,t-bone,non_accident,0,weak_clip_pre_event,87.625,7.954351,697,1920,1080,test,World,World::parking_lot,0,185,derived_pre_accident_until=23.250;weak_negative=true
hzxEJZNwy6s_00__accident,/autodl-fs/data/traffic_accident_rnd/ACCIDENT_dataset/real_videos/hzxEJZNwy6s_00.mp4,ACCIDENT-real,sideswipe,accident,1,weak_clip_event_window,115.021277,14.006104,1611,960,720,test,World,World::parking_lot,877,961,accident_time=64.595744;type=sideswipe
hzxEJZNwy6s_00__pre_event_non_accident,/autodl-fs/data/traffic_accident_rnd/ACCIDENT_dataset/real_videos/hzxEJZNwy6s_00.mp4,ACCIDENT-real,sideswipe,non_accident,0,weak_clip_pre_event,115.021277,14.006104,1611,960,720,test,World,World::parking_lot,0,863,derived_pre_accident_until=61.596;weak_negative=true
x5XPG-uYJlM_00__accident,/autodl-fs/data/traffic_accident_rnd/ACCIDENT_dataset/real_videos/x5XPG-uYJlM_00.mp4,ACCIDENT-real,t-bone,accident,1,weak_clip_event_window,29.958333,15.020862,450,960,720,test,Virginia,Virginia::highway,38,128,accident_time=4.542;type=t-bone
x5XPG-uYJlM_00__pre_event_non_accident,/autodl-fs/data/traffic_accident_rnd/ACCIDENT_dataset/real_videos/x5XPG-uYJlM_00.mp4,ACCIDENT-real,t-bone,non_accident,0,weak_clip_pre_event,29.958333,15.020862,450,960,720,test,Virginia,Virginia::highway,0,23,derived_pre_accident_until=1.542;weak_negative=true
qigDKE0vaXw_00__accident,/autodl-fs/data/traffic_accident_rnd/ACCIDENT_dataset/real_videos/qigDKE0vaXw_00.mp4,ACCIDENT-real,sideswipe,accident,1,weak_clip_event_window,23.243055,14.972215,348,2400,1080,test,Virginia,Virginia::highway,36,126,accident_time=4.389;type=sideswipe
qigDKE0vaXw_00__pre_event_non_accident,/autodl-fs/data/traffic_accident_rnd/ACCIDENT_dataset/real_videos/qigDKE0vaXw_00.mp4,ACCIDENT-real,sideswipe,non_accident,0,weak_clip_pre_event,23.243055,14.972215,348,2400,1080,test,Virginia,Virginia::highway,0,21,derived_pre_accident_until=1.389;weak_negative=true
CtYbOZdwGkY_00__accident,/autodl-fs/data/traffic_accident_rnd/ACCIDENT_dataset/real_videos/CtYbOZdwGkY_00.mp4,ACCIDENT-real,single,accident,1,weak_clip_event_window,30.041667,14.979196,450,960,720,train,Virginia,Virginia::highway,6,96,accident_time=2.375;type=single
fK5Y7gMh21c_00__accident,/autodl-fs/data/traffic_accident_rnd/ACCIDENT_dataset/real_videos/fK5Y7gMh21c_00.mp4,ACCIDENT-real,single,accident,1,weak_clip_event_window,6.0,14.833333,89,960,720,test,Virginia,Virginia::signalized_intersection,47,89,accident_time=5.167;type=single
fK5Y7gMh21c_00__pre_event_non_accident,/autodl-fs/data/traffic_accident_rnd/ACCIDENT_dataset/real_videos/fK5Y7gMh21c_00.mp4,ACCIDENT-real,single,non_accident,0,weak_clip_pre_event,6.0,14.833333,89,960,720,test,Virginia,Virginia::signalized_intersection,0,32,derived_pre_accident_until=2.167;weak_negative=true
08gvKdY9xj4_00__accident,/autodl-fs/data/traffic_accident_rnd/ACCIDENT_dataset/real_videos/08gvKdY9xj4_00.mp4,ACCIDENT-real,single,accident,1,weak_clip_event_window,30.066667,15.0,451,1280,720,test,Virginia,Virginia::grade_separated_intersection,8,98,accident_time=2.5;type=single
yab6XEomWGM_00__accident,/autodl-fs/data/traffic_accident_rnd/ACCIDENT_dataset/real_videos/yab6XEomWGM_00.mp4,ACCIDENT-real,single,accident,1,weak_clip_event_window,30.0,7.5,225,960,720,train,Virginia,Virginia::highway,32,77,accident_time=6.292;type=single
yab6XEomWGM_00__pre_event_non_accident,/autodl-fs/data/traffic_accident_rnd/ACCIDENT_dataset/real_videos/yab6XEomWGM_00.mp4,ACCIDENT-real,single,non_accident,0,weak_clip_pre_event,30.0,7.5,225,960,720,train,Virginia,Virginia::highway,0,25,derived_pre_accident_until=3.292;weak_negative=true
YD-7Fnztg_4_00__accident,/autodl-fs/data/traffic_accident_rnd/ACCIDENT_dataset/real_videos/YD-7Fnztg_4_00.mp4,ACCIDENT-real,single,accident,1,weak_clip_event_window,30.041667,14.979196,450,960,720,train,Virginia,Virginia::highway,0,85,accident_time=1.667;type=single
hQVkdwPxafw_00__accident,/autodl-fs/data/traffic_accident_rnd/ACCIDENT_dataset/real_videos/hQVkdwPxafw_00.mp4,ACCIDENT-real,single,accident,1,weak_clip_event_window,29.958333,10.047288,301,960,720,train,Virginia,Virginia::highway,61,121,accident_time=8.042;type=single
hQVkdwPxafw_00__pre_event_non_accident,/autodl-fs/data/traffic_accident_rnd/ACCIDENT_dataset/real_videos/hQVkdwPxafw_00.mp4,ACCIDENT-real,single,non_accident,0,weak_clip_pre_event,29.958333,10.047288,301,960,720,train,Virginia,Virginia::highway,0,51,derived_pre_accident_until=5.042;weak_negative=true
dgWpyczEx7U_00__accident,/autodl-fs/data/traffic_accident_rnd/ACCIDENT_dataset/real_videos/dgWpyczEx7U_00.mp4,ACCIDENT-real,t-bone,accident,1,weak_clip_event_window,30.583333,13.60218,416,960,720,test,Virginia,Virginia::signalized_intersection,99,180,accident_time=9.292;type=t-bone
dgWpyczEx7U_00__pre_event_non_accident,/autodl-fs/data/traffic_accident_rnd/ACCIDENT_dataset/real_videos/dgWpyczEx7U_00.mp4,ACCIDENT-real,t-bone,non_accident,0,weak_clip_pre_event,30.583333,13.60218,416,960,720,test,Virginia,Virginia::signalized_intersection,0,86,derived_pre_accident_until=6.292;weak_negative=true
20zWZEGQ7GY_00__accident,/autodl-fs/data/traffic_accident_rnd/ACCIDENT_dataset/real_videos/20zWZEGQ7GY_00.mp4,ACCIDENT-real,t-bone,accident,1,weak_clip_event_window,29.958333,15.020862,450,960,720,train,Virginia,Virginia::highway,114,204,accident_time=9.583;type=t-bone
20zWZEGQ7GY_00__pre_event_non_accident,/autodl-fs/data/traffic_accident_rnd/ACCIDENT_dataset/real_videos/20zWZEGQ7GY_00.mp4,ACCIDENT-real,t-bone,non_accident,0,weak_clip_pre_event,29.958333,15.020862,450,960,720,train,Virginia,Virginia::highway,0,99,derived_pre_accident_until=6.583;weak_negative=true
TvdgqAnb3QM_00__accident,/autodl-fs/data/traffic_accident_rnd/ACCIDENT_dataset/real_videos/TvdgqAnb3QM_00.mp4,ACCIDENT-real,single,accident,1,weak_clip_event_window,30.041667,14.979196,450,960,720,train,Virginia,Virginia::highway,122,212,accident_time=10.125;type=single
TvdgqAnb3QM_00__pre_event_non_accident,/autodl-fs/data/traffic_accident_rnd/ACCIDENT_dataset/real_videos/TvdgqAnb3QM_00.mp4,ACCIDENT-real,single,non_accident,0,weak_clip_pre_event,30.041667,14.979196,450,960,720,train,Virginia,Virginia::highway,0,107,derived_pre_accident_until=7.125;weak_negative=true
zBa7uxOYBd0_00__accident,/autodl-fs/data/traffic_accident_rnd/ACCIDENT_dataset/real_videos/zBa7uxOYBd0_00.mp4,ACCIDENT-real,single,accident,1,weak_clip_event_window,12.466667,14.919786,186,1440,1080,test,Virginia,Virginia::highway,67,157,accident_time=6.5;type=single
zBa7uxOYBd0_00__pre_event_non_accident,/autodl-fs/data/traffic_accident_rnd/ACCIDENT_dataset/real_videos/zBa7uxOYBd0_00.mp4,ACCIDENT-real,single,non_accident,0,weak_clip_pre_event,12.466667,14.919786,186,1440,1080,test,Virginia,Virginia::highway,0,52,derived_pre_accident_until=3.500;weak_negative=true
XtJodwSF_lQ_00__accident,/autodl-fs/data/traffic_accident_rnd/ACCIDENT_dataset/real_videos/XtJodwSF_lQ_00.mp4,ACCIDENT-real,single,accident,1,weak_clip_event_window,25.338917,10.024106,254,2400,1080,test,Virginia,Virginia::highway,96,156,accident_time=11.569;type=single
XtJodwSF_lQ_00__pre_event_non_accident,/autodl-fs/data/traffic_accident_rnd/ACCIDENT_dataset/real_videos/XtJodwSF_lQ_00.mp4,ACCIDENT-real,single,non_accident,0,weak_clip_pre_event,25.338917,10.024106,254,2400,1080,test,Virginia,Virginia::highway,0,86,derived_pre_accident_until=8.569;weak_negative=true
xNdcRobqvsc_00__accident,/autodl-fs/data/traffic_accident_rnd/ACCIDENT_dataset/real_videos/xNdcRobqvsc_00.mp4,ACCIDENT-real,single,accident,1,weak_clip_event_window,24.296005,14.899569,362,2400,1080,train,Virginia,Virginia::highway,23,113,accident_time=3.537;type=single
cdKTiLurgOI_00__accident,/autodl-fs/data/traffic_accident_rnd/ACCIDENT_dataset/real_videos/cdKTiLurgOI_00.mp4,ACCIDENT-real,rear-end,accident,1,weak_clip_event_window,30.056273,14.772291,444,2400,1080,test,Virginia,Virginia::highway,277,366,accident_time=20.788;type=rear-end
cdKTiLurgOI_00__pre_event_non_accident,/autodl-fs/data/traffic_accident_rnd/ACCIDENT_dataset/real_videos/cdKTiLurgOI_00.mp4,ACCIDENT-real,rear-end,non_accident,0,weak_clip_pre_event,30.056273,14.772291,444,2400,1080,test,Virginia,Virginia::highway,0,263,derived_pre_accident_until=17.788;weak_negative=true
x2ymyeli9Xc_00__accident,/autodl-fs/data/traffic_accident_rnd/ACCIDENT_dataset/real_videos/x2ymyeli9Xc_00.mp4,ACCIDENT-real,single,accident,1,weak_clip_event_window,23.5,15.021277,353,960,720,train,Virginia,Virginia::highway,40,130,accident_time=4.666666;type=single
x2ymyeli9Xc_00__pre_event_non_accident,/autodl-fs/data/traffic_accident_rnd/ACCIDENT_dataset/real_videos/x2ymyeli9Xc_00.mp4,ACCIDENT-real,single,non_accident,0,weak_clip_pre_event,23.5,15.021277,353,960,720,train,Virginia,Virginia::highway,0,25,derived_pre_accident_until=1.667;weak_negative=true
4IUmjPBj5ik_00__accident,/autodl-fs/data/traffic_accident_rnd/ACCIDENT_dataset/real_videos/4IUmjPBj5ik_00.mp4,ACCIDENT-real,t-bone,accident,1,weak_clip_event_window,19.92,14.708835,293,1280,720,test,USA,USA::city_street,67,155,accident_time=6.56;type=t-bone
4IUmjPBj5ik_00__pre_event_non_accident,/autodl-fs/data/traffic_accident_rnd/ACCIDENT_dataset/real_videos/4IUmjPBj5ik_00.mp4,ACCIDENT-real,t-bone,non_accident,0,weak_clip_pre_event,19.92,14.708835,293,1280,720,test,USA,USA::city_street,0,52,derived_pre_accident_until=3.560;weak_negative=true
1Utldy8lKBo_00__accident,/autodl-fs/data/traffic_accident_rnd/ACCIDENT_dataset/real_videos/1Utldy8lKBo_00.mp4,ACCIDENT-real,single,accident,1,weak_clip_event_window,7.173833,20.491137,147,1920,1080,test,World,World::signalized_intersection,66,147,accident_time=5.2052;type=single
1Utldy8lKBo_00__pre_event_non_accident,/autodl-fs/data/traffic_accident_rnd/ACCIDENT_dataset/real_videos/1Utldy8lKBo_00.mp4,ACCIDENT-real,single,non_accident,0,weak_clip_pre_event,7.173833,20.491137,147,1920,1080,test,World,World::signalized_intersection,0,45,derived_pre_accident_until=2.205;weak_negative=true
pB-O0UY9gM8_00__accident,/autodl-fs/data/traffic_accident_rnd/ACCIDENT_dataset/real_videos/pB-O0UY9gM8_00.mp4,ACCIDENT-real,single,accident,1,weak_clip_event_window,4.5045,17.316017,78,1920,1080,test,World,World::tunnel,12,78,accident_time=2.711042;type=single
pB-O0UY9gM8_01__accident,/autodl-fs/data/traffic_accident_rnd/ACCIDENT_dataset/real_videos/pB-O0UY9gM8_01.mp4,ACCIDENT-real,single,accident,1,weak_clip_event_window,5.880875,23.295853,137,1920,1080,test,World,World::tunnel,0,110,accident_time=0.75075;type=single
s80RaghtMRk_00__accident,/autodl-fs/data/traffic_accident_rnd/ACCIDENT_dataset/real_videos/s80RaghtMRk_00.mp4,ACCIDENT-real,rear-end,accident,1,weak_clip_event_window,2.76,23.913043,66,1920,1080,test,World,World::signalized_intersection,0,66,accident_time=1.3199999999999994;type=rear-end
s80RaghtMRk_01__accident,/autodl-fs/data/traffic_accident_rnd/ACCIDENT_dataset/real_videos/s80RaghtMRk_01.mp4,ACCIDENT-real,rear-end,accident,1,weak_clip_event_window,3.16,20.886076,66,1920,1080,test,World,World::signalized_intersection,0,66,accident_time=1.52;type=rear-end
s80RaghtMRk_02__accident,/autodl-fs/data/traffic_accident_rnd/ACCIDENT_dataset/real_videos/s80RaghtMRk_02.mp4,ACCIDENT-real,rear-end,accident,1,weak_clip_event_window,4.24,22.877358,97,1920,1080,test,World,World::signalized_intersection,0,97,accident_time=1.36;type=rear-end
s80RaghtMRk_03__accident,/autodl-fs/data/traffic_accident_rnd/ACCIDENT_dataset/real_videos/s80RaghtMRk_03.mp4,ACCIDENT-real,sideswipe,accident,1,weak_clip_event_window,4.88,20.491803,100,1920,1080,test,World,World::highway,0,100,accident_time=2.0;type=sideswipe
s80RaghtMRk_04__accident,/autodl-fs/data/traffic_accident_rnd/ACCIDENT_dataset/real_videos/s80RaghtMRk_04.mp4,ACCIDENT-real,rear-end,accident,1,weak_clip_event_window,7.08,19.632768,139,1920,1080,test,World,World::highway,0,111,accident_time=1.64;type=rear-end
IQDkEcJP3rw_00__accident,/autodl-fs/data/traffic_accident_rnd/ACCIDENT_dataset/real_videos/IQDkEcJP3rw_00.mp4,ACCIDENT-real,rear-end,accident,1,weak_clip_event_window,17.2,25.0,430,1920,1080,test,World,World::highway,0,140,accident_time=1.6000000000000005;type=rear-end
0ThWw_efieo_00__accident,/autodl-fs/data/traffic_accident_rnd/ACCIDENT_dataset/real_videos/0ThWw_efieo_00.mp4,ACCIDENT-real,sideswipe,accident,1,weak_clip_event_window,8.008,23.351648,187,1920,1080,test,World,World::tunnel,4,144,accident_time=2.1688330000000002;type=sideswipe
0ThWw_efieo_01__accident,/autodl-fs/data/traffic_accident_rnd/ACCIDENT_dataset/real_videos/0ThWw_efieo_01.mp4,ACCIDENT-real,sideswipe,accident,1,weak_clip_event_window,16.933583,23.976024,406,1920,1080,test,World,World::highway,0,117,accident_time=0.875875;type=sideswipe
P9JZFMr8NeQ_00__accident,/autodl-fs/data/traffic_accident_rnd/ACCIDENT_dataset/real_videos/P9JZFMr8NeQ_00.mp4,ACCIDENT-real,single,accident,1,weak_clip_event_window,20.0,49.7,994,1920,1080,test,World,World::signalized_intersection,764,994,accident_time=17.36;type=single
P9JZFMr8NeQ_00__pre_event_non_accident,/autodl-fs/data/traffic_accident_rnd/ACCIDENT_dataset/real_videos/P9JZFMr8NeQ_00.mp4,ACCIDENT-real,single,non_accident,0,weak_clip_pre_event,20.0,49.7,994,1920,1080,test,World,World::signalized_intersection,0,714,derived_pre_accident_until=14.360;weak_negative=true
5-sIe-O1b8I_00__accident,/autodl-fs/data/traffic_accident_rnd/ACCIDENT_dataset/real_videos/5-sIe-O1b8I_00.mp4,ACCIDENT-real,rear-end,accident,1,weak_clip_event_window,29.514727,15.043337,444,2400,1080,test,Virginia,Virginia::highway,98,188,accident_time=8.51;type=rear-end
5-sIe-O1b8I_00__pre_event_non_accident,/autodl-fs/data/traffic_accident_rnd/ACCIDENT_dataset/real_videos/5-sIe-O1b8I_00.mp4,ACCIDENT-real,rear-end,non_accident,0,weak_clip_pre_event,29.514727,15.043337,444,2400,1080,test,Virginia,Virginia::highway,0,83,derived_pre_accident_until=5.510;weak_negative=true
-PpjzmhI_PE_00__accident,/autodl-fs/data/traffic_accident_rnd/ACCIDENT_dataset/real_videos/-PpjzmhI_PE_00.mp4,ACCIDENT-real,single,accident,1,weak_clip_event_window,30.033333,15.016648,451,1440,1080,train,Virginia,Virginia::highway,3,93,accident_time=2.2;type=single
yS19DGEwcO4_00__accident,/autodl-fs/data/traffic_accident_rnd/ACCIDENT_dataset/real_videos/yS19DGEwcO4_00.mp4,ACCIDENT-real,rear-end,accident,1,weak_clip_event_window,30.041667,14.979196,450,960,720,test,Virginia,Virginia::highway,118,208,accident_time=9.875;type=rear-end
yS19DGEwcO4_00__pre_event_non_accident,/autodl-fs/data/traffic_accident_rnd/ACCIDENT_dataset/real_videos/yS19DGEwcO4_00.mp4,ACCIDENT-real,rear-end,non_accident,0,weak_clip_pre_event,30.041667,14.979196,450,960,720,test,Virginia,Virginia::highway,0,103,derived_pre_accident_until=6.875;weak_negative=true
NyKEneNoK54_00__accident,/autodl-fs/data/traffic_accident_rnd/ACCIDENT_dataset/real_videos/NyKEneNoK54_00.mp4,ACCIDENT-real,rear-end,accident,1,weak_clip_event_window,30.083333,14.925208,449,960,720,train,Virginia,Virginia::highway,0,74,accident_time=0.958;type=rear-end
Vk8h0fpJgcs_00__accident,/autodl-fs/data/traffic_accident_rnd/ACCIDENT_dataset/real_videos/Vk8h0fpJgcs_00.mp4,ACCIDENT-real,sideswipe,accident,1,weak_clip_event_window,27.833333,15.017964,418,1920,1080,test,Virginia,Virginia::highway,43,133,accident_time=4.866667;type=sideswipe
Vk8h0fpJgcs_00__pre_event_non_accident,/autodl-fs/data/traffic_accident_rnd/ACCIDENT_dataset/real_videos/Vk8h0fpJgcs_00.mp4,ACCIDENT-real,sideswipe,non_accident,0,weak_clip_pre_event,27.833333,15.017964,418,1920,1080,test,Virginia,Virginia::highway,0,28,derived_pre_accident_until=1.867;weak_negative=true
yZNmOYWiGY0_00__accident,/autodl-fs/data/traffic_accident_rnd/ACCIDENT_dataset/real_videos/yZNmOYWiGY0_00.mp4,ACCIDENT-real,sideswipe,accident,1,weak_clip_event_window,30.083333,13.66205,411,1280,720,train,Virginia,Virginia::highway,20,102,accident_time=3.417;type=sideswipe
_DbmvhywZZ8_00__accident,/autodl-fs/data/traffic_accident_rnd/ACCIDENT_dataset/real_videos/_DbmvhywZZ8_00.mp4,ACCIDENT-real,sideswipe,accident,1,weak_clip_event_window,30.041667,14.912621,448,960,720,test,Virginia,Virginia::highway,84,174,accident_time=7.666667;type=sideswipe
_DbmvhywZZ8_00__pre_event_non_accident,/autodl-fs/data/traffic_accident_rnd/ACCIDENT_dataset/real_videos/_DbmvhywZZ8_00.mp4,ACCIDENT-real,sideswipe,non_accident,0,weak_clip_pre_event,30.041667,14.912621,448,960,720,test,Virginia,Virginia::highway,0,70,derived_pre_accident_until=4.667;weak_negative=true
bsvWhFHgta8_00__accident,/autodl-fs/data/traffic_accident_rnd/ACCIDENT_dataset/real_videos/bsvWhFHgta8_00.mp4,ACCIDENT-real,rear-end,accident,1,weak_clip_event_window,7.958333,14.95288,119,960,720,test,Virginia,Virginia::highway,49,119,accident_time=5.25;type=rear-end
bsvWhFHgta8_00__pre_event_non_accident,/autodl-fs/data/traffic_accident_rnd/ACCIDENT_dataset/real_videos/bsvWhFHgta8_00.mp4,ACCIDENT-real,rear-end,non_accident,0,weak_clip_pre_event,7.958333,14.95288,119,960,720,test,Virginia,Virginia::highway,0,34,derived_pre_accident_until=2.250;weak_negative=true
ht0QCYJRWXc_00__accident,/autodl-fs/data/traffic_accident_rnd/ACCIDENT_dataset/real_videos/ht0QCYJRWXc_00.mp4,ACCIDENT-real,sideswipe,accident,1,weak_clip_event_window,26.208333,15.033386,394,960,720,test,Virginia,Virginia::highway,0,83,accident_time=1.5;type=sideswipe
J22LBVPh5kk_00__accident,/autodl-fs/data/traffic_accident_rnd/ACCIDENT_dataset/real_videos/J22LBVPh5kk_00.mp4,ACCIDENT-real,single,accident,1,weak_clip_event_window,19.291667,14.617711,282,960,720,train,Virginia,Virginia::highway,24,111,accident_time=3.625;type=single
O8x8fTbKfQo_00__accident,/autodl-fs/data/traffic_accident_rnd/ACCIDENT_dataset/real_videos/O8x8fTbKfQo_00.mp4,ACCIDENT-real,single,accident,1,weak_clip_event_window,29.958333,10.013908,300,960,720,train,Virginia,Virginia::highway,38,98,accident_time=5.833333;type=single
O8x8fTbKfQo_00__pre_event_non_accident,/autodl-fs/data/traffic_accident_rnd/ACCIDENT_dataset/real_videos/O8x8fTbKfQo_00.mp4,ACCIDENT-real,single,non_accident,0,weak_clip_pre_event,29.958333,10.013908,300,960,720,train,Virginia,Virginia::highway,0,28,derived_pre_accident_until=2.833;weak_negative=true
un3zKlzQR0s_00__accident,/autodl-fs/data/traffic_accident_rnd/ACCIDENT_dataset/real_videos/un3zKlzQR0s_00.mp4,ACCIDENT-real,sideswipe,accident,1,weak_clip_event_window,30.041667,12.249653,368,960,720,test,Virginia,Virginia::tunnel,9,82,accident_time=2.667;type=sideswipe
2xzko5Nggkc_00__accident,/autodl-fs/data/traffic_accident_rnd/ACCIDENT_dataset/real_videos/2xzko5Nggkc_00.mp4,ACCIDENT-real,sideswipe,accident,1,weak_clip_event_window,30.041667,14.979196,450,960,720,train,Virginia,Virginia::highway,7,97,accident_time=2.5;type=sideswipe
FVZu22TdJwc_00__accident,/autodl-fs/data/traffic_accident_rnd/ACCIDENT_dataset/real_videos/FVZu22TdJwc_00.mp4,ACCIDENT-real,head-on,accident,1,weak_clip_event_window,29.958333,12.450626,373,960,720,test,Virginia,Virginia::city_street,7,82,accident_time=2.542;type=head-on
JsJ_gpjIH1k_00__accident,/autodl-fs/data/traffic_accident_rnd/ACCIDENT_dataset/real_videos/JsJ_gpjIH1k_00.mp4,ACCIDENT-real,rear-end,accident,1,weak_clip_event_window,2.083333,14.88,31,960,720,train,Virginia,Virginia::highway,0,31,accident_time=0.875;type=rear-end
WcZTk9VxOJo_00__accident,/autodl-fs/data/traffic_accident_rnd/ACCIDENT_dataset/real_videos/WcZTk9VxOJo_00.mp4,ACCIDENT-real,t-bone,accident,1,weak_clip_event_window,30.041667,14.979196,450,960,720,test,Virginia,Virginia::signalized_intersection,7,97,accident_time=2.5;type=t-bone
LIB4DVkk3lc_00__accident,/autodl-fs/data/traffic_accident_rnd/ACCIDENT_dataset/real_videos/LIB4DVkk3lc_00.mp4,ACCIDENT-real,single,accident,1,weak_clip_event_window,25.366667,14.231275,361,1920,1080,test,Virginia,Virginia::highway,26,111,accident_time=3.7670000000000003;type=single
5ayuUyxh1aQ_00__accident,/autodl-fs/data/traffic_accident_rnd/ACCIDENT_dataset/real_videos/5ayuUyxh1aQ_00.mp4,ACCIDENT-real,t-bone,accident,1,weak_clip_event_window,30.033333,15.849057,476,1440,1080,test,Virginia,Virginia::signalized_intersection,38,133,accident_time=4.433;type=t-bone
5ayuUyxh1aQ_00__pre_event_non_accident,/autodl-fs/data/traffic_accident_rnd/ACCIDENT_dataset/real_videos/5ayuUyxh1aQ_00.mp4,ACCIDENT-real,t-bone,non_accident,0,weak_clip_pre_event,30.033333,15.849057,476,1440,1080,test,Virginia,Virginia::signalized_intersection,0,23,derived_pre_accident_until=1.433;weak_negative=true
xPNA0BFy_og_00__accident,/autodl-fs/data/traffic_accident_rnd/ACCIDENT_dataset/real_videos/xPNA0BFy_og_00.mp4,ACCIDENT-real,t-bone,accident,1,weak_clip_event_window,30.033333,13.81798,415,1440,1080,test,Virginia,Virginia::signalized_intersection,46,129,accident_time=5.367;type=t-bone
xPNA0BFy_og_00__pre_event_non_accident,/autodl-fs/data/traffic_accident_rnd/ACCIDENT_dataset/real_videos/xPNA0BFy_og_00.mp4,ACCIDENT-real,t-bone,non_accident,0,weak_clip_pre_event,30.033333,13.81798,415,1440,1080,test,Virginia,Virginia::signalized_intersection,0,33,derived_pre_accident_until=2.367;weak_negative=true
r-fThmrFOqs_00__accident,/autodl-fs/data/traffic_accident_rnd/ACCIDENT_dataset/real_videos/r-fThmrFOqs_00.mp4,ACCIDENT-real,t-bone,accident,1,weak_clip_event_window,29.958333,14.954103,448,960,720,test,Virginia,Virginia::signalized_intersection,41,131,accident_time=4.75;type=t-bone
r-fThmrFOqs_00__pre_event_non_accident,/autodl-fs/data/traffic_accident_rnd/ACCIDENT_dataset/real_videos/r-fThmrFOqs_00.mp4,ACCIDENT-real,t-bone,non_accident,0,weak_clip_pre_event,29.958333,14.954103,448,960,720,test,Virginia,Virginia::signalized_intersection,0,26,derived_pre_accident_until=1.750;weak_negative=true
QtrYFnbDjeQ_00__accident,/autodl-fs/data/traffic_accident_rnd/ACCIDENT_dataset/real_videos/QtrYFnbDjeQ_00.mp4,ACCIDENT-real,t-bone,accident,1,weak_clip_event_window,30.041667,13.015257,391,960,720,test,Virginia,Virginia::grade_separated_intersection,48,126,accident_time=5.708;type=t-bone
QtrYFnbDjeQ_00__pre_event_non_accident,/autodl-fs/data/traffic_accident_rnd/ACCIDENT_dataset/real_videos/QtrYFnbDjeQ_00.mp4,ACCIDENT-real,t-bone,non_accident,0,weak_clip_pre_event,30.041667,13.015257,391,960,720,test,Virginia,Virginia::grade_separated_intersection,0,35,derived_pre_accident_until=2.708;weak_negative=true
NfK10cGdiFw_00__accident,/autodl-fs/data/traffic_accident_rnd/ACCIDENT_dataset/real_videos/NfK10cGdiFw_00.mp4,ACCIDENT-real,t-bone,accident,1,weak_clip_event_window,25.235595,14.820336,374,854,384,test,Virginia,Virginia::signalized_intersection,118,207,accident_time=9.992999999999999;type=t-bone
NfK10cGdiFw_00__pre_event_non_accident,/autodl-fs/data/traffic_accident_rnd/ACCIDENT_dataset/real_videos/NfK10cGdiFw_00.mp4,ACCIDENT-real,t-bone,non_accident,0,weak_clip_pre_event,25.235595,14.820336,374,854,384,test,Virginia,Virginia::signalized_intersection,0,104,derived_pre_accident_until=6.993;weak_negative=true
emZJVcNK-q4_00__accident,/autodl-fs/data/traffic_accident_rnd/ACCIDENT_dataset/real_videos/emZJVcNK-q4_00.mp4,ACCIDENT-real,t-bone,accident,1,weak_clip_event_window,20.366667,13.747954,280,1440,1080,test,Virginia,Virginia::signalized_intersection,91,173,accident_time=8.6;type=t-bone
emZJVcNK-q4_00__pre_event_non_accident,/autodl-fs/data/traffic_accident_rnd/ACCIDENT_dataset/real_videos/emZJVcNK-q4_00.mp4,ACCIDENT-real,t-bone,non_accident,0,weak_clip_pre_event,20.366667,13.747954,280,1440,1080,test,Virginia,Virginia::signalized_intersection,0,77,derived_pre_accident_until=5.600;weak_negative=true
A8KM8YuiYIw_00__accident,/autodl-fs/data/traffic_accident_rnd/ACCIDENT_dataset/real_videos/A8KM8YuiYIw_00.mp4,ACCIDENT-real,t-bone,accident,1,weak_clip_event_window,30.041667,14.246879,428,960,720,test,Virginia,Virginia::signalized_intersection,46,131,accident_time=5.208;type=t-bone
A8KM8YuiYIw_00__pre_event_non_accident,/autodl-fs/data/traffic_accident_rnd/ACCIDENT_dataset/real_videos/A8KM8YuiYIw_00.mp4,ACCIDENT-real,t-bone,non_accident,0,weak_clip_pre_event,30.041667,14.246879,428,960,720,test,Virginia,Virginia::signalized_intersection,0,31,derived_pre_accident_until=2.208;weak_negative=true
BlqSYfAQSEA_00__accident,/autodl-fs/data/traffic_accident_rnd/ACCIDENT_dataset/real_videos/BlqSYfAQSEA_00.mp4,ACCIDENT-real,t-bone,accident,1,weak_clip_event_window,30.041667,14.979196,450,960,720,test,Virginia,Virginia::signalized_intersection,29,119,accident_time=3.917;type=t-bone
34Q7DXby2s4_00__accident,/autodl-fs/data/traffic_accident_rnd/ACCIDENT_dataset/real_videos/34Q7DXby2s4_00.mp4,ACCIDENT-real,t-bone,accident,1,weak_clip_event_window,30.0,9.766667,293,960,720,test,Virginia,Virginia::signalized_intersection,15,74,accident_time=3.542;type=t-bone
SPC9zwYFzdI_00__accident,/autodl-fs/data/traffic_accident_rnd/ACCIDENT_dataset/real_videos/SPC9zwYFzdI_00.mp4,ACCIDENT-real,t-bone,accident,1,weak_clip_event_window,29.958333,13.518776,405,1280,720,test,Seattle,Seattle::signalized_intersection,54,135,accident_time=6.0;type=t-bone
SPC9zwYFzdI_00__pre_event_non_accident,/autodl-fs/data/traffic_accident_rnd/ACCIDENT_dataset/real_videos/SPC9zwYFzdI_00.mp4,ACCIDENT-real,t-bone,non_accident,0,weak_clip_pre_event,29.958333,13.518776,405,1280,720,test,Seattle,Seattle::signalized_intersection,0,41,derived_pre_accident_until=3.000;weak_negative=true
qkOFqDO_mL4_00__accident,/autodl-fs/data/traffic_accident_rnd/ACCIDENT_dataset/real_videos/qkOFqDO_mL4_00.mp4,ACCIDENT-real,t-bone,accident,1,weak_clip_event_window,26.966667,14.425216,389,1440,1080,test,Virginia,Virginia::signalized_intersection,21,108,accident_time=3.467;type=t-bone
1ww7Jv5v3QA_00__accident,/autodl-fs/data/traffic_accident_rnd/ACCIDENT_dataset/real_videos/1ww7Jv5v3QA_00.mp4,ACCIDENT-real,t-bone,accident,1,weak_clip_event_window,30.125,14.273859,430,960,720,test,Virginia,Virginia::signalized_intersection,22,108,accident_time=3.542;type=t-bone
EVNMnYgWIuk_00__accident,/autodl-fs/data/traffic_accident_rnd/ACCIDENT_dataset/real_videos/EVNMnYgWIuk_00.mp4,ACCIDENT-real,t-bone,accident,1,weak_clip_event_window,29.916667,13.871866,415,960,720,test,Virginia,Virginia::signalized_intersection,60,143,accident_time=6.375;type=t-bone
EVNMnYgWIuk_00__pre_event_non_accident,/autodl-fs/data/traffic_accident_rnd/ACCIDENT_dataset/real_videos/EVNMnYgWIuk_00.mp4,ACCIDENT-real,t-bone,non_accident,0,weak_clip_pre_event,29.916667,13.871866,415,960,720,test,Virginia,Virginia::signalized_intersection,0,47,derived_pre_accident_until=3.375;weak_negative=true
_BvchcqS_KQ_00__accident,/autodl-fs/data/traffic_accident_rnd/ACCIDENT_dataset/real_videos/_BvchcqS_KQ_00.mp4,ACCIDENT-real,t-bone,accident,1,weak_clip_event_window,30.083333,9.606648,289,960,720,test,Virginia,Virginia::signalized_intersection,39,96,accident_time=6.083;type=t-bone
_BvchcqS_KQ_00__pre_event_non_accident,/autodl-fs/data/traffic_accident_rnd/ACCIDENT_dataset/real_videos/_BvchcqS_KQ_00.mp4,ACCIDENT-real,t-bone,non_accident,0,weak_clip_pre_event,30.083333,9.606648,289,960,720,test,Virginia,Virginia::signalized_intersection,0,30,derived_pre_accident_until=3.083;weak_negative=true
w7lzIHFlSsE_00__accident,/autodl-fs/data/traffic_accident_rnd/ACCIDENT_dataset/real_videos/w7lzIHFlSsE_00.mp4,ACCIDENT-real,head-on,accident,1,weak_clip_event_window,30.1,17.574751,529,1440,1080,test,Virginia,Virginia::signalized_intersection,49,154,accident_time=4.8;type=head-on
w7lzIHFlSsE_00__pre_event_non_accident,/autodl-fs/data/traffic_accident_rnd/ACCIDENT_dataset/real_videos/w7lzIHFlSsE_00.mp4,ACCIDENT-real,head-on,non_accident,0,weak_clip_pre_event,30.1,17.574751,529,1440,1080,test,Virginia,Virginia::signalized_intersection,0,32,derived_pre_accident_until=1.800;weak_negative=true
X0xzhXbBngE_00__accident,/autodl-fs/data/traffic_accident_rnd/ACCIDENT_dataset/real_videos/X0xzhXbBngE_00.mp4,ACCIDENT-real,t-bone,accident,1,weak_clip_event_window,30.125,14.937759,450,960,720,test,Virginia,Virginia::signalized_intersection,100,190,accident_time=8.708;type=t-bone
X0xzhXbBngE_00__pre_event_non_accident,/autodl-fs/data/traffic_accident_rnd/ACCIDENT_dataset/real_videos/X0xzhXbBngE_00.mp4,ACCIDENT-real,t-bone,non_accident,0,weak_clip_pre_event,30.125,14.937759,450,960,720,test,Virginia,Virginia::signalized_intersection,0,85,derived_pre_accident_until=5.708;weak_negative=true
2W7S_-7F6S8_00__accident,/autodl-fs/data/traffic_accident_rnd/ACCIDENT_dataset/real_videos/2W7S_-7F6S8_00.mp4,ACCIDENT-real,t-bone,accident,1,weak_clip_event_window,29.958333,14.954103,448,960,720,test,Virginia,Virginia::signalized_intersection,40,130,accident_time=4.667;type=t-bone
2W7S_-7F6S8_00__pre_event_non_accident,/autodl-fs/data/traffic_accident_rnd/ACCIDENT_dataset/real_videos/2W7S_-7F6S8_00.mp4,ACCIDENT-real,t-bone,non_accident,0,weak_clip_pre_event,29.958333,14.954103,448,960,720,test,Virginia,Virginia::signalized_intersection,0,25,derived_pre_accident_until=1.667;weak_negative=true
8sg1ollKgh4_00__accident,/autodl-fs/data/traffic_accident_rnd/ACCIDENT_dataset/real_videos/8sg1ollKgh4_00.mp4,ACCIDENT-real,t-bone,accident,1,weak_clip_event_window,30.083333,13.362881,402,960,720,test,Virginia,Virginia::signalized_intersection,11,91,accident_time=2.875;type=t-bone
917eW1YYvc4_00__accident,/autodl-fs/data/traffic_accident_rnd/ACCIDENT_dataset/real_videos/917eW1YYvc4_00.mp4,ACCIDENT-real,t-bone,accident,1,weak_clip_event_window,7.166667,14.790698,106,960,720,test,Virginia,Virginia::signalized_intersection,51,106,accident_time=5.458;type=t-bone
917eW1YYvc4_00__pre_event_non_accident,/autodl-fs/data/traffic_accident_rnd/ACCIDENT_dataset/real_videos/917eW1YYvc4_00.mp4,ACCIDENT-real,t-bone,non_accident,0,weak_clip_pre_event,7.166667,14.790698,106,960,720,test,Virginia,Virginia::signalized_intersection,0,36,derived_pre_accident_until=2.458;weak_negative=true
q0ReAwAoB6c_00__accident,/autodl-fs/data/traffic_accident_rnd/ACCIDENT_dataset/real_videos/q0ReAwAoB6c_00.mp4,ACCIDENT-real,t-bone,accident,1,weak_clip_event_window,25.212246,14.556418,367,854,384,test,Virginia,Virginia::grade_separated_intersection,112,199,accident_time=9.711;type=t-bone
q0ReAwAoB6c_00__pre_event_non_accident,/autodl-fs/data/traffic_accident_rnd/ACCIDENT_dataset/real_videos/q0ReAwAoB6c_00.mp4,ACCIDENT-real,t-bone,non_accident,0,weak_clip_pre_event,25.212246,14.556418,367,854,384,test,Virginia,Virginia::grade_separated_intersection,0,98,derived_pre_accident_until=6.711;weak_negative=true
dpwGsUssZeE_00__accident,/autodl-fs/data/traffic_accident_rnd/ACCIDENT_dataset/real_videos/dpwGsUssZeE_00.mp4,ACCIDENT-real,t-bone,accident,1,weak_clip_event_window,30.041667,13.847434,416,960,720,test,Virginia,Virginia::signalized_intersection,72,155,accident_time=7.25;type=t-bone
dpwGsUssZeE_00__pre_event_non_accident,/autodl-fs/data/traffic_accident_rnd/ACCIDENT_dataset/real_videos/dpwGsUssZeE_00.mp4,ACCIDENT-real,t-bone,non_accident,0,weak_clip_pre_event,30.041667,13.847434,416,960,720,test,Virginia,Virginia::signalized_intersection,0,59,derived_pre_accident_until=4.250;weak_negative=true
yzLkvjtWFeI_00__accident,/autodl-fs/data/traffic_accident_rnd/ACCIDENT_dataset/real_videos/yzLkvjtWFeI_00.mp4,ACCIDENT-real,t-bone,accident,1,weak_clip_event_window,30.041667,14.979196,450,960,720,test,Virginia,Virginia::signalized_intersection,52,142,accident_time=5.5;type=t-bone
yzLkvjtWFeI_00__pre_event_non_accident,/autodl-fs/data/traffic_accident_rnd/ACCIDENT_dataset/real_videos/yzLkvjtWFeI_00.mp4,ACCIDENT-real,t-bone,non_accident,0,weak_clip_pre_event,30.041667,14.979196,450,960,720,test,Virginia,Virginia::signalized_intersection,0,37,derived_pre_accident_until=2.500;weak_negative=true
5kZFvkKPHsc_00__accident,/autodl-fs/data/traffic_accident_rnd/ACCIDENT_dataset/real_videos/5kZFvkKPHsc_00.mp4,ACCIDENT-real,t-bone,accident,1,weak_clip_event_window,28.5,14.982456,427,960,720,test,Virginia,Virginia::signalized_intersection,2,92,accident_time=2.1660000000000004;type=t-bone
Iu6k6jWZGZ0_00__accident,/autodl-fs/data/traffic_accident_rnd/ACCIDENT_dataset/real_videos/Iu6k6jWZGZ0_00.mp4,ACCIDENT-real,rear-end,accident,1,weak_clip_event_window,30.766667,13.68364,421,636,360,test,USA,USA::city_street,56,138,accident_time=6.066666000000001;type=rear-end
Iu6k6jWZGZ0_00__pre_event_non_accident,/autodl-fs/data/traffic_accident_rnd/ACCIDENT_dataset/real_videos/Iu6k6jWZGZ0_00.mp4,ACCIDENT-real,rear-end,non_accident,0,weak_clip_pre_event,30.766667,13.68364,421,636,360,test,USA,USA::city_street,0,42,derived_pre_accident_until=3.067;weak_negative=true
oPHbqlp1o5k_00__accident,/autodl-fs/data/traffic_accident_rnd/ACCIDENT_dataset/real_videos/oPHbqlp1o5k_00.mp4,ACCIDENT-real,sideswipe,accident,1,weak_clip_event_window,23.866667,13.952514,333,1920,886,test,USA,USA::city_street,25,109,accident_time=3.816666;type=sideswipe
X09_GoSwRR0_00__accident,/autodl-fs/data/traffic_accident_rnd/ACCIDENT_dataset/real_videos/X09_GoSwRR0_00.mp4,ACCIDENT-real,t-bone,accident,1,weak_clip_event_window,29.4,18.265306,537,1920,1080,test,World,World::signalized_intersection,371,481,accident_time=22.333;type=t-bone
X09_GoSwRR0_00__pre_event_non_accident,/autodl-fs/data/traffic_accident_rnd/ACCIDENT_dataset/real_videos/X09_GoSwRR0_00.mp4,ACCIDENT-real,t-bone,non_accident,0,weak_clip_pre_event,29.4,18.265306,537,1920,1080,test,World,World::signalized_intersection,0,353,derived_pre_accident_until=19.333;weak_negative=true
ej0GaDepmoQ_00__accident,/autodl-fs/data/traffic_accident_rnd/ACCIDENT_dataset/real_videos/ej0GaDepmoQ_00.mp4,ACCIDENT-real,single,accident,1,weak_clip_event_window,29.733333,19.876682,591,1920,1080,test,World,World::city_street,0,107,accident_time=1.367;type=single
LAojlJEDJ2w_00__accident,/autodl-fs/data/traffic_accident_rnd/ACCIDENT_dataset/real_videos/LAojlJEDJ2w_00.mp4,ACCIDENT-real,t-bone,accident,1,weak_clip_event_window,29.933333,25.423163,761,1920,1080,test,World,World::simple_intersection,42,195,accident_time=3.667;type=t-bone
2U2gPpmCg_o_00__accident,/autodl-fs/data/traffic_accident_rnd/ACCIDENT_dataset/real_videos/2U2gPpmCg_o_00.mp4,ACCIDENT-real,single,accident,1,weak_clip_event_window,30.041667,14.879334,447,960,720,test,Virginia,Virginia::highway,73,163,accident_time=6.917;type=single
2U2gPpmCg_o_00__pre_event_non_accident,/autodl-fs/data/traffic_accident_rnd/ACCIDENT_dataset/real_videos/2U2gPpmCg_o_00.mp4,ACCIDENT-real,single,non_accident,0,weak_clip_pre_event,30.041667,14.879334,447,960,720,test,Virginia,Virginia::highway,0,58,derived_pre_accident_until=3.917;weak_negative=true
iOQcKQHd1og_00__accident,/autodl-fs/data/traffic_accident_rnd/ACCIDENT_dataset/real_videos/iOQcKQHd1og_00.mp4,ACCIDENT-real,sideswipe,accident,1,weak_clip_event_window,8.196291,15.128795,124,2400,1080,test,Virginia,Virginia::highway,72,124,accident_time=6.725;type=sideswipe
iOQcKQHd1og_00__pre_event_non_accident,/autodl-fs/data/traffic_accident_rnd/ACCIDENT_dataset/real_videos/iOQcKQHd1og_00.mp4,ACCIDENT-real,sideswipe,non_accident,0,weak_clip_pre_event,8.196291,15.128795,124,2400,1080,test,Virginia,Virginia::highway,0,56,derived_pre_accident_until=3.725;weak_negative=true
ebEA6IpCT5w_00__accident,/autodl-fs/data/traffic_accident_rnd/ACCIDENT_dataset/real_videos/ebEA6IpCT5w_00.mp4,ACCIDENT-real,sideswipe,accident,1,weak_clip_event_window,29.509822,15.045838,444,2400,1080,test,Virginia,Virginia::highway,120,210,accident_time=9.957;type=sideswipe
ebEA6IpCT5w_00__pre_event_non_accident,/autodl-fs/data/traffic_accident_rnd/ACCIDENT_dataset/real_videos/ebEA6IpCT5w_00.mp4,ACCIDENT-real,sideswipe,non_accident,0,weak_clip_pre_event,29.509822,15.045838,444,2400,1080,test,Virginia,Virginia::highway,0,105,derived_pre_accident_until=6.957;weak_negative=true
E56s-zfz2QE_00__accident,/autodl-fs/data/traffic_accident_rnd/ACCIDENT_dataset/real_videos/E56s-zfz2QE_00.mp4,ACCIDENT-real,rear-end,accident,1,weak_clip_event_window,25.139665,14.876889,374,854,384,test,Virginia,Virginia::highway,143,233,accident_time=11.618;type=rear-end
E56s-zfz2QE_00__pre_event_non_accident,/autodl-fs/data/traffic_accident_rnd/ACCIDENT_dataset/real_videos/E56s-zfz2QE_00.mp4,ACCIDENT-real,rear-end,non_accident,0,weak_clip_pre_event,25.139665,14.876889,374,854,384,test,Virginia,Virginia::highway,0,128,derived_pre_accident_until=8.618;weak_negative=true
FJcKTvBI75U_00__accident,/autodl-fs/data/traffic_accident_rnd/ACCIDENT_dataset/real_videos/FJcKTvBI75U_00.mp4,ACCIDENT-real,t-bone,accident,1,weak_clip_event_window,58.4584,20.014232,1170,1280,720,test,World,World::simple_intersection,63,183,accident_time=5.138467;type=t-bone
FJcKTvBI75U_00__pre_event_non_accident,/autodl-fs/data/traffic_accident_rnd/ACCIDENT_dataset/real_videos/FJcKTvBI75U_00.mp4,ACCIDENT-real,t-bone,non_accident,0,weak_clip_pre_event,58.4584,20.014232,1170,1280,720,test,World,World::simple_intersection,0,43,derived_pre_accident_until=2.138;weak_negative=true
FJcKTvBI75U_01__accident,/autodl-fs/data/traffic_accident_rnd/ACCIDENT_dataset/real_videos/FJcKTvBI75U_01.mp4,ACCIDENT-real,sideswipe,accident,1,weak_clip_event_window,15.882533,23.736767,377,1280,720,test,World,World::signalized_intersection,210,352,accident_time=10.844167;type=sideswipe
FJcKTvBI75U_01__pre_event_non_accident,/autodl-fs/data/traffic_accident_rnd/ACCIDENT_dataset/real_videos/FJcKTvBI75U_01.mp4,ACCIDENT-real,sideswipe,non_accident,0,weak_clip_pre_event,15.882533,23.736767,377,1280,720,test,World,World::signalized_intersection,0,186,derived_pre_accident_until=7.844;weak_negative=true
FJcKTvBI75U_02__accident,/autodl-fs/data/traffic_accident_rnd/ACCIDENT_dataset/real_videos/FJcKTvBI75U_02.mp4,ACCIDENT-real,single,accident,1,weak_clip_event_window,22.3223,18.053695,403,1280,720,test,World,World::parking_lot,298,403,accident_time=18.5185;type=single
FJcKTvBI75U_02__pre_event_non_accident,/autodl-fs/data/traffic_accident_rnd/ACCIDENT_dataset/real_videos/FJcKTvBI75U_02.mp4,ACCIDENT-real,single,non_accident,0,weak_clip_pre_event,22.3223,18.053695,403,1280,720,test,World,World::parking_lot,0,280,derived_pre_accident_until=15.518;weak_negative=true
O0v2MBUkTGk_00__accident,/autodl-fs/data/traffic_accident_rnd/ACCIDENT_dataset/real_videos/O0v2MBUkTGk_00.mp4,ACCIDENT-real,head-on,accident,1,weak_clip_event_window,8.375033,24.71632,207,1280,720,test,World,World::simple_intersection,114,207,accident_time=6.6066;type=head-on
O0v2MBUkTGk_00__pre_event_non_accident,/autodl-fs/data/traffic_accident_rnd/ACCIDENT_dataset/real_videos/O0v2MBUkTGk_00.mp4,ACCIDENT-real,head-on,non_accident,0,weak_clip_pre_event,8.375033,24.71632,207,1280,720,test,World,World::simple_intersection,0,89,derived_pre_accident_until=3.607;weak_negative=true
TXZfPbiopOE_00__accident,/autodl-fs/data/traffic_accident_rnd/ACCIDENT_dataset/real_videos/TXZfPbiopOE_00.mp4,ACCIDENT-real,sideswipe,accident,1,weak_clip_event_window,13.1131,24.479337,321,1280,720,test,World,World::signalized_intersection,80,227,accident_time=5.271933;type=sideswipe
TXZfPbiopOE_00__pre_event_non_accident,/autodl-fs/data/traffic_accident_rnd/ACCIDENT_dataset/real_videos/TXZfPbiopOE_00.mp4,ACCIDENT-real,sideswipe,non_accident,0,weak_clip_pre_event,13.1131,24.479337,321,1280,720,test,World,World::signalized_intersection,0,56,derived_pre_accident_until=2.272;weak_negative=true
r0IIrqV5xPo_00__accident,/autodl-fs/data/traffic_accident_rnd/ACCIDENT_dataset/real_videos/r0IIrqV5xPo_00.mp4,ACCIDENT-real,single,accident,1,weak_clip_event_window,14.347667,24.951792,358,1280,720,test,World,World::highway,98,248,accident_time=5.939267;type=single
r0IIrqV5xPo_00__pre_event_non_accident,/autodl-fs/data/traffic_accident_rnd/ACCIDENT_dataset/real_videos/r0IIrqV5xPo_00.mp4,ACCIDENT-real,single,non_accident,0,weak_clip_pre_event,14.347667,24.951792,358,1280,720,test,World,World::highway,0,73,derived_pre_accident_until=2.939;weak_negative=true
XESYC4RcqGQ_00__accident,/autodl-fs/data/traffic_accident_rnd/ACCIDENT_dataset/real_videos/XESYC4RcqGQ_00.mp4,ACCIDENT-real,t-bone,accident,1,weak_clip_event_window,18.018,24.975025,450,1280,720,test,World,World::simple_intersection,81,231,accident_time=5.238567;type=t-bone
XESYC4RcqGQ_00__pre_event_non_accident,/autodl-fs/data/traffic_accident_rnd/ACCIDENT_dataset/real_videos/XESYC4RcqGQ_00.mp4,ACCIDENT-real,t-bone,non_accident,0,weak_clip_pre_event,18.018,24.975025,450,1280,720,test,World,World::simple_intersection,0,56,derived_pre_accident_until=2.239;weak_negative=true
XESYC4RcqGQ_01__accident,/autodl-fs/data/traffic_accident_rnd/ACCIDENT_dataset/real_videos/XESYC4RcqGQ_01.mp4,ACCIDENT-real,t-bone,accident,1,weak_clip_event_window,16.449767,10.091329,166,1280,720,test,World,World::simple_intersection,65,125,accident_time=8.441767;type=t-bone
XESYC4RcqGQ_01__pre_event_non_accident,/autodl-fs/data/traffic_accident_rnd/ACCIDENT_dataset/real_videos/XESYC4RcqGQ_01.mp4,ACCIDENT-real,t-bone,non_accident,0,weak_clip_pre_event,16.449767,10.091329,166,1280,720,test,World,World::simple_intersection,0,55,derived_pre_accident_until=5.442;weak_negative=true
XESYC4RcqGQ_02__accident,/autodl-fs/data/traffic_accident_rnd/ACCIDENT_dataset/real_videos/XESYC4RcqGQ_02.mp4,ACCIDENT-real,t-bone,accident,1,weak_clip_event_window,18.985633,19.225063,365,1280,720,test,World,World::signalized_intersection,26,141,accident_time=3.3033;type=t-bone
XESYC4RcqGQ_03__accident,/autodl-fs/data/traffic_accident_rnd/ACCIDENT_dataset/real_videos/XESYC4RcqGQ_03.mp4,ACCIDENT-real,t-bone,accident,1,weak_clip_event_window,16.049367,20.000789,321,1280,720,test,World,World::signalized_intersection,70,190,accident_time=5.5055;type=t-bone
XESYC4RcqGQ_03__pre_event_non_accident,/autodl-fs/data/traffic_accident_rnd/ACCIDENT_dataset/real_videos/XESYC4RcqGQ_03.mp4,ACCIDENT-real,t-bone,non_accident,0,weak_clip_pre_event,16.049367,20.000789,321,1280,720,test,World,World::signalized_intersection,0,50,derived_pre_accident_until=2.505;weak_negative=true
XESYC4RcqGQ_04__accident,/autodl-fs/data/traffic_accident_rnd/ACCIDENT_dataset/real_videos/XESYC4RcqGQ_04.mp4,ACCIDENT-real,t-bone,accident,1,weak_clip_event_window,14.4144,20.188145,291,1280,720,test,World,World::signalized_intersection,44,165,accident_time=4.170833;type=t-bone
XESYC4RcqGQ_04__pre_event_non_accident,/autodl-fs/data/traffic_accident_rnd/ACCIDENT_dataset/real_videos/XESYC4RcqGQ_04.mp4,ACCIDENT-real,t-bone,non_accident,0,weak_clip_pre_event,14.4144,20.188145,291,1280,720,test,World,World::signalized_intersection,0,24,derived_pre_accident_until=1.171;weak_negative=true
OjjbNRuOJhc_00__accident,/autodl-fs/data/traffic_accident_rnd/ACCIDENT_dataset/real_videos/OjjbNRuOJhc_00.mp4,ACCIDENT-real,t-bone,accident,1,weak_clip_event_window,6.9069,15.057406,104,1280,720,test,World,World::signalized_intersection,42,104,accident_time=4.771433;type=t-bone
OjjbNRuOJhc_00__pre_event_non_accident,/autodl-fs/data/traffic_accident_rnd/ACCIDENT_dataset/real_videos/OjjbNRuOJhc_00.mp4,ACCIDENT-real,t-bone,non_accident,0,weak_clip_pre_event,6.9069,15.057406,104,1280,720,test,World,World::signalized_intersection,0,27,derived_pre_accident_until=1.771;weak_negative=true
OjjbNRuOJhc_01__accident,/autodl-fs/data/traffic_accident_rnd/ACCIDENT_dataset/real_videos/OjjbNRuOJhc_01.mp4,ACCIDENT-real,sideswipe,accident,1,weak_clip_event_window,16.4164,17.726176,291,1280,720,test,World,World::signalized_intersection,60,166,accident_time=5.338667;type=sideswipe
OjjbNRuOJhc_01__pre_event_non_accident,/autodl-fs/data/traffic_accident_rnd/ACCIDENT_dataset/real_videos/OjjbNRuOJhc_01.mp4,ACCIDENT-real,sideswipe,non_accident,0,weak_clip_pre_event,16.4164,17.726176,291,1280,720,test,World,World::signalized_intersection,0,41,derived_pre_accident_until=2.339;weak_negative=true
vOurgVV6O90_00__accident,/autodl-fs/data/traffic_accident_rnd/ACCIDENT_dataset/real_videos/vOurgVV6O90_00.mp4,ACCIDENT-real,t-bone,accident,1,weak_clip_event_window,13.179833,24.962379,329,1280,720,test,World,World::signalized_intersection,2,152,accident_time=2.1021;type=t-bone
bys_qghQe0w_00__accident,/autodl-fs/data/traffic_accident_rnd/ACCIDENT_dataset/real_videos/bys_qghQe0w_00.mp4,ACCIDENT-real,t-bone,accident,1,weak_clip_event_window,10.48,22.900763,240,1920,1080,test,World,World::city_street,44,182,accident_time=3.92;type=t-bone
bys_qghQe0w_01__accident,/autodl-fs/data/traffic_accident_rnd/ACCIDENT_dataset/real_videos/bys_qghQe0w_01.mp4,ACCIDENT-real,rear-end,accident,1,weak_clip_event_window,4.96,23.387097,116,1920,1080,test,World,World::highway,49,116,accident_time=4.119999999999999;type=rear-end
bys_qghQe0w_01__pre_event_non_accident,/autodl-fs/data/traffic_accident_rnd/ACCIDENT_dataset/real_videos/bys_qghQe0w_01.mp4,ACCIDENT-real,rear-end,non_accident,0,weak_clip_pre_event,4.96,23.387097,116,1920,1080,test,World,World::highway,0,26,derived_pre_accident_until=1.120;weak_negative=true
bys_qghQe0w_02__accident,/autodl-fs/data/traffic_accident_rnd/ACCIDENT_dataset/real_videos/bys_qghQe0w_02.mp4,ACCIDENT-real,t-bone,accident,1,weak_clip_event_window,11.28,17.819149,201,1920,1080,test,World,World::simple_intersection,101,201,accident_time=7.68;type=t-bone
bys_qghQe0w_02__pre_event_non_accident,/autodl-fs/data/traffic_accident_rnd/ACCIDENT_dataset/real_videos/bys_qghQe0w_02.mp4,ACCIDENT-real,t-bone,non_accident,0,weak_clip_pre_event,11.28,17.819149,201,1920,1080,test,World,World::simple_intersection,0,83,derived_pre_accident_until=4.680;weak_negative=true
bys_qghQe0w_03__accident,/autodl-fs/data/traffic_accident_rnd/ACCIDENT_dataset/real_videos/bys_qghQe0w_03.mp4,ACCIDENT-real,t-bone,accident,1,weak_clip_event_window,10.56,21.590909,228,1920,1080,test,World,World::simple_intersection,104,228,accident_time=6.8;type=t-bone
bys_qghQe0w_03__pre_event_non_accident,/autodl-fs/data/traffic_accident_rnd/ACCIDENT_dataset/real_videos/bys_qghQe0w_03.mp4,ACCIDENT-real,t-bone,non_accident,0,weak_clip_pre_event,10.56,21.590909,228,1920,1080,test,World,World::simple_intersection,0,82,derived_pre_accident_until=3.800;weak_negative=true
qnyC61bVCJQ_00__accident,/autodl-fs/data/traffic_accident_rnd/ACCIDENT_dataset/real_videos/qnyC61bVCJQ_00.mp4,ACCIDENT-real,sideswipe,accident,1,weak_clip_event_window,29.958333,15.020862,450,960,720,train,Virginia,Virginia::highway,82,172,accident_time=7.458333;type=sideswipe
qnyC61bVCJQ_00__pre_event_non_accident,/autodl-fs/data/traffic_accident_rnd/ACCIDENT_dataset/real_videos/qnyC61bVCJQ_00.mp4,ACCIDENT-real,sideswipe,non_accident,0,weak_clip_pre_event,29.958333,15.020862,450,960,720,train,Virginia,Virginia::highway,0,67,derived_pre_accident_until=4.458;weak_negative=true
-gbcp_G6NAE_00__accident,/autodl-fs/data/traffic_accident_rnd/ACCIDENT_dataset/real_videos/-gbcp_G6NAE_00.mp4,ACCIDENT-real,single,accident,1,weak_clip_event_window,38.133333,27.22028,1038,1280,720,test,World,World::parking_lot,370,533,accident_time=15.566666;type=single
-gbcp_G6NAE_00__pre_event_non_accident,/autodl-fs/data/traffic_accident_rnd/ACCIDENT_dataset/real_videos/-gbcp_G6NAE_00.mp4,ACCIDENT-real,single,non_accident,0,weak_clip_pre_event,38.133333,27.22028,1038,1280,720,test,World,World::parking_lot,0,342,derived_pre_accident_until=12.567;weak_negative=true
Pd6Ii4dcaUg_00__accident,/autodl-fs/data/traffic_accident_rnd/ACCIDENT_dataset/real_videos/Pd6Ii4dcaUg_00.mp4,ACCIDENT-real,t-bone,accident,1,weak_clip_event_window,24.882207,14.990632,373,2400,1080,test,Virginia,Virginia::signalized_intersection,69,159,accident_time=6.618;type=t-bone
Pd6Ii4dcaUg_00__pre_event_non_accident,/autodl-fs/data/traffic_accident_rnd/ACCIDENT_dataset/real_videos/Pd6Ii4dcaUg_00.mp4,ACCIDENT-real,t-bone,non_accident,0,weak_clip_pre_event,24.882207,14.990632,373,2400,1080,test,Virginia,Virginia::signalized_intersection,0,54,derived_pre_accident_until=3.618;weak_negative=true
0HjhBBGQT-0_00__accident,/autodl-fs/data/traffic_accident_rnd/ACCIDENT_dataset/real_videos/0HjhBBGQT-0_00.mp4,ACCIDENT-real,single,accident,1,weak_clip_event_window,25.3323,15.040087,381,2400,1080,test,Virginia,Virginia::highway,112,202,accident_time=9.418;type=single
0HjhBBGQT-0_00__pre_event_non_accident,/autodl-fs/data/traffic_accident_rnd/ACCIDENT_dataset/real_videos/0HjhBBGQT-0_00.mp4,ACCIDENT-real,single,non_accident,0,weak_clip_pre_event,25.3323,15.040087,381,2400,1080,test,Virginia,Virginia::highway,0,97,derived_pre_accident_until=6.418;weak_negative=true
r1fGrsOle9M_00__accident,/autodl-fs/data/traffic_accident_rnd/ACCIDENT_dataset/real_videos/r1fGrsOle9M_00.mp4,ACCIDENT-real,single,accident,1,weak_clip_event_window,30.39554,10.856856,330,2400,1080,test,Virginia,Virginia::tunnel,87,152,accident_time=10.021;type=single
r1fGrsOle9M_00__pre_event_non_accident,/autodl-fs/data/traffic_accident_rnd/ACCIDENT_dataset/real_videos/r1fGrsOle9M_00.mp4,ACCIDENT-real,single,non_accident,0,weak_clip_pre_event,30.39554,10.856856,330,2400,1080,test,Virginia,Virginia::tunnel,0,76,derived_pre_accident_until=7.021;weak_negative=true
J7Biq7X1kxQ_00__accident,/autodl-fs/data/traffic_accident_rnd/ACCIDENT_dataset/real_videos/J7Biq7X1kxQ_00.mp4,ACCIDENT-real,single,accident,1,weak_clip_event_window,6.766667,14.778325,100,1920,1080,test,Virginia,Virginia::highway,0,86,accident_time=1.833;type=single
EBUkwCDDOIU_00__accident,/autodl-fs/data/traffic_accident_rnd/ACCIDENT_dataset/real_videos/EBUkwCDDOIU_00.mp4,ACCIDENT-real,rear-end,accident,1,weak_clip_event_window,29.615586,14.823276,439,2400,1080,test,Virginia,Virginia::highway,111,200,accident_time=9.545;type=rear-end
EBUkwCDDOIU_00__pre_event_non_accident,/autodl-fs/data/traffic_accident_rnd/ACCIDENT_dataset/real_videos/EBUkwCDDOIU_00.mp4,ACCIDENT-real,rear-end,non_accident,0,weak_clip_pre_event,29.615586,14.823276,439,2400,1080,test,Virginia,Virginia::highway,0,97,derived_pre_accident_until=6.545;weak_negative=true
HLK2xLUfMsM_00__accident,/autodl-fs/data/traffic_accident_rnd/ACCIDENT_dataset/real_videos/HLK2xLUfMsM_00.mp4,ACCIDENT-real,single,accident,1,weak_clip_event_window,14.541667,15.060172,219,960,720,train,Virginia,Virginia::highway,112,202,accident_time=9.458;type=single
HLK2xLUfMsM_00__pre_event_non_accident,/autodl-fs/data/traffic_accident_rnd/ACCIDENT_dataset/real_videos/HLK2xLUfMsM_00.mp4,ACCIDENT-real,single,non_accident,0,weak_clip_pre_event,14.541667,15.060172,219,960,720,train,Virginia,Virginia::highway,0,97,derived_pre_accident_until=6.458;weak_negative=true
9E91OEkRB-4_00__accident,/autodl-fs/data/traffic_accident_rnd/ACCIDENT_dataset/real_videos/9E91OEkRB-4_00.mp4,ACCIDENT-real,t-bone,accident,1,weak_clip_event_window,30.041667,14.979196,450,1280,720,test,Seattle,Seattle::signalized_intersection,0,79,accident_time=1.292;type=t-bone
1_FuS-_ctGY_00__accident,/autodl-fs/data/traffic_accident_rnd/ACCIDENT_dataset/real_videos/1_FuS-_ctGY_00.mp4,ACCIDENT-real,t-bone,accident,1,weak_clip_event_window,29.958333,15.187761,455,1280,720,test,Seattle,Seattle::signalized_intersection,12,103,accident_time=2.792;type=t-bone
Ywhp-yEW60k_00__accident,/autodl-fs/data/traffic_accident_rnd/ACCIDENT_dataset/real_videos/Ywhp-yEW60k_00.mp4,ACCIDENT-real,head-on,accident,1,weak_clip_event_window,30.041667,19.839112,596,1280,720,test,Seattle,Seattle::signalized_intersection,23,142,accident_time=3.167;type=head-on
n_U9loEcX54_00__accident,/autodl-fs/data/traffic_accident_rnd/ACCIDENT_dataset/real_videos/n_U9loEcX54_00.mp4,ACCIDENT-real,sideswipe,accident,1,weak_clip_event_window,14.066667,29.85782,420,1280,720,test,Seattle,Seattle::signalized_intersection,274,420,accident_time=11.2;type=sideswipe
n_U9loEcX54_00__pre_event_non_accident,/autodl-fs/data/traffic_accident_rnd/ACCIDENT_dataset/real_videos/n_U9loEcX54_00.mp4,ACCIDENT-real,sideswipe,non_accident,0,weak_clip_pre_event,14.066667,29.85782,420,1280,720,test,Seattle,Seattle::signalized_intersection,0,245,derived_pre_accident_until=8.200;weak_negative=true
t1jKUTg1Qq0_00__accident,/autodl-fs/data/traffic_accident_rnd/ACCIDENT_dataset/real_videos/t1jKUTg1Qq0_00.mp4,ACCIDENT-real,sideswipe,accident,1,weak_clip_event_window,26.857143,23.531915,632,1280,720,test,Seattle,Seattle::signalized_intersection,71,212,accident_time=5.035713999999999;type=sideswipe
t1jKUTg1Qq0_00__pre_event_non_accident,/autodl-fs/data/traffic_accident_rnd/ACCIDENT_dataset/real_videos/t1jKUTg1Qq0_00.mp4,ACCIDENT-real,sideswipe,non_accident,0,weak_clip_pre_event,26.857143,23.531915,632,1280,720,test,Seattle,Seattle::signalized_intersection,0,48,derived_pre_accident_until=2.036;weak_negative=true
xlwF4_7_JIs_00__accident,/autodl-fs/data/traffic_accident_rnd/ACCIDENT_dataset/real_videos/xlwF4_7_JIs_00.mp4,ACCIDENT-real,t-bone,accident,1,weak_clip_event_window,30.066667,29.933481,900,1280,720,test,Seattle,Seattle::signalized_intersection,42,222,accident_time=3.4;type=t-bone
SBTD7z4A1y8_00__accident,/autodl-fs/data/traffic_accident_rnd/ACCIDENT_dataset/real_videos/SBTD7z4A1y8_00.mp4,ACCIDENT-real,head-on,accident,1,weak_clip_event_window,30.066667,29.933481,900,1920,1080,train,Seattle,Seattle::signalized_intersection,0,168,accident_time=1.6;type=head-on
4y9dRdOoEzE_00__accident,/autodl-fs/data/traffic_accident_rnd/ACCIDENT_dataset/real_videos/4y9dRdOoEzE_00.mp4,ACCIDENT-real,sideswipe,accident,1,weak_clip_event_window,24.9,29.718876,740,1080,720,test,Seattle,Seattle::signalized_intersection,108,286,accident_time=5.633333;type=sideswipe
4y9dRdOoEzE_00__pre_event_non_accident,/autodl-fs/data/traffic_accident_rnd/ACCIDENT_dataset/real_videos/4y9dRdOoEzE_00.mp4,ACCIDENT-real,sideswipe,non_accident,0,weak_clip_pre_event,24.9,29.718876,740,1080,720,test,Seattle,Seattle::signalized_intersection,0,78,derived_pre_accident_until=2.633;weak_negative=true
poiJgI2OE-w_00__accident,/autodl-fs/data/traffic_accident_rnd/ACCIDENT_dataset/real_videos/poiJgI2OE-w_00.mp4,ACCIDENT-real,sideswipe,accident,1,weak_clip_event_window,29.966667,29.16574,874,854,480,test,Seattle,Seattle::signalized_intersection,230,405,accident_time=9.866665999999999;type=sideswipe
poiJgI2OE-w_00__pre_event_non_accident,/autodl-fs/data/traffic_accident_rnd/ACCIDENT_dataset/real_videos/poiJgI2OE-w_00.mp4,ACCIDENT-real,sideswipe,non_accident,0,weak_clip_pre_event,29.966667,29.16574,874,854,480,test,Seattle,Seattle::signalized_intersection,0,200,derived_pre_accident_until=6.867;weak_negative=true
pYs0DHkGyec_00__accident,/autodl-fs/data/traffic_accident_rnd/ACCIDENT_dataset/real_videos/pYs0DHkGyec_00.mp4,ACCIDENT-real,single,accident,1,weak_clip_event_window,30.541667,7.923602,242,1280,720,test,Seattle,Seattle::signalized_intersection,7,55,accident_time=2.958;type=single
UjwqemSQkbQ_00__accident,/autodl-fs/data/traffic_accident_rnd/ACCIDENT_dataset/real_videos/UjwqemSQkbQ_00.mp4,ACCIDENT-real,sideswipe,accident,1,weak_clip_event_window,25.28,21.677215,548,1280,720,test,Seattle,Seattle::city_street,17,147,accident_time=2.76;type=sideswipe
PAStSUrr8h0_00__accident,/autodl-fs/data/traffic_accident_rnd/ACCIDENT_dataset/real_videos/PAStSUrr8h0_00.mp4,ACCIDENT-real,t-bone,accident,1,weak_clip_event_window,18.866667,20.035336,378,1280,720,test,Seattle,Seattle::signalized_intersection,0,117,accident_time=1.8330000000000002;type=t-bone
S7Wa2Cag7ik_00__accident,/autodl-fs/data/traffic_accident_rnd/ACCIDENT_dataset/real_videos/S7Wa2Cag7ik_00.mp4,ACCIDENT-real,single,accident,1,weak_clip_event_window,30.041667,14.979196,450,1080,720,test,Seattle,Seattle::signalized_intersection,61,151,accident_time=6.042;type=single
S7Wa2Cag7ik_00__pre_event_non_accident,/autodl-fs/data/traffic_accident_rnd/ACCIDENT_dataset/real_videos/S7Wa2Cag7ik_00.mp4,ACCIDENT-real,single,non_accident,0,weak_clip_pre_event,30.041667,14.979196,450,1080,720,test,Seattle,Seattle::signalized_intersection,0,46,derived_pre_accident_until=3.042;weak_negative=true
cYmWOy46zF8_00__accident,/autodl-fs/data/traffic_accident_rnd/ACCIDENT_dataset/real_videos/cYmWOy46zF8_00.mp4,ACCIDENT-real,single,accident,1,weak_clip_event_window,19.833333,30.0,595,1920,1080,train,Seattle,Seattle::signalized_intersection,0,165,accident_time=1.5;type=single
KZq065NiqZM_00__accident,/autodl-fs/data/traffic_accident_rnd/ACCIDENT_dataset/real_videos/KZq065NiqZM_00.mp4,ACCIDENT-real,t-bone,accident,1,weak_clip_event_window,12.8,30.0,384,1280,720,test,Seattle,Seattle::city_street,97,277,accident_time=5.233333;type=t-bone
KZq065NiqZM_00__pre_event_non_accident,/autodl-fs/data/traffic_accident_rnd/ACCIDENT_dataset/real_videos/KZq065NiqZM_00.mp4,ACCIDENT-real,t-bone,non_accident,0,weak_clip_pre_event,12.8,30.0,384,1280,720,test,Seattle,Seattle::city_street,0,67,derived_pre_accident_until=2.233;weak_negative=true
Q90j5Irrj9g_00__accident,/autodl-fs/data/traffic_accident_rnd/ACCIDENT_dataset/real_videos/Q90j5Irrj9g_00.mp4,ACCIDENT-real,t-bone,accident,1,weak_clip_event_window,30.0,30.0,900,1280,720,test,Seattle,Seattle::city_street,415,595,accident_time=15.833;type=t-bone
Q90j5Irrj9g_00__pre_event_non_accident,/autodl-fs/data/traffic_accident_rnd/ACCIDENT_dataset/real_videos/Q90j5Irrj9g_00.mp4,ACCIDENT-real,t-bone,non_accident,0,weak_clip_pre_event,30.0,30.0,900,1280,720,test,Seattle,Seattle::city_street,0,385,derived_pre_accident_until=12.833;weak_negative=true
OBYOHYWB8XE_00__accident,/autodl-fs/data/traffic_accident_rnd/ACCIDENT_dataset/real_videos/OBYOHYWB8XE_00.mp4,ACCIDENT-real,t-bone,accident,1,weak_clip_event_window,30.0,17.0,510,1280,720,test,Seattle,Seattle::signalized_intersection,29,131,accident_time=3.708333;type=t-bone
93SNo1CTA_w_00__accident,/autodl-fs/data/traffic_accident_rnd/ACCIDENT_dataset/real_videos/93SNo1CTA_w_00.mp4,ACCIDENT-real,head-on,accident,1,weak_clip_event_window,30.0,18.033333,541,1280,720,train,Seattle,Seattle::signalized_intersection,8,116,accident_time=2.458333;type=head-on
LQ3ERldwsJQ_00__accident,/autodl-fs/data/traffic_accident_rnd/ACCIDENT_dataset/real_videos/LQ3ERldwsJQ_00.mp4,ACCIDENT-real,head-on,accident,1,weak_clip_event_window,30.066667,28.569845,859,1280,720,train,Seattle,Seattle::signalized_intersection,179,350,accident_time=8.267;type=head-on
LQ3ERldwsJQ_00__pre_event_non_accident,/autodl-fs/data/traffic_accident_rnd/ACCIDENT_dataset/real_videos/LQ3ERldwsJQ_00.mp4,ACCIDENT-real,head-on,non_accident,0,weak_clip_pre_event,30.066667,28.569845,859,1280,720,train,Seattle,Seattle::signalized_intersection,0,150,derived_pre_accident_until=5.267;weak_negative=true
BJ2kS9k9sZI_00__accident,/autodl-fs/data/traffic_accident_rnd/ACCIDENT_dataset/real_videos/BJ2kS9k9sZI_00.mp4,ACCIDENT-real,sideswipe,accident,1,weak_clip_event_window,30.0,19.633333,589,640,360,test,Seattle,Seattle::signalized_intersection,114,232,accident_time=7.8;type=sideswipe
BJ2kS9k9sZI_00__pre_event_non_accident,/autodl-fs/data/traffic_accident_rnd/ACCIDENT_dataset/real_videos/BJ2kS9k9sZI_00.mp4,ACCIDENT-real,sideswipe,non_accident,0,weak_clip_pre_event,30.0,19.633333,589,640,360,test,Seattle,Seattle::signalized_intersection,0,94,derived_pre_accident_until=4.800;weak_negative=true
MXoQL7GPBts_00__accident,/autodl-fs/data/traffic_accident_rnd/ACCIDENT_dataset/real_videos/MXoQL7GPBts_00.mp4,ACCIDENT-real,t-bone,accident,1,weak_clip_event_window,5.576923,25.462069,142,1280,720,test,Seattle,Seattle::signalized_intersection,65,142,accident_time=4.538;type=t-bone
MXoQL7GPBts_00__pre_event_non_accident,/autodl-fs/data/traffic_accident_rnd/ACCIDENT_dataset/real_videos/MXoQL7GPBts_00.mp4,ACCIDENT-real,t-bone,non_accident,0,weak_clip_pre_event,5.576923,25.462069,142,1280,720,test,Seattle,Seattle::signalized_intersection,0,39,derived_pre_accident_until=1.538;weak_negative=true
39Ac-6i9SVM_00__accident,/autodl-fs/data/traffic_accident_rnd/ACCIDENT_dataset/real_videos/39Ac-6i9SVM_00.mp4,ACCIDENT-real,head-on,accident,1,weak_clip_event_window,30.033333,29.900111,898,1280,720,test,Seattle,Seattle::signalized_intersection,70,250,accident_time=4.3333330000000005;type=head-on
39Ac-6i9SVM_00__pre_event_non_accident,/autodl-fs/data/traffic_accident_rnd/ACCIDENT_dataset/real_videos/39Ac-6i9SVM_00.mp4,ACCIDENT-real,head-on,non_accident,0,weak_clip_pre_event,30.033333,29.900111,898,1280,720,test,Seattle,Seattle::signalized_intersection,0,40,derived_pre_accident_until=1.333;weak_negative=true
G9G97Pf8hMk_00__accident,/autodl-fs/data/traffic_accident_rnd/ACCIDENT_dataset/real_videos/G9G97Pf8hMk_00.mp4,ACCIDENT-real,t-bone,accident,1,weak_clip_event_window,30.0,18.766667,563,1280,720,test,Seattle,Seattle::signalized_intersection,59,172,accident_time=5.167;type=t-bone
G9G97Pf8hMk_00__pre_event_non_accident,/autodl-fs/data/traffic_accident_rnd/ACCIDENT_dataset/real_videos/G9G97Pf8hMk_00.mp4,ACCIDENT-real,t-bone,non_accident,0,weak_clip_pre_event,30.0,18.766667,563,1280,720,test,Seattle,Seattle::signalized_intersection,0,41,derived_pre_accident_until=2.167;weak_negative=true
YlhV3d6sFhY_00__accident,/autodl-fs/data/traffic_accident_rnd/ACCIDENT_dataset/real_videos/YlhV3d6sFhY_00.mp4,ACCIDENT-real,head-on,accident,1,weak_clip_event_window,30.033333,29.933407,899,1280,720,test,Seattle,Seattle::signalized_intersection,15,195,accident_time=2.5;type=head-on
Au7DlgzqzEo_00__accident,/autodl-fs/data/traffic_accident_rnd/ACCIDENT_dataset/real_videos/Au7DlgzqzEo_00.mp4,ACCIDENT-real,head-on,accident,1,weak_clip_event_window,30.083333,16.952909,510,1280,720,test,Seattle,Seattle::signalized_intersection,22,124,accident_time=3.291666;type=head-on
8G56ILxFFNM_00__accident,/autodl-fs/data/traffic_accident_rnd/ACCIDENT_dataset/real_videos/8G56ILxFFNM_00.mp4,ACCIDENT-real,sideswipe,accident,1,weak_clip_event_window,21.206897,23.388618,496,1280,720,test,Seattle,Seattle::signalized_intersection,219,360,accident_time=11.379311000000001;type=sideswipe
8G56ILxFFNM_00__pre_event_non_accident,/autodl-fs/data/traffic_accident_rnd/ACCIDENT_dataset/real_videos/8G56ILxFFNM_00.mp4,ACCIDENT-real,sideswipe,non_accident,0,weak_clip_pre_event,21.206897,23.388618,496,1280,720,test,Seattle,Seattle::signalized_intersection,0,196,derived_pre_accident_until=8.379;weak_negative=true
1O-y5PmPWdU_00__accident,/autodl-fs/data/traffic_accident_rnd/ACCIDENT_dataset/real_videos/1O-y5PmPWdU_00.mp4,ACCIDENT-real,t-bone,accident,1,weak_clip_event_window,30.0,30.0,900,1280,720,test,Seattle,Seattle::signalized_intersection,50,230,accident_time=3.667;type=t-bone
ODXaUnji7LI_00__accident,/autodl-fs/data/traffic_accident_rnd/ACCIDENT_dataset/real_videos/ODXaUnji7LI_00.mp4,ACCIDENT-real,single,accident,1,weak_clip_event_window,29.964286,17.287247,518,1280,720,train,Seattle,Seattle::signalized_intersection,56,160,accident_time=5.2857140000000005;type=single
ODXaUnji7LI_00__pre_event_non_accident,/autodl-fs/data/traffic_accident_rnd/ACCIDENT_dataset/real_videos/ODXaUnji7LI_00.mp4,ACCIDENT-real,single,non_accident,0,weak_clip_pre_event,29.964286,17.287247,518,1280,720,train,Seattle,Seattle::signalized_intersection,0,40,derived_pre_accident_until=2.286;weak_negative=true
vFEHKkVl-og_00__accident,/autodl-fs/data/traffic_accident_rnd/ACCIDENT_dataset/real_videos/vFEHKkVl-og_00.mp4,ACCIDENT-real,head-on,accident,1,weak_clip_event_window,30.0,22.133333,664,1280,720,test,Seattle,Seattle::city_street,26,159,accident_time=3.1666659999999998;type=head-on
eQ8yX8V88l8_00__accident,/autodl-fs/data/traffic_accident_rnd/ACCIDENT_dataset/real_videos/eQ8yX8V88l8_00.mp4,ACCIDENT-real,sideswipe,accident,1,weak_clip_event_window,30.0,27.533333,826,1280,720,test,Seattle,Seattle::signalized_intersection,42,207,accident_time=3.533333;type=sideswipe
8ohINS1qks8_00__accident,/autodl-fs/data/traffic_accident_rnd/ACCIDENT_dataset/real_videos/8ohINS1qks8_00.mp4,ACCIDENT-real,single,accident,1,weak_clip_event_window,30.0,27.3,819,1280,720,test,Seattle,Seattle::signalized_intersection,130,294,accident_time=6.758621000000001;type=single
8ohINS1qks8_00__pre_event_non_accident,/autodl-fs/data/traffic_accident_rnd/ACCIDENT_dataset/real_videos/8ohINS1qks8_00.mp4,ACCIDENT-real,single,non_accident,0,weak_clip_pre_event,30.0,27.3,819,1280,720,test,Seattle,Seattle::signalized_intersection,0,103,derived_pre_accident_until=3.759;weak_negative=true
jT5Kpwh7mBE_00__accident,/autodl-fs/data/traffic_accident_rnd/ACCIDENT_dataset/real_videos/jT5Kpwh7mBE_00.mp4,ACCIDENT-real,head-on,accident,1,weak_clip_event_window,30.034483,28.93341,869,1280,720,test,Seattle,Seattle::signalized_intersection,44,218,accident_time=3.517;type=head-on
fgsiojBKfKY_00__accident,/autodl-fs/data/traffic_accident_rnd/ACCIDENT_dataset/real_videos/fgsiojBKfKY_00.mp4,ACCIDENT-real,t-bone,accident,1,weak_clip_event_window,30.038462,20.90653,628,1280,720,test,Seattle,Seattle::signalized_intersection,91,217,accident_time=6.346154;type=t-bone
fgsiojBKfKY_00__pre_event_non_accident,/autodl-fs/data/traffic_accident_rnd/ACCIDENT_dataset/real_videos/fgsiojBKfKY_00.mp4,ACCIDENT-real,t-bone,non_accident,0,weak_clip_pre_event,30.038462,20.90653,628,1280,720,test,Seattle,Seattle::signalized_intersection,0,70,derived_pre_accident_until=3.346;weak_negative=true
NdXcu0X1nH8_00__accident,/autodl-fs/data/traffic_accident_rnd/ACCIDENT_dataset/real_videos/NdXcu0X1nH8_00.mp4,ACCIDENT-real,head-on,accident,1,weak_clip_event_window,30.0,18.9,567,1280,720,test,Seattle,Seattle::signalized_intersection,138,252,accident_time=9.292;type=head-on
NdXcu0X1nH8_00__pre_event_non_accident,/autodl-fs/data/traffic_accident_rnd/ACCIDENT_dataset/real_videos/NdXcu0X1nH8_00.mp4,ACCIDENT-real,head-on,non_accident,0,weak_clip_pre_event,30.0,18.9,567,1280,720,test,Seattle,Seattle::signalized_intersection,0,119,derived_pre_accident_until=6.292;weak_negative=true
jx00BpwvIEc_00__accident,/autodl-fs/data/traffic_accident_rnd/ACCIDENT_dataset/real_videos/jx00BpwvIEc_00.mp4,ACCIDENT-real,t-bone,accident,1,weak_clip_event_window,17.583333,18.881517,332,1280,720,test,Seattle,Seattle::signalized_intersection,120,234,accident_time=8.375;type=t-bone
jx00BpwvIEc_00__pre_event_non_accident,/autodl-fs/data/traffic_accident_rnd/ACCIDENT_dataset/real_videos/jx00BpwvIEc_00.mp4,ACCIDENT-real,t-bone,non_accident,0,weak_clip_pre_event,17.583333,18.881517,332,1280,720,test,Seattle,Seattle::signalized_intersection,0,101,derived_pre_accident_until=5.375;weak_negative=true
lkIQC6QRbys_00__accident,/autodl-fs/data/traffic_accident_rnd/ACCIDENT_dataset/real_videos/lkIQC6QRbys_00.mp4,ACCIDENT-real,t-bone,accident,1,weak_clip_event_window,5.5,15.090909,83,1280,720,test,Seattle,Seattle::signalized_intersection,18,83,accident_time=3.2;type=t-bone
jNwobbqjKiE_00__accident,/autodl-fs/data/traffic_accident_rnd/ACCIDENT_dataset/real_videos/jNwobbqjKiE_00.mp4,ACCIDENT-real,t-bone,accident,1,weak_clip_event_window,30.208333,14.002759,423,1280,720,test,Seattle,Seattle::signalized_intersection,171,255,accident_time=14.208333;type=t-bone
jNwobbqjKiE_00__pre_event_non_accident,/autodl-fs/data/traffic_accident_rnd/ACCIDENT_dataset/real_videos/jNwobbqjKiE_00.mp4,ACCIDENT-real,t-bone,non_accident,0,weak_clip_pre_event,30.208333,14.002759,423,1280,720,test,Seattle,Seattle::signalized_intersection,0,157,derived_pre_accident_until=11.208;weak_negative=true
YXj8m_rAyaE_00__accident,/autodl-fs/data/traffic_accident_rnd/ACCIDENT_dataset/real_videos/YXj8m_rAyaE_00.mp4,ACCIDENT-real,head-on,accident,1,weak_clip_event_window,15.916667,17.65445,281,1280,720,train,Seattle,Seattle::signalized_intersection,167,273,accident_time=11.416666;type=head-on
YXj8m_rAyaE_00__pre_event_non_accident,/autodl-fs/data/traffic_accident_rnd/ACCIDENT_dataset/real_videos/YXj8m_rAyaE_00.mp4,ACCIDENT-real,head-on,non_accident,0,weak_clip_pre_event,15.916667,17.65445,281,1280,720,train,Seattle,Seattle::signalized_intersection,0,149,derived_pre_accident_until=8.417;weak_negative=true
pJD9bGTb5Mo_00__accident,/autodl-fs/data/traffic_accident_rnd/ACCIDENT_dataset/real_videos/pJD9bGTb5Mo_00.mp4,ACCIDENT-real,t-bone,accident,1,weak_clip_event_window,29.923077,18.781491,562,1280,720,test,Seattle,Seattle::signalized_intersection,66,179,accident_time=5.538461;type=t-bone
pJD9bGTb5Mo_00__pre_event_non_accident,/autodl-fs/data/traffic_accident_rnd/ACCIDENT_dataset/real_videos/pJD9bGTb5Mo_00.mp4,ACCIDENT-real,t-bone,non_accident,0,weak_clip_pre_event,29.923077,18.781491,562,1280,720,test,Seattle,Seattle::signalized_intersection,0,48,derived_pre_accident_until=2.538;weak_negative=true
JAVaEV-aUjM_00__accident,/autodl-fs/data/traffic_accident_rnd/ACCIDENT_dataset/real_videos/JAVaEV-aUjM_00.mp4,ACCIDENT-real,t-bone,accident,1,weak_clip_event_window,4.266667,25.078125,107,1280,720,test,Seattle,Seattle::signalized_intersection,6,107,accident_time=2.233333;type=t-bone
nROU35t27G4_00__accident,/autodl-fs/data/traffic_accident_rnd/ACCIDENT_dataset/real_videos/nROU35t27G4_00.mp4,ACCIDENT-real,t-bone,accident,1,weak_clip_event_window,30.0,29.0,870,1280,720,test,Seattle,Seattle::signalized_intersection,8,182,accident_time=2.276;type=t-bone
SS38UP-0QnU_00__accident,/autodl-fs/data/traffic_accident_rnd/ACCIDENT_dataset/real_videos/SS38UP-0QnU_00.mp4,ACCIDENT-real,sideswipe,accident,1,weak_clip_event_window,29.0,19.344828,561,1280,720,test,Seattle,Seattle::signalized_intersection,50,166,accident_time=4.583;type=sideswipe
SS38UP-0QnU_00__pre_event_non_accident,/autodl-fs/data/traffic_accident_rnd/ACCIDENT_dataset/real_videos/SS38UP-0QnU_00.mp4,ACCIDENT-real,sideswipe,non_accident,0,weak_clip_pre_event,29.0,19.344828,561,1280,720,test,Seattle,Seattle::signalized_intersection,0,31,derived_pre_accident_until=1.583;weak_negative=true
BwR4-5ASq1k_00__accident,/autodl-fs/data/traffic_accident_rnd/ACCIDENT_dataset/real_videos/BwR4-5ASq1k_00.mp4,ACCIDENT-real,t-bone,accident,1,weak_clip_event_window,30.041667,22.801664,685,1080,720,test,Seattle,Seattle::city_street,31,168,accident_time=3.375;type=t-bone
gXDhzlVtCXI_00__accident,/autodl-fs/data/traffic_accident_rnd/ACCIDENT_dataset/real_videos/gXDhzlVtCXI_00.mp4,ACCIDENT-real,head-on,accident,1,weak_clip_event_window,30.041667,12.682386,381,1280,720,test,Seattle,Seattle::signalized_intersection,17,93,accident_time=3.333;type=head-on
NmExQpJsyOA_00__accident,/autodl-fs/data/traffic_accident_rnd/ACCIDENT_dataset/real_videos/NmExQpJsyOA_00.mp4,ACCIDENT-real,t-bone,accident,1,weak_clip_event_window,30.0,30.0,900,1280,720,test,Seattle,Seattle::city_street,69,249,accident_time=4.300000000000001;type=t-bone
NmExQpJsyOA_00__pre_event_non_accident,/autodl-fs/data/traffic_accident_rnd/ACCIDENT_dataset/real_videos/NmExQpJsyOA_00.mp4,ACCIDENT-real,t-bone,non_accident,0,weak_clip_pre_event,30.0,30.0,900,1280,720,test,Seattle,Seattle::city_street,0,39,derived_pre_accident_until=1.300;weak_negative=true
sxonKsim9qE_00__accident,/autodl-fs/data/traffic_accident_rnd/ACCIDENT_dataset/real_videos/sxonKsim9qE_00.mp4,ACCIDENT-real,sideswipe,accident,1,weak_clip_event_window,30.033333,14.983352,450,1620,1080,test,Seattle,Seattle::signalized_intersection,85,175,accident_time=7.7;type=sideswipe
sxonKsim9qE_00__pre_event_non_accident,/autodl-fs/data/traffic_accident_rnd/ACCIDENT_dataset/real_videos/sxonKsim9qE_00.mp4,ACCIDENT-real,sideswipe,non_accident,0,weak_clip_pre_event,30.033333,14.983352,450,1620,1080,test,Seattle,Seattle::signalized_intersection,0,70,derived_pre_accident_until=4.700;weak_negative=true
fIwRdglX1WE_00__accident,/autodl-fs/data/traffic_accident_rnd/ACCIDENT_dataset/real_videos/fIwRdglX1WE_00.mp4,ACCIDENT-real,sideswipe,accident,1,weak_clip_event_window,3.166667,29.368421,93,1920,1080,test,Seattle,Seattle::signalized_intersection,0,93,accident_time=1.2000000000000002;type=sideswipe
YrKYYuQHW9M_00__accident,/autodl-fs/data/traffic_accident_rnd/ACCIDENT_dataset/real_videos/YrKYYuQHW9M_00.mp4,ACCIDENT-real,sideswipe,accident,1,weak_clip_event_window,30.066667,29.301552,881,1280,720,test,Seattle,Seattle::signalized_intersection,244,420,accident_time=10.333333;type=sideswipe
YrKYYuQHW9M_00__pre_event_non_accident,/autodl-fs/data/traffic_accident_rnd/ACCIDENT_dataset/real_videos/YrKYYuQHW9M_00.mp4,ACCIDENT-real,sideswipe,non_accident,0,weak_clip_pre_event,30.066667,29.301552,881,1280,720,test,Seattle,Seattle::signalized_intersection,0,215,derived_pre_accident_until=7.333;weak_negative=true
taahlmWl1Pc_00__accident,/autodl-fs/data/traffic_accident_rnd/ACCIDENT_dataset/real_videos/taahlmWl1Pc_00.mp4,ACCIDENT-real,sideswipe,accident,1,weak_clip_event_window,30.066667,26.973392,811,1280,720,test,Seattle,Seattle::signalized_intersection,54,216,accident_time=4.0;type=sideswipe
taahlmWl1Pc_00__pre_event_non_accident,/autodl-fs/data/traffic_accident_rnd/ACCIDENT_dataset/real_videos/taahlmWl1Pc_00.mp4,ACCIDENT-real,sideswipe,non_accident,0,weak_clip_pre_event,30.066667,26.973392,811,1280,720,test,Seattle,Seattle::signalized_intersection,0,27,derived_pre_accident_until=1.000;weak_negative=true
Yf9mgizvxiE_00__accident,/autodl-fs/data/traffic_accident_rnd/ACCIDENT_dataset/real_videos/Yf9mgizvxiE_00.mp4,ACCIDENT-real,t-bone,accident,1,weak_clip_event_window,29.8,24.932886,743,1280,720,test,Seattle,Seattle::simple_intersection,71,221,accident_time=4.866666;type=t-bone
Yf9mgizvxiE_00__pre_event_non_accident,/autodl-fs/data/traffic_accident_rnd/ACCIDENT_dataset/real_videos/Yf9mgizvxiE_00.mp4,ACCIDENT-real,t-bone,non_accident,0,weak_clip_pre_event,29.8,24.932886,743,1280,720,test,Seattle,Seattle::simple_intersection,0,47,derived_pre_accident_until=1.867;weak_negative=true
c-nmxpXGBaA_00__accident,/autodl-fs/data/traffic_accident_rnd/ACCIDENT_dataset/real_videos/c-nmxpXGBaA_00.mp4,ACCIDENT-real,t-bone,accident,1,weak_clip_event_window,13.933333,12.272727,171,1620,1080,test,Seattle,Seattle::signalized_intersection,13,87,accident_time=3.1;type=t-bone
7QawsvO1F1M_00__accident,/autodl-fs/data/traffic_accident_rnd/ACCIDENT_dataset/real_videos/7QawsvO1F1M_00.mp4,ACCIDENT-real,head-on,accident,1,weak_clip_event_window,30.041667,15.04577,452,1280,720,test,Seattle,Seattle::highway,69,159,accident_time=6.583;type=head-on
7QawsvO1F1M_00__pre_event_non_accident,/autodl-fs/data/traffic_accident_rnd/ACCIDENT_dataset/real_videos/7QawsvO1F1M_00.mp4,ACCIDENT-real,head-on,non_accident,0,weak_clip_pre_event,30.041667,15.04577,452,1280,720,test,Seattle,Seattle::highway,0,54,derived_pre_accident_until=3.583;weak_negative=true
g_x7gdvFBWk_00__accident,/autodl-fs/data/traffic_accident_rnd/ACCIDENT_dataset/real_videos/g_x7gdvFBWk_00.mp4,ACCIDENT-real,t-bone,accident,1,weak_clip_event_window,30.0,20.0,600,640,360,test,Seattle,Seattle::signalized_intersection,60,180,accident_time=5.0;type=t-bone
g_x7gdvFBWk_00__pre_event_non_accident,/autodl-fs/data/traffic_accident_rnd/ACCIDENT_dataset/real_videos/g_x7gdvFBWk_00.mp4,ACCIDENT-real,t-bone,non_accident,0,weak_clip_pre_event,30.0,20.0,600,640,360,test,Seattle,Seattle::signalized_intersection,0,40,derived_pre_accident_until=2.000;weak_negative=true
JHmNWiEhINQ_00__accident,/autodl-fs/data/traffic_accident_rnd/ACCIDENT_dataset/real_videos/JHmNWiEhINQ_00.mp4,ACCIDENT-real,rear-end,accident,1,weak_clip_event_window,30.066667,29.900222,899,1920,1080,train,Seattle,Seattle::signalized_intersection,346,526,accident_time=13.567;type=rear-end
JHmNWiEhINQ_00__pre_event_non_accident,/autodl-fs/data/traffic_accident_rnd/ACCIDENT_dataset/real_videos/JHmNWiEhINQ_00.mp4,ACCIDENT-real,rear-end,non_accident,0,weak_clip_pre_event,30.066667,29.900222,899,1920,1080,train,Seattle,Seattle::signalized_intersection,0,316,derived_pre_accident_until=10.567;weak_negative=true
BwSlVnQTtNo_00__accident,/autodl-fs/data/traffic_accident_rnd/ACCIDENT_dataset/real_videos/BwSlVnQTtNo_00.mp4,ACCIDENT-real,rear-end,accident,1,weak_clip_event_window,12.37931,29.0,359,1280,720,test,Seattle,Seattle::signalized_intersection,104,278,accident_time=5.586207000000001;type=rear-end
BwSlVnQTtNo_00__pre_event_non_accident,/autodl-fs/data/traffic_accident_rnd/ACCIDENT_dataset/real_videos/BwSlVnQTtNo_00.mp4,ACCIDENT-real,rear-end,non_accident,0,weak_clip_pre_event,12.37931,29.0,359,1280,720,test,Seattle,Seattle::signalized_intersection,0,75,derived_pre_accident_until=2.586;weak_negative=true
b9pzQFB39ZU_00__accident,/autodl-fs/data/traffic_accident_rnd/ACCIDENT_dataset/real_videos/b9pzQFB39ZU_00.mp4,ACCIDENT-real,rear-end,accident,1,weak_clip_event_window,25.133333,29.880637,751,1920,1080,test,Seattle,Seattle::signalized_intersection,130,310,accident_time=6.367;type=rear-end
b9pzQFB39ZU_00__pre_event_non_accident,/autodl-fs/data/traffic_accident_rnd/ACCIDENT_dataset/real_videos/b9pzQFB39ZU_00.mp4,ACCIDENT-real,rear-end,non_accident,0,weak_clip_pre_event,25.133333,29.880637,751,1920,1080,test,Seattle,Seattle::signalized_intersection,0,101,derived_pre_accident_until=3.367;weak_negative=true
ZQU-7hSIJ-s_00__accident,/autodl-fs/data/traffic_accident_rnd/ACCIDENT_dataset/real_videos/ZQU-7hSIJ-s_00.mp4,ACCIDENT-real,sideswipe,accident,1,weak_clip_event_window,9.875,24.0,237,1280,720,test,Seattle,Seattle::signalized_intersection,110,237,accident_time=6.583;type=sideswipe
ZQU-7hSIJ-s_00__pre_event_non_accident,/autodl-fs/data/traffic_accident_rnd/ACCIDENT_dataset/real_videos/ZQU-7hSIJ-s_00.mp4,ACCIDENT-real,sideswipe,non_accident,0,weak_clip_pre_event,9.875,24.0,237,1280,720,test,Seattle,Seattle::signalized_intersection,0,86,derived_pre_accident_until=3.583;weak_negative=true
94fta3ZwkM0_00__accident,/autodl-fs/data/traffic_accident_rnd/ACCIDENT_dataset/real_videos/94fta3ZwkM0_00.mp4,ACCIDENT-real,rear-end,accident,1,weak_clip_event_window,30.0,19.966667,599,1280,720,test,Seattle,Seattle::signalized_intersection,52,172,accident_time=4.625;type=rear-end
94fta3ZwkM0_00__pre_event_non_accident,/autodl-fs/data/traffic_accident_rnd/ACCIDENT_dataset/real_videos/94fta3ZwkM0_00.mp4,ACCIDENT-real,rear-end,non_accident,0,weak_clip_pre_event,30.0,19.966667,599,1280,720,test,Seattle,Seattle::signalized_intersection,0,32,derived_pre_accident_until=1.625;weak_negative=true
NIwmS3dbHY0_00__accident,/autodl-fs/data/traffic_accident_rnd/ACCIDENT_dataset/real_videos/NIwmS3dbHY0_00.mp4,ACCIDENT-real,rear-end,accident,1,weak_clip_event_window,6.5,24.307692,158,1280,720,train,Seattle,Seattle::signalized_intersection,28,158,accident_time=3.1666659999999998;type=rear-end
dHWTcKj5oY4_00__accident,/autodl-fs/data/traffic_accident_rnd/ACCIDENT_dataset/real_videos/dHWTcKj5oY4_00.mp4,ACCIDENT-real,rear-end,accident,1,weak_clip_event_window,20.033333,30.0,601,1280,720,test,Seattle,Seattle::signalized_intersection,141,321,accident_time=6.7;type=rear-end
dHWTcKj5oY4_00__pre_event_non_accident,/autodl-fs/data/traffic_accident_rnd/ACCIDENT_dataset/real_videos/dHWTcKj5oY4_00.mp4,ACCIDENT-real,rear-end,non_accident,0,weak_clip_pre_event,20.033333,30.0,601,1280,720,test,Seattle,Seattle::signalized_intersection,0,111,derived_pre_accident_until=3.700;weak_negative=true
gkyJ3CwetQY_00__accident,/autodl-fs/data/traffic_accident_rnd/ACCIDENT_dataset/real_videos/gkyJ3CwetQY_00.mp4,ACCIDENT-real,rear-end,accident,1,weak_clip_event_window,10.0,15.1,151,1080,720,train,Seattle,Seattle::signalized_intersection,35,125,accident_time=4.291666;type=rear-end
gkyJ3CwetQY_00__pre_event_non_accident,/autodl-fs/data/traffic_accident_rnd/ACCIDENT_dataset/real_videos/gkyJ3CwetQY_00.mp4,ACCIDENT-real,rear-end,non_accident,0,weak_clip_pre_event,10.0,15.1,151,1080,720,train,Seattle,Seattle::signalized_intersection,0,20,derived_pre_accident_until=1.292;weak_negative=true
2PtXKoTbv0c_00__accident,/autodl-fs/data/traffic_accident_rnd/ACCIDENT_dataset/real_videos/2PtXKoTbv0c_00.mp4,ACCIDENT-real,t-bone,accident,1,weak_clip_event_window,30.033333,29.900111,898,1280,720,test,Seattle,Seattle::signalized_intersection,35,215,accident_time=3.167;type=t-bone
Fix7_GpawXw_00__accident,/autodl-fs/data/traffic_accident_rnd/ACCIDENT_dataset/real_videos/Fix7_GpawXw_00.mp4,ACCIDENT-real,rear-end,accident,1,weak_clip_event_window,30.0,27.0,810,1280,720,train,Seattle,Seattle::highway,222,384,accident_time=10.222;type=rear-end
Fix7_GpawXw_00__pre_event_non_accident,/autodl-fs/data/traffic_accident_rnd/ACCIDENT_dataset/real_videos/Fix7_GpawXw_00.mp4,ACCIDENT-real,rear-end,non_accident,0,weak_clip_pre_event,30.0,27.0,810,1280,720,train,Seattle,Seattle::highway,0,195,derived_pre_accident_until=7.222;weak_negative=true
RcjhhMTuVSs_00__accident,/autodl-fs/data/traffic_accident_rnd/ACCIDENT_dataset/real_videos/RcjhhMTuVSs_00.mp4,ACCIDENT-real,head-on,accident,1,weak_clip_event_window,30.035714,28.0,841,1280,720,test,Seattle,Seattle::signalized_intersection,21,189,accident_time=2.75;type=head-on
wHixrZXgXRI_00__accident,/autodl-fs/data/traffic_accident_rnd/ACCIDENT_dataset/real_videos/wHixrZXgXRI_00.mp4,ACCIDENT-real,t-bone,accident,1,weak_clip_event_window,30.137931,28.668192,864,1280,720,test,Seattle,Seattle::signalized_intersection,13,185,accident_time=2.448;type=t-bone
fEprGEfHTZE_00__accident,/autodl-fs/data/traffic_accident_rnd/ACCIDENT_dataset/real_videos/fEprGEfHTZE_00.mp4,ACCIDENT-real,head-on,accident,1,weak_clip_event_window,30.0,24.3,729,1280,720,test,Seattle,Seattle::signalized_intersection,20,166,accident_time=2.84;type=head-on
nKi8Onx1jI4_00__accident,/autodl-fs/data/traffic_accident_rnd/ACCIDENT_dataset/real_videos/nKi8Onx1jI4_00.mp4,ACCIDENT-real,single,accident,1,weak_clip_event_window,30.0,28.566667,857,1280,720,test,Seattle,Seattle::city_street,53,224,accident_time=3.8333329999999997;type=single
MruMFUBosJU_00__accident,/autodl-fs/data/traffic_accident_rnd/ACCIDENT_dataset/real_videos/MruMFUBosJU_00.mp4,ACCIDENT-real,single,accident,1,weak_clip_event_window,30.066667,29.933481,900,1920,1080,test,Seattle,Seattle::signalized_intersection,67,247,accident_time=4.233;type=single
MruMFUBosJU_00__pre_event_non_accident,/autodl-fs/data/traffic_accident_rnd/ACCIDENT_dataset/real_videos/MruMFUBosJU_00.mp4,ACCIDENT-real,single,non_accident,0,weak_clip_pre_event,30.066667,29.933481,900,1920,1080,test,Seattle,Seattle::signalized_intersection,0,37,derived_pre_accident_until=1.233;weak_negative=true
L2cVGFG5rwE_00__accident,/autodl-fs/data/traffic_accident_rnd/ACCIDENT_dataset/real_videos/L2cVGFG5rwE_00.mp4,ACCIDENT-real,rear-end,accident,1,weak_clip_event_window,30.0,23.166667,695,1280,720,train,Seattle,Seattle::city_street,77,216,accident_time=5.296296;type=rear-end
L2cVGFG5rwE_00__pre_event_non_accident,/autodl-fs/data/traffic_accident_rnd/ACCIDENT_dataset/real_videos/L2cVGFG5rwE_00.mp4,ACCIDENT-real,rear-end,non_accident,0,weak_clip_pre_event,30.0,23.166667,695,1280,720,train,Seattle,Seattle::city_street,0,53,derived_pre_accident_until=2.296;weak_negative=true
GBKfe2jmXn4_00__accident,/autodl-fs/data/traffic_accident_rnd/ACCIDENT_dataset/real_videos/GBKfe2jmXn4_00.mp4,ACCIDENT-real,single,accident,1,weak_clip_event_window,24.4,28.196721,688,1280,720,train,Seattle,Seattle::grade_separated_intersection,38,207,accident_time=3.333;type=single
pPBBcgLkgfE_00__accident,/autodl-fs/data/traffic_accident_rnd/ACCIDENT_dataset/real_videos/pPBBcgLkgfE_00.mp4,ACCIDENT-real,single,accident,1,weak_clip_event_window,18.766667,19.023091,357,1280,720,test,Seattle,Seattle::signalized_intersection,281,357,accident_time=16.766666;type=single
pPBBcgLkgfE_00__pre_event_non_accident,/autodl-fs/data/traffic_accident_rnd/ACCIDENT_dataset/real_videos/pPBBcgLkgfE_00.mp4,ACCIDENT-real,single,non_accident,0,weak_clip_pre_event,18.766667,19.023091,357,1280,720,test,Seattle,Seattle::signalized_intersection,0,262,derived_pre_accident_until=13.767;weak_negative=true
aDBb3QMnKZc_00__accident,/autodl-fs/data/traffic_accident_rnd/ACCIDENT_dataset/real_videos/aDBb3QMnKZc_00.mp4,ACCIDENT-real,head-on,accident,1,weak_clip_event_window,30.041667,19.972261,600,1280,720,test,Seattle,Seattle::signalized_intersection,67,187,accident_time=5.333;type=head-on
aDBb3QMnKZc_00__pre_event_non_accident,/autodl-fs/data/traffic_accident_rnd/ACCIDENT_dataset/real_videos/aDBb3QMnKZc_00.mp4,ACCIDENT-real,head-on,non_accident,0,weak_clip_pre_event,30.041667,19.972261,600,1280,720,test,Seattle,Seattle::signalized_intersection,0,47,derived_pre_accident_until=2.333;weak_negative=true
T24gWiWxbZs_00__accident,/autodl-fs/data/traffic_accident_rnd/ACCIDENT_dataset/real_videos/T24gWiWxbZs_00.mp4,ACCIDENT-real,head-on,accident,1,weak_clip_event_window,25.125,19.940299,501,1280,720,test,Seattle,Seattle::signalized_intersection,16,136,accident_time=2.833;type=head-on
3dL7_KqiBoo_00__accident,/autodl-fs/data/traffic_accident_rnd/ACCIDENT_dataset/real_videos/3dL7_KqiBoo_00.mp4,ACCIDENT-real,head-on,accident,1,weak_clip_event_window,27.266667,30.0,818,1920,1080,test,Seattle,Seattle::signalized_intersection,126,306,accident_time=6.200000000000001;type=head-on
3dL7_KqiBoo_00__pre_event_non_accident,/autodl-fs/data/traffic_accident_rnd/ACCIDENT_dataset/real_videos/3dL7_KqiBoo_00.mp4,ACCIDENT-real,head-on,non_accident,0,weak_clip_pre_event,27.266667,30.0,818,1920,1080,test,Seattle,Seattle::signalized_intersection,0,96,derived_pre_accident_until=3.200;weak_negative=true
9xwZ_urlz-k_00__accident,/autodl-fs/data/traffic_accident_rnd/ACCIDENT_dataset/real_videos/9xwZ_urlz-k_00.mp4,ACCIDENT-real,t-bone,accident,1,weak_clip_event_window,30.0,19.933333,598,1280,720,test,Virginia,Virginia::signalized_intersection,31,151,accident_time=3.583;type=t-bone
tmklYgHVZcY_00__accident,/autodl-fs/data/traffic_accident_rnd/ACCIDENT_dataset/real_videos/tmklYgHVZcY_00.mp4,ACCIDENT-real,head-on,accident,1,weak_clip_event_window,30.033333,29.933407,899,1280,720,test,Seattle,Seattle::signalized_intersection,138,318,accident_time=6.6;type=head-on
tmklYgHVZcY_00__pre_event_non_accident,/autodl-fs/data/traffic_accident_rnd/ACCIDENT_dataset/real_videos/tmklYgHVZcY_00.mp4,ACCIDENT-real,head-on,non_accident,0,weak_clip_pre_event,30.033333,29.933407,899,1280,720,test,Seattle,Seattle::signalized_intersection,0,108,derived_pre_accident_until=3.600;weak_negative=true
W0KJ7kxqtQo_00__accident,/autodl-fs/data/traffic_accident_rnd/ACCIDENT_dataset/real_videos/W0KJ7kxqtQo_00.mp4,ACCIDENT-real,head-on,accident,1,weak_clip_event_window,21.25,15.058824,320,1280,720,train,Seattle,Seattle::signalized_intersection,25,115,accident_time=3.667;type=head-on
JEclWwaL-Ps_00__accident,/autodl-fs/data/traffic_accident_rnd/ACCIDENT_dataset/real_videos/JEclWwaL-Ps_00.mp4,ACCIDENT-real,head-on,accident,1,weak_clip_event_window,30.033333,21.442841,644,1920,1080,train,Seattle,Seattle::signalized_intersection,94,223,accident_time=6.4;type=head-on
JEclWwaL-Ps_00__pre_event_non_accident,/autodl-fs/data/traffic_accident_rnd/ACCIDENT_dataset/real_videos/JEclWwaL-Ps_00.mp4,ACCIDENT-real,head-on,non_accident,0,weak_clip_pre_event,30.033333,21.442841,644,1920,1080,train,Seattle,Seattle::signalized_intersection,0,73,derived_pre_accident_until=3.400;weak_negative=true
UjEFjnXKXXc_00__accident,/autodl-fs/data/traffic_accident_rnd/ACCIDENT_dataset/real_videos/UjEFjnXKXXc_00.mp4,ACCIDENT-real,head-on,accident,1,weak_clip_event_window,6.666667,13.8,92,1080,720,train,Seattle,Seattle::signalized_intersection,48,92,accident_time=5.542;type=head-on
UjEFjnXKXXc_00__pre_event_non_accident,/autodl-fs/data/traffic_accident_rnd/ACCIDENT_dataset/real_videos/UjEFjnXKXXc_00.mp4,ACCIDENT-real,head-on,non_accident,0,weak_clip_pre_event,6.666667,13.8,92,1080,720,train,Seattle,Seattle::signalized_intersection,0,35,derived_pre_accident_until=2.542;weak_negative=true
eaAiEUwvy20_00__accident,/autodl-fs/data/traffic_accident_rnd/ACCIDENT_dataset/real_videos/eaAiEUwvy20_00.mp4,ACCIDENT-real,head-on,accident,1,weak_clip_event_window,30.033333,29.966704,900,1280,720,train,Seattle,Seattle::signalized_intersection,108,288,accident_time=5.6;type=head-on
eaAiEUwvy20_00__pre_event_non_accident,/autodl-fs/data/traffic_accident_rnd/ACCIDENT_dataset/real_videos/eaAiEUwvy20_00.mp4,ACCIDENT-real,head-on,non_accident,0,weak_clip_pre_event,30.033333,29.966704,900,1280,720,train,Seattle,Seattle::signalized_intersection,0,78,derived_pre_accident_until=2.600;weak_negative=true
dMUTwvfgKFQ_00__accident,/autodl-fs/data/traffic_accident_rnd/ACCIDENT_dataset/real_videos/dMUTwvfgKFQ_00.mp4,ACCIDENT-real,t-bone,accident,1,weak_clip_event_window,30.05,30.116473,905,1920,1080,test,Seattle,Seattle::signalized_intersection,248,428,accident_time=10.233;type=t-bone
dMUTwvfgKFQ_00__pre_event_non_accident,/autodl-fs/data/traffic_accident_rnd/ACCIDENT_dataset/real_videos/dMUTwvfgKFQ_00.mp4,ACCIDENT-real,t-bone,non_accident,0,weak_clip_pre_event,30.05,30.116473,905,1920,1080,test,Seattle,Seattle::signalized_intersection,0,218,derived_pre_accident_until=7.233;weak_negative=true
fEijKQwtcD4_00__accident,/autodl-fs/data/traffic_accident_rnd/ACCIDENT_dataset/real_videos/fEijKQwtcD4_00.mp4,ACCIDENT-real,t-bone,accident,1,weak_clip_event_window,30.166667,18.729282,565,1280,720,test,Seattle,Seattle::signalized_intersection,81,193,accident_time=6.291666;type=t-bone
fEijKQwtcD4_00__pre_event_non_accident,/autodl-fs/data/traffic_accident_rnd/ACCIDENT_dataset/real_videos/fEijKQwtcD4_00.mp4,ACCIDENT-real,t-bone,non_accident,0,weak_clip_pre_event,30.166667,18.729282,565,1280,720,test,Seattle,Seattle::signalized_intersection,0,62,derived_pre_accident_until=3.292;weak_negative=true
QiPUrCmw4xk_00__accident,/autodl-fs/data/traffic_accident_rnd/ACCIDENT_dataset/real_videos/QiPUrCmw4xk_00.mp4,ACCIDENT-real,head-on,accident,1,weak_clip_event_window,30.0,19.966667,599,1280,720,train,Seattle,Seattle::signalized_intersection,106,226,accident_time=7.292;type=head-on
QiPUrCmw4xk_00__pre_event_non_accident,/autodl-fs/data/traffic_accident_rnd/ACCIDENT_dataset/real_videos/QiPUrCmw4xk_00.mp4,ACCIDENT-real,head-on,non_accident,0,weak_clip_pre_event,30.0,19.966667,599,1280,720,train,Seattle,Seattle::signalized_intersection,0,86,derived_pre_accident_until=4.292;weak_negative=true
mUvPuML7-2k_00__accident,/autodl-fs/data/traffic_accident_rnd/ACCIDENT_dataset/real_videos/mUvPuML7-2k_00.mp4,ACCIDENT-real,head-on,accident,1,weak_clip_event_window,30.066667,29.933481,900,1920,1080,test,Seattle,Seattle::signalized_intersection,39,219,accident_time=3.3;type=head-on
RmsH7RavMYM_00__accident,/autodl-fs/data/traffic_accident_rnd/ACCIDENT_dataset/real_videos/RmsH7RavMYM_00.mp4,ACCIDENT-real,t-bone,accident,1,weak_clip_event_window,30.041667,19.972261,600,1280,720,test,Seattle,Seattle::signalized_intersection,68,188,accident_time=5.417;type=t-bone
RmsH7RavMYM_00__pre_event_non_accident,/autodl-fs/data/traffic_accident_rnd/ACCIDENT_dataset/real_videos/RmsH7RavMYM_00.mp4,ACCIDENT-real,t-bone,non_accident,0,weak_clip_pre_event,30.041667,19.972261,600,1280,720,test,Seattle,Seattle::signalized_intersection,0,48,derived_pre_accident_until=2.417;weak_negative=true
HsI9suJ4Mkw_00__accident,/autodl-fs/data/traffic_accident_rnd/ACCIDENT_dataset/real_videos/HsI9suJ4Mkw_00.mp4,ACCIDENT-real,rear-end,accident,1,weak_clip_event_window,16.166667,20.474227,331,1280,720,test,Seattle,Seattle::city_street,177,300,accident_time=10.667;type=rear-end
HsI9suJ4Mkw_00__pre_event_non_accident,/autodl-fs/data/traffic_accident_rnd/ACCIDENT_dataset/real_videos/HsI9suJ4Mkw_00.mp4,ACCIDENT-real,rear-end,non_accident,0,weak_clip_pre_event,16.166667,20.474227,331,1280,720,test,Seattle,Seattle::city_street,0,157,derived_pre_accident_until=7.667;weak_negative=true
uh5OqU0h4ZM_00__accident,/autodl-fs/data/traffic_accident_rnd/ACCIDENT_dataset/real_videos/uh5OqU0h4ZM_00.mp4,ACCIDENT-real,head-on,accident,1,weak_clip_event_window,30.033333,30.0,901,1920,1080,train,Seattle,Seattle::signalized_intersection,87,267,accident_time=4.9;type=head-on
uh5OqU0h4ZM_00__pre_event_non_accident,/autodl-fs/data/traffic_accident_rnd/ACCIDENT_dataset/real_videos/uh5OqU0h4ZM_00.mp4,ACCIDENT-real,head-on,non_accident,0,weak_clip_pre_event,30.033333,30.0,901,1920,1080,train,Seattle,Seattle::signalized_intersection,0,57,derived_pre_accident_until=1.900;weak_negative=true
NuLbMFaj3Lk_00__accident,/autodl-fs/data/traffic_accident_rnd/ACCIDENT_dataset/real_videos/NuLbMFaj3Lk_00.mp4,ACCIDENT-real,t-bone,accident,1,weak_clip_event_window,30.0,24.6,738,1280,720,test,Seattle,Seattle::signalized_intersection,88,235,accident_time=5.571428;type=t-bone
NuLbMFaj3Lk_00__pre_event_non_accident,/autodl-fs/data/traffic_accident_rnd/ACCIDENT_dataset/real_videos/NuLbMFaj3Lk_00.mp4,ACCIDENT-real,t-bone,non_accident,0,weak_clip_pre_event,30.0,24.6,738,1280,720,test,Seattle,Seattle::signalized_intersection,0,63,derived_pre_accident_until=2.571;weak_negative=true
Ru94OqVK6Rs_00__accident,/autodl-fs/data/traffic_accident_rnd/ACCIDENT_dataset/real_videos/Ru94OqVK6Rs_00.mp4,ACCIDENT-real,single,accident,1,weak_clip_event_window,29.958333,14.853964,445,1280,720,test,Seattle,Seattle::city_street,56,145,accident_time=5.792;type=single
Ru94OqVK6Rs_00__pre_event_non_accident,/autodl-fs/data/traffic_accident_rnd/ACCIDENT_dataset/real_videos/Ru94OqVK6Rs_00.mp4,ACCIDENT-real,single,non_accident,0,weak_clip_pre_event,29.958333,14.853964,445,1280,720,test,Seattle,Seattle::city_street,0,41,derived_pre_accident_until=2.792;weak_negative=true
llupGpa4OMQ_00__accident,/autodl-fs/data/traffic_accident_rnd/ACCIDENT_dataset/real_videos/llupGpa4OMQ_00.mp4,ACCIDENT-real,sideswipe,accident,1,weak_clip_event_window,30.041667,15.911234,478,1280,720,train,Seattle,Seattle::highway,71,167,accident_time=6.458;type=sideswipe
llupGpa4OMQ_00__pre_event_non_accident,/autodl-fs/data/traffic_accident_rnd/ACCIDENT_dataset/real_videos/llupGpa4OMQ_00.mp4,ACCIDENT-real,sideswipe,non_accident,0,weak_clip_pre_event,30.041667,15.911234,478,1280,720,train,Seattle,Seattle::highway,0,55,derived_pre_accident_until=3.458;weak_negative=true
7Nc9tJ7R4KY_00__accident,/autodl-fs/data/traffic_accident_rnd/ACCIDENT_dataset/real_videos/7Nc9tJ7R4KY_00.mp4,ACCIDENT-real,head-on,accident,1,weak_clip_event_window,7.541667,19.889503,150,1280,720,test,Seattle,Seattle::signalized_intersection,43,150,accident_time=4.167;type=head-on
7Nc9tJ7R4KY_00__pre_event_non_accident,/autodl-fs/data/traffic_accident_rnd/ACCIDENT_dataset/real_videos/7Nc9tJ7R4KY_00.mp4,ACCIDENT-real,head-on,non_accident,0,weak_clip_pre_event,7.541667,19.889503,150,1280,720,test,Seattle,Seattle::signalized_intersection,0,23,derived_pre_accident_until=1.167;weak_negative=true
ycOLojVqIAg_00__accident,/autodl-fs/data/traffic_accident_rnd/ACCIDENT_dataset/real_videos/ycOLojVqIAg_00.mp4,ACCIDENT-real,t-bone,accident,1,weak_clip_event_window,30.033333,29.600444,889,1280,720,test,Seattle,Seattle::signalized_intersection,45,222,accident_time=3.5;type=t-bone
SDYTt7CqbTE_00__accident,/autodl-fs/data/traffic_accident_rnd/ACCIDENT_dataset/real_videos/SDYTt7CqbTE_00.mp4,ACCIDENT-real,t-bone,accident,1,weak_clip_event_window,29.958333,14.286509,428,1080,720,test,Seattle,Seattle::signalized_intersection,74,160,accident_time=7.208333;type=t-bone
SDYTt7CqbTE_00__pre_event_non_accident,/autodl-fs/data/traffic_accident_rnd/ACCIDENT_dataset/real_videos/SDYTt7CqbTE_00.mp4,ACCIDENT-real,t-bone,non_accident,0,weak_clip_pre_event,29.958333,14.286509,428,1080,720,test,Seattle,Seattle::signalized_intersection,0,60,derived_pre_accident_until=4.208;weak_negative=true
uAkT7TEx6uM_00__accident,/autodl-fs/data/traffic_accident_rnd/ACCIDENT_dataset/real_videos/uAkT7TEx6uM_00.mp4,ACCIDENT-real,t-bone,accident,1,weak_clip_event_window,30.033333,28.934517,869,1280,720,test,Seattle,Seattle::signalized_intersection,6,180,accident_time=2.2;type=t-bone
1fpsdsKWH_M_00__accident,/autodl-fs/data/traffic_accident_rnd/ACCIDENT_dataset/real_videos/1fpsdsKWH_M_00.mp4,ACCIDENT-real,rear-end,accident,1,weak_clip_event_window,30.037037,22.938348,689,1280,720,train,Seattle,Seattle::highway,74,212,accident_time=5.222;type=rear-end
1fpsdsKWH_M_00__pre_event_non_accident,/autodl-fs/data/traffic_accident_rnd/ACCIDENT_dataset/real_videos/1fpsdsKWH_M_00.mp4,ACCIDENT-real,rear-end,non_accident,0,weak_clip_pre_event,30.037037,22.938348,689,1280,720,train,Seattle,Seattle::highway,0,51,derived_pre_accident_until=2.222;weak_negative=true
zYp-honyJC0_00__accident,/autodl-fs/data/traffic_accident_rnd/ACCIDENT_dataset/real_videos/zYp-honyJC0_00.mp4,ACCIDENT-real,single,accident,1,weak_clip_event_window,11.208333,19.895911,223,1280,720,test,Seattle,Seattle::signalized_intersection,2,122,accident_time=2.125;type=single
EXaPMbnM4Vs_00__accident,/autodl-fs/data/traffic_accident_rnd/ACCIDENT_dataset/real_videos/EXaPMbnM4Vs_00.mp4,ACCIDENT-real,t-bone,accident,1,weak_clip_event_window,25.166667,29.92053,753,1920,1080,test,Seattle,Seattle::signalized_intersection,364,544,accident_time=14.167;type=t-bone
EXaPMbnM4Vs_00__pre_event_non_accident,/autodl-fs/data/traffic_accident_rnd/ACCIDENT_dataset/real_videos/EXaPMbnM4Vs_00.mp4,ACCIDENT-real,t-bone,non_accident,0,weak_clip_pre_event,25.166667,29.92053,753,1920,1080,test,Seattle,Seattle::signalized_intersection,0,334,derived_pre_accident_until=11.167;weak_negative=true
EVZe1VSzboY_00__accident,/autodl-fs/data/traffic_accident_rnd/ACCIDENT_dataset/real_videos/EVZe1VSzboY_00.mp4,ACCIDENT-real,t-bone,accident,1,weak_clip_event_window,30.033333,15.016648,451,1920,1080,test,Seattle,Seattle::signalized_intersection,155,245,accident_time=12.333;type=t-bone
EVZe1VSzboY_00__pre_event_non_accident,/autodl-fs/data/traffic_accident_rnd/ACCIDENT_dataset/real_videos/EVZe1VSzboY_00.mp4,ACCIDENT-real,t-bone,non_accident,0,weak_clip_pre_event,30.033333,15.016648,451,1920,1080,test,Seattle,Seattle::signalized_intersection,0,140,derived_pre_accident_until=9.333;weak_negative=true
ZsPhpxb8OTM_00__accident,/autodl-fs/data/traffic_accident_rnd/ACCIDENT_dataset/real_videos/ZsPhpxb8OTM_00.mp4,ACCIDENT-real,t-bone,accident,1,weak_clip_event_window,30.0,19.966667,599,1280,720,test,Seattle,Seattle::signalized_intersection,231,351,accident_time=13.566666;type=t-bone
ZsPhpxb8OTM_00__pre_event_non_accident,/autodl-fs/data/traffic_accident_rnd/ACCIDENT_dataset/real_videos/ZsPhpxb8OTM_00.mp4,ACCIDENT-real,t-bone,non_accident,0,weak_clip_pre_event,30.0,19.966667,599,1280,720,test,Seattle,Seattle::signalized_intersection,0,211,derived_pre_accident_until=10.567;weak_negative=true
JeIJWYefuBQ_00__accident,/autodl-fs/data/traffic_accident_rnd/ACCIDENT_dataset/real_videos/JeIJWYefuBQ_00.mp4,ACCIDENT-real,sideswipe,accident,1,weak_clip_event_window,24.033333,28.044383,674,1280,720,test,Seattle,Seattle::signalized_intersection,73,241,accident_time=4.6;type=sideswipe
JeIJWYefuBQ_00__pre_event_non_accident,/autodl-fs/data/traffic_accident_rnd/ACCIDENT_dataset/real_videos/JeIJWYefuBQ_00.mp4,ACCIDENT-real,sideswipe,non_accident,0,weak_clip_pre_event,24.033333,28.044383,674,1280,720,test,Seattle,Seattle::signalized_intersection,0,45,derived_pre_accident_until=1.600;weak_negative=true
W6JG5xVIEHs_00__accident,/autodl-fs/data/traffic_accident_rnd/ACCIDENT_dataset/real_videos/W6JG5xVIEHs_00.mp4,ACCIDENT-real,t-bone,accident,1,weak_clip_event_window,24.833333,15.060403,374,1620,1080,test,Seattle,Seattle::signalized_intersection,13,103,accident_time=2.833;type=t-bone
KJdY94Xu5x0_00__accident,/autodl-fs/data/traffic_accident_rnd/ACCIDENT_dataset/real_videos/KJdY94Xu5x0_00.mp4,ACCIDENT-real,head-on,accident,1,weak_clip_event_window,30.016667,32.048862,962,1920,1080,test,Virginia,Virginia::signalized_intersection,144,336,accident_time=6.483;type=head-on
KJdY94Xu5x0_00__pre_event_non_accident,/autodl-fs/data/traffic_accident_rnd/ACCIDENT_dataset/real_videos/KJdY94Xu5x0_00.mp4,ACCIDENT-real,head-on,non_accident,0,weak_clip_pre_event,30.016667,32.048862,962,1920,1080,test,Virginia,Virginia::signalized_intersection,0,112,derived_pre_accident_until=3.483;weak_negative=true
jecwwv5-8Q0_00__accident,/autodl-fs/data/traffic_accident_rnd/ACCIDENT_dataset/real_videos/jecwwv5-8Q0_00.mp4,ACCIDENT-real,t-bone,accident,1,weak_clip_event_window,30.166667,18.530387,559,1280,720,test,Seattle,Seattle::signalized_intersection,14,125,accident_time=2.75;type=t-bone
RoaPLskRqF8_00__accident,/autodl-fs/data/traffic_accident_rnd/ACCIDENT_dataset/real_videos/RoaPLskRqF8_00.mp4,ACCIDENT-real,t-bone,accident,1,weak_clip_event_window,30.066667,15.0,451,1920,1080,test,Seattle,Seattle::signalized_intersection,60,150,accident_time=6.0;type=t-bone
RoaPLskRqF8_00__pre_event_non_accident,/autodl-fs/data/traffic_accident_rnd/ACCIDENT_dataset/real_videos/RoaPLskRqF8_00.mp4,ACCIDENT-real,t-bone,non_accident,0,weak_clip_pre_event,30.066667,15.0,451,1920,1080,test,Seattle,Seattle::signalized_intersection,0,45,derived_pre_accident_until=3.000;weak_negative=true
Q5YnuRI6QSM_00__accident,/autodl-fs/data/traffic_accident_rnd/ACCIDENT_dataset/real_videos/Q5YnuRI6QSM_00.mp4,ACCIDENT-real,head-on,accident,1,weak_clip_event_window,30.0,30.0,900,1280,720,test,Seattle,Seattle::signalized_intersection,96,276,accident_time=5.2;type=head-on
Q5YnuRI6QSM_00__pre_event_non_accident,/autodl-fs/data/traffic_accident_rnd/ACCIDENT_dataset/real_videos/Q5YnuRI6QSM_00.mp4,ACCIDENT-real,head-on,non_accident,0,weak_clip_pre_event,30.0,30.0,900,1280,720,test,Seattle,Seattle::signalized_intersection,0,66,derived_pre_accident_until=2.200;weak_negative=true
Gw3WQGxMH_I_00__accident,/autodl-fs/data/traffic_accident_rnd/ACCIDENT_dataset/real_videos/Gw3WQGxMH_I_00.mp4,ACCIDENT-real,t-bone,accident,1,weak_clip_event_window,30.0,17.766667,533,1280,720,test,Seattle,Seattle::signalized_intersection,85,192,accident_time=6.833;type=t-bone
Gw3WQGxMH_I_00__pre_event_non_accident,/autodl-fs/data/traffic_accident_rnd/ACCIDENT_dataset/real_videos/Gw3WQGxMH_I_00.mp4,ACCIDENT-real,t-bone,non_accident,0,weak_clip_pre_event,30.0,17.766667,533,1280,720,test,Seattle,Seattle::signalized_intersection,0,68,derived_pre_accident_until=3.833;weak_negative=true
ulSxHhFWUhM_00__accident,/autodl-fs/data/traffic_accident_rnd/ACCIDENT_dataset/real_videos/ulSxHhFWUhM_00.mp4,ACCIDENT-real,t-bone,accident,1,weak_clip_event_window,30.041667,16.177531,486,1280,720,test,Seattle,Seattle::signalized_intersection,19,116,accident_time=3.167;type=t-bone
DVEA5y2V4-w_00__accident,/autodl-fs/data/traffic_accident_rnd/ACCIDENT_dataset/real_videos/DVEA5y2V4-w_00.mp4,ACCIDENT-real,t-bone,accident,1,weak_clip_event_window,30.0,19.466667,584,1280,720,test,Seattle,Seattle::signalized_intersection,25,142,accident_time=3.292;type=t-bone
JdSFsM58Vrs_00__accident,/autodl-fs/data/traffic_accident_rnd/ACCIDENT_dataset/real_videos/JdSFsM58Vrs_00.mp4,ACCIDENT-real,t-bone,accident,1,weak_clip_event_window,30.033333,29.567148,888,1280,720,test,Seattle,Seattle::signalized_intersection,45,222,accident_time=3.533;type=t-bone
rSQtKYBkOg0_00__accident,/autodl-fs/data/traffic_accident_rnd/ACCIDENT_dataset/real_videos/rSQtKYBkOg0_00.mp4,ACCIDENT-real,t-bone,accident,1,weak_clip_event_window,30.066667,29.767184,895,1920,1080,test,Seattle,Seattle::signalized_intersection,3,182,accident_time=2.133;type=t-bone
jiliVB6lsKE_00__accident,/autodl-fs/data/traffic_accident_rnd/ACCIDENT_dataset/real_videos/jiliVB6lsKE_00.mp4,ACCIDENT-real,t-bone,accident,1,weak_clip_event_window,30.041667,14.313454,430,1280,720,test,Seattle,Seattle::signalized_intersection,87,173,accident_time=8.125;type=t-bone
jiliVB6lsKE_00__pre_event_non_accident,/autodl-fs/data/traffic_accident_rnd/ACCIDENT_dataset/real_videos/jiliVB6lsKE_00.mp4,ACCIDENT-real,t-bone,non_accident,0,weak_clip_pre_event,30.041667,14.313454,430,1280,720,test,Seattle,Seattle::signalized_intersection,0,73,derived_pre_accident_until=5.125;weak_negative=true
p5G4xCcukEA_00__accident,/autodl-fs/data/traffic_accident_rnd/ACCIDENT_dataset/real_videos/p5G4xCcukEA_00.mp4,ACCIDENT-real,t-bone,accident,1,weak_clip_event_window,30.033333,15.016648,451,1920,1080,test,Seattle,Seattle::signalized_intersection,13,103,accident_time=2.867;type=t-bone
xrzQq265lAc_00__accident,/autodl-fs/data/traffic_accident_rnd/ACCIDENT_dataset/real_videos/xrzQq265lAc_00.mp4,ACCIDENT-real,t-bone,accident,1,weak_clip_event_window,24.966667,14.899866,372,1920,1080,test,Seattle,Seattle::signalized_intersection,25,115,accident_time=3.7;type=t-bone
ooFHzXAx7EU_00__accident,/autodl-fs/data/traffic_accident_rnd/ACCIDENT_dataset/real_videos/ooFHzXAx7EU_00.mp4,ACCIDENT-real,t-bone,accident,1,weak_clip_event_window,14.041667,16.237389,228,1280,720,test,Seattle,Seattle::signalized_intersection,7,104,accident_time=2.375;type=t-bone
SCrgYtvPgzY_00__accident,/autodl-fs/data/traffic_accident_rnd/ACCIDENT_dataset/real_videos/SCrgYtvPgzY_00.mp4,ACCIDENT-real,t-bone,accident,1,weak_clip_event_window,30.0,19.966667,599,1280,720,test,Seattle,Seattle::signalized_intersection,316,436,accident_time=17.833;type=t-bone
SCrgYtvPgzY_00__pre_event_non_accident,/autodl-fs/data/traffic_accident_rnd/ACCIDENT_dataset/real_videos/SCrgYtvPgzY_00.mp4,ACCIDENT-real,t-bone,non_accident,0,weak_clip_pre_event,30.0,19.966667,599,1280,720,test,Seattle,Seattle::signalized_intersection,0,296,derived_pre_accident_until=14.833;weak_negative=true
ExU1_ouZ3bw_00__accident,/autodl-fs/data/traffic_accident_rnd/ACCIDENT_dataset/real_videos/ExU1_ouZ3bw_00.mp4,ACCIDENT-real,t-bone,accident,1,weak_clip_event_window,30.0,30.0,900,1280,720,test,Seattle,Seattle::signalized_intersection,240,420,accident_time=10.0;type=t-bone
ExU1_ouZ3bw_00__pre_event_non_accident,/autodl-fs/data/traffic_accident_rnd/ACCIDENT_dataset/real_videos/ExU1_ouZ3bw_00.mp4,ACCIDENT-real,t-bone,non_accident,0,weak_clip_pre_event,30.0,30.0,900,1280,720,test,Seattle,Seattle::signalized_intersection,0,210,derived_pre_accident_until=7.000;weak_negative=true
s5rpnFmqofQ_00__accident,/autodl-fs/data/traffic_accident_rnd/ACCIDENT_dataset/real_videos/s5rpnFmqofQ_00.mp4,ACCIDENT-real,t-bone,accident,1,weak_clip_event_window,30.083333,14.027701,422,1280,720,test,Seattle,Seattle::signalized_intersection,24,108,accident_time=3.708;type=t-bone
Jr-RXkEv6Ds_00__accident,/autodl-fs/data/traffic_accident_rnd/ACCIDENT_dataset/real_videos/Jr-RXkEv6Ds_00.mp4,ACCIDENT-real,t-bone,accident,1,weak_clip_event_window,30.1,14.983389,451,1920,1080,test,Seattle,Seattle::signalized_intersection,32,122,accident_time=4.133;type=t-bone
Jr-RXkEv6Ds_00__pre_event_non_accident,/autodl-fs/data/traffic_accident_rnd/ACCIDENT_dataset/real_videos/Jr-RXkEv6Ds_00.mp4,ACCIDENT-real,t-bone,non_accident,0,weak_clip_pre_event,30.1,14.983389,451,1920,1080,test,Seattle,Seattle::signalized_intersection,0,17,derived_pre_accident_until=1.133;weak_negative=true
S166sr07mgA_00__accident,/autodl-fs/data/traffic_accident_rnd/ACCIDENT_dataset/real_videos/S166sr07mgA_00.mp4,ACCIDENT-real,t-bone,accident,1,weak_clip_event_window,30.066667,29.567627,889,1280,720,test,Seattle,Seattle::city_street,48,225,accident_time=3.633;type=t-bone
LCkt9L0JnXU_00__accident,/autodl-fs/data/traffic_accident_rnd/ACCIDENT_dataset/real_videos/LCkt9L0JnXU_00.mp4,ACCIDENT-real,t-bone,accident,1,weak_clip_event_window,30.041667,14.945908,449,1280,720,test,Seattle,Seattle::signalized_intersection,130,220,accident_time=10.708;type=t-bone
LCkt9L0JnXU_00__pre_event_non_accident,/autodl-fs/data/traffic_accident_rnd/ACCIDENT_dataset/real_videos/LCkt9L0JnXU_00.mp4,ACCIDENT-real,t-bone,non_accident,0,weak_clip_pre_event,30.041667,14.945908,449,1280,720,test,Seattle,Seattle::signalized_intersection,0,115,derived_pre_accident_until=7.708;weak_negative=true
6sgXO96LXOE_00__accident,/autodl-fs/data/traffic_accident_rnd/ACCIDENT_dataset/real_videos/6sgXO96LXOE_00.mp4,ACCIDENT-real,t-bone,accident,1,weak_clip_event_window,30.033333,27.669256,831,1280,720,test,Seattle,Seattle::signalized_intersection,97,263,accident_time=5.5;type=t-bone
6sgXO96LXOE_00__pre_event_non_accident,/autodl-fs/data/traffic_accident_rnd/ACCIDENT_dataset/real_videos/6sgXO96LXOE_00.mp4,ACCIDENT-real,t-bone,non_accident,0,weak_clip_pre_event,30.033333,27.669256,831,1280,720,test,Seattle,Seattle::signalized_intersection,0,69,derived_pre_accident_until=2.500;weak_negative=true
l4xiNaUc-Bw_00__accident,/autodl-fs/data/traffic_accident_rnd/ACCIDENT_dataset/real_videos/l4xiNaUc-Bw_00.mp4,ACCIDENT-real,single,accident,1,weak_clip_event_window,29.916667,15.075209,451,1280,720,train,Seattle,Seattle::highway,102,192,accident_time=8.75;type=single
l4xiNaUc-Bw_00__pre_event_non_accident,/autodl-fs/data/traffic_accident_rnd/ACCIDENT_dataset/real_videos/l4xiNaUc-Bw_00.mp4,ACCIDENT-real,single,non_accident,0,weak_clip_pre_event,29.916667,15.075209,451,1280,720,train,Seattle,Seattle::highway,0,87,derived_pre_accident_until=5.750;weak_negative=true
PW_hCnmtgf4_00__accident,/autodl-fs/data/traffic_accident_rnd/ACCIDENT_dataset/real_videos/PW_hCnmtgf4_00.mp4,ACCIDENT-real,t-bone,accident,1,weak_clip_event_window,25.076923,23.647239,593,1280,720,test,Seattle,Seattle::signalized_intersection,40,182,accident_time=3.692;type=t-bone
07Eu77WorsY_00__accident,/autodl-fs/data/traffic_accident_rnd/ACCIDENT_dataset/real_videos/07Eu77WorsY_00.mp4,ACCIDENT-real,t-bone,accident,1,weak_clip_event_window,30.041667,19.972261,600,1280,720,test,Seattle,Seattle::signalized_intersection,43,163,accident_time=4.167;type=t-bone
07Eu77WorsY_00__pre_event_non_accident,/autodl-fs/data/traffic_accident_rnd/ACCIDENT_dataset/real_videos/07Eu77WorsY_00.mp4,ACCIDENT-real,t-bone,non_accident,0,weak_clip_pre_event,30.041667,19.972261,600,1280,720,test,Seattle,Seattle::signalized_intersection,0,23,derived_pre_accident_until=1.167;weak_negative=true
orZsH8JuEE4_00__accident,/autodl-fs/data/traffic_accident_rnd/ACCIDENT_dataset/real_videos/orZsH8JuEE4_00.mp4,ACCIDENT-real,head-on,accident,1,weak_clip_event_window,25.0,23.96,599,1620,1080,test,Seattle,Seattle::signalized_intersection,21,165,accident_time=2.867;type=head-on
OJkIuYwVcHA_00__accident,/autodl-fs/data/traffic_accident_rnd/ACCIDENT_dataset/real_videos/OJkIuYwVcHA_00.mp4,ACCIDENT-real,sideswipe,accident,1,weak_clip_event_window,30.035714,27.600476,829,1280,720,test,Seattle,Seattle::signalized_intersection,116,281,accident_time=6.179;type=sideswipe
OJkIuYwVcHA_00__pre_event_non_accident,/autodl-fs/data/traffic_accident_rnd/ACCIDENT_dataset/real_videos/OJkIuYwVcHA_00.mp4,ACCIDENT-real,sideswipe,non_accident,0,weak_clip_pre_event,30.035714,27.600476,829,1280,720,test,Seattle,Seattle::signalized_intersection,0,88,derived_pre_accident_until=3.179;weak_negative=true
v0VVrqk4l3o_00__accident,/autodl-fs/data/traffic_accident_rnd/ACCIDENT_dataset/real_videos/v0VVrqk4l3o_00.mp4,ACCIDENT-real,sideswipe,accident,1,weak_clip_event_window,30.0,30.0,900,1280,720,train,Seattle,Seattle::highway,79,259,accident_time=4.633333;type=sideswipe
v0VVrqk4l3o_00__pre_event_non_accident,/autodl-fs/data/traffic_accident_rnd/ACCIDENT_dataset/real_videos/v0VVrqk4l3o_00.mp4,ACCIDENT-real,sideswipe,non_accident,0,weak_clip_pre_event,30.0,30.0,900,1280,720,train,Seattle,Seattle::highway,0,49,derived_pre_accident_until=1.633;weak_negative=true
VSNqivMhWnM_00__accident,/autodl-fs/data/traffic_accident_rnd/ACCIDENT_dataset/real_videos/VSNqivMhWnM_00.mp4,ACCIDENT-real,sideswipe,accident,1,weak_clip_event_window,30.0,24.666667,740,1280,720,test,Seattle,Seattle::signalized_intersection,149,297,accident_time=8.033332999999999;type=sideswipe
VSNqivMhWnM_00__pre_event_non_accident,/autodl-fs/data/traffic_accident_rnd/ACCIDENT_dataset/real_videos/VSNqivMhWnM_00.mp4,ACCIDENT-real,sideswipe,non_accident,0,weak_clip_pre_event,30.0,24.666667,740,1280,720,test,Seattle,Seattle::signalized_intersection,0,124,derived_pre_accident_until=5.033;weak_negative=true
RJWAkvcho-k_00__accident,/autodl-fs/data/traffic_accident_rnd/ACCIDENT_dataset/real_videos/RJWAkvcho-k_00.mp4,ACCIDENT-real,head-on,accident,1,weak_clip_event_window,30.033333,29.600444,889,1280,720,test,Seattle,Seattle::signalized_intersection,21,198,accident_time=2.7;type=head-on
RpeH9OruLwI_00__accident,/autodl-fs/data/traffic_accident_rnd/ACCIDENT_dataset/real_videos/RpeH9OruLwI_00.mp4,ACCIDENT-real,head-on,accident,1,weak_clip_event_window,25.875,17.198068,445,1280,720,test,Seattle,Seattle::signalized_intersection,0,84,accident_time=0.875;type=head-on
urdxgkwYUqM_00__accident,/autodl-fs/data/traffic_accident_rnd/ACCIDENT_dataset/real_videos/urdxgkwYUqM_00.mp4,ACCIDENT-real,sideswipe,accident,1,weak_clip_event_window,30.033333,15.18313,456,1620,1080,test,Seattle,Seattle::signalized_intersection,78,169,accident_time=7.1;type=sideswipe
urdxgkwYUqM_00__pre_event_non_accident,/autodl-fs/data/traffic_accident_rnd/ACCIDENT_dataset/real_videos/urdxgkwYUqM_00.mp4,ACCIDENT-real,sideswipe,non_accident,0,weak_clip_pre_event,30.033333,15.18313,456,1620,1080,test,Seattle,Seattle::signalized_intersection,0,62,derived_pre_accident_until=4.100;weak_negative=true
g9P2Y9bwPQQ_00__accident,/autodl-fs/data/traffic_accident_rnd/ACCIDENT_dataset/real_videos/g9P2Y9bwPQQ_00.mp4,ACCIDENT-real,head-on,accident,1,weak_clip_event_window,15.4,29.805195,459,1920,1080,test,Seattle,Seattle::signalized_intersection,71,250,accident_time=4.4;type=head-on
g9P2Y9bwPQQ_00__pre_event_non_accident,/autodl-fs/data/traffic_accident_rnd/ACCIDENT_dataset/real_videos/g9P2Y9bwPQQ_00.mp4,ACCIDENT-real,head-on,non_accident,0,weak_clip_pre_event,15.4,29.805195,459,1920,1080,test,Seattle,Seattle::signalized_intersection,0,42,derived_pre_accident_until=1.400;weak_negative=true
TilBcBFe1gc_00__accident,/autodl-fs/data/traffic_accident_rnd/ACCIDENT_dataset/real_videos/TilBcBFe1gc_00.mp4,ACCIDENT-real,head-on,accident,1,weak_clip_event_window,30.0,19.366667,581,1280,720,train,Seattle,Seattle::signalized_intersection,54,170,accident_time=4.792;type=head-on
TilBcBFe1gc_00__pre_event_non_accident,/autodl-fs/data/traffic_accident_rnd/ACCIDENT_dataset/real_videos/TilBcBFe1gc_00.mp4,ACCIDENT-real,head-on,non_accident,0,weak_clip_pre_event,30.0,19.366667,581,1280,720,train,Seattle,Seattle::signalized_intersection,0,35,derived_pre_accident_until=1.792;weak_negative=true
6EqMA8no42o_00__accident,/autodl-fs/data/traffic_accident_rnd/ACCIDENT_dataset/real_videos/6EqMA8no42o_00.mp4,ACCIDENT-real,head-on,accident,1,weak_clip_event_window,30.0,19.966667,599,1280,720,train,Seattle,Seattle::signalized_intersection,4,124,accident_time=2.208333;type=head-on
gZdaWZGFUs4_00__accident,/autodl-fs/data/traffic_accident_rnd/ACCIDENT_dataset/real_videos/gZdaWZGFUs4_00.mp4,ACCIDENT-real,sideswipe,accident,1,weak_clip_event_window,21.444444,25.740933,552,1280,720,test,Seattle,Seattle::signalized_intersection,60,214,accident_time=4.296000000000001;type=sideswipe
gZdaWZGFUs4_00__pre_event_non_accident,/autodl-fs/data/traffic_accident_rnd/ACCIDENT_dataset/real_videos/gZdaWZGFUs4_00.mp4,ACCIDENT-real,sideswipe,non_accident,0,weak_clip_pre_event,21.444444,25.740933,552,1280,720,test,Seattle,Seattle::signalized_intersection,0,33,derived_pre_accident_until=1.296;weak_negative=true
dyMWcSQGi0g_00__accident,/autodl-fs/data/traffic_accident_rnd/ACCIDENT_dataset/real_videos/dyMWcSQGi0g_00.mp4,ACCIDENT-real,t-bone,accident,1,weak_clip_event_window,30.0,20.633333,619,1280,720,test,Seattle,Seattle::signalized_intersection,109,233,accident_time=7.267;type=t-bone
dyMWcSQGi0g_00__pre_event_non_accident,/autodl-fs/data/traffic_accident_rnd/ACCIDENT_dataset/real_videos/dyMWcSQGi0g_00.mp4,ACCIDENT-real,t-bone,non_accident,0,weak_clip_pre_event,30.0,20.633333,619,1280,720,test,Seattle,Seattle::signalized_intersection,0,88,derived_pre_accident_until=4.267;weak_negative=true
xApGBKUGoR4_00__accident,/autodl-fs/data/traffic_accident_rnd/ACCIDENT_dataset/real_videos/xApGBKUGoR4_00.mp4,ACCIDENT-real,t-bone,accident,1,weak_clip_event_window,29.925926,23.758663,711,1280,720,train,Seattle,Seattle::grade_separated_intersection,44,187,accident_time=3.889;type=t-bone
WYG0XT9hzQA_00__accident,/autodl-fs/data/traffic_accident_rnd/ACCIDENT_dataset/real_videos/WYG0XT9hzQA_00.mp4,ACCIDENT-real,t-bone,accident,1,weak_clip_event_window,30.0,19.666667,590,1280,720,test,Seattle,Seattle::signalized_intersection,130,248,accident_time=8.59322;type=t-bone
WYG0XT9hzQA_00__pre_event_non_accident,/autodl-fs/data/traffic_accident_rnd/ACCIDENT_dataset/real_videos/WYG0XT9hzQA_00.mp4,ACCIDENT-real,t-bone,non_accident,0,weak_clip_pre_event,30.0,19.666667,590,1280,720,test,Seattle,Seattle::signalized_intersection,0,110,derived_pre_accident_until=5.593;weak_negative=true
Ga3FbFSHZdA_00__accident,/autodl-fs/data/traffic_accident_rnd/ACCIDENT_dataset/real_videos/Ga3FbFSHZdA_00.mp4,ACCIDENT-real,sideswipe,accident,1,weak_clip_event_window,8.833333,24.0,212,1080,720,test,Seattle,Seattle::signalized_intersection,32,176,accident_time=3.333;type=sideswipe
F_UEUU6h33s_00__accident,/autodl-fs/data/traffic_accident_rnd/ACCIDENT_dataset/real_videos/F_UEUU6h33s_00.mp4,ACCIDENT-real,sideswipe,accident,1,weak_clip_event_window,6.833333,15.073171,103,960,720,train,Virginia,Virginia::highway,11,101,accident_time=2.7083330000000005;type=sideswipe
w0jywVfX7LY_00__accident,/autodl-fs/data/traffic_accident_rnd/ACCIDENT_dataset/real_videos/w0jywVfX7LY_00.mp4,ACCIDENT-real,t-bone,accident,1,weak_clip_event_window,24.708333,14.893761,368,960,720,test,Virginia,Virginia::highway,9,99,accident_time=2.625;type=t-bone
G0jQdKiCbhU_00__accident,/autodl-fs/data/traffic_accident_rnd/ACCIDENT_dataset/real_videos/G0jQdKiCbhU_00.mp4,ACCIDENT-real,single,accident,1,weak_clip_event_window,28.766667,14.913094,429,1920,1080,test,Virginia,Virginia::highway,43,133,accident_time=4.9;type=single
G0jQdKiCbhU_00__pre_event_non_accident,/autodl-fs/data/traffic_accident_rnd/ACCIDENT_dataset/real_videos/G0jQdKiCbhU_00.mp4,ACCIDENT-real,single,non_accident,0,weak_clip_pre_event,28.766667,14.913094,429,1920,1080,test,Virginia,Virginia::highway,0,28,derived_pre_accident_until=1.900;weak_negative=true
9z7lG2OdBoM_00__accident,/autodl-fs/data/traffic_accident_rnd/ACCIDENT_dataset/real_videos/9z7lG2OdBoM_00.mp4,ACCIDENT-real,single,accident,1,weak_clip_event_window,18.7,14.919786,279,1920,1080,test,Virginia,Virginia::highway,3,93,accident_time=2.2;type=single
sKJdbm04q6U_00__accident,/autodl-fs/data/traffic_accident_rnd/ACCIDENT_dataset/real_videos/sKJdbm04q6U_00.mp4,ACCIDENT-real,single,accident,1,weak_clip_event_window,22.566667,12.895126,291,1440,1080,test,Virginia,Virginia::highway,107,185,accident_time=10.333;type=single
sKJdbm04q6U_00__pre_event_non_accident,/autodl-fs/data/traffic_accident_rnd/ACCIDENT_dataset/real_videos/sKJdbm04q6U_00.mp4,ACCIDENT-real,single,non_accident,0,weak_clip_pre_event,22.566667,12.895126,291,1440,1080,test,Virginia,Virginia::highway,0,95,derived_pre_accident_until=7.333;weak_negative=true
_9zrXENlky0_00__accident,/autodl-fs/data/traffic_accident_rnd/ACCIDENT_dataset/real_videos/_9zrXENlky0_00.mp4,ACCIDENT-real,single,accident,1,weak_clip_event_window,9.875,12.759494,126,960,720,train,Virginia,Virginia::highway,14,91,accident_time=3.167;type=single
RyBUzrZQ0Bc_00__accident,/autodl-fs/data/traffic_accident_rnd/ACCIDENT_dataset/real_videos/RyBUzrZQ0Bc_00.mp4,ACCIDENT-real,single,accident,1,weak_clip_event_window,30.041667,14.879334,447,960,720,test,Virginia,Virginia::highway,29,119,accident_time=3.958333;type=single
7m77G8C7hiE_00__accident,/autodl-fs/data/traffic_accident_rnd/ACCIDENT_dataset/real_videos/7m77G8C7hiE_00.mp4,ACCIDENT-real,single,accident,1,weak_clip_event_window,30.041667,14.979196,450,960,720,test,Virginia,Virginia::highway,39,129,accident_time=4.583;type=single
7m77G8C7hiE_00__pre_event_non_accident,/autodl-fs/data/traffic_accident_rnd/ACCIDENT_dataset/real_videos/7m77G8C7hiE_00.mp4,ACCIDENT-real,single,non_accident,0,weak_clip_pre_event,30.041667,14.979196,450,960,720,test,Virginia,Virginia::highway,0,24,derived_pre_accident_until=1.583;weak_negative=true
4AWUHOvuV9I_00__accident,/autodl-fs/data/traffic_accident_rnd/ACCIDENT_dataset/real_videos/4AWUHOvuV9I_00.mp4,ACCIDENT-real,single,accident,1,weak_clip_event_window,30.033333,14.983352,450,1920,1080,test,Virginia,Virginia::highway,71,161,accident_time=6.767;type=single
4AWUHOvuV9I_00__pre_event_non_accident,/autodl-fs/data/traffic_accident_rnd/ACCIDENT_dataset/real_videos/4AWUHOvuV9I_00.mp4,ACCIDENT-real,single,non_accident,0,weak_clip_pre_event,30.033333,14.983352,450,1920,1080,test,Virginia,Virginia::highway,0,56,derived_pre_accident_until=3.767;weak_negative=true
rTa4OCFz0i8_00__accident,/autodl-fs/data/traffic_accident_rnd/ACCIDENT_dataset/real_videos/rTa4OCFz0i8_00.mp4,ACCIDENT-real,t-bone,accident,1,weak_clip_event_window,30.083333,9.905817,298,960,720,test,Virginia,Virginia::signalized_intersection,10,70,accident_time=3.042;type=t-bone
LLead91Xhho_00__accident,/autodl-fs/data/traffic_accident_rnd/ACCIDENT_dataset/real_videos/LLead91Xhho_00.mp4,ACCIDENT-real,rear-end,accident,1,weak_clip_event_window,10.821429,13.584158,147,1056,720,test,Virginia,Virginia::signalized_intersection,20,101,accident_time=3.429;type=rear-end
VRayIckJrBs_00__accident,/autodl-fs/data/traffic_accident_rnd/ACCIDENT_dataset/real_videos/VRayIckJrBs_00.mp4,ACCIDENT-real,single,accident,1,weak_clip_event_window,18.416667,14.606335,269,960,720,train,Virginia,Virginia::highway,62,149,accident_time=6.208;type=single
VRayIckJrBs_00__pre_event_non_accident,/autodl-fs/data/traffic_accident_rnd/ACCIDENT_dataset/real_videos/VRayIckJrBs_00.mp4,ACCIDENT-real,single,non_accident,0,weak_clip_pre_event,18.416667,14.606335,269,960,720,train,Virginia,Virginia::highway,0,47,derived_pre_accident_until=3.208;weak_negative=true
uQHq1rdhTNQ_00__accident,/autodl-fs/data/traffic_accident_rnd/ACCIDENT_dataset/real_videos/uQHq1rdhTNQ_00.mp4,ACCIDENT-real,sideswipe,accident,1,weak_clip_event_window,30.041667,14.945908,449,960,720,test,Virginia,Virginia::highway,56,146,accident_time=5.75;type=sideswipe
uQHq1rdhTNQ_00__pre_event_non_accident,/autodl-fs/data/traffic_accident_rnd/ACCIDENT_dataset/real_videos/uQHq1rdhTNQ_00.mp4,ACCIDENT-real,sideswipe,non_accident,0,weak_clip_pre_event,30.041667,14.945908,449,960,720,test,Virginia,Virginia::highway,0,41,derived_pre_accident_until=2.750;weak_negative=true
ZAVsunMOapQ_00__accident,/autodl-fs/data/traffic_accident_rnd/ACCIDENT_dataset/real_videos/ZAVsunMOapQ_00.mp4,ACCIDENT-real,single,accident,1,weak_clip_event_window,30.041667,14.945908,449,960,720,test,Virginia,Virginia::highway,103,193,accident_time=8.875;type=single
ZAVsunMOapQ_00__pre_event_non_accident,/autodl-fs/data/traffic_accident_rnd/ACCIDENT_dataset/real_videos/ZAVsunMOapQ_00.mp4,ACCIDENT-real,single,non_accident,0,weak_clip_pre_event,30.041667,14.945908,449,960,720,test,Virginia,Virginia::highway,0,88,derived_pre_accident_until=5.875;weak_negative=true
E6rFBPMiDy0_00__accident,/autodl-fs/data/traffic_accident_rnd/ACCIDENT_dataset/real_videos/E6rFBPMiDy0_00.mp4,ACCIDENT-real,single,accident,1,weak_clip_event_window,29.442379,15.012374,442,2400,1080,test,Virginia,Virginia::highway,50,140,accident_time=5.35316;type=single
E6rFBPMiDy0_00__pre_event_non_accident,/autodl-fs/data/traffic_accident_rnd/ACCIDENT_dataset/real_videos/E6rFBPMiDy0_00.mp4,ACCIDENT-real,single,non_accident,0,weak_clip_pre_event,29.442379,15.012374,442,2400,1080,test,Virginia,Virginia::highway,0,35,derived_pre_accident_until=2.353;weak_negative=true
zCJ_1fc2nwk_00__accident,/autodl-fs/data/traffic_accident_rnd/ACCIDENT_dataset/real_videos/zCJ_1fc2nwk_00.mp4,ACCIDENT-real,single,accident,1,weak_clip_event_window,30.041667,12.915395,388,960,720,test,Virginia,Virginia::tunnel,7,85,accident_time=2.583;type=single
EOylWdC12mY_00__accident,/autodl-fs/data/traffic_accident_rnd/ACCIDENT_dataset/real_videos/EOylWdC12mY_00.mp4,ACCIDENT-real,sideswipe,accident,1,weak_clip_event_window,13.875,14.846847,206,1280,720,test,Virginia,Virginia::highway,3,92,accident_time=2.208;type=sideswipe
GINQ6xQrz94_00__accident,/autodl-fs/data/traffic_accident_rnd/ACCIDENT_dataset/real_videos/GINQ6xQrz94_00.mp4,ACCIDENT-real,single,accident,1,weak_clip_event_window,23.966667,15.062587,361,1920,1080,test,Virginia,Virginia::grade_separated_intersection,0,79,accident_time=1.2330000000000005;type=single
XI9xhHUOo5o_00__accident,/autodl-fs/data/traffic_accident_rnd/ACCIDENT_dataset/real_videos/XI9xhHUOo5o_00.mp4,ACCIDENT-real,single,accident,1,weak_clip_event_window,25.233333,14.940555,377,1920,1080,train,Virginia,Virginia::highway,15,105,accident_time=3.0;type=single
QwFFfl2CNUY_00__accident,/autodl-fs/data/traffic_accident_rnd/ACCIDENT_dataset/real_videos/QwFFfl2CNUY_00.mp4,ACCIDENT-real,rear-end,accident,1,weak_clip_event_window,8.166667,14.938776,122,960,720,train,Virginia,Virginia::highway,7,97,accident_time=2.458333;type=rear-end
nlRWwNiCtsE_00__accident,/autodl-fs/data/traffic_accident_rnd/ACCIDENT_dataset/real_videos/nlRWwNiCtsE_00.mp4,ACCIDENT-real,sideswipe,accident,1,weak_clip_event_window,15.433333,14.967603,231,1620,1080,test,Virginia,Virginia::highway,26,116,accident_time=3.767;type=sideswipe
NTMLhz_KdXo_00__accident,/autodl-fs/data/traffic_accident_rnd/ACCIDENT_dataset/real_videos/NTMLhz_KdXo_00.mp4,ACCIDENT-real,t-bone,accident,1,weak_clip_event_window,6.272933,23.912258,150,1280,720,test,World,World::simple_intersection,0,141,accident_time=1.868533;type=t-bone
B85gUt1fzIU_00__accident,/autodl-fs/data/traffic_accident_rnd/ACCIDENT_dataset/real_videos/B85gUt1fzIU_00.mp4,ACCIDENT-real,t-bone,accident,1,weak_clip_event_window,8.958333,14.065116,126,960,720,test,Virginia,Virginia::signalized_intersection,51,126,accident_time=5.583333;type=t-bone
B85gUt1fzIU_00__pre_event_non_accident,/autodl-fs/data/traffic_accident_rnd/ACCIDENT_dataset/real_videos/B85gUt1fzIU_00.mp4,ACCIDENT-real,t-bone,non_accident,0,weak_clip_pre_event,8.958333,14.065116,126,960,720,test,Virginia,Virginia::signalized_intersection,0,36,derived_pre_accident_until=2.583;weak_negative=true
B6eG9Bvwj8o_00__accident,/autodl-fs/data/traffic_accident_rnd/ACCIDENT_dataset/real_videos/B6eG9Bvwj8o_00.mp4,ACCIDENT-real,t-bone,accident,1,weak_clip_event_window,30.708333,13.449118,413,960,720,test,Virginia,Virginia::signalized_intersection,6,87,accident_time=2.416666;type=t-bone
xpVTZU4KeZA_00__accident,/autodl-fs/data/traffic_accident_rnd/ACCIDENT_dataset/real_videos/xpVTZU4KeZA_00.mp4,ACCIDENT-real,t-bone,accident,1,weak_clip_event_window,22.083333,14.988679,331,960,720,test,Virginia,Virginia::signalized_intersection,74,164,accident_time=6.958;type=t-bone
xpVTZU4KeZA_00__pre_event_non_accident,/autodl-fs/data/traffic_accident_rnd/ACCIDENT_dataset/real_videos/xpVTZU4KeZA_00.mp4,ACCIDENT-real,t-bone,non_accident,0,weak_clip_pre_event,22.083333,14.988679,331,960,720,test,Virginia,Virginia::signalized_intersection,0,59,derived_pre_accident_until=3.958;weak_negative=true
mTVpYeTKFN4_00__accident,/autodl-fs/data/traffic_accident_rnd/ACCIDENT_dataset/real_videos/mTVpYeTKFN4_00.mp4,ACCIDENT-real,t-bone,accident,1,weak_clip_event_window,29.958333,13.785814,413,960,720,test,Virginia,Virginia::signalized_intersection,47,130,accident_time=5.416667;type=t-bone
mTVpYeTKFN4_00__pre_event_non_accident,/autodl-fs/data/traffic_accident_rnd/ACCIDENT_dataset/real_videos/mTVpYeTKFN4_00.mp4,ACCIDENT-real,t-bone,non_accident,0,weak_clip_pre_event,29.958333,13.785814,413,960,720,test,Virginia,Virginia::signalized_intersection,0,33,derived_pre_accident_until=2.417;weak_negative=true
aPavFeAFhnk_00__accident,/autodl-fs/data/traffic_accident_rnd/ACCIDENT_dataset/real_videos/aPavFeAFhnk_00.mp4,ACCIDENT-real,t-bone,accident,1,weak_clip_event_window,30.0,14.466667,434,960,720,test,Virginia,Virginia::signalized_intersection,28,115,accident_time=3.917;type=t-bone
GjcgUDvSdls_00__accident,/autodl-fs/data/traffic_accident_rnd/ACCIDENT_dataset/real_videos/GjcgUDvSdls_00.mp4,ACCIDENT-real,t-bone,accident,1,weak_clip_event_window,30.041667,14.779473,444,960,720,test,Virginia,Virginia::signalized_intersection,40,129,accident_time=4.708;type=t-bone
GjcgUDvSdls_00__pre_event_non_accident,/autodl-fs/data/traffic_accident_rnd/ACCIDENT_dataset/real_videos/GjcgUDvSdls_00.mp4,ACCIDENT-real,t-bone,non_accident,0,weak_clip_pre_event,30.041667,14.779473,444,960,720,test,Virginia,Virginia::signalized_intersection,0,25,derived_pre_accident_until=1.708;weak_negative=true
oBN7DtMXoSw_00__accident,/autodl-fs/data/traffic_accident_rnd/ACCIDENT_dataset/real_videos/oBN7DtMXoSw_00.mp4,ACCIDENT-real,head-on,accident,1,weak_clip_event_window,30.1,14.883721,448,1440,1080,test,Virginia,Virginia::simple_intersection,141,231,accident_time=11.467;type=head-on
oBN7DtMXoSw_00__pre_event_non_accident,/autodl-fs/data/traffic_accident_rnd/ACCIDENT_dataset/real_videos/oBN7DtMXoSw_00.mp4,ACCIDENT-real,head-on,non_accident,0,weak_clip_pre_event,30.1,14.883721,448,1440,1080,test,Virginia,Virginia::simple_intersection,0,126,derived_pre_accident_until=8.467;weak_negative=true
teLTVBt01wU_00__accident,/autodl-fs/data/traffic_accident_rnd/ACCIDENT_dataset/real_videos/teLTVBt01wU_00.mp4,ACCIDENT-real,t-bone,accident,1,weak_clip_event_window,29.958333,15.020862,450,1080,720,test,Virginia,Virginia::signalized_intersection,57,147,accident_time=5.792;type=t-bone
teLTVBt01wU_00__pre_event_non_accident,/autodl-fs/data/traffic_accident_rnd/ACCIDENT_dataset/real_videos/teLTVBt01wU_00.mp4,ACCIDENT-real,t-bone,non_accident,0,weak_clip_pre_event,29.958333,15.020862,450,1080,720,test,Virginia,Virginia::signalized_intersection,0,42,derived_pre_accident_until=2.792;weak_negative=true
KiVTcO5wpds_00__accident,/autodl-fs/data/traffic_accident_rnd/ACCIDENT_dataset/real_videos/KiVTcO5wpds_00.mp4,ACCIDENT-real,t-bone,accident,1,weak_clip_event_window,30.041667,13.348128,401,960,720,test,Virginia,Virginia::signalized_intersection,6,86,accident_time=2.5;type=t-bone
fZfs2l5bv2Q_00__accident,/autodl-fs/data/traffic_accident_rnd/ACCIDENT_dataset/real_videos/fZfs2l5bv2Q_00.mp4,ACCIDENT-real,t-bone,accident,1,weak_clip_event_window,30.0,14.5,435,960,720,test,Virginia,Virginia::signalized_intersection,48,135,accident_time=5.333;type=t-bone
fZfs2l5bv2Q_00__pre_event_non_accident,/autodl-fs/data/traffic_accident_rnd/ACCIDENT_dataset/real_videos/fZfs2l5bv2Q_00.mp4,ACCIDENT-real,t-bone,non_accident,0,weak_clip_pre_event,30.0,14.5,435,960,720,test,Virginia,Virginia::signalized_intersection,0,34,derived_pre_accident_until=2.333;weak_negative=true
CV8iSUAmHvw_00__accident,/autodl-fs/data/traffic_accident_rnd/ACCIDENT_dataset/real_videos/CV8iSUAmHvw_00.mp4,ACCIDENT-real,t-bone,accident,1,weak_clip_event_window,25.028441,14.903045,373,854,384,test,Virginia,Virginia::simple_intersection,104,194,accident_time=8.974;type=t-bone
CV8iSUAmHvw_00__pre_event_non_accident,/autodl-fs/data/traffic_accident_rnd/ACCIDENT_dataset/real_videos/CV8iSUAmHvw_00.mp4,ACCIDENT-real,t-bone,non_accident,0,weak_clip_pre_event,25.028441,14.903045,373,854,384,test,Virginia,Virginia::simple_intersection,0,89,derived_pre_accident_until=5.974;weak_negative=true
8o-2-9mO8C0_00__accident,/autodl-fs/data/traffic_accident_rnd/ACCIDENT_dataset/real_videos/8o-2-9mO8C0_00.mp4,ACCIDENT-real,t-bone,accident,1,weak_clip_event_window,30.666667,6.586957,202,960,720,test,Virginia,Virginia::signalized_intersection,10,49,accident_time=3.417;type=t-bone
-zhGaEV8w0o_00__accident,/autodl-fs/data/traffic_accident_rnd/ACCIDENT_dataset/real_videos/-zhGaEV8w0o_00.mp4,ACCIDENT-real,single,accident,1,weak_clip_event_window,30.266667,23.755507,719,1280,720,test,USA,USA::city_street,60,203,accident_time=4.566666000000001;type=single
-zhGaEV8w0o_00__pre_event_non_accident,/autodl-fs/data/traffic_accident_rnd/ACCIDENT_dataset/real_videos/-zhGaEV8w0o_00.mp4,ACCIDENT-real,single,non_accident,0,weak_clip_pre_event,30.266667,23.755507,719,1280,720,test,USA,USA::city_street,0,37,derived_pre_accident_until=1.567;weak_negative=true
WigzRPlpVlQ_00__accident,/autodl-fs/data/traffic_accident_rnd/ACCIDENT_dataset/real_videos/WigzRPlpVlQ_00.mp4,ACCIDENT-real,rear-end,accident,1,weak_clip_event_window,30.1,14.950166,450,1440,1080,test,Tennessee,Tennessee::highway,8,98,accident_time=2.533;type=rear-end
1yedrznGA8g_00__accident,/autodl-fs/data/traffic_accident_rnd/ACCIDENT_dataset/real_videos/1yedrznGA8g_00.mp4,ACCIDENT-real,t-bone,accident,1,weak_clip_event_window,30.1,14.385382,433,1440,1080,test,Tennessee,Tennessee::signalized_intersection,36,123,accident_time=4.5;type=t-bone
1yedrznGA8g_00__pre_event_non_accident,/autodl-fs/data/traffic_accident_rnd/ACCIDENT_dataset/real_videos/1yedrznGA8g_00.mp4,ACCIDENT-real,t-bone,non_accident,0,weak_clip_pre_event,30.1,14.385382,433,1440,1080,test,Tennessee,Tennessee::signalized_intersection,0,22,derived_pre_accident_until=1.500;weak_negative=true
_hJdTE1wHoI_00__accident,/autodl-fs/data/traffic_accident_rnd/ACCIDENT_dataset/real_videos/_hJdTE1wHoI_00.mp4,ACCIDENT-real,single,accident,1,weak_clip_event_window,30.041667,14.979196,450,960,720,test,Tennessee,Tennessee::highway,145,235,accident_time=11.708;type=single
_hJdTE1wHoI_00__pre_event_non_accident,/autodl-fs/data/traffic_accident_rnd/ACCIDENT_dataset/real_videos/_hJdTE1wHoI_00.mp4,ACCIDENT-real,single,non_accident,0,weak_clip_pre_event,30.041667,14.979196,450,960,720,test,Tennessee,Tennessee::highway,0,130,derived_pre_accident_until=8.708;weak_negative=true
BEBYF3xd0Lk_00__accident,/autodl-fs/data/traffic_accident_rnd/ACCIDENT_dataset/real_videos/BEBYF3xd0Lk_00.mp4,ACCIDENT-real,sideswipe,accident,1,weak_clip_event_window,24.966667,14.979973,374,1440,1080,test,Tennessee,Tennessee::highway,12,102,accident_time=2.833;type=sideswipe
gi01QYHz8-E_00__accident,/autodl-fs/data/traffic_accident_rnd/ACCIDENT_dataset/real_videos/gi01QYHz8-E_00.mp4,ACCIDENT-real,rear-end,accident,1,weak_clip_event_window,19.233333,14.974003,288,1620,1080,test,Tennessee,Tennessee::grade_separated_intersection,3,93,accident_time=2.234;type=rear-end
UH2j4IrB2Sg_00__accident,/autodl-fs/data/traffic_accident_rnd/ACCIDENT_dataset/real_videos/UH2j4IrB2Sg_00.mp4,ACCIDENT-real,single,accident,1,weak_clip_event_window,10.208333,13.812245,141,960,720,test,Tennessee,Tennessee::highway,22,105,accident_time=3.625;type=single
YsyVUKTZgpo_00__accident,/autodl-fs/data/traffic_accident_rnd/ACCIDENT_dataset/real_videos/YsyVUKTZgpo_00.mp4,ACCIDENT-real,single,accident,1,weak_clip_event_window,30.08,14.926862,449,1440,1080,test,Tennessee,Tennessee::highway,59,149,accident_time=5.96;type=single
YsyVUKTZgpo_00__pre_event_non_accident,/autodl-fs/data/traffic_accident_rnd/ACCIDENT_dataset/real_videos/YsyVUKTZgpo_00.mp4,ACCIDENT-real,single,non_accident,0,weak_clip_pre_event,30.08,14.926862,449,1440,1080,test,Tennessee,Tennessee::highway,0,44,derived_pre_accident_until=2.960;weak_negative=true
0vD3cfW9BtI_00__accident,/autodl-fs/data/traffic_accident_rnd/ACCIDENT_dataset/real_videos/0vD3cfW9BtI_00.mp4,ACCIDENT-real,single,accident,1,weak_clip_event_window,12.7,15.03937,191,1620,1080,test,Tennessee,Tennessee::highway,49,139,accident_time=5.2669999999999995;type=single
0vD3cfW9BtI_00__pre_event_non_accident,/autodl-fs/data/traffic_accident_rnd/ACCIDENT_dataset/real_videos/0vD3cfW9BtI_00.mp4,ACCIDENT-real,single,non_accident,0,weak_clip_pre_event,12.7,15.03937,191,1620,1080,test,Tennessee,Tennessee::highway,0,34,derived_pre_accident_until=2.267;weak_negative=true
inJcKZ42Ovc_00__accident,/autodl-fs/data/traffic_accident_rnd/ACCIDENT_dataset/real_videos/inJcKZ42Ovc_00.mp4,ACCIDENT-real,single,accident,1,weak_clip_event_window,30.041667,14.945908,449,960,720,test,Tennessee,Tennessee::highway,58,148,accident_time=5.875;type=single
inJcKZ42Ovc_00__pre_event_non_accident,/autodl-fs/data/traffic_accident_rnd/ACCIDENT_dataset/real_videos/inJcKZ42Ovc_00.mp4,ACCIDENT-real,single,non_accident,0,weak_clip_pre_event,30.041667,14.945908,449,960,720,test,Tennessee,Tennessee::highway,0,43,derived_pre_accident_until=2.875;weak_negative=true
x25XtFGKc-E_00__accident,/autodl-fs/data/traffic_accident_rnd/ACCIDENT_dataset/real_videos/x25XtFGKc-E_00.mp4,ACCIDENT-real,t-bone,accident,1,weak_clip_event_window,29.566667,15.016911,444,1584,1080,test,Tennessee,Tennessee::simple_intersection,1,91,accident_time=2.067;type=t-bone
Xb0mQCFP8_o_00__accident,/autodl-fs/data/traffic_accident_rnd/ACCIDENT_dataset/real_videos/Xb0mQCFP8_o_00.mp4,ACCIDENT-real,t-bone,accident,1,weak_clip_event_window,27.1,15.01845,407,1440,1080,test,Tennessee,Tennessee::highway,0,86,accident_time=1.734;type=t-bone
vsgWvWqscHk_00__accident,/autodl-fs/data/traffic_accident_rnd/ACCIDENT_dataset/real_videos/vsgWvWqscHk_00.mp4,ACCIDENT-real,single,accident,1,weak_clip_event_window,30.033333,14.983352,450,1440,1080,train,Tennessee,Tennessee::highway,52,142,accident_time=5.5;type=single
vsgWvWqscHk_00__pre_event_non_accident,/autodl-fs/data/traffic_accident_rnd/ACCIDENT_dataset/real_videos/vsgWvWqscHk_00.mp4,ACCIDENT-real,single,non_accident,0,weak_clip_pre_event,30.033333,14.983352,450,1440,1080,train,Tennessee,Tennessee::highway,0,37,derived_pre_accident_until=2.500;weak_negative=true
1VI1lKlJQd0_00__accident,/autodl-fs/data/traffic_accident_rnd/ACCIDENT_dataset/real_videos/1VI1lKlJQd0_00.mp4,ACCIDENT-real,single,accident,1,weak_clip_event_window,30.1,14.883721,448,1440,1080,test,Tennessee,Tennessee::highway,1,91,accident_time=2.1;type=single
EdvDlbnKQYI_00__accident,/autodl-fs/data/traffic_accident_rnd/ACCIDENT_dataset/real_videos/EdvDlbnKQYI_00.mp4,ACCIDENT-real,rear-end,accident,1,weak_clip_event_window,30.041667,14.979196,450,960,720,test,Tennessee,Tennessee::grade_separated_intersection,25,115,accident_time=3.667;type=rear-end
xP_sW92sGh8_00__accident,/autodl-fs/data/traffic_accident_rnd/ACCIDENT_dataset/real_videos/xP_sW92sGh8_00.mp4,ACCIDENT-real,rear-end,accident,1,weak_clip_event_window,30.041667,14.979196,450,960,720,test,Tennessee,Tennessee::highway,115,205,accident_time=9.708;type=rear-end
xP_sW92sGh8_00__pre_event_non_accident,/autodl-fs/data/traffic_accident_rnd/ACCIDENT_dataset/real_videos/xP_sW92sGh8_00.mp4,ACCIDENT-real,rear-end,non_accident,0,weak_clip_pre_event,30.041667,14.979196,450,960,720,test,Tennessee,Tennessee::highway,0,100,derived_pre_accident_until=6.708;weak_negative=true
IxLBncFm-oE_00__accident,/autodl-fs/data/traffic_accident_rnd/ACCIDENT_dataset/real_videos/IxLBncFm-oE_00.mp4,ACCIDENT-real,single,accident,1,weak_clip_event_window,30.033333,14.983352,450,1440,1080,test,Tennessee,Tennessee::highway,29,119,accident_time=3.967;type=single
irYEjSeXzAM_00__accident,/autodl-fs/data/traffic_accident_rnd/ACCIDENT_dataset/real_videos/irYEjSeXzAM_00.mp4,ACCIDENT-real,rear-end,accident,1,weak_clip_event_window,25.7,14.980545,385,1440,1080,test,Tennessee,Tennessee::highway,22,112,accident_time=3.5;type=rear-end
xFWObpD8KiE_00__accident,/autodl-fs/data/traffic_accident_rnd/ACCIDENT_dataset/real_videos/xFWObpD8KiE_00.mp4,ACCIDENT-real,single,accident,1,weak_clip_event_window,30.041667,14.979196,450,1280,720,train,Tennessee,Tennessee::highway,16,106,accident_time=3.042;type=single
-dVU8qW4ik8_00__accident,/autodl-fs/data/traffic_accident_rnd/ACCIDENT_dataset/real_videos/-dVU8qW4ik8_00.mp4,ACCIDENT-real,single,accident,1,weak_clip_event_window,30.041667,14.979196,450,1080,720,train,Tennessee,Tennessee::highway,39,129,accident_time=4.625;type=single
-dVU8qW4ik8_00__pre_event_non_accident,/autodl-fs/data/traffic_accident_rnd/ACCIDENT_dataset/real_videos/-dVU8qW4ik8_00.mp4,ACCIDENT-real,single,non_accident,0,weak_clip_pre_event,30.041667,14.979196,450,1080,720,train,Tennessee,Tennessee::highway,0,24,derived_pre_accident_until=1.625;weak_negative=true
qq34-Ch0SYE_00__accident,/autodl-fs/data/traffic_accident_rnd/ACCIDENT_dataset/real_videos/qq34-Ch0SYE_00.mp4,ACCIDENT-real,rear-end,accident,1,weak_clip_event_window,30.041667,14.945908,449,960,720,test,Tennessee,Tennessee::highway,78,168,accident_time=7.25;type=rear-end
qq34-Ch0SYE_00__pre_event_non_accident,/autodl-fs/data/traffic_accident_rnd/ACCIDENT_dataset/real_videos/qq34-Ch0SYE_00.mp4,ACCIDENT-real,rear-end,non_accident,0,weak_clip_pre_event,30.041667,14.945908,449,960,720,test,Tennessee,Tennessee::highway,0,64,derived_pre_accident_until=4.250;weak_negative=true
rA5O9Okdkss_00__accident,/autodl-fs/data/traffic_accident_rnd/ACCIDENT_dataset/real_videos/rA5O9Okdkss_00.mp4,ACCIDENT-real,rear-end,accident,1,weak_clip_event_window,30.066667,14.966741,450,1440,1080,test,Tennessee,Tennessee::highway,49,139,accident_time=5.3;type=rear-end
rA5O9Okdkss_00__pre_event_non_accident,/autodl-fs/data/traffic_accident_rnd/ACCIDENT_dataset/real_videos/rA5O9Okdkss_00.mp4,ACCIDENT-real,rear-end,non_accident,0,weak_clip_pre_event,30.066667,14.966741,450,1440,1080,test,Tennessee,Tennessee::highway,0,34,derived_pre_accident_until=2.300;weak_negative=true
ZsVOhyuD0sQ_00__accident,/autodl-fs/data/traffic_accident_rnd/ACCIDENT_dataset/real_videos/ZsVOhyuD0sQ_00.mp4,ACCIDENT-real,rear-end,accident,1,weak_clip_event_window,30.033333,14.983352,450,1440,1080,test,Tennessee,Tennessee::grade_separated_intersection,82,172,accident_time=7.5;type=rear-end
ZsVOhyuD0sQ_00__pre_event_non_accident,/autodl-fs/data/traffic_accident_rnd/ACCIDENT_dataset/real_videos/ZsVOhyuD0sQ_00.mp4,ACCIDENT-real,rear-end,non_accident,0,weak_clip_pre_event,30.033333,14.983352,450,1440,1080,test,Tennessee,Tennessee::grade_separated_intersection,0,67,derived_pre_accident_until=4.500;weak_negative=true
X8JXbRxpKk0_00__accident,/autodl-fs/data/traffic_accident_rnd/ACCIDENT_dataset/real_videos/X8JXbRxpKk0_00.mp4,ACCIDENT-real,rear-end,accident,1,weak_clip_event_window,30.041667,14.979196,450,960,720,test,Tennessee,Tennessee::highway,35,125,accident_time=4.333;type=rear-end
X8JXbRxpKk0_00__pre_event_non_accident,/autodl-fs/data/traffic_accident_rnd/ACCIDENT_dataset/real_videos/X8JXbRxpKk0_00.mp4,ACCIDENT-real,rear-end,non_accident,0,weak_clip_pre_event,30.041667,14.979196,450,960,720,test,Tennessee,Tennessee::highway,0,20,derived_pre_accident_until=1.333;weak_negative=true
sckLwIfeCT4_00__accident,/autodl-fs/data/traffic_accident_rnd/ACCIDENT_dataset/real_videos/sckLwIfeCT4_00.mp4,ACCIDENT-real,rear-end,accident,1,weak_clip_event_window,30.041667,14.945908,449,1080,720,test,Tennessee,Tennessee::highway,78,168,accident_time=7.25;type=rear-end
sckLwIfeCT4_00__pre_event_non_accident,/autodl-fs/data/traffic_accident_rnd/ACCIDENT_dataset/real_videos/sckLwIfeCT4_00.mp4,ACCIDENT-real,rear-end,non_accident,0,weak_clip_pre_event,30.041667,14.945908,449,1080,720,test,Tennessee,Tennessee::highway,0,64,derived_pre_accident_until=4.250;weak_negative=true
LPQ23LL3dG4_00__accident,/autodl-fs/data/traffic_accident_rnd/ACCIDENT_dataset/real_videos/LPQ23LL3dG4_00.mp4,ACCIDENT-real,rear-end,accident,1,weak_clip_event_window,8.833333,14.943396,132,960,720,test,Tennessee,Tennessee::highway,73,132,accident_time=6.917;type=rear-end
LPQ23LL3dG4_00__pre_event_non_accident,/autodl-fs/data/traffic_accident_rnd/ACCIDENT_dataset/real_videos/LPQ23LL3dG4_00.mp4,ACCIDENT-real,rear-end,non_accident,0,weak_clip_pre_event,8.833333,14.943396,132,960,720,test,Tennessee,Tennessee::highway,0,59,derived_pre_accident_until=3.917;weak_negative=true
0lkTO-H5z6I_00__accident,/autodl-fs/data/traffic_accident_rnd/ACCIDENT_dataset/real_videos/0lkTO-H5z6I_00.mp4,ACCIDENT-real,rear-end,accident,1,weak_clip_event_window,7.708333,12.064865,93,960,720,test,Tennessee,Tennessee::highway,40,93,accident_time=5.333;type=rear-end
0lkTO-H5z6I_00__pre_event_non_accident,/autodl-fs/data/traffic_accident_rnd/ACCIDENT_dataset/real_videos/0lkTO-H5z6I_00.mp4,ACCIDENT-real,rear-end,non_accident,0,weak_clip_pre_event,7.708333,12.064865,93,960,720,test,Tennessee,Tennessee::highway,0,28,derived_pre_accident_until=2.333;weak_negative=true
UY6g1DtnlGE_00__accident,/autodl-fs/data/traffic_accident_rnd/ACCIDENT_dataset/real_videos/UY6g1DtnlGE_00.mp4,ACCIDENT-real,single,accident,1,weak_clip_event_window,9.583333,14.921739,143,960,720,test,Tennessee,Tennessee::highway,26,116,accident_time=3.75;type=single
1-xArHJFlAQ_00__accident,/autodl-fs/data/traffic_accident_rnd/ACCIDENT_dataset/real_videos/1-xArHJFlAQ_00.mp4,ACCIDENT-real,rear-end,accident,1,weak_clip_event_window,29.791667,5.874126,175,960,720,test,Tennessee,Tennessee::highway,27,62,accident_time=6.708;type=rear-end
1-xArHJFlAQ_00__pre_event_non_accident,/autodl-fs/data/traffic_accident_rnd/ACCIDENT_dataset/real_videos/1-xArHJFlAQ_00.mp4,ACCIDENT-real,rear-end,non_accident,0,weak_clip_pre_event,29.791667,5.874126,175,960,720,test,Tennessee,Tennessee::highway,0,22,derived_pre_accident_until=3.708;weak_negative=true
snpgCzf-mK4_00__accident,/autodl-fs/data/traffic_accident_rnd/ACCIDENT_dataset/real_videos/snpgCzf-mK4_00.mp4,ACCIDENT-real,single,accident,1,weak_clip_event_window,20.791667,15.006012,312,1280,720,test,Tennessee,Tennessee::grade_separated_intersection,25,115,accident_time=3.667;type=single
xDnxHFltzfQ_00__accident,/autodl-fs/data/traffic_accident_rnd/ACCIDENT_dataset/real_videos/xDnxHFltzfQ_00.mp4,ACCIDENT-real,single,accident,1,weak_clip_event_window,24.3,15.020576,365,1440,1080,test,Tennessee,Tennessee::highway,10,100,accident_time=2.633;type=single
0puo8kJOlmU_00__accident,/autodl-fs/data/traffic_accident_rnd/ACCIDENT_dataset/real_videos/0puo8kJOlmU_00.mp4,ACCIDENT-real,single,accident,1,weak_clip_event_window,30.041667,14.979196,450,960,720,test,Tennessee,Tennessee::highway,99,189,accident_time=8.583;type=single
0puo8kJOlmU_00__pre_event_non_accident,/autodl-fs/data/traffic_accident_rnd/ACCIDENT_dataset/real_videos/0puo8kJOlmU_00.mp4,ACCIDENT-real,single,non_accident,0,weak_clip_pre_event,30.041667,14.979196,450,960,720,test,Tennessee,Tennessee::highway,0,84,derived_pre_accident_until=5.583;weak_negative=true
CvNTYeiVF7s_00__accident,/autodl-fs/data/traffic_accident_rnd/ACCIDENT_dataset/real_videos/CvNTYeiVF7s_00.mp4,ACCIDENT-real,rear-end,accident,1,weak_clip_event_window,24.375,14.974359,365,1080,720,train,Tennessee,Tennessee::highway,75,165,accident_time=7.042;type=rear-end
CvNTYeiVF7s_00__pre_event_non_accident,/autodl-fs/data/traffic_accident_rnd/ACCIDENT_dataset/real_videos/CvNTYeiVF7s_00.mp4,ACCIDENT-real,rear-end,non_accident,0,weak_clip_pre_event,24.375,14.974359,365,1080,720,train,Tennessee,Tennessee::highway,0,61,derived_pre_accident_until=4.042;weak_negative=true
KwifJ6bebdo_00__accident,/autodl-fs/data/traffic_accident_rnd/ACCIDENT_dataset/real_videos/KwifJ6bebdo_00.mp4,ACCIDENT-real,single,accident,1,weak_clip_event_window,30.041667,14.945908,449,960,720,test,Tennessee,Tennessee::highway,58,148,accident_time=5.875;type=single
KwifJ6bebdo_00__pre_event_non_accident,/autodl-fs/data/traffic_accident_rnd/ACCIDENT_dataset/real_videos/KwifJ6bebdo_00.mp4,ACCIDENT-real,single,non_accident,0,weak_clip_pre_event,30.041667,14.945908,449,960,720,test,Tennessee,Tennessee::highway,0,43,derived_pre_accident_until=2.875;weak_negative=true
p3XgqO9PzH4_00__accident,/autodl-fs/data/traffic_accident_rnd/ACCIDENT_dataset/real_videos/p3XgqO9PzH4_00.mp4,ACCIDENT-real,rear-end,accident,1,weak_clip_event_window,29.041667,15.012912,436,960,720,test,Tennessee,Tennessee::highway,125,215,accident_time=10.333;type=rear-end
p3XgqO9PzH4_00__pre_event_non_accident,/autodl-fs/data/traffic_accident_rnd/ACCIDENT_dataset/real_videos/p3XgqO9PzH4_00.mp4,ACCIDENT-real,rear-end,non_accident,0,weak_clip_pre_event,29.041667,15.012912,436,960,720,test,Tennessee,Tennessee::highway,0,110,derived_pre_accident_until=7.333;weak_negative=true
bSq7XtY629s_00__accident,/autodl-fs/data/traffic_accident_rnd/ACCIDENT_dataset/real_videos/bSq7XtY629s_00.mp4,ACCIDENT-real,t-bone,accident,1,weak_clip_event_window,30.041667,14.979196,450,960,720,test,Tennessee,Tennessee::grade_separated_intersection,98,188,accident_time=8.541666;type=t-bone
bSq7XtY629s_00__pre_event_non_accident,/autodl-fs/data/traffic_accident_rnd/ACCIDENT_dataset/real_videos/bSq7XtY629s_00.mp4,ACCIDENT-real,t-bone,non_accident,0,weak_clip_pre_event,30.041667,14.979196,450,960,720,test,Tennessee,Tennessee::grade_separated_intersection,0,83,derived_pre_accident_until=5.542;weak_negative=true
r-f6Tk6M_kQ_00__accident,/autodl-fs/data/traffic_accident_rnd/ACCIDENT_dataset/real_videos/r-f6Tk6M_kQ_00.mp4,ACCIDENT-real,single,accident,1,weak_clip_event_window,30.041667,14.945908,449,960,720,test,Tennessee,Tennessee::highway,32,122,accident_time=4.125;type=single
r-f6Tk6M_kQ_00__pre_event_non_accident,/autodl-fs/data/traffic_accident_rnd/ACCIDENT_dataset/real_videos/r-f6Tk6M_kQ_00.mp4,ACCIDENT-real,single,non_accident,0,weak_clip_pre_event,30.041667,14.945908,449,960,720,test,Tennessee,Tennessee::highway,0,17,derived_pre_accident_until=1.125;weak_negative=true
zxu3S-7VZUA_00__accident,/autodl-fs/data/traffic_accident_rnd/ACCIDENT_dataset/real_videos/zxu3S-7VZUA_00.mp4,ACCIDENT-real,single,accident,1,weak_clip_event_window,30.041667,14.979196,450,960,720,test,Tennessee,Tennessee::highway,74,164,accident_time=6.958;type=single
zxu3S-7VZUA_00__pre_event_non_accident,/autodl-fs/data/traffic_accident_rnd/ACCIDENT_dataset/real_videos/zxu3S-7VZUA_00.mp4,ACCIDENT-real,single,non_accident,0,weak_clip_pre_event,30.041667,14.979196,450,960,720,test,Tennessee,Tennessee::highway,0,59,derived_pre_accident_until=3.958;weak_negative=true
njI11mpdwo0_00__accident,/autodl-fs/data/traffic_accident_rnd/ACCIDENT_dataset/real_videos/njI11mpdwo0_00.mp4,ACCIDENT-real,single,accident,1,weak_clip_event_window,13.541667,15.064615,204,1080,720,test,Tennessee,Tennessee::highway,52,142,accident_time=5.458;type=single
njI11mpdwo0_00__pre_event_non_accident,/autodl-fs/data/traffic_accident_rnd/ACCIDENT_dataset/real_videos/njI11mpdwo0_00.mp4,ACCIDENT-real,single,non_accident,0,weak_clip_pre_event,13.541667,15.064615,204,1080,720,test,Tennessee,Tennessee::highway,0,37,derived_pre_accident_until=2.458;weak_negative=true
cFpwh4gBvDc_00__accident,/autodl-fs/data/traffic_accident_rnd/ACCIDENT_dataset/real_videos/cFpwh4gBvDc_00.mp4,ACCIDENT-real,single,accident,1,weak_clip_event_window,8.708333,14.813397,129,960,720,train,Tennessee,Tennessee::highway,33,122,accident_time=4.25;type=single
cFpwh4gBvDc_00__pre_event_non_accident,/autodl-fs/data/traffic_accident_rnd/ACCIDENT_dataset/real_videos/cFpwh4gBvDc_00.mp4,ACCIDENT-real,single,non_accident,0,weak_clip_pre_event,8.708333,14.813397,129,960,720,train,Tennessee,Tennessee::highway,0,19,derived_pre_accident_until=1.250;weak_negative=true
IvpRueS_9RI_00__accident,/autodl-fs/data/traffic_accident_rnd/ACCIDENT_dataset/real_videos/IvpRueS_9RI_00.mp4,ACCIDENT-real,single,accident,1,weak_clip_event_window,30.033333,14.983352,450,1620,1080,test,Tennessee,Tennessee::highway,30,120,accident_time=4.033;type=single
IvpRueS_9RI_00__pre_event_non_accident,/autodl-fs/data/traffic_accident_rnd/ACCIDENT_dataset/real_videos/IvpRueS_9RI_00.mp4,ACCIDENT-real,single,non_accident,0,weak_clip_pre_event,30.033333,14.983352,450,1620,1080,test,Tennessee,Tennessee::highway,0,15,derived_pre_accident_until=1.033;weak_negative=true
TLjDFutg8mI_00__accident,/autodl-fs/data/traffic_accident_rnd/ACCIDENT_dataset/real_videos/TLjDFutg8mI_00.mp4,ACCIDENT-real,single,accident,1,weak_clip_event_window,30.1,14.950166,450,1440,1080,test,Tennessee,Tennessee::highway,15,105,accident_time=3.0;type=single
cBZ3KswoFZY_00__accident,/autodl-fs/data/traffic_accident_rnd/ACCIDENT_dataset/real_videos/cBZ3KswoFZY_00.mp4,ACCIDENT-real,single,accident,1,weak_clip_event_window,29.958333,15.020862,450,960,720,test,Tennessee,Tennessee::highway,11,101,accident_time=2.75;type=single
jHJ3Sfhg4HA_00__accident,/autodl-fs/data/traffic_accident_rnd/ACCIDENT_dataset/real_videos/jHJ3Sfhg4HA_00.mp4,ACCIDENT-real,single,accident,1,weak_clip_event_window,30.041667,14.979196,450,960,720,test,Tennessee,Tennessee::highway,8,98,accident_time=2.542;type=single
XAxaY7MPnms_00__accident,/autodl-fs/data/traffic_accident_rnd/ACCIDENT_dataset/real_videos/XAxaY7MPnms_00.mp4,ACCIDENT-real,single,accident,1,weak_clip_event_window,30.041667,14.979196,450,960,720,test,Tennessee,Tennessee::highway,37,127,accident_time=4.5;type=single
XAxaY7MPnms_00__pre_event_non_accident,/autodl-fs/data/traffic_accident_rnd/ACCIDENT_dataset/real_videos/XAxaY7MPnms_00.mp4,ACCIDENT-real,single,non_accident,0,weak_clip_pre_event,30.041667,14.979196,450,960,720,test,Tennessee,Tennessee::highway,0,22,derived_pre_accident_until=1.500;weak_negative=true
KOeH4VgqYR4_00__accident,/autodl-fs/data/traffic_accident_rnd/ACCIDENT_dataset/real_videos/KOeH4VgqYR4_00.mp4,ACCIDENT-real,single,accident,1,weak_clip_event_window,30.0,14.966667,449,960,720,test,Tennessee,Tennessee::highway,22,112,accident_time=3.5;type=single
5dZ0U3pINII_00__accident,/autodl-fs/data/traffic_accident_rnd/ACCIDENT_dataset/real_videos/5dZ0U3pINII_00.mp4,ACCIDENT-real,single,accident,1,weak_clip_event_window,25.233333,14.544254,367,1440,1080,test,Tennessee,Tennessee::highway,41,128,accident_time=4.8;type=single
5dZ0U3pINII_00__pre_event_non_accident,/autodl-fs/data/traffic_accident_rnd/ACCIDENT_dataset/real_videos/5dZ0U3pINII_00.mp4,ACCIDENT-real,single,non_accident,0,weak_clip_pre_event,25.233333,14.544254,367,1440,1080,test,Tennessee,Tennessee::highway,0,26,derived_pre_accident_until=1.800;weak_negative=true
Qi7voHChFxk_00__accident,/autodl-fs/data/traffic_accident_rnd/ACCIDENT_dataset/real_videos/Qi7voHChFxk_00.mp4,ACCIDENT-real,single,accident,1,weak_clip_event_window,6.333333,14.842105,94,1080,720,train,Tennessee,Tennessee::highway,13,94,accident_time=2.917;type=single
Ef9PwNwVRvY_00__accident,/autodl-fs/data/traffic_accident_rnd/ACCIDENT_dataset/real_videos/Ef9PwNwVRvY_00.mp4,ACCIDENT-real,t-bone,accident,1,weak_clip_event_window,10.7,14.953271,160,1440,1080,test,Tennessee,Tennessee::signalized_intersection,75,160,accident_time=7.0;type=t-bone
Ef9PwNwVRvY_00__pre_event_non_accident,/autodl-fs/data/traffic_accident_rnd/ACCIDENT_dataset/real_videos/Ef9PwNwVRvY_00.mp4,ACCIDENT-real,t-bone,non_accident,0,weak_clip_pre_event,10.7,14.953271,160,1440,1080,test,Tennessee,Tennessee::signalized_intersection,0,60,derived_pre_accident_until=4.000;weak_negative=true
oRG1-9tRk5w_00__accident,/autodl-fs/data/traffic_accident_rnd/ACCIDENT_dataset/real_videos/oRG1-9tRk5w_00.mp4,ACCIDENT-real,single,accident,1,weak_clip_event_window,24.291667,14.984563,364,960,720,test,Tennessee,Tennessee::highway,36,126,accident_time=4.375;type=single
oRG1-9tRk5w_00__pre_event_non_accident,/autodl-fs/data/traffic_accident_rnd/ACCIDENT_dataset/real_videos/oRG1-9tRk5w_00.mp4,ACCIDENT-real,single,non_accident,0,weak_clip_pre_event,24.291667,14.984563,364,960,720,test,Tennessee,Tennessee::highway,0,21,derived_pre_accident_until=1.375;weak_negative=true
suSfwiex1Kk_00__accident,/autodl-fs/data/traffic_accident_rnd/ACCIDENT_dataset/real_videos/suSfwiex1Kk_00.mp4,ACCIDENT-real,sideswipe,accident,1,weak_clip_event_window,6.033333,14.751381,89,1440,1080,test,Tennessee,Tennessee::highway,20,89,accident_time=3.4;type=sideswipe
7UHfU52BUbQ_00__accident,/autodl-fs/data/traffic_accident_rnd/ACCIDENT_dataset/real_videos/7UHfU52BUbQ_00.mp4,ACCIDENT-real,single,accident,1,weak_clip_event_window,11.833333,15.042254,178,960,720,train,Tennessee,Tennessee::grade_separated_intersection,18,108,accident_time=3.208;type=single
E65lhgBF1rM_00__accident,/autodl-fs/data/traffic_accident_rnd/ACCIDENT_dataset/real_videos/E65lhgBF1rM_00.mp4,ACCIDENT-real,single,accident,1,weak_clip_event_window,30.041667,15.012483,451,960,720,test,Tennessee,Tennessee::highway,26,116,accident_time=3.75;type=single
0GPuugnrf3Y_00__accident,/autodl-fs/data/traffic_accident_rnd/ACCIDENT_dataset/real_videos/0GPuugnrf3Y_00.mp4,ACCIDENT-real,t-bone,accident,1,weak_clip_event_window,30.033333,12.319645,370,1440,1080,test,Tennessee,Tennessee::highway,119,193,accident_time=11.667;type=t-bone
0GPuugnrf3Y_00__pre_event_non_accident,/autodl-fs/data/traffic_accident_rnd/ACCIDENT_dataset/real_videos/0GPuugnrf3Y_00.mp4,ACCIDENT-real,t-bone,non_accident,0,weak_clip_pre_event,30.033333,12.319645,370,1440,1080,test,Tennessee,Tennessee::highway,0,107,derived_pre_accident_until=8.667;weak_negative=true
tX9OSNQL0hg_00__accident,/autodl-fs/data/traffic_accident_rnd/ACCIDENT_dataset/real_videos/tX9OSNQL0hg_00.mp4,ACCIDENT-real,single,accident,1,weak_clip_event_window,12.041667,15.031142,181,960,720,test,Tennessee,Tennessee::grade_separated_intersection,52,142,accident_time=5.458;type=single
tX9OSNQL0hg_00__pre_event_non_accident,/autodl-fs/data/traffic_accident_rnd/ACCIDENT_dataset/real_videos/tX9OSNQL0hg_00.mp4,ACCIDENT-real,single,non_accident,0,weak_clip_pre_event,12.041667,15.031142,181,960,720,test,Tennessee,Tennessee::grade_separated_intersection,0,37,derived_pre_accident_until=2.458;weak_negative=true
V57SWCl2WTc_00__accident,/autodl-fs/data/traffic_accident_rnd/ACCIDENT_dataset/real_videos/V57SWCl2WTc_00.mp4,ACCIDENT-real,single,accident,1,weak_clip_event_window,19.966667,15.025042,300,1440,1080,test,Tennessee,Tennessee::highway,38,128,accident_time=4.533;type=single
V57SWCl2WTc_00__pre_event_non_accident,/autodl-fs/data/traffic_accident_rnd/ACCIDENT_dataset/real_videos/V57SWCl2WTc_00.mp4,ACCIDENT-real,single,non_accident,0,weak_clip_pre_event,19.966667,15.025042,300,1440,1080,test,Tennessee,Tennessee::highway,0,23,derived_pre_accident_until=1.533;weak_negative=true
uwdOQc-iC_c_00__accident,/autodl-fs/data/traffic_accident_rnd/ACCIDENT_dataset/real_videos/uwdOQc-iC_c_00.mp4,ACCIDENT-real,sideswipe,accident,1,weak_clip_event_window,28.666667,14.72093,422,960,720,test,Tennessee,Tennessee::highway,54,142,accident_time=5.667;type=sideswipe
uwdOQc-iC_c_00__pre_event_non_accident,/autodl-fs/data/traffic_accident_rnd/ACCIDENT_dataset/real_videos/uwdOQc-iC_c_00.mp4,ACCIDENT-real,sideswipe,non_accident,0,weak_clip_pre_event,28.666667,14.72093,422,960,720,test,Tennessee,Tennessee::highway,0,39,derived_pre_accident_until=2.667;weak_negative=true
9z1bEUb3qGI_00__accident,/autodl-fs/data/traffic_accident_rnd/ACCIDENT_dataset/real_videos/9z1bEUb3qGI_00.mp4,ACCIDENT-real,single,accident,1,weak_clip_event_window,30.0,14.966667,449,960,720,test,Tennessee,Tennessee::highway,47,137,accident_time=5.167;type=single
9z1bEUb3qGI_00__pre_event_non_accident,/autodl-fs/data/traffic_accident_rnd/ACCIDENT_dataset/real_videos/9z1bEUb3qGI_00.mp4,ACCIDENT-real,single,non_accident,0,weak_clip_pre_event,30.0,14.966667,449,960,720,test,Tennessee,Tennessee::highway,0,32,derived_pre_accident_until=2.167;weak_negative=true
_ky1Mxj5bQY_00__accident,/autodl-fs/data/traffic_accident_rnd/ACCIDENT_dataset/real_videos/_ky1Mxj5bQY_00.mp4,ACCIDENT-real,single,accident,1,weak_clip_event_window,27.25,14.93578,407,960,720,test,Tennessee,Tennessee::highway,18,108,accident_time=3.208;type=single
rZ4OS1E_Hqg_00__accident,/autodl-fs/data/traffic_accident_rnd/ACCIDENT_dataset/real_videos/rZ4OS1E_Hqg_00.mp4,ACCIDENT-real,single,accident,1,weak_clip_event_window,30.033333,15.016648,451,1440,1080,test,Tennessee,Tennessee::highway,162,252,accident_time=12.8;type=single
rZ4OS1E_Hqg_00__pre_event_non_accident,/autodl-fs/data/traffic_accident_rnd/ACCIDENT_dataset/real_videos/rZ4OS1E_Hqg_00.mp4,ACCIDENT-real,single,non_accident,0,weak_clip_pre_event,30.033333,15.016648,451,1440,1080,test,Tennessee,Tennessee::highway,0,147,derived_pre_accident_until=9.800;weak_negative=true
FyUKGsHyoxE_00__accident,/autodl-fs/data/traffic_accident_rnd/ACCIDENT_dataset/real_videos/FyUKGsHyoxE_00.mp4,ACCIDENT-real,single,accident,1,weak_clip_event_window,29.958333,15.020862,450,960,720,test,Tennessee,Tennessee::highway,2,92,accident_time=2.125;type=single
XLGAfvkvHO0_00__accident,/autodl-fs/data/traffic_accident_rnd/ACCIDENT_dataset/real_videos/XLGAfvkvHO0_00.mp4,ACCIDENT-real,single,accident,1,weak_clip_event_window,30.041667,11.384189,342,960,720,test,Tennessee,Tennessee::highway,0,67,accident_time=1.833;type=single
UWgxylOwa5M_00__accident,/autodl-fs/data/traffic_accident_rnd/ACCIDENT_dataset/real_videos/UWgxylOwa5M_00.mp4,ACCIDENT-real,single,accident,1,weak_clip_event_window,30.041667,14.979196,450,960,720,test,Tennessee,Tennessee::highway,36,126,accident_time=4.417;type=single
UWgxylOwa5M_00__pre_event_non_accident,/autodl-fs/data/traffic_accident_rnd/ACCIDENT_dataset/real_videos/UWgxylOwa5M_00.mp4,ACCIDENT-real,single,non_accident,0,weak_clip_pre_event,30.041667,14.979196,450,960,720,test,Tennessee,Tennessee::highway,0,21,derived_pre_accident_until=1.417;weak_negative=true
v9jwlgooOmE_00__accident,/autodl-fs/data/traffic_accident_rnd/ACCIDENT_dataset/real_videos/v9jwlgooOmE_00.mp4,ACCIDENT-real,single,accident,1,weak_clip_event_window,6.5,14.769231,96,960,720,test,Tennessee,Tennessee::highway,35,96,accident_time=4.375;type=single
v9jwlgooOmE_00__pre_event_non_accident,/autodl-fs/data/traffic_accident_rnd/ACCIDENT_dataset/real_videos/v9jwlgooOmE_00.mp4,ACCIDENT-real,single,non_accident,0,weak_clip_pre_event,6.5,14.769231,96,960,720,test,Tennessee,Tennessee::highway,0,20,derived_pre_accident_until=1.375;weak_negative=true
begSCBJgT4o_00__accident,/autodl-fs/data/traffic_accident_rnd/ACCIDENT_dataset/real_videos/begSCBJgT4o_00.mp4,ACCIDENT-real,single,accident,1,weak_clip_event_window,30.041667,14.979196,450,960,720,test,Tennessee,Tennessee::highway,16,106,accident_time=3.042;type=single
jJ4IJnInYnE_00__accident,/autodl-fs/data/traffic_accident_rnd/ACCIDENT_dataset/real_videos/jJ4IJnInYnE_00.mp4,ACCIDENT-real,single,accident,1,weak_clip_event_window,24.766667,15.020188,372,1620,1080,train,Tennessee,Tennessee::grade_separated_intersection,36,126,accident_time=4.4;type=single
jJ4IJnInYnE_00__pre_event_non_accident,/autodl-fs/data/traffic_accident_rnd/ACCIDENT_dataset/real_videos/jJ4IJnInYnE_00.mp4,ACCIDENT-real,single,non_accident,0,weak_clip_pre_event,24.766667,15.020188,372,1620,1080,train,Tennessee,Tennessee::grade_separated_intersection,0,21,derived_pre_accident_until=1.400;weak_negative=true
lpJL9-mBNmk_00__accident,/autodl-fs/data/traffic_accident_rnd/ACCIDENT_dataset/real_videos/lpJL9-mBNmk_00.mp4,ACCIDENT-real,single,accident,1,weak_clip_event_window,30.041667,14.979196,450,960,720,test,Tennessee,Tennessee::highway,168,258,accident_time=13.208;type=single
lpJL9-mBNmk_00__pre_event_non_accident,/autodl-fs/data/traffic_accident_rnd/ACCIDENT_dataset/real_videos/lpJL9-mBNmk_00.mp4,ACCIDENT-real,single,non_accident,0,weak_clip_pre_event,30.041667,14.979196,450,960,720,test,Tennessee,Tennessee::highway,0,153,derived_pre_accident_until=10.208;weak_negative=true
-9oifpjUxxM_00__accident,/autodl-fs/data/traffic_accident_rnd/ACCIDENT_dataset/real_videos/-9oifpjUxxM_00.mp4,ACCIDENT-real,single,accident,1,weak_clip_event_window,28.5,14.947368,426,1620,1080,test,Virginia,Virginia::grade_separated_intersection,98,188,accident_time=8.533;type=single
-9oifpjUxxM_00__pre_event_non_accident,/autodl-fs/data/traffic_accident_rnd/ACCIDENT_dataset/real_videos/-9oifpjUxxM_00.mp4,ACCIDENT-real,single,non_accident,0,weak_clip_pre_event,28.5,14.947368,426,1620,1080,test,Virginia,Virginia::grade_separated_intersection,0,83,derived_pre_accident_until=5.533;weak_negative=true
XTAIiEEE8dU_00__accident,/autodl-fs/data/traffic_accident_rnd/ACCIDENT_dataset/real_videos/XTAIiEEE8dU_00.mp4,ACCIDENT-real,single,accident,1,weak_clip_event_window,30.041667,14.979196,450,960,720,test,Tennessee,Tennessee::highway,40,130,accident_time=4.667;type=single
XTAIiEEE8dU_00__pre_event_non_accident,/autodl-fs/data/traffic_accident_rnd/ACCIDENT_dataset/real_videos/XTAIiEEE8dU_00.mp4,ACCIDENT-real,single,non_accident,0,weak_clip_pre_event,30.041667,14.979196,450,960,720,test,Tennessee,Tennessee::highway,0,25,derived_pre_accident_until=1.667;weak_negative=true
iYmL1rEyiqE_00__accident,/autodl-fs/data/traffic_accident_rnd/ACCIDENT_dataset/real_videos/iYmL1rEyiqE_00.mp4,ACCIDENT-real,t-bone,accident,1,weak_clip_event_window,30.041667,14.912621,448,960,720,test,Tennessee,Tennessee::highway,99,189,accident_time=8.625;type=t-bone
iYmL1rEyiqE_00__pre_event_non_accident,/autodl-fs/data/traffic_accident_rnd/ACCIDENT_dataset/real_videos/iYmL1rEyiqE_00.mp4,ACCIDENT-real,t-bone,non_accident,0,weak_clip_pre_event,30.041667,14.912621,448,960,720,test,Tennessee,Tennessee::highway,0,84,derived_pre_accident_until=5.625;weak_negative=true
dIbxWir400s_00__accident,/autodl-fs/data/traffic_accident_rnd/ACCIDENT_dataset/real_videos/dIbxWir400s_00.mp4,ACCIDENT-real,t-bone,accident,1,weak_clip_event_window,30.1,14.950166,450,1440,1080,test,Tennessee,Tennessee::highway,52,142,accident_time=5.467;type=t-bone
dIbxWir400s_00__pre_event_non_accident,/autodl-fs/data/traffic_accident_rnd/ACCIDENT_dataset/real_videos/dIbxWir400s_00.mp4,ACCIDENT-real,t-bone,non_accident,0,weak_clip_pre_event,30.1,14.950166,450,1440,1080,test,Tennessee,Tennessee::highway,0,37,derived_pre_accident_until=2.467;weak_negative=true
p6vrqyzdnSQ_00__accident,/autodl-fs/data/traffic_accident_rnd/ACCIDENT_dataset/real_videos/p6vrqyzdnSQ_00.mp4,ACCIDENT-real,single,accident,1,weak_clip_event_window,30.0,12.066667,362,960,720,test,Tennessee,Tennessee::highway,93,165,accident_time=9.667;type=single
p6vrqyzdnSQ_00__pre_event_non_accident,/autodl-fs/data/traffic_accident_rnd/ACCIDENT_dataset/real_videos/p6vrqyzdnSQ_00.mp4,ACCIDENT-real,single,non_accident,0,weak_clip_pre_event,30.0,12.066667,362,960,720,test,Tennessee,Tennessee::highway,0,80,derived_pre_accident_until=6.667;weak_negative=true
seHQ5Y5g5Ns_00__accident,/autodl-fs/data/traffic_accident_rnd/ACCIDENT_dataset/real_videos/seHQ5Y5g5Ns_00.mp4,ACCIDENT-real,sideswipe,accident,1,weak_clip_event_window,25.791667,15.004847,387,1280,720,test,Tennessee,Tennessee::highway,10,100,accident_time=2.667;type=sideswipe
zMya6lxe5s8_00__accident,/autodl-fs/data/traffic_accident_rnd/ACCIDENT_dataset/real_videos/zMya6lxe5s8_00.mp4,ACCIDENT-real,t-bone,accident,1,weak_clip_event_window,20.966667,14.976153,314,1440,1080,test,Tennessee,Tennessee::grade_separated_intersection,20,110,accident_time=3.367;type=t-bone
EcsgXARlmDI_00__accident,/autodl-fs/data/traffic_accident_rnd/ACCIDENT_dataset/real_videos/EcsgXARlmDI_00.mp4,ACCIDENT-real,single,accident,1,weak_clip_event_window,16.25,14.523077,236,960,720,test,Tennessee,Tennessee::highway,22,109,accident_time=3.5;type=single
rsB7TD2zW4A_00__accident,/autodl-fs/data/traffic_accident_rnd/ACCIDENT_dataset/real_videos/rsB7TD2zW4A_00.mp4,ACCIDENT-real,single,accident,1,weak_clip_event_window,19.625,15.031847,295,960,720,test,Tennessee,Tennessee::grade_separated_intersection,21,111,accident_time=3.417;type=single
3QBeZfYEAYY_00__accident,/autodl-fs/data/traffic_accident_rnd/ACCIDENT_dataset/real_videos/3QBeZfYEAYY_00.mp4,ACCIDENT-real,sideswipe,accident,1,weak_clip_event_window,25.25,15.049505,380,1280,720,test,Virginia,Virginia::grade_separated_intersection,31,121,accident_time=4.083;type=sideswipe
3QBeZfYEAYY_00__pre_event_non_accident,/autodl-fs/data/traffic_accident_rnd/ACCIDENT_dataset/real_videos/3QBeZfYEAYY_00.mp4,ACCIDENT-real,sideswipe,non_accident,0,weak_clip_pre_event,25.25,15.049505,380,1280,720,test,Virginia,Virginia::grade_separated_intersection,0,16,derived_pre_accident_until=1.083;weak_negative=true
jw4_kT_xjsE_00__accident,/autodl-fs/data/traffic_accident_rnd/ACCIDENT_dataset/real_videos/jw4_kT_xjsE_00.mp4,ACCIDENT-real,t-bone,accident,1,weak_clip_event_window,24.041667,13.850953,333,960,720,test,Virginia,Virginia::signalized_intersection,39,122,accident_time=4.833;type=t-bone
jw4_kT_xjsE_00__pre_event_non_accident,/autodl-fs/data/traffic_accident_rnd/ACCIDENT_dataset/real_videos/jw4_kT_xjsE_00.mp4,ACCIDENT-real,t-bone,non_accident,0,weak_clip_pre_event,24.041667,13.850953,333,960,720,test,Virginia,Virginia::signalized_intersection,0,25,derived_pre_accident_until=1.833;weak_negative=true
mlkJl8ql03o_00__accident,/autodl-fs/data/traffic_accident_rnd/ACCIDENT_dataset/real_videos/mlkJl8ql03o_00.mp4,ACCIDENT-real,single,accident,1,weak_clip_event_window,2.466667,16.621622,41,1920,1080,test,World,World::highway,0,41,accident_time=1.2999999999999998;type=single
4C5ZiBP7R04_00__accident,/autodl-fs/data/traffic_accident_rnd/ACCIDENT_dataset/real_videos/4C5ZiBP7R04_00.mp4,ACCIDENT-real,single,accident,1,weak_clip_event_window,15.366667,14.967462,230,1440,1080,train,Virginia,Virginia::highway,102,192,accident_time=8.833;type=single
4C5ZiBP7R04_00__pre_event_non_accident,/autodl-fs/data/traffic_accident_rnd/ACCIDENT_dataset/real_videos/4C5ZiBP7R04_00.mp4,ACCIDENT-real,single,non_accident,0,weak_clip_pre_event,15.366667,14.967462,230,1440,1080,train,Virginia,Virginia::highway,0,87,derived_pre_accident_until=5.833;weak_negative=true
Iy_GdGD-ySg_00__accident,/autodl-fs/data/traffic_accident_rnd/ACCIDENT_dataset/real_videos/Iy_GdGD-ySg_00.mp4,ACCIDENT-real,single,accident,1,weak_clip_event_window,30.041667,14.979196,450,960,720,train,Virginia,Virginia::highway,109,199,accident_time=9.292;type=single
Iy_GdGD-ySg_00__pre_event_non_accident,/autodl-fs/data/traffic_accident_rnd/ACCIDENT_dataset/real_videos/Iy_GdGD-ySg_00.mp4,ACCIDENT-real,single,non_accident,0,weak_clip_pre_event,30.041667,14.979196,450,960,720,train,Virginia,Virginia::highway,0,94,derived_pre_accident_until=6.292;weak_negative=true
YBr96os6PvE_00__accident,/autodl-fs/data/traffic_accident_rnd/ACCIDENT_dataset/real_videos/YBr96os6PvE_00.mp4,ACCIDENT-real,single,accident,1,weak_clip_event_window,29.540412,14.89485,440,854,384,train,Virginia,Virginia::highway,152,242,accident_time=12.234;type=single
YBr96os6PvE_00__pre_event_non_accident,/autodl-fs/data/traffic_accident_rnd/ACCIDENT_dataset/real_videos/YBr96os6PvE_00.mp4,ACCIDENT-real,single,non_accident,0,weak_clip_pre_event,29.540412,14.89485,440,854,384,train,Virginia,Virginia::highway,0,138,derived_pre_accident_until=9.234;weak_negative=true
71QSBkIXKXI_00__accident,/autodl-fs/data/traffic_accident_rnd/ACCIDENT_dataset/real_videos/71QSBkIXKXI_00.mp4,ACCIDENT-real,single,accident,1,weak_clip_event_window,30.041667,14.912621,448,960,720,test,Virginia,Virginia::highway,89,179,accident_time=7.958;type=single
71QSBkIXKXI_00__pre_event_non_accident,/autodl-fs/data/traffic_accident_rnd/ACCIDENT_dataset/real_videos/71QSBkIXKXI_00.mp4,ACCIDENT-real,single,non_accident,0,weak_clip_pre_event,30.041667,14.912621,448,960,720,test,Virginia,Virginia::highway,0,74,derived_pre_accident_until=4.958;weak_negative=true
ysTXjULP4u8_00__accident,/autodl-fs/data/traffic_accident_rnd/ACCIDENT_dataset/real_videos/ysTXjULP4u8_00.mp4,ACCIDENT-real,single,accident,1,weak_clip_event_window,29.958333,15.020862,450,960,720,train,Virginia,Virginia::highway,44,134,accident_time=4.958333;type=single
ysTXjULP4u8_00__pre_event_non_accident,/autodl-fs/data/traffic_accident_rnd/ACCIDENT_dataset/real_videos/ysTXjULP4u8_00.mp4,ACCIDENT-real,single,non_accident,0,weak_clip_pre_event,29.958333,15.020862,450,960,720,train,Virginia,Virginia::highway,0,29,derived_pre_accident_until=1.958;weak_negative=true
BV2QGa5Dgaw_00__accident,/autodl-fs/data/traffic_accident_rnd/ACCIDENT_dataset/real_videos/BV2QGa5Dgaw_00.mp4,ACCIDENT-real,t-bone,accident,1,weak_clip_event_window,12.933333,26.365979,341,1920,1080,test,World,World::simple_intersection,81,239,accident_time=5.067;type=t-bone
BV2QGa5Dgaw_00__pre_event_non_accident,/autodl-fs/data/traffic_accident_rnd/ACCIDENT_dataset/real_videos/BV2QGa5Dgaw_00.mp4,ACCIDENT-real,t-bone,non_accident,0,weak_clip_pre_event,12.933333,26.365979,341,1920,1080,test,World,World::simple_intersection,0,54,derived_pre_accident_until=2.067;weak_negative=true
_gv4lL1EPKU_00__accident,/autodl-fs/data/traffic_accident_rnd/ACCIDENT_dataset/real_videos/_gv4lL1EPKU_00.mp4,ACCIDENT-real,t-bone,accident,1,weak_clip_event_window,16.033333,13.160083,211,1280,720,test,World,World::simple_intersection,69,148,accident_time=7.233333;type=t-bone
_gv4lL1EPKU_00__pre_event_non_accident,/autodl-fs/data/traffic_accident_rnd/ACCIDENT_dataset/real_videos/_gv4lL1EPKU_00.mp4,ACCIDENT-real,t-bone,non_accident,0,weak_clip_pre_event,16.033333,13.160083,211,1280,720,test,World,World::simple_intersection,0,56,derived_pre_accident_until=4.233;weak_negative=true
ebiX-_CCMSA_00__accident,/autodl-fs/data/traffic_accident_rnd/ACCIDENT_dataset/real_videos/ebiX-_CCMSA_00.mp4,ACCIDENT-real,rear-end,accident,1,weak_clip_event_window,20.338538,14.79949,301,854,384,test,Virginia,Virginia::highway,13,102,accident_time=2.8859999999999992;type=rear-end
uoY--IlBdjw_00__accident,/autodl-fs/data/traffic_accident_rnd/ACCIDENT_dataset/real_videos/uoY--IlBdjw_00.mp4,ACCIDENT-real,single,accident,1,weak_clip_event_window,3.8,17.105263,65,320,240,test,World,World::tunnel,0,65,accident_time=1.68;type=single
uoY--IlBdjw_01__accident,/autodl-fs/data/traffic_accident_rnd/ACCIDENT_dataset/real_videos/uoY--IlBdjw_01.mp4,ACCIDENT-real,single,accident,1,weak_clip_event_window,12.08,16.887417,204,320,240,test,World,World::tunnel,101,203,accident_time=8.0;type=single
uoY--IlBdjw_01__pre_event_non_accident,/autodl-fs/data/traffic_accident_rnd/ACCIDENT_dataset/real_videos/uoY--IlBdjw_01.mp4,ACCIDENT-real,single,non_accident,0,weak_clip_pre_event,12.08,16.887417,204,320,240,test,World,World::tunnel,0,84,derived_pre_accident_until=5.000;weak_negative=true
uoY--IlBdjw_02__accident,/autodl-fs/data/traffic_accident_rnd/ACCIDENT_dataset/real_videos/uoY--IlBdjw_02.mp4,ACCIDENT-real,single,accident,1,weak_clip_event_window,8.0,15.375,123,320,240,test,World,World::tunnel,0,87,accident_time=1.6400000000000001;type=single
hYuubWpYtrI_00__accident,/autodl-fs/data/traffic_accident_rnd/ACCIDENT_dataset/real_videos/hYuubWpYtrI_00.mp4,ACCIDENT-real,single,accident,1,weak_clip_event_window,12.566667,14.960212,188,1920,1080,test,Virginia,Virginia::highway,60,150,accident_time=6.034000000000001;type=single
hYuubWpYtrI_00__pre_event_non_accident,/autodl-fs/data/traffic_accident_rnd/ACCIDENT_dataset/real_videos/hYuubWpYtrI_00.mp4,ACCIDENT-real,single,non_accident,0,weak_clip_pre_event,12.566667,14.960212,188,1920,1080,test,Virginia,Virginia::highway,0,45,derived_pre_accident_until=3.034;weak_negative=true
SdeaEkrudys_00__accident,/autodl-fs/data/traffic_accident_rnd/ACCIDENT_dataset/real_videos/SdeaEkrudys_00.mp4,ACCIDENT-real,head-on,accident,1,weak_clip_event_window,29.415184,13.734403,404,2400,1080,test,Virginia,Virginia::simple_intersection,100,182,accident_time=9.243;type=head-on
SdeaEkrudys_00__pre_event_non_accident,/autodl-fs/data/traffic_accident_rnd/ACCIDENT_dataset/real_videos/SdeaEkrudys_00.mp4,ACCIDENT-real,head-on,non_accident,0,weak_clip_pre_event,29.415184,13.734403,404,2400,1080,test,Virginia,Virginia::simple_intersection,0,86,derived_pre_accident_until=6.243;weak_negative=true
br57It5-6lM_00__accident,/autodl-fs/data/traffic_accident_rnd/ACCIDENT_dataset/real_videos/br57It5-6lM_00.mp4,ACCIDENT-real,t-bone,accident,1,weak_clip_event_window,21.333333,13.828125,295,960,720,test,Virginia,Virginia::signalized_intersection,7,90,accident_time=2.5;type=t-bone
__WFqm4i3vE_00__accident,/autodl-fs/data/traffic_accident_rnd/ACCIDENT_dataset/real_videos/__WFqm4i3vE_00.mp4,ACCIDENT-real,t-bone,accident,1,weak_clip_event_window,25.566667,14.980443,383,1920,1080,test,Virginia,Virginia::simple_intersection,79,169,accident_time=7.3;type=t-bone
__WFqm4i3vE_00__pre_event_non_accident,/autodl-fs/data/traffic_accident_rnd/ACCIDENT_dataset/real_videos/__WFqm4i3vE_00.mp4,ACCIDENT-real,t-bone,non_accident,0,weak_clip_pre_event,25.566667,14.980443,383,1920,1080,test,Virginia,Virginia::simple_intersection,0,64,derived_pre_accident_until=4.300;weak_negative=true
6oAeUvxmeME_00__accident,/autodl-fs/data/traffic_accident_rnd/ACCIDENT_dataset/real_videos/6oAeUvxmeME_00.mp4,ACCIDENT-real,t-bone,accident,1,weak_clip_event_window,30.041667,14.979196,450,960,720,test,Virginia,Virginia::signalized_intersection,52,142,accident_time=5.458;type=t-bone
6oAeUvxmeME_00__pre_event_non_accident,/autodl-fs/data/traffic_accident_rnd/ACCIDENT_dataset/real_videos/6oAeUvxmeME_00.mp4,ACCIDENT-real,t-bone,non_accident,0,weak_clip_pre_event,30.041667,14.979196,450,960,720,test,Virginia,Virginia::signalized_intersection,0,37,derived_pre_accident_until=2.458;weak_negative=true
30EzKWQx48c_00__accident,/autodl-fs/data/traffic_accident_rnd/ACCIDENT_dataset/real_videos/30EzKWQx48c_00.mp4,ACCIDENT-real,t-bone,accident,1,weak_clip_event_window,14.522183,14.804936,215,854,384,test,Virginia,Virginia::grade_separated_intersection,77,166,accident_time=7.199;type=t-bone
30EzKWQx48c_00__pre_event_non_accident,/autodl-fs/data/traffic_accident_rnd/ACCIDENT_dataset/real_videos/30EzKWQx48c_00.mp4,ACCIDENT-real,t-bone,non_accident,0,weak_clip_pre_event,14.522183,14.804936,215,854,384,test,Virginia,Virginia::grade_separated_intersection,0,62,derived_pre_accident_until=4.199;weak_negative=true
NdGEyXh1tqA_00__accident,/autodl-fs/data/traffic_accident_rnd/ACCIDENT_dataset/real_videos/NdGEyXh1tqA_00.mp4,ACCIDENT-real,single,accident,1,weak_clip_event_window,9.125,14.794521,135,960,720,test,Virginia,Virginia::highway,49,135,accident_time=5.333333;type=single
NdGEyXh1tqA_00__pre_event_non_accident,/autodl-fs/data/traffic_accident_rnd/ACCIDENT_dataset/real_videos/NdGEyXh1tqA_00.mp4,ACCIDENT-real,single,non_accident,0,weak_clip_pre_event,9.125,14.794521,135,960,720,test,Virginia,Virginia::highway,0,35,derived_pre_accident_until=2.333;weak_negative=true
CRu-S6GbqF0_00__accident,/autodl-fs/data/traffic_accident_rnd/ACCIDENT_dataset/real_videos/CRu-S6GbqF0_00.mp4,ACCIDENT-real,head-on,accident,1,weak_clip_event_window,30.041667,14.979196,450,960,720,test,Virginia,Virginia::signalized_intersection,44,134,accident_time=4.958;type=head-on
CRu-S6GbqF0_00__pre_event_non_accident,/autodl-fs/data/traffic_accident_rnd/ACCIDENT_dataset/real_videos/CRu-S6GbqF0_00.mp4,ACCIDENT-real,head-on,non_accident,0,weak_clip_pre_event,30.041667,14.979196,450,960,720,test,Virginia,Virginia::signalized_intersection,0,29,derived_pre_accident_until=1.958;weak_negative=true
ljLoCD0O9fM_00__accident,/autodl-fs/data/traffic_accident_rnd/ACCIDENT_dataset/real_videos/ljLoCD0O9fM_00.mp4,ACCIDENT-real,t-bone,accident,1,weak_clip_event_window,30.0,14.933333,448,960,720,test,Virginia,Virginia::simple_intersection,24,114,accident_time=3.583;type=t-bone
As0H5IK0CBI_00__accident,/autodl-fs/data/traffic_accident_rnd/ACCIDENT_dataset/real_videos/As0H5IK0CBI_00.mp4,ACCIDENT-real,sideswipe,accident,1,weak_clip_event_window,8.75,14.971429,131,960,720,test,Virginia,Virginia::city_street,49,131,accident_time=5.292;type=sideswipe
As0H5IK0CBI_00__pre_event_non_accident,/autodl-fs/data/traffic_accident_rnd/ACCIDENT_dataset/real_videos/As0H5IK0CBI_00.mp4,ACCIDENT-real,sideswipe,non_accident,0,weak_clip_pre_event,8.75,14.971429,131,960,720,test,Virginia,Virginia::city_street,0,34,derived_pre_accident_until=2.292;weak_negative=true
c_u8oPMBGEI_00__accident,/autodl-fs/data/traffic_accident_rnd/ACCIDENT_dataset/real_videos/c_u8oPMBGEI_00.mp4,ACCIDENT-real,head-on,accident,1,weak_clip_event_window,9.1091,14.820344,135,1920,1080,test,World,World::parking_lot,69,135,accident_time=6.7067;type=head-on
c_u8oPMBGEI_00__pre_event_non_accident,/autodl-fs/data/traffic_accident_rnd/ACCIDENT_dataset/real_videos/c_u8oPMBGEI_00.mp4,ACCIDENT-real,head-on,non_accident,0,weak_clip_pre_event,9.1091,14.820344,135,1920,1080,test,World,World::parking_lot,0,55,derived_pre_accident_until=3.707;weak_negative=true
c_u8oPMBGEI_01__accident,/autodl-fs/data/traffic_accident_rnd/ACCIDENT_dataset/real_videos/c_u8oPMBGEI_01.mp4,ACCIDENT-real,single,accident,1,weak_clip_event_window,9.376033,14.611723,137,1920,1080,test,World,World::parking_lot,53,137,accident_time=5.638967;type=single
c_u8oPMBGEI_01__pre_event_non_accident,/autodl-fs/data/traffic_accident_rnd/ACCIDENT_dataset/real_videos/c_u8oPMBGEI_01.mp4,ACCIDENT-real,single,non_accident,0,weak_clip_pre_event,9.376033,14.611723,137,1920,1080,test,World,World::parking_lot,0,39,derived_pre_accident_until=2.639;weak_negative=true
c_u8oPMBGEI_02__accident,/autodl-fs/data/traffic_accident_rnd/ACCIDENT_dataset/real_videos/c_u8oPMBGEI_02.mp4,ACCIDENT-real,single,accident,1,weak_clip_event_window,6.4064,13.424076,86,1920,1080,test,World,World::parking_lot,25,86,accident_time=3.9039;type=single
hiBY1OLw4RQ_00__accident,/autodl-fs/data/traffic_accident_rnd/ACCIDENT_dataset/real_videos/hiBY1OLw4RQ_00.mp4,ACCIDENT-real,single,accident,1,weak_clip_event_window,15.833333,14.968421,237,1920,1080,test,Virginia,Virginia::highway,49,139,accident_time=5.3;type=single
hiBY1OLw4RQ_00__pre_event_non_accident,/autodl-fs/data/traffic_accident_rnd/ACCIDENT_dataset/real_videos/hiBY1OLw4RQ_00.mp4,ACCIDENT-real,single,non_accident,0,weak_clip_pre_event,15.833333,14.968421,237,1920,1080,test,Virginia,Virginia::highway,0,34,derived_pre_accident_until=2.300;weak_negative=true
-VM9fVYVI_w_00__accident,/autodl-fs/data/traffic_accident_rnd/ACCIDENT_dataset/real_videos/-VM9fVYVI_w_00.mp4,ACCIDENT-real,single,accident,1,weak_clip_event_window,30.041667,14.979196,450,960,720,test,Virginia,Virginia::highway,1,91,accident_time=2.042;type=single
kc_bYkuKn-g_00__accident,/autodl-fs/data/traffic_accident_rnd/ACCIDENT_dataset/real_videos/kc_bYkuKn-g_00.mp4,ACCIDENT-real,single,accident,1,weak_clip_event_window,14.8,26.891892,398,1920,1080,test,World,World::highway,74,236,accident_time=4.767;type=single
kc_bYkuKn-g_00__pre_event_non_accident,/autodl-fs/data/traffic_accident_rnd/ACCIDENT_dataset/real_videos/kc_bYkuKn-g_00.mp4,ACCIDENT-real,single,non_accident,0,weak_clip_pre_event,14.8,26.891892,398,1920,1080,test,World,World::highway,0,48,derived_pre_accident_until=1.767;weak_negative=true
jWFyAaY7r8E_00__accident,/autodl-fs/data/traffic_accident_rnd/ACCIDENT_dataset/real_videos/jWFyAaY7r8E_00.mp4,ACCIDENT-real,t-bone,accident,1,weak_clip_event_window,9.708333,13.081545,127,960,720,test,Virginia,Virginia::signalized_intersection,3,81,accident_time=2.208333;type=t-bone
3gY2nZW6ZCM_00__accident,/autodl-fs/data/traffic_accident_rnd/ACCIDENT_dataset/real_videos/3gY2nZW6ZCM_00.mp4,ACCIDENT-real,t-bone,accident,1,weak_clip_event_window,1.4,18.571429,26,640,480,test,World,World::signalized_intersection,0,26,accident_time=0.3670000000000009;type=t-bone
LVrfZ4HLlR4_00__accident,/autodl-fs/data/traffic_accident_rnd/ACCIDENT_dataset/real_videos/LVrfZ4HLlR4_00.mp4,ACCIDENT-real,t-bone,accident,1,weak_clip_event_window,14.291667,14.693878,210,960,720,test,Virginia,Virginia::highway,78,166,accident_time=7.292;type=t-bone
LVrfZ4HLlR4_00__pre_event_non_accident,/autodl-fs/data/traffic_accident_rnd/ACCIDENT_dataset/real_videos/LVrfZ4HLlR4_00.mp4,ACCIDENT-real,t-bone,non_accident,0,weak_clip_pre_event,14.291667,14.693878,210,960,720,test,Virginia,Virginia::highway,0,63,derived_pre_accident_until=4.292;weak_negative=true
gS2xiB7q7sk_00__accident,/autodl-fs/data/traffic_accident_rnd/ACCIDENT_dataset/real_videos/gS2xiB7q7sk_00.mp4,ACCIDENT-real,single,accident,1,weak_clip_event_window,30.041667,14.945908,449,960,720,train,Virginia,Virginia::highway,13,103,accident_time=2.875;type=single
rNLWvxHU5E4_00__accident,/autodl-fs/data/traffic_accident_rnd/ACCIDENT_dataset/real_videos/rNLWvxHU5E4_00.mp4,ACCIDENT-real,t-bone,accident,1,weak_clip_event_window,30.041667,13.947295,419,1280,720,test,Seattle,Seattle::signalized_intersection,29,113,accident_time=4.083;type=t-bone
rNLWvxHU5E4_00__pre_event_non_accident,/autodl-fs/data/traffic_accident_rnd/ACCIDENT_dataset/real_videos/rNLWvxHU5E4_00.mp4,ACCIDENT-real,t-bone,non_accident,0,weak_clip_pre_event,30.041667,13.947295,419,1280,720,test,Seattle,Seattle::signalized_intersection,0,15,derived_pre_accident_until=1.083;weak_negative=true
-Y4PJwqDjGc_00__accident,/autodl-fs/data/traffic_accident_rnd/ACCIDENT_dataset/real_videos/-Y4PJwqDjGc_00.mp4,ACCIDENT-real,single,accident,1,weak_clip_event_window,30.041667,14.979196,450,960,720,test,Virginia,Virginia::highway,81,171,accident_time=7.417;type=single
-Y4PJwqDjGc_00__pre_event_non_accident,/autodl-fs/data/traffic_accident_rnd/ACCIDENT_dataset/real_videos/-Y4PJwqDjGc_00.mp4,ACCIDENT-real,single,non_accident,0,weak_clip_pre_event,30.041667,14.979196,450,960,720,test,Virginia,Virginia::highway,0,66,derived_pre_accident_until=4.417;weak_negative=true
BLq2n48HYZc_00__accident,/autodl-fs/data/traffic_accident_rnd/ACCIDENT_dataset/real_videos/BLq2n48HYZc_00.mp4,ACCIDENT-real,rear-end,accident,1,weak_clip_event_window,30.466667,13.588621,414,1264,720,test,World,World::city_street,232,313,accident_time=19.033;type=rear-end
BLq2n48HYZc_00__pre_event_non_accident,/autodl-fs/data/traffic_accident_rnd/ACCIDENT_dataset/real_videos/BLq2n48HYZc_00.mp4,ACCIDENT-real,rear-end,non_accident,0,weak_clip_pre_event,30.466667,13.588621,414,1264,720,test,World,World::city_street,0,218,derived_pre_accident_until=16.033;weak_negative=true
BLq2n48HYZc_01__accident,/autodl-fs/data/traffic_accident_rnd/ACCIDENT_dataset/real_videos/BLq2n48HYZc_01.mp4,ACCIDENT-real,rear-end,accident,1,weak_clip_event_window,30.466667,13.588621,414,1264,720,test,USA,USA::city_street,232,313,accident_time=19.033334;type=rear-end
BLq2n48HYZc_01__pre_event_non_accident,/autodl-fs/data/traffic_accident_rnd/ACCIDENT_dataset/real_videos/BLq2n48HYZc_01.mp4,ACCIDENT-real,rear-end,non_accident,0,weak_clip_pre_event,30.466667,13.588621,414,1264,720,test,USA,USA::city_street,0,218,derived_pre_accident_until=16.033;weak_negative=true
3mB4p8BgiTg_00__accident,/autodl-fs/data/traffic_accident_rnd/ACCIDENT_dataset/real_videos/3mB4p8BgiTg_00.mp4,ACCIDENT-real,head-on,accident,1,weak_clip_event_window,21.2212,21.393701,454,1280,720,test,World,World::roundabout,167,296,accident_time=9.8098;type=head-on
3mB4p8BgiTg_00__pre_event_non_accident,/autodl-fs/data/traffic_accident_rnd/ACCIDENT_dataset/real_videos/3mB4p8BgiTg_00.mp4,ACCIDENT-real,head-on,non_accident,0,weak_clip_pre_event,21.2212,21.393701,454,1280,720,test,World,World::roundabout,0,146,derived_pre_accident_until=6.810;weak_negative=true
2QZf8MiIRK0_00__accident,/autodl-fs/data/traffic_accident_rnd/ACCIDENT_dataset/real_videos/2QZf8MiIRK0_00.mp4,ACCIDENT-real,t-bone,accident,1,weak_clip_event_window,11.144467,18.394779,205,1280,720,test,World,World::simple_intersection,0,95,accident_time=1.134467;type=t-bone
2QZf8MiIRK0_01__accident,/autodl-fs/data/traffic_accident_rnd/ACCIDENT_dataset/real_videos/2QZf8MiIRK0_01.mp4,ACCIDENT-real,t-bone,accident,1,weak_clip_event_window,21.187833,24.778371,525,1280,720,test,World,World::highway,72,221,accident_time=4.938267;type=t-bone
2QZf8MiIRK0_01__pre_event_non_accident,/autodl-fs/data/traffic_accident_rnd/ACCIDENT_dataset/real_videos/2QZf8MiIRK0_01.mp4,ACCIDENT-real,t-bone,non_accident,0,weak_clip_pre_event,21.187833,24.778371,525,1280,720,test,World,World::highway,0,48,derived_pre_accident_until=1.938;weak_negative=true
4uRL85n-kDw_00__accident,/autodl-fs/data/traffic_accident_rnd/ACCIDENT_dataset/real_videos/4uRL85n-kDw_00.mp4,ACCIDENT-real,single,accident,1,weak_clip_event_window,15.833333,13.263158,210,1584,1080,test,Wisconsin,Wisconsin::highway,47,127,accident_time=5.6;type=single
4uRL85n-kDw_00__pre_event_non_accident,/autodl-fs/data/traffic_accident_rnd/ACCIDENT_dataset/real_videos/4uRL85n-kDw_00.mp4,ACCIDENT-real,single,non_accident,0,weak_clip_pre_event,15.833333,13.263158,210,1584,1080,test,Wisconsin,Wisconsin::highway,0,34,derived_pre_accident_until=2.600;weak_negative=true
V_2hATv3LNY_00__accident,/autodl-fs/data/traffic_accident_rnd/ACCIDENT_dataset/real_videos/V_2hATv3LNY_00.mp4,ACCIDENT-real,single,accident,1,weak_clip_event_window,30.033333,14.750277,443,1584,1080,test,Wisconsin,Wisconsin::highway,27,116,accident_time=3.867;type=single
HYUcneYzPZM_00__accident,/autodl-fs/data/traffic_accident_rnd/ACCIDENT_dataset/real_videos/HYUcneYzPZM_00.mp4,ACCIDENT-real,single,accident,1,weak_clip_event_window,25.0,15.0,375,3168,2160,test,Wisconsin,Wisconsin::highway,103,193,accident_time=8.883;type=single
HYUcneYzPZM_00__pre_event_non_accident,/autodl-fs/data/traffic_accident_rnd/ACCIDENT_dataset/real_videos/HYUcneYzPZM_00.mp4,ACCIDENT-real,single,non_accident,0,weak_clip_pre_event,25.0,15.0,375,3168,2160,test,Wisconsin,Wisconsin::highway,0,88,derived_pre_accident_until=5.883;weak_negative=true
czn7oGEwENs_00__accident,/autodl-fs/data/traffic_accident_rnd/ACCIDENT_dataset/real_videos/czn7oGEwENs_00.mp4,ACCIDENT-real,single,accident,1,weak_clip_event_window,15.5,12.709677,197,3168,2160,train,Wisconsin,Wisconsin::grade_separated_intersection,6,82,accident_time=2.4;type=single
B_6HYZSji3I_00__accident,/autodl-fs/data/traffic_accident_rnd/ACCIDENT_dataset/real_videos/B_6HYZSji3I_00.mp4,ACCIDENT-real,single,accident,1,weak_clip_event_window,30.066667,14.933481,449,1584,1080,test,Wisconsin,Wisconsin::highway,29,119,accident_time=3.933;type=single
G203AMlz_Yo_00__accident,/autodl-fs/data/traffic_accident_rnd/ACCIDENT_dataset/real_videos/G203AMlz_Yo_00.mp4,ACCIDENT-real,rear-end,accident,1,weak_clip_event_window,30.0,15.0,450,1584,1080,test,Wisconsin,Wisconsin::highway,138,228,accident_time=11.233;type=rear-end
G203AMlz_Yo_00__pre_event_non_accident,/autodl-fs/data/traffic_accident_rnd/ACCIDENT_dataset/real_videos/G203AMlz_Yo_00.mp4,ACCIDENT-real,rear-end,non_accident,0,weak_clip_pre_event,30.0,15.0,450,1584,1080,test,Wisconsin,Wisconsin::highway,0,123,derived_pre_accident_until=8.233;weak_negative=true
kI-AKIXGLiY_00__accident,/autodl-fs/data/traffic_accident_rnd/ACCIDENT_dataset/real_videos/kI-AKIXGLiY_00.mp4,ACCIDENT-real,t-bone,accident,1,weak_clip_event_window,30.083333,14.958449,450,1056,720,test,Wisconsin,Wisconsin::signalized_intersection,27,117,accident_time=3.792;type=t-bone
be0m9oxCN98_00__accident,/autodl-fs/data/traffic_accident_rnd/ACCIDENT_dataset/real_videos/be0m9oxCN98_00.mp4,ACCIDENT-real,t-bone,accident,1,weak_clip_event_window,30.033333,13.218646,397,1920,1080,test,Wisconsin,Wisconsin::signalized_intersection,192,271,accident_time=16.5;type=t-bone
be0m9oxCN98_00__pre_event_non_accident,/autodl-fs/data/traffic_accident_rnd/ACCIDENT_dataset/real_videos/be0m9oxCN98_00.mp4,ACCIDENT-real,t-bone,non_accident,0,weak_clip_pre_event,30.033333,13.218646,397,1920,1080,test,Wisconsin,Wisconsin::signalized_intersection,0,178,derived_pre_accident_until=13.500;weak_negative=true
Jmd2l99EQZE_00__accident,/autodl-fs/data/traffic_accident_rnd/ACCIDENT_dataset/real_videos/Jmd2l99EQZE_00.mp4,ACCIDENT-real,t-bone,accident,1,weak_clip_event_window,30.033333,20.310766,610,1920,1080,test,Wisconsin,Wisconsin::signalized_intersection,380,502,accident_time=20.733;type=t-bone
Jmd2l99EQZE_00__pre_event_non_accident,/autodl-fs/data/traffic_accident_rnd/ACCIDENT_dataset/real_videos/Jmd2l99EQZE_00.mp4,ACCIDENT-real,t-bone,non_accident,0,weak_clip_pre_event,30.033333,20.310766,610,1920,1080,test,Wisconsin,Wisconsin::signalized_intersection,0,360,derived_pre_accident_until=17.733;weak_negative=true
l3GUdPH62y8_00__accident,/autodl-fs/data/traffic_accident_rnd/ACCIDENT_dataset/real_videos/l3GUdPH62y8_00.mp4,ACCIDENT-real,t-bone,accident,1,weak_clip_event_window,30.0,14.6,438,1056,720,test,Wisconsin,Wisconsin::signalized_intersection,81,168,accident_time=7.5;type=t-bone
l3GUdPH62y8_00__pre_event_non_accident,/autodl-fs/data/traffic_accident_rnd/ACCIDENT_dataset/real_videos/l3GUdPH62y8_00.mp4,ACCIDENT-real,t-bone,non_accident,0,weak_clip_pre_event,30.0,14.6,438,1056,720,test,Wisconsin,Wisconsin::signalized_intersection,0,66,derived_pre_accident_until=4.500;weak_negative=true
70935VkkZSM_00__accident,/autodl-fs/data/traffic_accident_rnd/ACCIDENT_dataset/real_videos/70935VkkZSM_00.mp4,ACCIDENT-real,t-bone,accident,1,weak_clip_event_window,24.866667,14.235925,354,1920,1080,test,Wisconsin,Wisconsin::highway,76,161,accident_time=7.3;type=t-bone
70935VkkZSM_00__pre_event_non_accident,/autodl-fs/data/traffic_accident_rnd/ACCIDENT_dataset/real_videos/70935VkkZSM_00.mp4,ACCIDENT-real,t-bone,non_accident,0,weak_clip_pre_event,24.866667,14.235925,354,1920,1080,test,Wisconsin,Wisconsin::highway,0,61,derived_pre_accident_until=4.300;weak_negative=true
AHIdbeOcAE0_00__accident,/autodl-fs/data/traffic_accident_rnd/ACCIDENT_dataset/real_videos/AHIdbeOcAE0_00.mp4,ACCIDENT-real,single,accident,1,weak_clip_event_window,17.633333,14.971645,264,1584,1080,test,Wisconsin,Wisconsin::grade_separated_intersection,52,142,accident_time=5.5;type=single
AHIdbeOcAE0_00__pre_event_non_accident,/autodl-fs/data/traffic_accident_rnd/ACCIDENT_dataset/real_videos/AHIdbeOcAE0_00.mp4,ACCIDENT-real,single,non_accident,0,weak_clip_pre_event,17.633333,14.971645,264,1584,1080,test,Wisconsin,Wisconsin::grade_separated_intersection,0,37,derived_pre_accident_until=2.500;weak_negative=true
yGYOGSKjE3o_00__accident,/autodl-fs/data/traffic_accident_rnd/ACCIDENT_dataset/real_videos/yGYOGSKjE3o_00.mp4,ACCIDENT-real,single,accident,1,weak_clip_event_window,30.033333,14.983352,450,1584,1080,test,Wisconsin,Wisconsin::grade_separated_intersection,0,83,accident_time=1.567;type=single
JzYHiq1zaZs_00__accident,/autodl-fs/data/traffic_accident_rnd/ACCIDENT_dataset/real_videos/JzYHiq1zaZs_00.mp4,ACCIDENT-real,single,accident,1,weak_clip_event_window,30.1,14.950166,450,1584,1080,test,Wisconsin,Wisconsin::highway,28,118,accident_time=3.867;type=single
uCHnvKyEwYU_00__accident,/autodl-fs/data/traffic_accident_rnd/ACCIDENT_dataset/real_videos/uCHnvKyEwYU_00.mp4,ACCIDENT-real,rear-end,accident,1,weak_clip_event_window,15.408226,15.056892,232,2400,1080,test,Wisconsin,Wisconsin::highway,93,183,accident_time=8.165000000000001;type=rear-end
uCHnvKyEwYU_00__pre_event_non_accident,/autodl-fs/data/traffic_accident_rnd/ACCIDENT_dataset/real_videos/uCHnvKyEwYU_00.mp4,ACCIDENT-real,rear-end,non_accident,0,weak_clip_pre_event,15.408226,15.056892,232,2400,1080,test,Wisconsin,Wisconsin::highway,0,78,derived_pre_accident_until=5.165;weak_negative=true
LiLrm5Zn19w_00__accident,/autodl-fs/data/traffic_accident_rnd/ACCIDENT_dataset/real_videos/LiLrm5Zn19w_00.mp4,ACCIDENT-real,rear-end,accident,1,weak_clip_event_window,20.8,14.903846,310,1584,1080,test,Wisconsin,Wisconsin::grade_separated_intersection,127,217,accident_time=10.533;type=rear-end
LiLrm5Zn19w_00__pre_event_non_accident,/autodl-fs/data/traffic_accident_rnd/ACCIDENT_dataset/real_videos/LiLrm5Zn19w_00.mp4,ACCIDENT-real,rear-end,non_accident,0,weak_clip_pre_event,20.8,14.903846,310,1584,1080,test,Wisconsin,Wisconsin::grade_separated_intersection,0,112,derived_pre_accident_until=7.533;weak_negative=true
YGBuLu9t4Ts_00__accident,/autodl-fs/data/traffic_accident_rnd/ACCIDENT_dataset/real_videos/YGBuLu9t4Ts_00.mp4,ACCIDENT-real,rear-end,accident,1,weak_clip_event_window,15.633333,15.095949,236,1920,1080,train,Wisconsin,Wisconsin::highway,14,104,accident_time=2.933;type=rear-end
4XYVvTuLGCg_00__accident,/autodl-fs/data/traffic_accident_rnd/ACCIDENT_dataset/real_videos/4XYVvTuLGCg_00.mp4,ACCIDENT-real,rear-end,accident,1,weak_clip_event_window,30.066667,14.933481,449,1584,1080,test,Wisconsin,Wisconsin::highway,30,120,accident_time=4.0;type=rear-end
4XYVvTuLGCg_00__pre_event_non_accident,/autodl-fs/data/traffic_accident_rnd/ACCIDENT_dataset/real_videos/4XYVvTuLGCg_00.mp4,ACCIDENT-real,rear-end,non_accident,0,weak_clip_pre_event,30.066667,14.933481,449,1584,1080,test,Wisconsin,Wisconsin::highway,0,15,derived_pre_accident_until=1.000;weak_negative=true
MTOPgMW9aIg_00__accident,/autodl-fs/data/traffic_accident_rnd/ACCIDENT_dataset/real_videos/MTOPgMW9aIg_00.mp4,ACCIDENT-real,single,accident,1,weak_clip_event_window,30.033333,14.983352,450,1584,1080,test,Wisconsin,Wisconsin::highway,12,102,accident_time=2.833;type=single
-6SQSDj8cYU_00__accident,/autodl-fs/data/traffic_accident_rnd/ACCIDENT_dataset/real_videos/-6SQSDj8cYU_00.mp4,ACCIDENT-real,t-bone,accident,1,weak_clip_event_window,30.041667,14.979196,450,1056,720,test,Wisconsin,Wisconsin::signalized_intersection,46,136,accident_time=5.083;type=t-bone
-6SQSDj8cYU_00__pre_event_non_accident,/autodl-fs/data/traffic_accident_rnd/ACCIDENT_dataset/real_videos/-6SQSDj8cYU_00.mp4,ACCIDENT-real,t-bone,non_accident,0,weak_clip_pre_event,30.041667,14.979196,450,1056,720,test,Wisconsin,Wisconsin::signalized_intersection,0,31,derived_pre_accident_until=2.083;weak_negative=true
deUf0-ljSIs_00__accident,/autodl-fs/data/traffic_accident_rnd/ACCIDENT_dataset/real_videos/deUf0-ljSIs_00.mp4,ACCIDENT-real,single,accident,1,weak_clip_event_window,30.041667,14.979196,450,1056,720,test,Wisconsin,Wisconsin::highway,67,157,accident_time=6.458;type=single
deUf0-ljSIs_00__pre_event_non_accident,/autodl-fs/data/traffic_accident_rnd/ACCIDENT_dataset/real_videos/deUf0-ljSIs_00.mp4,ACCIDENT-real,single,non_accident,0,weak_clip_pre_event,30.041667,14.979196,450,1056,720,test,Wisconsin,Wisconsin::highway,0,52,derived_pre_accident_until=3.458;weak_negative=true
Fk2lELADm8U_00__accident,/autodl-fs/data/traffic_accident_rnd/ACCIDENT_dataset/real_videos/Fk2lELADm8U_00.mp4,ACCIDENT-real,single,accident,1,weak_clip_event_window,30.1,12.923588,389,1584,1080,test,Wisconsin,Wisconsin::highway,46,124,accident_time=5.567;type=single
Fk2lELADm8U_00__pre_event_non_accident,/autodl-fs/data/traffic_accident_rnd/ACCIDENT_dataset/real_videos/Fk2lELADm8U_00.mp4,ACCIDENT-real,single,non_accident,0,weak_clip_pre_event,30.1,12.923588,389,1584,1080,test,Wisconsin,Wisconsin::highway,0,33,derived_pre_accident_until=2.567;weak_negative=true
yj1M5Qp3k4w_00__accident,/autodl-fs/data/traffic_accident_rnd/ACCIDENT_dataset/real_videos/yj1M5Qp3k4w_00.mp4,ACCIDENT-real,single,accident,1,weak_clip_event_window,30.041667,14.979196,450,1056,720,train,Wisconsin,Wisconsin::grade_separated_intersection,50,140,accident_time=5.333;type=single
yj1M5Qp3k4w_00__pre_event_non_accident,/autodl-fs/data/traffic_accident_rnd/ACCIDENT_dataset/real_videos/yj1M5Qp3k4w_00.mp4,ACCIDENT-real,single,non_accident,0,weak_clip_pre_event,30.041667,14.979196,450,1056,720,train,Wisconsin,Wisconsin::grade_separated_intersection,0,35,derived_pre_accident_until=2.333;weak_negative=true
OaB8oFL1uKY_00__accident,/autodl-fs/data/traffic_accident_rnd/ACCIDENT_dataset/real_videos/OaB8oFL1uKY_00.mp4,ACCIDENT-real,single,accident,1,weak_clip_event_window,30.033333,14.983352,450,1584,1080,test,Wisconsin,Wisconsin::highway,51,141,accident_time=5.433;type=single
OaB8oFL1uKY_00__pre_event_non_accident,/autodl-fs/data/traffic_accident_rnd/ACCIDENT_dataset/real_videos/OaB8oFL1uKY_00.mp4,ACCIDENT-real,single,non_accident,0,weak_clip_pre_event,30.033333,14.983352,450,1584,1080,test,Wisconsin,Wisconsin::highway,0,36,derived_pre_accident_until=2.433;weak_negative=true
udobZNZzMZE_00__accident,/autodl-fs/data/traffic_accident_rnd/ACCIDENT_dataset/real_videos/udobZNZzMZE_00.mp4,ACCIDENT-real,single,accident,1,weak_clip_event_window,29.966667,15.083426,452,1440,1080,test,Wisconsin,Wisconsin::highway,83,173,accident_time=7.5;type=single
udobZNZzMZE_00__pre_event_non_accident,/autodl-fs/data/traffic_accident_rnd/ACCIDENT_dataset/real_videos/udobZNZzMZE_00.mp4,ACCIDENT-real,single,non_accident,0,weak_clip_pre_event,29.966667,15.083426,452,1440,1080,test,Wisconsin,Wisconsin::highway,0,68,derived_pre_accident_until=4.500;weak_negative=true
RK-Btjd1oXs_00__accident,/autodl-fs/data/traffic_accident_rnd/ACCIDENT_dataset/real_videos/RK-Btjd1oXs_00.mp4,ACCIDENT-real,single,accident,1,weak_clip_event_window,30.1,14.950166,450,1584,1080,test,Wisconsin,Wisconsin::signalized_intersection,123,213,accident_time=10.267;type=single
RK-Btjd1oXs_00__pre_event_non_accident,/autodl-fs/data/traffic_accident_rnd/ACCIDENT_dataset/real_videos/RK-Btjd1oXs_00.mp4,ACCIDENT-real,single,non_accident,0,weak_clip_pre_event,30.1,14.950166,450,1584,1080,test,Wisconsin,Wisconsin::signalized_intersection,0,109,derived_pre_accident_until=7.267;weak_negative=true
InbJMYd79yc_00__accident,/autodl-fs/data/traffic_accident_rnd/ACCIDENT_dataset/real_videos/InbJMYd79yc_00.mp4,ACCIDENT-real,single,accident,1,weak_clip_event_window,30.0,14.966667,449,1056,720,test,Wisconsin,Wisconsin::highway,35,125,accident_time=4.333;type=single
InbJMYd79yc_00__pre_event_non_accident,/autodl-fs/data/traffic_accident_rnd/ACCIDENT_dataset/real_videos/InbJMYd79yc_00.mp4,ACCIDENT-real,single,non_accident,0,weak_clip_pre_event,30.0,14.966667,449,1056,720,test,Wisconsin,Wisconsin::highway,0,20,derived_pre_accident_until=1.333;weak_negative=true
zaafsIEj5DI_00__accident,/autodl-fs/data/traffic_accident_rnd/ACCIDENT_dataset/real_videos/zaafsIEj5DI_00.mp4,ACCIDENT-real,single,accident,1,weak_clip_event_window,6.033333,14.917127,90,1440,1080,test,Wisconsin,Wisconsin::highway,11,90,accident_time=2.767;type=single
zaafsIEj5DI_01__accident,/autodl-fs/data/traffic_accident_rnd/ACCIDENT_dataset/real_videos/zaafsIEj5DI_01.mp4,ACCIDENT-real,single,accident,1,weak_clip_event_window,25.233333,14.980185,378,1440,1080,test,Wisconsin,Wisconsin::highway,0,89,accident_time=1.9329999999999998;type=single
NKA8MgHBw5A_00__accident,/autodl-fs/data/traffic_accident_rnd/ACCIDENT_dataset/real_videos/NKA8MgHBw5A_00.mp4,ACCIDENT-real,single,accident,1,weak_clip_event_window,30.033333,13.45172,404,1440,1080,test,Wisconsin,Wisconsin::highway,21,102,accident_time=3.6;type=single
06jVQmpCJn4_00__accident,/autodl-fs/data/traffic_accident_rnd/ACCIDENT_dataset/real_videos/06jVQmpCJn4_00.mp4,ACCIDENT-real,single,accident,1,weak_clip_event_window,5.166667,14.903226,77,1584,1080,test,Wisconsin,Wisconsin::highway,0,77,accident_time=1.6000000000000005;type=single
2aYst3H2hjo_00__accident,/autodl-fs/data/traffic_accident_rnd/ACCIDENT_dataset/real_videos/2aYst3H2hjo_00.mp4,ACCIDENT-real,single,accident,1,weak_clip_event_window,11.233333,14.95549,168,1440,1080,test,Wisconsin,Wisconsin::highway,61,151,accident_time=6.1;type=single
2aYst3H2hjo_00__pre_event_non_accident,/autodl-fs/data/traffic_accident_rnd/ACCIDENT_dataset/real_videos/2aYst3H2hjo_00.mp4,ACCIDENT-real,single,non_accident,0,weak_clip_pre_event,11.233333,14.95549,168,1440,1080,test,Wisconsin,Wisconsin::highway,0,46,derived_pre_accident_until=3.100;weak_negative=true
-7-vQ4obVwQ_00__accident,/autodl-fs/data/traffic_accident_rnd/ACCIDENT_dataset/real_videos/-7-vQ4obVwQ_00.mp4,ACCIDENT-real,t-bone,accident,1,weak_clip_event_window,30.0,13.4,402,1056,720,test,Wisconsin,Wisconsin::signalized_intersection,53,134,accident_time=5.958;type=t-bone
-7-vQ4obVwQ_00__pre_event_non_accident,/autodl-fs/data/traffic_accident_rnd/ACCIDENT_dataset/real_videos/-7-vQ4obVwQ_00.mp4,ACCIDENT-real,t-bone,non_accident,0,weak_clip_pre_event,30.0,13.4,402,1056,720,test,Wisconsin,Wisconsin::signalized_intersection,0,40,derived_pre_accident_until=2.958;weak_negative=true
IMy1fD-bTng_00__accident,/autodl-fs/data/traffic_accident_rnd/ACCIDENT_dataset/real_videos/IMy1fD-bTng_00.mp4,ACCIDENT-real,single,accident,1,weak_clip_event_window,25.266667,14.960422,378,1584,1080,test,Wisconsin,Wisconsin::highway,88,178,accident_time=7.867;type=single
IMy1fD-bTng_00__pre_event_non_accident,/autodl-fs/data/traffic_accident_rnd/ACCIDENT_dataset/real_videos/IMy1fD-bTng_00.mp4,ACCIDENT-real,single,non_accident,0,weak_clip_pre_event,25.266667,14.960422,378,1584,1080,test,Wisconsin,Wisconsin::highway,0,73,derived_pre_accident_until=4.867;weak_negative=true
k-LD0H31Rug_00__accident,/autodl-fs/data/traffic_accident_rnd/ACCIDENT_dataset/real_videos/k-LD0H31Rug_00.mp4,ACCIDENT-real,t-bone,accident,1,weak_clip_event_window,25.366667,14.546649,369,1920,1080,test,Wisconsin,Wisconsin::signalized_intersection,88,175,accident_time=8.033;type=t-bone
k-LD0H31Rug_00__pre_event_non_accident,/autodl-fs/data/traffic_accident_rnd/ACCIDENT_dataset/real_videos/k-LD0H31Rug_00.mp4,ACCIDENT-real,t-bone,non_accident,0,weak_clip_pre_event,25.366667,14.546649,369,1920,1080,test,Wisconsin,Wisconsin::signalized_intersection,0,73,derived_pre_accident_until=5.033;weak_negative=true
FjYZw1xUvqg_00__accident,/autodl-fs/data/traffic_accident_rnd/ACCIDENT_dataset/real_videos/FjYZw1xUvqg_00.mp4,ACCIDENT-real,single,accident,1,weak_clip_event_window,23.958333,15.026087,360,1056,720,test,Wisconsin,Wisconsin::highway,30,120,accident_time=4.0;type=single
FjYZw1xUvqg_00__pre_event_non_accident,/autodl-fs/data/traffic_accident_rnd/ACCIDENT_dataset/real_videos/FjYZw1xUvqg_00.mp4,ACCIDENT-real,single,non_accident,0,weak_clip_pre_event,23.958333,15.026087,360,1056,720,test,Wisconsin,Wisconsin::highway,0,15,derived_pre_accident_until=1.000;weak_negative=true
mby2Klg_d10_00__accident,/autodl-fs/data/traffic_accident_rnd/ACCIDENT_dataset/real_videos/mby2Klg_d10_00.mp4,ACCIDENT-real,t-bone,accident,1,weak_clip_event_window,30.0,14.233333,427,352,240,test,Wisconsin,Wisconsin::grade_separated_intersection,280,365,accident_time=21.667;type=t-bone
mby2Klg_d10_00__pre_event_non_accident,/autodl-fs/data/traffic_accident_rnd/ACCIDENT_dataset/real_videos/mby2Klg_d10_00.mp4,ACCIDENT-real,t-bone,non_accident,0,weak_clip_pre_event,30.0,14.233333,427,352,240,test,Wisconsin,Wisconsin::grade_separated_intersection,0,266,derived_pre_accident_until=18.667;weak_negative=true
fHoZ2_uzu_k_00__accident,/autodl-fs/data/traffic_accident_rnd/ACCIDENT_dataset/real_videos/fHoZ2_uzu_k_00.mp4,ACCIDENT-real,single,accident,1,weak_clip_event_window,30.033333,14.617092,439,1440,1080,test,Wisconsin,Wisconsin::highway,0,86,accident_time=1.9;type=single
50uYv-SxT-o_00__accident,/autodl-fs/data/traffic_accident_rnd/ACCIDENT_dataset/real_videos/50uYv-SxT-o_00.mp4,ACCIDENT-real,t-bone,accident,1,weak_clip_event_window,30.0,14.466667,434,1056,720,test,Wisconsin,Wisconsin::signalized_intersection,101,188,accident_time=9.0;type=t-bone
50uYv-SxT-o_00__pre_event_non_accident,/autodl-fs/data/traffic_accident_rnd/ACCIDENT_dataset/real_videos/50uYv-SxT-o_00.mp4,ACCIDENT-real,t-bone,non_accident,0,weak_clip_pre_event,30.0,14.466667,434,1056,720,test,Wisconsin,Wisconsin::signalized_intersection,0,87,derived_pre_accident_until=6.000;weak_negative=true
lXKSWeJ9jEc_00__accident,/autodl-fs/data/traffic_accident_rnd/ACCIDENT_dataset/real_videos/lXKSWeJ9jEc_00.mp4,ACCIDENT-real,head-on,accident,1,weak_clip_event_window,4.5,14.888889,67,1584,1080,test,Wisconsin,Wisconsin::highway,11,67,accident_time=2.767;type=head-on
IgfiZK91D64_00__accident,/autodl-fs/data/traffic_accident_rnd/ACCIDENT_dataset/real_videos/IgfiZK91D64_00.mp4,ACCIDENT-real,single,accident,1,weak_clip_event_window,30.1,14.850498,447,1584,1080,test,Wisconsin,Wisconsin::highway,12,101,accident_time=2.8;type=single
cvITZqgCI3M_00__accident,/autodl-fs/data/traffic_accident_rnd/ACCIDENT_dataset/real_videos/cvITZqgCI3M_00.mp4,ACCIDENT-real,t-bone,accident,1,weak_clip_event_window,30.041667,14.712899,442,1056,720,test,Wisconsin,Wisconsin::signalized_intersection,58,146,accident_time=5.917;type=t-bone
cvITZqgCI3M_00__pre_event_non_accident,/autodl-fs/data/traffic_accident_rnd/ACCIDENT_dataset/real_videos/cvITZqgCI3M_00.mp4,ACCIDENT-real,t-bone,non_accident,0,weak_clip_pre_event,30.041667,14.712899,442,1056,720,test,Wisconsin,Wisconsin::signalized_intersection,0,43,derived_pre_accident_until=2.917;weak_negative=true
xDbMZ8L-1OY_00__accident,/autodl-fs/data/traffic_accident_rnd/ACCIDENT_dataset/real_videos/xDbMZ8L-1OY_00.mp4,ACCIDENT-real,t-bone,accident,1,weak_clip_event_window,30.033333,29.933407,899,1920,1080,test,Wisconsin,Wisconsin::signalized_intersection,372,552,accident_time=14.433;type=t-bone
xDbMZ8L-1OY_00__pre_event_non_accident,/autodl-fs/data/traffic_accident_rnd/ACCIDENT_dataset/real_videos/xDbMZ8L-1OY_00.mp4,ACCIDENT-real,t-bone,non_accident,0,weak_clip_pre_event,30.033333,29.933407,899,1920,1080,test,Wisconsin,Wisconsin::signalized_intersection,0,342,derived_pre_accident_until=11.433;weak_negative=true
XbW5qJKc8O8_00__accident,/autodl-fs/data/traffic_accident_rnd/ACCIDENT_dataset/real_videos/XbW5qJKc8O8_00.mp4,ACCIDENT-real,t-bone,accident,1,weak_clip_event_window,30.0,15.0,450,1056,720,test,Wisconsin,Wisconsin::signalized_intersection,36,126,accident_time=4.417;type=t-bone
XbW5qJKc8O8_00__pre_event_non_accident,/autodl-fs/data/traffic_accident_rnd/ACCIDENT_dataset/real_videos/XbW5qJKc8O8_00.mp4,ACCIDENT-real,t-bone,non_accident,0,weak_clip_pre_event,30.0,15.0,450,1056,720,test,Wisconsin,Wisconsin::signalized_intersection,0,21,derived_pre_accident_until=1.417;weak_negative=true
9_rjoTFi3Ek_00__accident,/autodl-fs/data/traffic_accident_rnd/ACCIDENT_dataset/real_videos/9_rjoTFi3Ek_00.mp4,ACCIDENT-real,t-bone,accident,1,weak_clip_event_window,29.781294,13.498406,402,854,384,test,Wisconsin,Wisconsin::signalized_intersection,125,206,accident_time=11.233999999999998;type=t-bone
9_rjoTFi3Ek_00__pre_event_non_accident,/autodl-fs/data/traffic_accident_rnd/ACCIDENT_dataset/real_videos/9_rjoTFi3Ek_00.mp4,ACCIDENT-real,t-bone,non_accident,0,weak_clip_pre_event,29.781294,13.498406,402,854,384,test,Wisconsin,Wisconsin::signalized_intersection,0,111,derived_pre_accident_until=8.234;weak_negative=true
DNXPVeHVfik_00__accident,/autodl-fs/data/traffic_accident_rnd/ACCIDENT_dataset/real_videos/DNXPVeHVfik_00.mp4,ACCIDENT-real,t-bone,accident,1,weak_clip_event_window,30.1,12.890365,388,1584,1080,test,Wisconsin,Wisconsin::signalized_intersection,56,134,accident_time=6.333;type=t-bone
DNXPVeHVfik_00__pre_event_non_accident,/autodl-fs/data/traffic_accident_rnd/ACCIDENT_dataset/real_videos/DNXPVeHVfik_00.mp4,ACCIDENT-real,t-bone,non_accident,0,weak_clip_pre_event,30.1,12.890365,388,1584,1080,test,Wisconsin,Wisconsin::signalized_intersection,0,43,derived_pre_accident_until=3.333;weak_negative=true
nhEW6whH4HE_00__accident,/autodl-fs/data/traffic_accident_rnd/ACCIDENT_dataset/real_videos/nhEW6whH4HE_00.mp4,ACCIDENT-real,single,accident,1,weak_clip_event_window,29.958333,15.020862,450,1056,720,test,Wisconsin,Wisconsin::highway,40,130,accident_time=4.667;type=single
nhEW6whH4HE_00__pre_event_non_accident,/autodl-fs/data/traffic_accident_rnd/ACCIDENT_dataset/real_videos/nhEW6whH4HE_00.mp4,ACCIDENT-real,single,non_accident,0,weak_clip_pre_event,29.958333,15.020862,450,1056,720,test,Wisconsin,Wisconsin::highway,0,25,derived_pre_accident_until=1.667;weak_negative=true
rm4qKkLP9-A_00__accident,/autodl-fs/data/traffic_accident_rnd/ACCIDENT_dataset/real_videos/rm4qKkLP9-A_00.mp4,ACCIDENT-real,rear-end,accident,1,weak_clip_event_window,30.1,14.983389,451,1584,1080,test,Wisconsin,Wisconsin::highway,35,125,accident_time=4.367;type=rear-end
rm4qKkLP9-A_00__pre_event_non_accident,/autodl-fs/data/traffic_accident_rnd/ACCIDENT_dataset/real_videos/rm4qKkLP9-A_00.mp4,ACCIDENT-real,rear-end,non_accident,0,weak_clip_pre_event,30.1,14.983389,451,1584,1080,test,Wisconsin,Wisconsin::highway,0,20,derived_pre_accident_until=1.367;weak_negative=true
jwhAPqcuObs_00__accident,/autodl-fs/data/traffic_accident_rnd/ACCIDENT_dataset/real_videos/jwhAPqcuObs_00.mp4,ACCIDENT-real,single,accident,1,weak_clip_event_window,25.3,14.980237,379,1584,1080,test,Wisconsin,Wisconsin::highway,11,101,accident_time=2.767;type=single
rRqKYOsYITQ_00__accident,/autodl-fs/data/traffic_accident_rnd/ACCIDENT_dataset/real_videos/rRqKYOsYITQ_00.mp4,ACCIDENT-real,single,accident,1,weak_clip_event_window,14.5,15.034483,218,1584,1080,test,Wisconsin,Wisconsin::highway,79,169,accident_time=7.2669999999999995;type=single
rRqKYOsYITQ_00__pre_event_non_accident,/autodl-fs/data/traffic_accident_rnd/ACCIDENT_dataset/real_videos/rRqKYOsYITQ_00.mp4,ACCIDENT-real,single,non_accident,0,weak_clip_pre_event,14.5,15.034483,218,1584,1080,test,Wisconsin,Wisconsin::highway,0,64,derived_pre_accident_until=4.267;weak_negative=true
ru5QM17tRfk_00__accident,/autodl-fs/data/traffic_accident_rnd/ACCIDENT_dataset/real_videos/ru5QM17tRfk_00.mp4,ACCIDENT-real,sideswipe,accident,1,weak_clip_event_window,25.4,9.96063,253,1584,1080,test,Wisconsin,Wisconsin::grade_separated_intersection,1,61,accident_time=2.067;type=sideswipe
WR1xUm9CjqY_00__accident,/autodl-fs/data/traffic_accident_rnd/ACCIDENT_dataset/real_videos/WR1xUm9CjqY_00.mp4,ACCIDENT-real,rear-end,accident,1,weak_clip_event_window,25.3,15.098814,382,1584,1080,train,Wisconsin,Wisconsin::highway,0,87,accident_time=1.766;type=rear-end
UUZr6xfWXPg_00__accident,/autodl-fs/data/traffic_accident_rnd/ACCIDENT_dataset/real_videos/UUZr6xfWXPg_00.mp4,ACCIDENT-real,t-bone,accident,1,weak_clip_event_window,30.033333,14.983352,450,1584,1080,test,Wisconsin,Wisconsin::signalized_intersection,86,176,accident_time=7.767;type=t-bone
UUZr6xfWXPg_00__pre_event_non_accident,/autodl-fs/data/traffic_accident_rnd/ACCIDENT_dataset/real_videos/UUZr6xfWXPg_00.mp4,ACCIDENT-real,t-bone,non_accident,0,weak_clip_pre_event,30.033333,14.983352,450,1584,1080,test,Wisconsin,Wisconsin::signalized_intersection,0,71,derived_pre_accident_until=4.767;weak_negative=true
QiRO0xdhcdY_00__accident,/autodl-fs/data/traffic_accident_rnd/ACCIDENT_dataset/real_videos/QiRO0xdhcdY_00.mp4,ACCIDENT-real,sideswipe,accident,1,weak_clip_event_window,30.066667,14.933481,449,1584,1080,train,Wisconsin,Wisconsin::highway,105,195,accident_time=9.067;type=sideswipe
QiRO0xdhcdY_00__pre_event_non_accident,/autodl-fs/data/traffic_accident_rnd/ACCIDENT_dataset/real_videos/QiRO0xdhcdY_00.mp4,ACCIDENT-real,sideswipe,non_accident,0,weak_clip_pre_event,30.066667,14.933481,449,1584,1080,train,Wisconsin,Wisconsin::highway,0,91,derived_pre_accident_until=6.067;weak_negative=true
lwsVlWv6Oe8_00__accident,/autodl-fs/data/traffic_accident_rnd/ACCIDENT_dataset/real_videos/lwsVlWv6Oe8_00.mp4,ACCIDENT-real,t-bone,accident,1,weak_clip_event_window,30.1,14.950166,450,1584,1080,test,Wisconsin,Wisconsin::signalized_intersection,25,115,accident_time=3.667;type=t-bone
KTGByI3N4G0_00__accident,/autodl-fs/data/traffic_accident_rnd/ACCIDENT_dataset/real_videos/KTGByI3N4G0_00.mp4,ACCIDENT-real,single,accident,1,weak_clip_event_window,30.066667,14.966741,450,1584,1080,test,Wisconsin,Wisconsin::highway,61,151,accident_time=6.1;type=single
KTGByI3N4G0_00__pre_event_non_accident,/autodl-fs/data/traffic_accident_rnd/ACCIDENT_dataset/real_videos/KTGByI3N4G0_00.mp4,ACCIDENT-real,single,non_accident,0,weak_clip_pre_event,30.066667,14.966741,450,1584,1080,test,Wisconsin,Wisconsin::highway,0,46,derived_pre_accident_until=3.100;weak_negative=true
Y0_pbJCqL6k_00__accident,/autodl-fs/data/traffic_accident_rnd/ACCIDENT_dataset/real_videos/Y0_pbJCqL6k_00.mp4,ACCIDENT-real,rear-end,accident,1,weak_clip_event_window,29.916667,7.286908,218,960,720,test,Virginia,Virginia::signalized_intersection,51,95,accident_time=9.0;type=rear-end
Y0_pbJCqL6k_00__pre_event_non_accident,/autodl-fs/data/traffic_accident_rnd/ACCIDENT_dataset/real_videos/Y0_pbJCqL6k_00.mp4,ACCIDENT-real,rear-end,non_accident,0,weak_clip_pre_event,29.916667,7.286908,218,960,720,test,Virginia,Virginia::signalized_intersection,0,44,derived_pre_accident_until=6.000;weak_negative=true
0NixrF6Mt00_0_00__accident,/autodl-fs/data/traffic_accident_rnd/ACCIDENT_dataset/real_videos/0NixrF6Mt00_0_00.mp4,ACCIDENT-real,t-bone,accident,1,weak_clip_event_window,3.9039,24.078486,94,1280,720,train,World,World::signalized_intersection,0,94,accident_time=1.1010999999999997;type=t-bone
3Xd6PxEvbNk_11_00__accident,/autodl-fs/data/traffic_accident_rnd/ACCIDENT_dataset/real_videos/3Xd6PxEvbNk_11_00.mp4,ACCIDENT-real,t-bone,accident,1,weak_clip_event_window,8.575233,11.311646,97,480,360,train,World,World::signalized_intersection,34,97,accident_time=5.071733;type=t-bone
3Xd6PxEvbNk_11_00__pre_event_non_accident,/autodl-fs/data/traffic_accident_rnd/ACCIDENT_dataset/real_videos/3Xd6PxEvbNk_11_00.mp4,ACCIDENT-real,t-bone,non_accident,0,weak_clip_pre_event,8.575233,11.311646,97,480,360,train,World,World::signalized_intersection,0,23,derived_pre_accident_until=2.072;weak_negative=true
3Xd6PxEvbNk_2_00__accident,/autodl-fs/data/traffic_accident_rnd/ACCIDENT_dataset/real_videos/3Xd6PxEvbNk_2_00.mp4,ACCIDENT-real,t-bone,accident,1,weak_clip_event_window,11.9119,16.202285,193,480,360,train,World,World::signalized_intersection,63,160,accident_time=5.872533;type=t-bone
3Xd6PxEvbNk_2_00__pre_event_non_accident,/autodl-fs/data/traffic_accident_rnd/ACCIDENT_dataset/real_videos/3Xd6PxEvbNk_2_00.mp4,ACCIDENT-real,t-bone,non_accident,0,weak_clip_pre_event,11.9119,16.202285,193,480,360,train,World,World::signalized_intersection,0,47,derived_pre_accident_until=2.873;weak_negative=true
3Xd6PxEvbNk_3_00__accident,/autodl-fs/data/traffic_accident_rnd/ACCIDENT_dataset/real_videos/3Xd6PxEvbNk_3_00.mp4,ACCIDENT-real,t-bone,accident,1,weak_clip_event_window,15.582233,23.359938,364,480,360,train,World,World::signalized_intersection,4,144,accident_time=2.168833;type=t-bone
3Xd6PxEvbNk_4_00__accident,/autodl-fs/data/traffic_accident_rnd/ACCIDENT_dataset/real_videos/3Xd6PxEvbNk_4_00.mp4,ACCIDENT-real,t-bone,accident,1,weak_clip_event_window,9.542867,18.443095,176,480,360,train,World,World::signalized_intersection,16,127,accident_time=2.869533;type=t-bone
3Xd6PxEvbNk_5_00__accident,/autodl-fs/data/traffic_accident_rnd/ACCIDENT_dataset/real_videos/3Xd6PxEvbNk_5_00.mp4,ACCIDENT-real,t-bone,accident,1,weak_clip_event_window,14.748067,22.850453,337,480,360,train,World,World::signalized_intersection,172,309,accident_time=9.542867;type=t-bone
3Xd6PxEvbNk_5_00__pre_event_non_accident,/autodl-fs/data/traffic_accident_rnd/ACCIDENT_dataset/real_videos/3Xd6PxEvbNk_5_00.mp4,ACCIDENT-real,t-bone,non_accident,0,weak_clip_pre_event,14.748067,22.850453,337,480,360,train,World,World::signalized_intersection,0,150,derived_pre_accident_until=6.543;weak_negative=true
3Xd6PxEvbNk_7_00__accident,/autodl-fs/data/traffic_accident_rnd/ACCIDENT_dataset/real_videos/3Xd6PxEvbNk_7_00.mp4,ACCIDENT-real,t-bone,accident,1,weak_clip_event_window,8.8088,17.59604,155,480,360,train,World,World::signalized_intersection,0,105,accident_time=2.002;type=t-bone
3Xd6PxEvbNk_8_00__accident,/autodl-fs/data/traffic_accident_rnd/ACCIDENT_dataset/real_videos/3Xd6PxEvbNk_8_00.mp4,ACCIDENT-real,sideswipe,accident,1,weak_clip_event_window,13.246567,17.96692,238,480,360,train,World,World::signalized_intersection,105,213,accident_time=7.841167;type=sideswipe
3Xd6PxEvbNk_8_00__pre_event_non_accident,/autodl-fs/data/traffic_accident_rnd/ACCIDENT_dataset/real_videos/3Xd6PxEvbNk_8_00.mp4,ACCIDENT-real,sideswipe,non_accident,0,weak_clip_pre_event,13.246567,17.96692,238,480,360,train,World,World::signalized_intersection,0,87,derived_pre_accident_until=4.841;weak_negative=true
3Xd6PxEvbNk_9_00__accident,/autodl-fs/data/traffic_accident_rnd/ACCIDENT_dataset/real_videos/3Xd6PxEvbNk_9_00.mp4,ACCIDENT-real,t-bone,accident,1,weak_clip_event_window,15.281933,16.49006,252,480,360,train,World,World::signalized_intersection,65,164,accident_time=5.939267;type=t-bone
3Xd6PxEvbNk_9_00__pre_event_non_accident,/autodl-fs/data/traffic_accident_rnd/ACCIDENT_dataset/real_videos/3Xd6PxEvbNk_9_00.mp4,ACCIDENT-real,t-bone,non_accident,0,weak_clip_pre_event,15.281933,16.49006,252,480,360,train,World,World::signalized_intersection,0,48,derived_pre_accident_until=2.939;weak_negative=true
3p_-1RjvCmw_1_00__accident,/autodl-fs/data/traffic_accident_rnd/ACCIDENT_dataset/real_videos/3p_-1RjvCmw_1_00.mp4,ACCIDENT-real,t-bone,accident,1,weak_clip_event_window,9.4,19.787234,186,1280,720,train,World,World::signalized_intersection,30,149,accident_time=3.56;type=t-bone
4gFiGGeTp5w_0_00__accident,/autodl-fs/data/traffic_accident_rnd/ACCIDENT_dataset/real_videos/4gFiGGeTp5w_0_00.mp4,ACCIDENT-real,rear-end,accident,1,weak_clip_event_window,8.041367,12.933125,104,640,360,train,World,World::signalized_intersection,1,79,accident_time=2.068733;type=rear-end
4gFiGGeTp5w_2_00__accident,/autodl-fs/data/traffic_accident_rnd/ACCIDENT_dataset/real_videos/4gFiGGeTp5w_2_00.mp4,ACCIDENT-real,t-bone,accident,1,weak_clip_event_window,12.3123,29.726371,366,640,360,train,World,World::signalized_intersection,118,296,accident_time=5.939267;type=t-bone
4gFiGGeTp5w_2_00__pre_event_non_accident,/autodl-fs/data/traffic_accident_rnd/ACCIDENT_dataset/real_videos/4gFiGGeTp5w_2_00.mp4,ACCIDENT-real,t-bone,non_accident,0,weak_clip_pre_event,12.3123,29.726371,366,640,360,train,World,World::signalized_intersection,0,87,derived_pre_accident_until=2.939;weak_negative=true
651RQwxB3WA_1_00__accident,/autodl-fs/data/traffic_accident_rnd/ACCIDENT_dataset/real_videos/651RQwxB3WA_1_00.mp4,ACCIDENT-real,t-bone,accident,1,weak_clip_event_window,5.666667,4.588235,26,320,160,train,World,World::signalized_intersection,1,26,accident_time=2.166667;type=t-bone
651RQwxB3WA_12_00__accident,/autodl-fs/data/traffic_accident_rnd/ACCIDENT_dataset/real_videos/651RQwxB3WA_12_00.mp4,ACCIDENT-real,head-on,accident,1,weak_clip_event_window,13.0,5.0,65,320,160,train,World,World::city_street,8,38,accident_time=3.5;type=head-on
651RQwxB3WA_13_00__accident,/autodl-fs/data/traffic_accident_rnd/ACCIDENT_dataset/real_videos/651RQwxB3WA_13_00.mp4,ACCIDENT-real,rear-end,accident,1,weak_clip_event_window,7.0,5.142857,36,320,160,train,World,World::city_street,2,33,accident_time=2.333333;type=rear-end
651RQwxB3WA_17_00__accident,/autodl-fs/data/traffic_accident_rnd/ACCIDENT_dataset/real_videos/651RQwxB3WA_17_00.mp4,ACCIDENT-real,t-bone,accident,1,weak_clip_event_window,4.166667,5.04,21,320,160,train,World,World::signalized_intersection,0,21,accident_time=1.833333;type=t-bone
651RQwxB3WA_2_00__accident,/autodl-fs/data/traffic_accident_rnd/ACCIDENT_dataset/real_videos/651RQwxB3WA_2_00.mp4,ACCIDENT-real,rear-end,accident,1,weak_clip_event_window,8.833333,5.09434,45,320,160,train,World,World::city_street,13,43,accident_time=4.5;type=rear-end
651RQwxB3WA_2_00__pre_event_non_accident,/autodl-fs/data/traffic_accident_rnd/ACCIDENT_dataset/real_videos/651RQwxB3WA_2_00.mp4,ACCIDENT-real,rear-end,non_accident,0,weak_clip_pre_event,8.833333,5.09434,45,320,160,train,World,World::city_street,0,8,derived_pre_accident_until=1.500;weak_negative=true
67eBRe-YfEE_2_00__accident,/autodl-fs/data/traffic_accident_rnd/ACCIDENT_dataset/real_videos/67eBRe-YfEE_2_00.mp4,ACCIDENT-real,rear-end,accident,1,weak_clip_event_window,7.3073,25.864546,189,1280,720,train,World,World::city_street,0,142,accident_time=1.5014999999999996;type=rear-end
6mVcTFd5TzI_0_00__accident,/autodl-fs/data/traffic_accident_rnd/ACCIDENT_dataset/real_videos/6mVcTFd5TzI_0_00.mp4,ACCIDENT-real,t-bone,accident,1,weak_clip_event_window,3.92,25.0,98,320,240,train,World,World::signalized_intersection,3,98,accident_time=2.12;type=t-bone
6mVcTFd5TzI_12_00__accident,/autodl-fs/data/traffic_accident_rnd/ACCIDENT_dataset/real_videos/6mVcTFd5TzI_12_00.mp4,ACCIDENT-real,sideswipe,accident,1,weak_clip_event_window,3.08,23.701299,73,320,240,train,World,World::signalized_intersection,0,73,accident_time=1.24;type=sideswipe
6mVcTFd5TzI_14_00__accident,/autodl-fs/data/traffic_accident_rnd/ACCIDENT_dataset/real_videos/6mVcTFd5TzI_14_00.mp4,ACCIDENT-real,t-bone,accident,1,weak_clip_event_window,6.56,23.018293,151,320,240,train,World,World::signalized_intersection,43,151,accident_time=3.88;type=t-bone
6mVcTFd5TzI_16_00__accident,/autodl-fs/data/traffic_accident_rnd/ACCIDENT_dataset/real_videos/6mVcTFd5TzI_16_00.mp4,ACCIDENT-real,rear-end,accident,1,weak_clip_event_window,9.44,24.576271,232,320,240,train,World,World::city_street,19,166,accident_time=2.76;type=rear-end
6mVcTFd5TzI_18_00__accident,/autodl-fs/data/traffic_accident_rnd/ACCIDENT_dataset/real_videos/6mVcTFd5TzI_18_00.mp4,ACCIDENT-real,sideswipe,accident,1,weak_clip_event_window,6.92,24.855491,172,320,240,train,World,World::roundabout,32,172,accident_time=3.28;type=sideswipe
6mVcTFd5TzI_2_00__accident,/autodl-fs/data/traffic_accident_rnd/ACCIDENT_dataset/real_videos/6mVcTFd5TzI_2_00.mp4,ACCIDENT-real,t-bone,accident,1,weak_clip_event_window,3.52,22.727273,80,320,240,train,World,World::signalized_intersection,2,80,accident_time=2.08;type=t-bone
6mVcTFd5TzI_20_00__accident,/autodl-fs/data/traffic_accident_rnd/ACCIDENT_dataset/real_videos/6mVcTFd5TzI_20_00.mp4,ACCIDENT-real,sideswipe,accident,1,weak_clip_event_window,4.36,24.311927,106,320,240,train,World,World::simple_intersection,0,106,accident_time=1.52;type=sideswipe
6mVcTFd5TzI_22_00__accident,/autodl-fs/data/traffic_accident_rnd/ACCIDENT_dataset/real_videos/6mVcTFd5TzI_22_00.mp4,ACCIDENT-real,t-bone,accident,1,weak_clip_event_window,7.64,24.34555,186,320,240,train,World,World::simple_intersection,91,186,accident_time=5.76;type=t-bone
6mVcTFd5TzI_22_00__pre_event_non_accident,/autodl-fs/data/traffic_accident_rnd/ACCIDENT_dataset/real_videos/6mVcTFd5TzI_22_00.mp4,ACCIDENT-real,t-bone,non_accident,0,weak_clip_pre_event,7.64,24.34555,186,320,240,train,World,World::simple_intersection,0,67,derived_pre_accident_until=2.760;weak_negative=true
6mVcTFd5TzI_23_00__accident,/autodl-fs/data/traffic_accident_rnd/ACCIDENT_dataset/real_videos/6mVcTFd5TzI_23_00.mp4,ACCIDENT-real,t-bone,accident,1,weak_clip_event_window,6.56,21.493902,141,320,240,train,World,World::signalized_intersection,55,141,accident_time=4.56;type=t-bone
6mVcTFd5TzI_23_00__pre_event_non_accident,/autodl-fs/data/traffic_accident_rnd/ACCIDENT_dataset/real_videos/6mVcTFd5TzI_23_00.mp4,ACCIDENT-real,t-bone,non_accident,0,weak_clip_pre_event,6.56,21.493902,141,320,240,train,World,World::signalized_intersection,0,34,derived_pre_accident_until=1.560;weak_negative=true
6mVcTFd5TzI_3_00__accident,/autodl-fs/data/traffic_accident_rnd/ACCIDENT_dataset/real_videos/6mVcTFd5TzI_3_00.mp4,ACCIDENT-real,rear-end,accident,1,weak_clip_event_window,3.4,20.588235,70,320,240,train,World,World::signalized_intersection,8,70,accident_time=2.36;type=rear-end
7YEUfIVVk9Y_0_00__accident,/autodl-fs/data/traffic_accident_rnd/ACCIDENT_dataset/real_videos/7YEUfIVVk9Y_0_00.mp4,ACCIDENT-real,rear-end,accident,1,weak_clip_event_window,6.68,24.700599,165,1280,720,train,World,World::city_street,0,116,accident_time=0.68;type=rear-end
7YEUfIVVk9Y_2_00__accident,/autodl-fs/data/traffic_accident_rnd/ACCIDENT_dataset/real_videos/7YEUfIVVk9Y_2_00.mp4,ACCIDENT-real,t-bone,accident,1,weak_clip_event_window,8.76,25.0,219,1280,720,train,World,World::signalized_intersection,19,169,accident_time=2.76;type=t-bone
7YEUfIVVk9Y_4_00__accident,/autodl-fs/data/traffic_accident_rnd/ACCIDENT_dataset/real_videos/7YEUfIVVk9Y_4_00.mp4,ACCIDENT-real,t-bone,accident,1,weak_clip_event_window,4.32,25.0,108,1280,720,train,World,World::signalized_intersection,0,108,accident_time=0.52;type=t-bone
7YEUfIVVk9Y_6_00__accident,/autodl-fs/data/traffic_accident_rnd/ACCIDENT_dataset/real_videos/7YEUfIVVk9Y_6_00.mp4,ACCIDENT-real,t-bone,accident,1,weak_clip_event_window,4.4,24.772727,109,1280,720,train,World,World::signalized_intersection,0,109,accident_time=0.56;type=t-bone
7YEUfIVVk9Y_7_00__accident,/autodl-fs/data/traffic_accident_rnd/ACCIDENT_dataset/real_videos/7YEUfIVVk9Y_7_00.mp4,ACCIDENT-real,t-bone,accident,1,weak_clip_event_window,11.08,17.960289,199,1280,720,train,World,World::simple_intersection,49,157,accident_time=4.72;type=t-bone
7YEUfIVVk9Y_7_00__pre_event_non_accident,/autodl-fs/data/traffic_accident_rnd/ACCIDENT_dataset/real_videos/7YEUfIVVk9Y_7_00.mp4,ACCIDENT-real,t-bone,non_accident,0,weak_clip_pre_event,11.08,17.960289,199,1280,720,train,World,World::simple_intersection,0,31,derived_pre_accident_until=1.720;weak_negative=true
9DRFJxKHc6g_2_00__accident,/autodl-fs/data/traffic_accident_rnd/ACCIDENT_dataset/real_videos/9DRFJxKHc6g_2_00.mp4,ACCIDENT-real,t-bone,accident,1,weak_clip_event_window,8.775433,24.272306,213,1280,720,train,World,World::signalized_intersection,76,213,accident_time=5.138467;type=t-bone
9DRFJxKHc6g_2_00__pre_event_non_accident,/autodl-fs/data/traffic_accident_rnd/ACCIDENT_dataset/real_videos/9DRFJxKHc6g_2_00.mp4,ACCIDENT-real,t-bone,non_accident,0,weak_clip_pre_event,8.775433,24.272306,213,1280,720,train,World,World::signalized_intersection,0,52,derived_pre_accident_until=2.138;weak_negative=true
9DRFJxKHc6g_3_00__accident,/autodl-fs/data/traffic_accident_rnd/ACCIDENT_dataset/real_videos/9DRFJxKHc6g_3_00.mp4,ACCIDENT-real,single,accident,1,weak_clip_event_window,5.572233,22.971041,128,1280,720,train,World,World::signalized_intersection,21,128,accident_time=2.936267;type=single
9DRFJxKHc6g_4_00__accident,/autodl-fs/data/traffic_accident_rnd/ACCIDENT_dataset/real_videos/9DRFJxKHc6g_4_00.mp4,ACCIDENT-real,head-on,accident,1,weak_clip_event_window,12.746067,25.027329,319,1280,720,train,World,World::simple_intersection,119,269,accident_time=6.740067;type=head-on
9DRFJxKHc6g_4_00__pre_event_non_accident,/autodl-fs/data/traffic_accident_rnd/ACCIDENT_dataset/real_videos/9DRFJxKHc6g_4_00.mp4,ACCIDENT-real,head-on,non_accident,0,weak_clip_pre_event,12.746067,25.027329,319,1280,720,train,World,World::simple_intersection,0,94,derived_pre_accident_until=3.740;weak_negative=true
9DRFJxKHc6g_5_00__accident,/autodl-fs/data/traffic_accident_rnd/ACCIDENT_dataset/real_videos/9DRFJxKHc6g_5_00.mp4,ACCIDENT-real,t-bone,accident,1,weak_clip_event_window,15.682333,24.486152,384,1280,720,train,World,World::signalized_intersection,197,344,accident_time=10.043367;type=t-bone
9DRFJxKHc6g_5_00__pre_event_non_accident,/autodl-fs/data/traffic_accident_rnd/ACCIDENT_dataset/real_videos/9DRFJxKHc6g_5_00.mp4,ACCIDENT-real,t-bone,non_accident,0,weak_clip_pre_event,15.682333,24.486152,384,1280,720,train,World,World::signalized_intersection,0,172,derived_pre_accident_until=7.043;weak_negative=true
9fKAb-gGLRM_0_00__accident,/autodl-fs/data/traffic_accident_rnd/ACCIDENT_dataset/real_videos/9fKAb-gGLRM_0_00.mp4,ACCIDENT-real,t-bone,accident,1,weak_clip_event_window,12.033333,20.692521,249,1280,720,train,World,World::simple_intersection,118,242,accident_time=7.7;type=t-bone
9fKAb-gGLRM_0_00__pre_event_non_accident,/autodl-fs/data/traffic_accident_rnd/ACCIDENT_dataset/real_videos/9fKAb-gGLRM_0_00.mp4,ACCIDENT-real,t-bone,non_accident,0,weak_clip_pre_event,12.033333,20.692521,249,1280,720,train,World,World::simple_intersection,0,97,derived_pre_accident_until=4.700;weak_negative=true
9fKAb-gGLRM_1_00__accident,/autodl-fs/data/traffic_accident_rnd/ACCIDENT_dataset/real_videos/9fKAb-gGLRM_1_00.mp4,ACCIDENT-real,single,accident,1,weak_clip_event_window,11.8,9.830508,116,1280,720,train,World,World::simple_intersection,29,88,accident_time=5.0;type=single
9fKAb-gGLRM_1_00__pre_event_non_accident,/autodl-fs/data/traffic_accident_rnd/ACCIDENT_dataset/real_videos/9fKAb-gGLRM_1_00.mp4,ACCIDENT-real,single,non_accident,0,weak_clip_pre_event,11.8,9.830508,116,1280,720,train,World,World::simple_intersection,0,20,derived_pre_accident_until=2.000;weak_negative=true
AJKLxHzIHYY_13_00__accident,/autodl-fs/data/traffic_accident_rnd/ACCIDENT_dataset/real_videos/AJKLxHzIHYY_13_00.mp4,ACCIDENT-real,t-bone,accident,1,weak_clip_event_window,2.6,24.230769,63,480,360,train,World,World::signalized_intersection,0,63,accident_time=1.08;type=t-bone
AJKLxHzIHYY_15_00__accident,/autodl-fs/data/traffic_accident_rnd/ACCIDENT_dataset/real_videos/AJKLxHzIHYY_15_00.mp4,ACCIDENT-real,rear-end,accident,1,weak_clip_event_window,11.92,24.161074,288,480,360,train,World,World::highway,14,159,accident_time=2.56;type=rear-end
AJKLxHzIHYY_19_00__accident,/autodl-fs/data/traffic_accident_rnd/ACCIDENT_dataset/real_videos/AJKLxHzIHYY_19_00.mp4,ACCIDENT-real,t-bone,accident,1,weak_clip_event_window,4.32,24.768519,107,480,360,train,World,World::signalized_intersection,0,107,accident_time=1.2;type=t-bone
AJKLxHzIHYY_9_00__accident,/autodl-fs/data/traffic_accident_rnd/ACCIDENT_dataset/real_videos/AJKLxHzIHYY_9_00.mp4,ACCIDENT-real,t-bone,accident,1,weak_clip_event_window,5.2,25.0,130,480,360,train,World,World::signalized_intersection,0,120,accident_time=0.8;type=t-bone
ALFF5620ljk_1_00__accident,/autodl-fs/data/traffic_accident_rnd/ACCIDENT_dataset/real_videos/ALFF5620ljk_1_00.mp4,ACCIDENT-real,t-bone,accident,1,weak_clip_event_window,11.666667,20.057143,234,540,360,train,World,World::signalized_intersection,141,234,accident_time=9.0;type=t-bone
ALFF5620ljk_1_00__pre_event_non_accident,/autodl-fs/data/traffic_accident_rnd/ACCIDENT_dataset/real_videos/ALFF5620ljk_1_00.mp4,ACCIDENT-real,t-bone,non_accident,0,weak_clip_pre_event,11.666667,20.057143,234,540,360,train,World,World::signalized_intersection,0,120,derived_pre_accident_until=6.000;weak_negative=true
ALFF5620ljk_10_00__accident,/autodl-fs/data/traffic_accident_rnd/ACCIDENT_dataset/real_videos/ALFF5620ljk_10_00.mp4,ACCIDENT-real,t-bone,accident,1,weak_clip_event_window,11.633333,20.114613,234,540,360,train,World,World::signalized_intersection,119,234,accident_time=7.9;type=t-bone
ALFF5620ljk_10_00__pre_event_non_accident,/autodl-fs/data/traffic_accident_rnd/ACCIDENT_dataset/real_videos/ALFF5620ljk_10_00.mp4,ACCIDENT-real,t-bone,non_accident,0,weak_clip_pre_event,11.633333,20.114613,234,540,360,train,World,World::signalized_intersection,0,99,derived_pre_accident_until=4.900;weak_negative=true
ALFF5620ljk_12_00__accident,/autodl-fs/data/traffic_accident_rnd/ACCIDENT_dataset/real_videos/ALFF5620ljk_12_00.mp4,ACCIDENT-real,head-on,accident,1,weak_clip_event_window,11.133333,15.988024,178,540,360,train,World,World::signalized_intersection,76,172,accident_time=6.733333;type=head-on
ALFF5620ljk_12_00__pre_event_non_accident,/autodl-fs/data/traffic_accident_rnd/ACCIDENT_dataset/real_videos/ALFF5620ljk_12_00.mp4,ACCIDENT-real,head-on,non_accident,0,weak_clip_pre_event,11.133333,15.988024,178,540,360,train,World,World::signalized_intersection,0,60,derived_pre_accident_until=3.733;weak_negative=true
ALFF5620ljk_2_00__accident,/autodl-fs/data/traffic_accident_rnd/ACCIDENT_dataset/real_videos/ALFF5620ljk_2_00.mp4,ACCIDENT-real,t-bone,accident,1,weak_clip_event_window,11.833333,20.028169,237,540,360,train,World,World::signalized_intersection,106,226,accident_time=7.3;type=t-bone
ALFF5620ljk_2_00__pre_event_non_accident,/autodl-fs/data/traffic_accident_rnd/ACCIDENT_dataset/real_videos/ALFF5620ljk_2_00.mp4,ACCIDENT-real,t-bone,non_accident,0,weak_clip_pre_event,11.833333,20.028169,237,540,360,train,World,World::signalized_intersection,0,86,derived_pre_accident_until=4.300;weak_negative=true
ALFF5620ljk_3_00__accident,/autodl-fs/data/traffic_accident_rnd/ACCIDENT_dataset/real_videos/ALFF5620ljk_3_00.mp4,ACCIDENT-real,t-bone,accident,1,weak_clip_event_window,11.133333,19.221557,214,540,360,train,World,World::signalized_intersection,113,214,accident_time=7.833333;type=t-bone
ALFF5620ljk_3_00__pre_event_non_accident,/autodl-fs/data/traffic_accident_rnd/ACCIDENT_dataset/real_videos/ALFF5620ljk_3_00.mp4,ACCIDENT-real,t-bone,non_accident,0,weak_clip_pre_event,11.133333,19.221557,214,540,360,train,World,World::signalized_intersection,0,93,derived_pre_accident_until=4.833;weak_negative=true
ALFF5620ljk_5_00__accident,/autodl-fs/data/traffic_accident_rnd/ACCIDENT_dataset/real_videos/ALFF5620ljk_5_00.mp4,ACCIDENT-real,t-bone,accident,1,weak_clip_event_window,15.0,24.6,369,540,360,train,World,World::signalized_intersection,225,369,accident_time=11.133333;type=t-bone
ALFF5620ljk_5_00__pre_event_non_accident,/autodl-fs/data/traffic_accident_rnd/ACCIDENT_dataset/real_videos/ALFF5620ljk_5_00.mp4,ACCIDENT-real,t-bone,non_accident,0,weak_clip_pre_event,15.0,24.6,369,540,360,train,World,World::signalized_intersection,0,200,derived_pre_accident_until=8.133;weak_negative=true
ALFF5620ljk_7_00__accident,/autodl-fs/data/traffic_accident_rnd/ACCIDENT_dataset/real_videos/ALFF5620ljk_7_00.mp4,ACCIDENT-real,t-bone,accident,1,weak_clip_event_window,11.166667,19.164179,214,540,360,train,World,World::signalized_intersection,116,214,accident_time=8.033333;type=t-bone
ALFF5620ljk_7_00__pre_event_non_accident,/autodl-fs/data/traffic_accident_rnd/ACCIDENT_dataset/real_videos/ALFF5620ljk_7_00.mp4,ACCIDENT-real,t-bone,non_accident,0,weak_clip_pre_event,11.166667,19.164179,214,540,360,train,World,World::signalized_intersection,0,96,derived_pre_accident_until=5.033;weak_negative=true
ALFF5620ljk_8_00__accident,/autodl-fs/data/traffic_accident_rnd/ACCIDENT_dataset/real_videos/ALFF5620ljk_8_00.mp4,ACCIDENT-real,t-bone,accident,1,weak_clip_event_window,11.9,19.579832,233,540,360,train,World,World::signalized_intersection,120,233,accident_time=8.1;type=t-bone
ALFF5620ljk_8_00__pre_event_non_accident,/autodl-fs/data/traffic_accident_rnd/ACCIDENT_dataset/real_videos/ALFF5620ljk_8_00.mp4,ACCIDENT-real,t-bone,non_accident,0,weak_clip_pre_event,11.9,19.579832,233,540,360,train,World,World::signalized_intersection,0,100,derived_pre_accident_until=5.100;weak_negative=true
ALFF5620ljk_9_00__accident,/autodl-fs/data/traffic_accident_rnd/ACCIDENT_dataset/real_videos/ALFF5620ljk_9_00.mp4,ACCIDENT-real,t-bone,accident,1,weak_clip_event_window,20.9,8.229665,172,540,360,train,World,World::signalized_intersection,70,119,accident_time=10.433333;type=t-bone
ALFF5620ljk_9_00__pre_event_non_accident,/autodl-fs/data/traffic_accident_rnd/ACCIDENT_dataset/real_videos/ALFF5620ljk_9_00.mp4,ACCIDENT-real,t-bone,non_accident,0,weak_clip_pre_event,20.9,8.229665,172,540,360,train,World,World::signalized_intersection,0,61,derived_pre_accident_until=7.433;weak_negative=true
AuQz_-J2kzc_1_00__accident,/autodl-fs/data/traffic_accident_rnd/ACCIDENT_dataset/real_videos/AuQz_-J2kzc_1_00.mp4,ACCIDENT-real,single,accident,1,weak_clip_event_window,7.249539,24.415347,177,640,360,train,World,World::roundabout,0,139,accident_time=1.678134;type=single
AuQz_-J2kzc_14_00__accident,/autodl-fs/data/traffic_accident_rnd/ACCIDENT_dataset/real_videos/AuQz_-J2kzc_14_00.mp4,ACCIDENT-real,t-bone,accident,1,weak_clip_event_window,14.431952,29.656419,428,640,360,train,World,World::signalized_intersection,238,416,accident_time=10.001678;type=t-bone
AuQz_-J2kzc_14_00__pre_event_non_accident,/autodl-fs/data/traffic_accident_rnd/ACCIDENT_dataset/real_videos/AuQz_-J2kzc_14_00.mp4,ACCIDENT-real,t-bone,non_accident,0,weak_clip_pre_event,14.431952,29.656419,428,640,360,train,World,World::signalized_intersection,0,208,derived_pre_accident_until=7.002;weak_negative=true
AuQz_-J2kzc_15_00__accident,/autodl-fs/data/traffic_accident_rnd/ACCIDENT_dataset/real_videos/AuQz_-J2kzc_15_00.mp4,ACCIDENT-real,sideswipe,accident,1,weak_clip_event_window,14.297701,28.116408,402,640,360,train,World,World::signalized_intersection,58,226,accident_time=4.061084;type=sideswipe
AuQz_-J2kzc_15_00__pre_event_non_accident,/autodl-fs/data/traffic_accident_rnd/ACCIDENT_dataset/real_videos/AuQz_-J2kzc_15_00.mp4,ACCIDENT-real,sideswipe,non_accident,0,weak_clip_pre_event,14.297701,28.116408,402,640,360,train,World,World::signalized_intersection,0,30,derived_pre_accident_until=1.061;weak_negative=true
AuQz_-J2kzc_19_00__accident,/autodl-fs/data/traffic_accident_rnd/ACCIDENT_dataset/real_videos/AuQz_-J2kzc_19_00.mp4,ACCIDENT-real,single,accident,1,weak_clip_event_window,7.887229,29.541426,233,640,360,train,World,World::simple_intersection,59,233,accident_time=3.993959;type=single
AuQz_-J2kzc_25_00__accident,/autodl-fs/data/traffic_accident_rnd/ACCIDENT_dataset/real_videos/AuQz_-J2kzc_25_00.mp4,ACCIDENT-real,t-bone,accident,1,weak_clip_event_window,10.236617,21.491475,220,640,360,train,World,World::signalized_intersection,10,139,accident_time=2.483638;type=t-bone
AuQz_-J2kzc_27_00__accident,/autodl-fs/data/traffic_accident_rnd/ACCIDENT_dataset/real_videos/AuQz_-J2kzc_27_00.mp4,ACCIDENT-real,sideswipe,accident,1,weak_clip_event_window,3.893271,29.281293,114,640,360,train,World,World::roundabout,11,114,accident_time=2.38295;type=sideswipe
AuQz_-J2kzc_29_00__accident,/autodl-fs/data/traffic_accident_rnd/ACCIDENT_dataset/real_videos/AuQz_-J2kzc_29_00.mp4,ACCIDENT-real,t-bone,accident,1,weak_clip_event_window,5.13509,29.210784,150,640,360,train,World,World::roundabout,0,142,accident_time=0.839067;type=t-bone
AuQz_-J2kzc_5_00__accident,/autodl-fs/data/traffic_accident_rnd/ACCIDENT_dataset/real_videos/AuQz_-J2kzc_5_00.mp4,ACCIDENT-real,sideswipe,accident,1,weak_clip_event_window,8.122168,12.681343,103,640,360,train,World,World::city_street,20,96,accident_time=3.557644;type=sideswipe
B3ehIhlZVD8_2_00__accident,/autodl-fs/data/traffic_accident_rnd/ACCIDENT_dataset/real_videos/B3ehIhlZVD8_2_00.mp4,ACCIDENT-real,t-bone,accident,1,weak_clip_event_window,11.2112,24.618239,276,1280,720,train,World,World::simple_intersection,110,257,accident_time=6.473133;type=t-bone
B3ehIhlZVD8_2_00__pre_event_non_accident,/autodl-fs/data/traffic_accident_rnd/ACCIDENT_dataset/real_videos/B3ehIhlZVD8_2_00.mp4,ACCIDENT-real,t-bone,non_accident,0,weak_clip_pre_event,11.2112,24.618239,276,1280,720,train,World,World::simple_intersection,0,86,derived_pre_accident_until=3.473;weak_negative=true
BSNh9UoKY54_1_00__accident,/autodl-fs/data/traffic_accident_rnd/ACCIDENT_dataset/real_videos/BSNh9UoKY54_1_00.mp4,ACCIDENT-real,t-bone,accident,1,weak_clip_event_window,4.2,15.0,63,1280,720,train,World,World::signalized_intersection,0,63,accident_time=1.2800000000000002;type=t-bone
BpMHNEa79lo_2_00__accident,/autodl-fs/data/traffic_accident_rnd/ACCIDENT_dataset/real_videos/BpMHNEa79lo_2_00.mp4,ACCIDENT-real,sideswipe,accident,1,weak_clip_event_window,12.233333,24.93188,305,1280,720,train,World,World::signalized_intersection,157,305,accident_time=8.3;type=sideswipe
BpMHNEa79lo_2_00__pre_event_non_accident,/autodl-fs/data/traffic_accident_rnd/ACCIDENT_dataset/real_videos/BpMHNEa79lo_2_00.mp4,ACCIDENT-real,sideswipe,non_accident,0,weak_clip_pre_event,12.233333,24.93188,305,1280,720,train,World,World::signalized_intersection,0,132,derived_pre_accident_until=5.300;weak_negative=true
BpMHNEa79lo_3_00__accident,/autodl-fs/data/traffic_accident_rnd/ACCIDENT_dataset/real_videos/BpMHNEa79lo_3_00.mp4,ACCIDENT-real,sideswipe,accident,1,weak_clip_event_window,11.866667,15.926966,189,1280,720,train,World,World::signalized_intersection,63,159,accident_time=5.966667;type=sideswipe
BpMHNEa79lo_3_00__pre_event_non_accident,/autodl-fs/data/traffic_accident_rnd/ACCIDENT_dataset/real_videos/BpMHNEa79lo_3_00.mp4,ACCIDENT-real,sideswipe,non_accident,0,weak_clip_pre_event,11.866667,15.926966,189,1280,720,train,World,World::signalized_intersection,0,47,derived_pre_accident_until=2.967;weak_negative=true
BpMHNEa79lo_4_00__accident,/autodl-fs/data/traffic_accident_rnd/ACCIDENT_dataset/real_videos/BpMHNEa79lo_4_00.mp4,ACCIDENT-real,sideswipe,accident,1,weak_clip_event_window,8.966667,25.204461,226,1280,720,train,World,World::signalized_intersection,79,226,accident_time=5.133333;type=sideswipe
BpMHNEa79lo_4_00__pre_event_non_accident,/autodl-fs/data/traffic_accident_rnd/ACCIDENT_dataset/real_videos/BpMHNEa79lo_4_00.mp4,ACCIDENT-real,sideswipe,non_accident,0,weak_clip_pre_event,8.966667,25.204461,226,1280,720,train,World,World::signalized_intersection,0,54,derived_pre_accident_until=2.133;weak_negative=true
CkI203kbHQ8_11_00__accident,/autodl-fs/data/traffic_accident_rnd/ACCIDENT_dataset/real_videos/CkI203kbHQ8_11_00.mp4,ACCIDENT-real,rear-end,accident,1,weak_clip_event_window,2.72,18.382353,50,400,296,train,World,World::city_street,0,50,accident_time=0.48;type=rear-end
CkI203kbHQ8_12_00__accident,/autodl-fs/data/traffic_accident_rnd/ACCIDENT_dataset/real_videos/CkI203kbHQ8_12_00.mp4,ACCIDENT-real,sideswipe,accident,1,weak_clip_event_window,7.0,25.0,175,400,296,train,World,World::city_street,105,175,accident_time=6.2;type=sideswipe
CkI203kbHQ8_12_00__pre_event_non_accident,/autodl-fs/data/traffic_accident_rnd/ACCIDENT_dataset/real_videos/CkI203kbHQ8_12_00.mp4,ACCIDENT-real,sideswipe,non_accident,0,weak_clip_pre_event,7.0,25.0,175,400,296,train,World,World::city_street,0,80,derived_pre_accident_until=3.200;weak_negative=true
CkI203kbHQ8_29_00__accident,/autodl-fs/data/traffic_accident_rnd/ACCIDENT_dataset/real_videos/CkI203kbHQ8_29_00.mp4,ACCIDENT-real,rear-end,accident,1,weak_clip_event_window,7.6,13.815789,105,400,296,train,World,World::city_street,40,105,accident_time=4.92;type=rear-end
CkI203kbHQ8_29_00__pre_event_non_accident,/autodl-fs/data/traffic_accident_rnd/ACCIDENT_dataset/real_videos/CkI203kbHQ8_29_00.mp4,ACCIDENT-real,rear-end,non_accident,0,weak_clip_pre_event,7.6,13.815789,105,400,296,train,World,World::city_street,0,27,derived_pre_accident_until=1.920;weak_negative=true
CkI203kbHQ8_32_00__accident,/autodl-fs/data/traffic_accident_rnd/ACCIDENT_dataset/real_videos/CkI203kbHQ8_32_00.mp4,ACCIDENT-real,t-bone,accident,1,weak_clip_event_window,2.96,23.986486,71,400,296,train,World,World::parking_lot,0,71,accident_time=0.56;type=t-bone
CkI203kbHQ8_5_00__accident,/autodl-fs/data/traffic_accident_rnd/ACCIDENT_dataset/real_videos/CkI203kbHQ8_5_00.mp4,ACCIDENT-real,rear-end,accident,1,weak_clip_event_window,4.84,20.247934,98,400,296,train,World,World::parking_lot,41,98,accident_time=4.0;type=rear-end
CkI203kbHQ8_5_00__pre_event_non_accident,/autodl-fs/data/traffic_accident_rnd/ACCIDENT_dataset/real_videos/CkI203kbHQ8_5_00.mp4,ACCIDENT-real,rear-end,non_accident,0,weak_clip_pre_event,4.84,20.247934,98,400,296,train,World,World::parking_lot,0,20,derived_pre_accident_until=1.000;weak_negative=true
CnsDyfXdf8s_0_00__accident,/autodl-fs/data/traffic_accident_rnd/ACCIDENT_dataset/real_videos/CnsDyfXdf8s_0_00.mp4,ACCIDENT-real,t-bone,accident,1,weak_clip_event_window,16.683333,15.824176,264,1280,720,train,World,World::signalized_intersection,103,198,accident_time=8.541867;type=t-bone
CnsDyfXdf8s_0_00__pre_event_non_accident,/autodl-fs/data/traffic_accident_rnd/ACCIDENT_dataset/real_videos/CnsDyfXdf8s_0_00.mp4,ACCIDENT-real,t-bone,non_accident,0,weak_clip_pre_event,16.683333,15.824176,264,1280,720,train,World,World::signalized_intersection,0,88,derived_pre_accident_until=5.542;weak_negative=true
CnsDyfXdf8s_1_00__accident,/autodl-fs/data/traffic_accident_rnd/ACCIDENT_dataset/real_videos/CnsDyfXdf8s_1_00.mp4,ACCIDENT-real,t-bone,accident,1,weak_clip_event_window,14.047367,23.136009,325,1280,720,train,World,World::simple_intersection,67,206,accident_time=4.871533;type=t-bone
CnsDyfXdf8s_1_00__pre_event_non_accident,/autodl-fs/data/traffic_accident_rnd/ACCIDENT_dataset/real_videos/CnsDyfXdf8s_1_00.mp4,ACCIDENT-real,t-bone,non_accident,0,weak_clip_pre_event,14.047367,23.136009,325,1280,720,train,World,World::simple_intersection,0,43,derived_pre_accident_until=1.872;weak_negative=true
D1eP4Bn4hDQ_0_00__accident,/autodl-fs/data/traffic_accident_rnd/ACCIDENT_dataset/real_videos/D1eP4Bn4hDQ_0_00.mp4,ACCIDENT-real,t-bone,accident,1,weak_clip_event_window,17.916667,20.818605,373,1280,720,train,World,World::signalized_intersection,64,189,accident_time=5.083333;type=t-bone
D1eP4Bn4hDQ_0_00__pre_event_non_accident,/autodl-fs/data/traffic_accident_rnd/ACCIDENT_dataset/real_videos/D1eP4Bn4hDQ_0_00.mp4,ACCIDENT-real,t-bone,non_accident,0,weak_clip_pre_event,17.916667,20.818605,373,1280,720,train,World,World::signalized_intersection,0,43,derived_pre_accident_until=2.083;weak_negative=true
D2AHpCitweI_0_00__accident,/autodl-fs/data/traffic_accident_rnd/ACCIDENT_dataset/real_videos/D2AHpCitweI_0_00.mp4,ACCIDENT-real,t-bone,accident,1,weak_clip_event_window,6.435754,21.442708,138,1280,720,train,World,World::signalized_intersection,0,123,accident_time=1.743017;type=t-bone
EN-JKUXkwPQ_2_00__accident,/autodl-fs/data/traffic_accident_rnd/ACCIDENT_dataset/real_videos/EN-JKUXkwPQ_2_00.mp4,ACCIDENT-real,sideswipe,accident,1,weak_clip_event_window,5.04,25.0,126,480,360,train,World,World::signalized_intersection,1,126,accident_time=2.04;type=sideswipe
EN-JKUXkwPQ_4_00__accident,/autodl-fs/data/traffic_accident_rnd/ACCIDENT_dataset/real_videos/EN-JKUXkwPQ_4_00.mp4,ACCIDENT-real,t-bone,accident,1,weak_clip_event_window,4.28,24.53271,105,480,360,train,World,World::signalized_intersection,7,105,accident_time=2.28;type=t-bone
EN-JKUXkwPQ_6_00__accident,/autodl-fs/data/traffic_accident_rnd/ACCIDENT_dataset/real_videos/EN-JKUXkwPQ_6_00.mp4,ACCIDENT-real,t-bone,accident,1,weak_clip_event_window,7.36,22.690217,167,480,360,train,World,World::signalized_intersection,30,166,accident_time=3.32;type=t-bone
EN-JKUXkwPQ_7_00__accident,/autodl-fs/data/traffic_accident_rnd/ACCIDENT_dataset/real_videos/EN-JKUXkwPQ_7_00.mp4,ACCIDENT-real,t-bone,accident,1,weak_clip_event_window,8.6,24.534884,211,480,360,train,World,World::signalized_intersection,48,195,accident_time=3.96;type=t-bone
rNaMkFBhxmI_00__accident,/autodl-fs/data/traffic_accident_rnd/ACCIDENT_dataset/real_videos/rNaMkFBhxmI_00.mp4,ACCIDENT-real,single,accident,1,weak_clip_event_window,29.958333,12.250348,367,960,720,train,Virginia,Virginia::highway,0,65,accident_time=1.333333;type=single
7_GBBO6jreo_00__accident,/autodl-fs/data/traffic_accident_rnd/ACCIDENT_dataset/real_videos/7_GBBO6jreo_00.mp4,ACCIDENT-real,head-on,accident,1,weak_clip_event_window,25.933333,25.064267,650,1280,720,test,World,World::highway,105,255,accident_time=6.200000000000001;type=head-on
7_GBBO6jreo_00__pre_event_non_accident,/autodl-fs/data/traffic_accident_rnd/ACCIDENT_dataset/real_videos/7_GBBO6jreo_00.mp4,ACCIDENT-real,head-on,non_accident,0,weak_clip_pre_event,25.933333,25.064267,650,1280,720,test,World,World::highway,0,80,derived_pre_accident_until=3.200;weak_negative=true
Bv1O4yUKzEo_00__accident,/autodl-fs/data/traffic_accident_rnd/ACCIDENT_dataset/real_videos/Bv1O4yUKzEo_00.mp4,ACCIDENT-real,single,accident,1,weak_clip_event_window,16.0,29.875,478,1620,1080,test,World,World::highway,82,262,accident_time=4.767;type=single
Bv1O4yUKzEo_00__pre_event_non_accident,/autodl-fs/data/traffic_accident_rnd/ACCIDENT_dataset/real_videos/Bv1O4yUKzEo_00.mp4,ACCIDENT-real,single,non_accident,0,weak_clip_pre_event,16.0,29.875,478,1620,1080,test,World,World::highway,0,53,derived_pre_accident_until=1.767;weak_negative=true
kj23OkxXMfU_00__accident,/autodl-fs/data/traffic_accident_rnd/ACCIDENT_dataset/real_videos/kj23OkxXMfU_00.mp4,ACCIDENT-real,single,accident,1,weak_clip_event_window,8.416667,15.089109,127,1080,720,test,Tennessee,Tennessee::grade_separated_intersection,79,127,accident_time=7.25;type=single
kj23OkxXMfU_00__pre_event_non_accident,/autodl-fs/data/traffic_accident_rnd/ACCIDENT_dataset/real_videos/kj23OkxXMfU_00.mp4,ACCIDENT-real,single,non_accident,0,weak_clip_pre_event,8.416667,15.089109,127,1080,720,test,Tennessee,Tennessee::grade_separated_intersection,0,64,derived_pre_accident_until=4.250;weak_negative=true
XqNrTjSsGrg_00__accident,/autodl-fs/data/traffic_accident_rnd/ACCIDENT_dataset/real_videos/XqNrTjSsGrg_00.mp4,ACCIDENT-real,rear-end,accident,1,weak_clip_event_window,6.666667,29.7,198,1280,720,train,Alabama,Alabama::highway,58,198,accident_time=3.933;type=rear-end
eTF4L0hxKtI_00__accident,/autodl-fs/data/traffic_accident_rnd/ACCIDENT_dataset/real_videos/eTF4L0hxKtI_00.mp4,ACCIDENT-real,head-on,accident,1,weak_clip_event_window,30.041667,14.945908,449,1280,720,test,Alabama,Alabama::highway,134,224,accident_time=11.0;type=head-on
eTF4L0hxKtI_00__pre_event_non_accident,/autodl-fs/data/traffic_accident_rnd/ACCIDENT_dataset/real_videos/eTF4L0hxKtI_00.mp4,ACCIDENT-real,head-on,non_accident,0,weak_clip_pre_event,30.041667,14.945908,449,1280,720,test,Alabama,Alabama::highway,0,120,derived_pre_accident_until=8.000;weak_negative=true
NcksItQU_i0_00__accident,/autodl-fs/data/traffic_accident_rnd/ACCIDENT_dataset/real_videos/NcksItQU_i0_00.mp4,ACCIDENT-real,rear-end,accident,1,weak_clip_event_window,23.166667,8.244604,191,1280,720,test,Arkansas,Arkansas::highway,12,61,accident_time=3.375;type=rear-end
Rnip1LReTsg_00__accident,/autodl-fs/data/traffic_accident_rnd/ACCIDENT_dataset/real_videos/Rnip1LReTsg_00.mp4,ACCIDENT-real,rear-end,accident,1,weak_clip_event_window,30.041667,19.972261,600,1280,720,test,Arkansas,Arkansas::highway,151,271,accident_time=9.583;type=rear-end
Rnip1LReTsg_00__pre_event_non_accident,/autodl-fs/data/traffic_accident_rnd/ACCIDENT_dataset/real_videos/Rnip1LReTsg_00.mp4,ACCIDENT-real,rear-end,non_accident,0,weak_clip_pre_event,30.041667,19.972261,600,1280,720,test,Arkansas,Arkansas::highway,0,131,derived_pre_accident_until=6.583;weak_negative=true
H7tS58aI1rM_00__accident,/autodl-fs/data/traffic_accident_rnd/ACCIDENT_dataset/real_videos/H7tS58aI1rM_00.mp4,ACCIDENT-real,t-bone,accident,1,weak_clip_event_window,30.0,14.166667,425,960,720,test,Virginia,Virginia::signalized_intersection,45,130,accident_time=5.125;type=t-bone
H7tS58aI1rM_00__pre_event_non_accident,/autodl-fs/data/traffic_accident_rnd/ACCIDENT_dataset/real_videos/H7tS58aI1rM_00.mp4,ACCIDENT-real,t-bone,non_accident,0,weak_clip_pre_event,30.0,14.166667,425,960,720,test,Virginia,Virginia::signalized_intersection,0,30,derived_pre_accident_until=2.125;weak_negative=true
rAqvr6D_CwU_00__accident,/autodl-fs/data/traffic_accident_rnd/ACCIDENT_dataset/real_videos/rAqvr6D_CwU_00.mp4,ACCIDENT-real,rear-end,accident,1,weak_clip_event_window,30.066667,15.033259,452,1280,720,train,Georgia,Georgia::highway,271,361,accident_time=20.0;type=rear-end
rAqvr6D_CwU_00__pre_event_non_accident,/autodl-fs/data/traffic_accident_rnd/ACCIDENT_dataset/real_videos/rAqvr6D_CwU_00.mp4,ACCIDENT-real,rear-end,non_accident,0,weak_clip_pre_event,30.066667,15.033259,452,1280,720,train,Georgia,Georgia::highway,0,256,derived_pre_accident_until=17.000;weak_negative=true
a5AAO2Kcnhg_00__accident,/autodl-fs/data/traffic_accident_rnd/ACCIDENT_dataset/real_videos/a5AAO2Kcnhg_00.mp4,ACCIDENT-real,head-on,accident,1,weak_clip_event_window,30.041667,14.979196,450,1280,720,test,Georgia,Georgia::highway,239,329,accident_time=17.958;type=head-on
a5AAO2Kcnhg_00__pre_event_non_accident,/autodl-fs/data/traffic_accident_rnd/ACCIDENT_dataset/real_videos/a5AAO2Kcnhg_00.mp4,ACCIDENT-real,head-on,non_accident,0,weak_clip_pre_event,30.041667,14.979196,450,1280,720,test,Georgia,Georgia::highway,0,224,derived_pre_accident_until=14.958;weak_negative=true
AdbmoLPWCUo_00__accident,/autodl-fs/data/traffic_accident_rnd/ACCIDENT_dataset/real_videos/AdbmoLPWCUo_00.mp4,ACCIDENT-real,t-bone,accident,1,weak_clip_event_window,5.7,30.0,171,1080,720,test,Minnesota,Minnesota::signalized_intersection,33,171,accident_time=3.1;type=t-bone
g-JnlWPEZd4_00__accident,/autodl-fs/data/traffic_accident_rnd/ACCIDENT_dataset/real_videos/g-JnlWPEZd4_00.mp4,ACCIDENT-real,head-on,accident,1,weak_clip_event_window,30.033333,30.0,901,1920,1080,test,World,World::highway,161,341,accident_time=7.367;type=head-on
g-JnlWPEZd4_00__pre_event_non_accident,/autodl-fs/data/traffic_accident_rnd/ACCIDENT_dataset/real_videos/g-JnlWPEZd4_00.mp4,ACCIDENT-real,head-on,non_accident,0,weak_clip_pre_event,30.033333,30.0,901,1920,1080,test,World,World::highway,0,131,derived_pre_accident_until=4.367;weak_negative=true
jBZOG3jhKp4_00__accident,/autodl-fs/data/traffic_accident_rnd/ACCIDENT_dataset/real_videos/jBZOG3jhKp4_00.mp4,ACCIDENT-real,single,accident,1,weak_clip_event_window,12.541667,11.880399,149,960,720,test,Virginia,Virginia::highway,12,84,accident_time=3.041667;type=single
aQRTpyTLTV0_00__accident,/autodl-fs/data/traffic_accident_rnd/ACCIDENT_dataset/real_videos/aQRTpyTLTV0_00.mp4,ACCIDENT-real,single,accident,1,weak_clip_event_window,30.041667,14.979196,450,960,720,test,Virginia,Virginia::grade_separated_intersection,51,141,accident_time=5.417;type=single
aQRTpyTLTV0_00__pre_event_non_accident,/autodl-fs/data/traffic_accident_rnd/ACCIDENT_dataset/real_videos/aQRTpyTLTV0_00.mp4,ACCIDENT-real,single,non_accident,0,weak_clip_pre_event,30.041667,14.979196,450,960,720,test,Virginia,Virginia::grade_separated_intersection,0,36,derived_pre_accident_until=2.417;weak_negative=true
AJjnEMemjDk_00__accident,/autodl-fs/data/traffic_accident_rnd/ACCIDENT_dataset/real_videos/AJjnEMemjDk_00.mp4,ACCIDENT-real,single,accident,1,weak_clip_event_window,12.5,15.04,188,936,720,test,Tennessee,Tennessee::highway,37,127,accident_time=4.459;type=single
AJjnEMemjDk_00__pre_event_non_accident,/autodl-fs/data/traffic_accident_rnd/ACCIDENT_dataset/real_videos/AJjnEMemjDk_00.mp4,ACCIDENT-real,single,non_accident,0,weak_clip_pre_event,12.5,15.04,188,936,720,test,Tennessee,Tennessee::highway,0,22,derived_pre_accident_until=1.459;weak_negative=true
YQG_FvZM9pg_00__accident,/autodl-fs/data/traffic_accident_rnd/ACCIDENT_dataset/real_videos/YQG_FvZM9pg_00.mp4,ACCIDENT-real,rear-end,accident,1,weak_clip_event_window,15.166667,15.098901,229,1280,720,test,Virginia,Virginia::highway,66,156,accident_time=6.375;type=rear-end
YQG_FvZM9pg_00__pre_event_non_accident,/autodl-fs/data/traffic_accident_rnd/ACCIDENT_dataset/real_videos/YQG_FvZM9pg_00.mp4,ACCIDENT-real,rear-end,non_accident,0,weak_clip_pre_event,15.166667,15.098901,229,1280,720,test,Virginia,Virginia::highway,0,51,derived_pre_accident_until=3.375;weak_negative=true
PNXLwYc7TFo_00__accident,/autodl-fs/data/traffic_accident_rnd/ACCIDENT_dataset/real_videos/PNXLwYc7TFo_00.mp4,ACCIDENT-real,rear-end,accident,1,weak_clip_event_window,15.433333,14.967603,231,1280,720,train,Alabama,Alabama::highway,73,163,accident_time=6.867;type=rear-end
PNXLwYc7TFo_00__pre_event_non_accident,/autodl-fs/data/traffic_accident_rnd/ACCIDENT_dataset/real_videos/PNXLwYc7TFo_00.mp4,ACCIDENT-real,rear-end,non_accident,0,weak_clip_pre_event,15.433333,14.967603,231,1280,720,train,Alabama,Alabama::highway,0,58,derived_pre_accident_until=3.867;weak_negative=true
qRIoLYMJVcs_00__accident,/autodl-fs/data/traffic_accident_rnd/ACCIDENT_dataset/real_videos/qRIoLYMJVcs_00.mp4,ACCIDENT-real,single,accident,1,weak_clip_event_window,30.25,15.173554,459,1280,720,test,Arkansas,Arkansas::highway,150,241,accident_time=11.875;type=single
qRIoLYMJVcs_00__pre_event_non_accident,/autodl-fs/data/traffic_accident_rnd/ACCIDENT_dataset/real_videos/qRIoLYMJVcs_00.mp4,ACCIDENT-real,single,non_accident,0,weak_clip_pre_event,30.25,15.173554,459,1280,720,test,Arkansas,Arkansas::highway,0,135,derived_pre_accident_until=8.875;weak_negative=true
xKSqovMmBhw_00__accident,/autodl-fs/data/traffic_accident_rnd/ACCIDENT_dataset/real_videos/xKSqovMmBhw_00.mp4,ACCIDENT-real,rear-end,accident,1,weak_clip_event_window,30.0,10.133333,304,352,240,test,Alabama,Alabama::highway,173,234,accident_time=19.0;type=rear-end
xKSqovMmBhw_00__pre_event_non_accident,/autodl-fs/data/traffic_accident_rnd/ACCIDENT_dataset/real_videos/xKSqovMmBhw_00.mp4,ACCIDENT-real,rear-end,non_accident,0,weak_clip_pre_event,30.0,10.133333,304,352,240,test,Alabama,Alabama::highway,0,162,derived_pre_accident_until=16.000;weak_negative=true
GnpwLP2THmM_0_00__accident,/autodl-fs/data/traffic_accident_rnd/ACCIDENT_dataset/real_videos/GnpwLP2THmM_0_00.mp4,ACCIDENT-real,t-bone,accident,1,weak_clip_event_window,3.9039,29.97003,117,1280,720,train,World,World::signalized_intersection,0,117,accident_time=2.002;type=t-bone
GnpwLP2THmM_1_00__accident,/autodl-fs/data/traffic_accident_rnd/ACCIDENT_dataset/real_videos/GnpwLP2THmM_1_00.mp4,ACCIDENT-real,t-bone,accident,1,weak_clip_event_window,7.040367,29.97003,211,1280,720,train,World,World::signalized_intersection,27,207,accident_time=2.9029;type=t-bone
GnpwLP2THmM_10_00__accident,/autodl-fs/data/traffic_accident_rnd/ACCIDENT_dataset/real_videos/GnpwLP2THmM_10_00.mp4,ACCIDENT-real,t-bone,accident,1,weak_clip_event_window,5.472133,29.604542,162,1280,720,train,World,World::signalized_intersection,0,151,accident_time=1.1011;type=t-bone
GnpwLP2THmM_2_00__accident,/autodl-fs/data/traffic_accident_rnd/ACCIDENT_dataset/real_videos/GnpwLP2THmM_2_00.mp4,ACCIDENT-real,t-bone,accident,1,weak_clip_event_window,5.338667,29.595405,158,1280,720,train,World,World::signalized_intersection,0,157,accident_time=1.3013;type=t-bone
GnpwLP2THmM_3_00__accident,/autodl-fs/data/traffic_accident_rnd/ACCIDENT_dataset/real_videos/GnpwLP2THmM_3_00.mp4,ACCIDENT-real,t-bone,accident,1,weak_clip_event_window,6.6066,29.97003,198,1280,720,train,World,World::signalized_intersection,1,181,accident_time=2.035367;type=t-bone
GnpwLP2THmM_4_00__accident,/autodl-fs/data/traffic_accident_rnd/ACCIDENT_dataset/real_videos/GnpwLP2THmM_4_00.mp4,ACCIDENT-real,t-bone,accident,1,weak_clip_event_window,6.2062,29.647772,184,1280,720,train,World,World::signalized_intersection,0,178,accident_time=2.002;type=t-bone
GnpwLP2THmM_5_00__accident,/autodl-fs/data/traffic_accident_rnd/ACCIDENT_dataset/real_videos/GnpwLP2THmM_5_00.mp4,ACCIDENT-real,t-bone,accident,1,weak_clip_event_window,3.003,15.318015,46,1280,720,train,World,World::signalized_intersection,3,46,accident_time=2.2022;type=t-bone
GnpwLP2THmM_6_00__accident,/autodl-fs/data/traffic_accident_rnd/ACCIDENT_dataset/real_videos/GnpwLP2THmM_6_00.mp4,ACCIDENT-real,t-bone,accident,1,weak_clip_event_window,5.772433,29.623556,171,1280,720,train,World,World::signalized_intersection,0,159,accident_time=1.368033;type=t-bone
GnpwLP2THmM_7_00__accident,/autodl-fs/data/traffic_accident_rnd/ACCIDENT_dataset/real_videos/GnpwLP2THmM_7_00.mp4,ACCIDENT-real,t-bone,accident,1,weak_clip_event_window,4.270933,29.501748,126,1280,720,train,World,World::signalized_intersection,0,126,accident_time=1.668333;type=t-bone
GnpwLP2THmM_9_00__accident,/autodl-fs/data/traffic_accident_rnd/ACCIDENT_dataset/real_videos/GnpwLP2THmM_9_00.mp4,ACCIDENT-real,t-bone,accident,1,weak_clip_event_window,7.574233,29.97003,227,1280,720,train,World,World::signalized_intersection,13,193,accident_time=2.435767;type=t-bone
HD6QGx9d8ow_0_00__accident,/autodl-fs/data/traffic_accident_rnd/ACCIDENT_dataset/real_videos/HD6QGx9d8ow_0_00.mp4,ACCIDENT-real,rear-end,accident,1,weak_clip_event_window,7.3073,29.696331,217,1280,720,train,World,World::signalized_intersection,10,188,accident_time=2.335667;type=rear-end
HD6QGx9d8ow_1_00__accident,/autodl-fs/data/traffic_accident_rnd/ACCIDENT_dataset/real_videos/HD6QGx9d8ow_1_00.mp4,ACCIDENT-real,rear-end,accident,1,weak_clip_event_window,7.374033,29.698808,219,1280,720,train,World,World::signalized_intersection,31,209,accident_time=3.036367;type=rear-end
xDNd4r5dECc_00__accident,/autodl-fs/data/traffic_accident_rnd/ACCIDENT_dataset/real_videos/xDNd4r5dECc_00.mp4,ACCIDENT-real,rear-end,accident,1,weak_clip_event_window,29.958333,15.020862,450,1280,720,test,Georgia,Georgia::highway,106,196,accident_time=9.083;type=rear-end
xDNd4r5dECc_00__pre_event_non_accident,/autodl-fs/data/traffic_accident_rnd/ACCIDENT_dataset/real_videos/xDNd4r5dECc_00.mp4,ACCIDENT-real,rear-end,non_accident,0,weak_clip_pre_event,29.958333,15.020862,450,1280,720,test,Georgia,Georgia::highway,0,91,derived_pre_accident_until=6.083;weak_negative=true
K98k1MB8rps_00__accident,/autodl-fs/data/traffic_accident_rnd/ACCIDENT_dataset/real_videos/K98k1MB8rps_00.mp4,ACCIDENT-real,single,accident,1,weak_clip_event_window,10.433333,29.808307,311,1620,1080,test,Minnesota,Minnesota::grade_separated_intersection,63,242,accident_time=4.133;type=single
K98k1MB8rps_00__pre_event_non_accident,/autodl-fs/data/traffic_accident_rnd/ACCIDENT_dataset/real_videos/K98k1MB8rps_00.mp4,ACCIDENT-real,single,non_accident,0,weak_clip_pre_event,10.433333,29.808307,311,1620,1080,test,Minnesota,Minnesota::grade_separated_intersection,0,34,derived_pre_accident_until=1.133;weak_negative=true
EWacZjLgE18_00__accident,/autodl-fs/data/traffic_accident_rnd/ACCIDENT_dataset/real_videos/EWacZjLgE18_00.mp4,ACCIDENT-real,rear-end,accident,1,weak_clip_event_window,29.958333,15.020862,450,960,720,test,Virginia,Virginia::highway,26,116,accident_time=3.75;type=rear-end
7NMgRqMghNs_00__accident,/autodl-fs/data/traffic_accident_rnd/ACCIDENT_dataset/real_videos/7NMgRqMghNs_00.mp4,ACCIDENT-real,sideswipe,accident,1,weak_clip_event_window,25.253479,15.047431,380,854,384,test,Virginia,Virginia::highway,140,230,accident_time=11.273;type=sideswipe
7NMgRqMghNs_00__pre_event_non_accident,/autodl-fs/data/traffic_accident_rnd/ACCIDENT_dataset/real_videos/7NMgRqMghNs_00.mp4,ACCIDENT-real,sideswipe,non_accident,0,weak_clip_pre_event,25.253479,15.047431,380,854,384,test,Virginia,Virginia::highway,0,124,derived_pre_accident_until=8.273;weak_negative=true
SBIUNqe_XTk_00__accident,/autodl-fs/data/traffic_accident_rnd/ACCIDENT_dataset/real_videos/SBIUNqe_XTk_00.mp4,ACCIDENT-real,single,accident,1,weak_clip_event_window,29.966667,15.083426,452,720,480,train,Alabama,Alabama::grade_separated_intersection,52,142,accident_time=5.467;type=single
SBIUNqe_XTk_00__pre_event_non_accident,/autodl-fs/data/traffic_accident_rnd/ACCIDENT_dataset/real_videos/SBIUNqe_XTk_00.mp4,ACCIDENT-real,single,non_accident,0,weak_clip_pre_event,29.966667,15.083426,452,720,480,train,Alabama,Alabama::grade_separated_intersection,0,37,derived_pre_accident_until=2.467;weak_negative=true
oYaZpc8SL9c_00__accident,/autodl-fs/data/traffic_accident_rnd/ACCIDENT_dataset/real_videos/oYaZpc8SL9c_00.mp4,ACCIDENT-real,t-bone,accident,1,weak_clip_event_window,30.0,8.933333,268,1080,720,test,Alabama,Alabama::signalized_intersection,1,55,accident_time=2.125;type=t-bone
JZcTEwl1Od4_00__accident,/autodl-fs/data/traffic_accident_rnd/ACCIDENT_dataset/real_videos/JZcTEwl1Od4_00.mp4,ACCIDENT-real,t-bone,accident,1,weak_clip_event_window,30.0,27.933333,838,1280,720,test,Alabama,Alabama::signalized_intersection,138,306,accident_time=6.933;type=t-bone
JZcTEwl1Od4_00__pre_event_non_accident,/autodl-fs/data/traffic_accident_rnd/ACCIDENT_dataset/real_videos/JZcTEwl1Od4_00.mp4,ACCIDENT-real,t-bone,non_accident,0,weak_clip_pre_event,30.0,27.933333,838,1280,720,test,Alabama,Alabama::signalized_intersection,0,110,derived_pre_accident_until=3.933;weak_negative=true
-RE3XseZINA_00__accident,/autodl-fs/data/traffic_accident_rnd/ACCIDENT_dataset/real_videos/-RE3XseZINA_00.mp4,ACCIDENT-real,rear-end,accident,1,weak_clip_event_window,30.333333,12.989011,394,1080,720,train,Alabama,Alabama::highway,272,350,accident_time=22.958;type=rear-end
-RE3XseZINA_00__pre_event_non_accident,/autodl-fs/data/traffic_accident_rnd/ACCIDENT_dataset/real_videos/-RE3XseZINA_00.mp4,ACCIDENT-real,rear-end,non_accident,0,weak_clip_pre_event,30.333333,12.989011,394,1080,720,train,Alabama,Alabama::highway,0,259,derived_pre_accident_until=19.958;weak_negative=true
eSs-IaQJQtc_00__accident,/autodl-fs/data/traffic_accident_rnd/ACCIDENT_dataset/real_videos/eSs-IaQJQtc_00.mp4,ACCIDENT-real,rear-end,accident,1,weak_clip_event_window,30.033333,29.300777,880,1280,720,test,Alabama,Alabama::highway,242,418,accident_time=10.267;type=rear-end
eSs-IaQJQtc_00__pre_event_non_accident,/autodl-fs/data/traffic_accident_rnd/ACCIDENT_dataset/real_videos/eSs-IaQJQtc_00.mp4,ACCIDENT-real,rear-end,non_accident,0,weak_clip_pre_event,30.033333,29.300777,880,1280,720,test,Alabama,Alabama::highway,0,213,derived_pre_accident_until=7.267;weak_negative=true
v-XEgdEkmEk_00__accident,/autodl-fs/data/traffic_accident_rnd/ACCIDENT_dataset/real_videos/v-XEgdEkmEk_00.mp4,ACCIDENT-real,head-on,accident,1,weak_clip_event_window,30.041667,14.945908,449,960,720,test,Alabama,Alabama::highway,72,162,accident_time=6.792;type=head-on
v-XEgdEkmEk_00__pre_event_non_accident,/autodl-fs/data/traffic_accident_rnd/ACCIDENT_dataset/real_videos/v-XEgdEkmEk_00.mp4,ACCIDENT-real,head-on,non_accident,0,weak_clip_pre_event,30.041667,14.945908,449,960,720,test,Alabama,Alabama::highway,0,57,derived_pre_accident_until=3.792;weak_negative=true
I2syQkUAm0g_00__accident,/autodl-fs/data/traffic_accident_rnd/ACCIDENT_dataset/real_videos/I2syQkUAm0g_00.mp4,ACCIDENT-real,rear-end,accident,1,weak_clip_event_window,30.066667,14.966741,450,1620,1080,test,Alabama,Alabama::signalized_intersection,88,178,accident_time=7.867;type=rear-end
I2syQkUAm0g_00__pre_event_non_accident,/autodl-fs/data/traffic_accident_rnd/ACCIDENT_dataset/real_videos/I2syQkUAm0g_00.mp4,ACCIDENT-real,rear-end,non_accident,0,weak_clip_pre_event,30.066667,14.966741,450,1620,1080,test,Alabama,Alabama::signalized_intersection,0,73,derived_pre_accident_until=4.867;weak_negative=true
cTv27dfHJKM_00__accident,/autodl-fs/data/traffic_accident_rnd/ACCIDENT_dataset/real_videos/cTv27dfHJKM_00.mp4,ACCIDENT-real,sideswipe,accident,1,weak_clip_event_window,30.041667,15.079057,453,1280,720,test,Alabama,Alabama::highway,5,95,accident_time=2.292;type=sideswipe
ngcjihGL0zg_00__accident,/autodl-fs/data/traffic_accident_rnd/ACCIDENT_dataset/real_videos/ngcjihGL0zg_00.mp4,ACCIDENT-real,single,accident,1,weak_clip_event_window,8.75,15.085714,132,1280,720,test,Alabama,Alabama::highway,7,97,accident_time=2.458;type=single
_lcVYPMK8RY_00__accident,/autodl-fs/data/traffic_accident_rnd/ACCIDENT_dataset/real_videos/_lcVYPMK8RY_00.mp4,ACCIDENT-real,t-bone,accident,1,weak_clip_event_window,17.0,9.411765,160,1280,720,test,Alabama,Alabama::signalized_intersection,117,160,accident_time=14.5;type=t-bone
_lcVYPMK8RY_00__pre_event_non_accident,/autodl-fs/data/traffic_accident_rnd/ACCIDENT_dataset/real_videos/_lcVYPMK8RY_00.mp4,ACCIDENT-real,t-bone,non_accident,0,weak_clip_pre_event,17.0,9.411765,160,1280,720,test,Alabama,Alabama::signalized_intersection,0,108,derived_pre_accident_until=11.500;weak_negative=true
3Si9WUEcmK8_00__accident,/autodl-fs/data/traffic_accident_rnd/ACCIDENT_dataset/real_videos/3Si9WUEcmK8_00.mp4,ACCIDENT-real,single,accident,1,weak_clip_event_window,5.75,14.26087,82,1080,720,test,Alabama,Alabama::grade_separated_intersection,11,82,accident_time=2.792;type=single
OoflvRjRL_Q_00__accident,/autodl-fs/data/traffic_accident_rnd/ACCIDENT_dataset/real_videos/OoflvRjRL_Q_00.mp4,ACCIDENT-real,t-bone,accident,1,weak_clip_event_window,12.5,14.96,187,1056,720,test,Alabama,Alabama::signalized_intersection,20,110,accident_time=3.375;type=t-bone
69UT4E3LoAc_00__accident,/autodl-fs/data/traffic_accident_rnd/ACCIDENT_dataset/real_videos/69UT4E3LoAc_00.mp4,ACCIDENT-real,t-bone,accident,1,weak_clip_event_window,30.033333,14.983352,450,1620,1080,test,Alabama,Alabama::signalized_intersection,101,191,accident_time=8.767;type=t-bone
69UT4E3LoAc_00__pre_event_non_accident,/autodl-fs/data/traffic_accident_rnd/ACCIDENT_dataset/real_videos/69UT4E3LoAc_00.mp4,ACCIDENT-real,t-bone,non_accident,0,weak_clip_pre_event,30.033333,14.983352,450,1620,1080,test,Alabama,Alabama::signalized_intersection,0,86,derived_pre_accident_until=5.767;weak_negative=true
LtBosyZywWw_00__accident,/autodl-fs/data/traffic_accident_rnd/ACCIDENT_dataset/real_videos/LtBosyZywWw_00.mp4,ACCIDENT-real,t-bone,accident,1,weak_clip_event_window,15.25,14.754098,225,1080,720,test,Alabama,Alabama::signalized_intersection,23,112,accident_time=3.583;type=t-bone
eUAbFjZa1MI_00__accident,/autodl-fs/data/traffic_accident_rnd/ACCIDENT_dataset/real_videos/eUAbFjZa1MI_00.mp4,ACCIDENT-real,t-bone,accident,1,weak_clip_event_window,30.041667,15.012483,451,1080,720,test,Alabama,Alabama::signalized_intersection,17,107,accident_time=3.125;type=t-bone
TAx0an0Jo84_00__accident,/autodl-fs/data/traffic_accident_rnd/ACCIDENT_dataset/real_videos/TAx0an0Jo84_00.mp4,ACCIDENT-real,single,accident,1,weak_clip_event_window,30.0,15.066667,452,1080,720,train,Alabama,Alabama::highway,50,140,accident_time=5.333;type=single
TAx0an0Jo84_00__pre_event_non_accident,/autodl-fs/data/traffic_accident_rnd/ACCIDENT_dataset/real_videos/TAx0an0Jo84_00.mp4,ACCIDENT-real,single,non_accident,0,weak_clip_pre_event,30.0,15.066667,452,1080,720,train,Alabama,Alabama::highway,0,35,derived_pre_accident_until=2.333;weak_negative=true
29O6I-sITyw_00__accident,/autodl-fs/data/traffic_accident_rnd/ACCIDENT_dataset/real_videos/29O6I-sITyw_00.mp4,ACCIDENT-real,single,accident,1,weak_clip_event_window,30.0,14.966667,449,1080,720,train,Alabama,Alabama::highway,36,126,accident_time=4.417;type=single
29O6I-sITyw_00__pre_event_non_accident,/autodl-fs/data/traffic_accident_rnd/ACCIDENT_dataset/real_videos/29O6I-sITyw_00.mp4,ACCIDENT-real,single,non_accident,0,weak_clip_pre_event,30.0,14.966667,449,1080,720,train,Alabama,Alabama::highway,0,21,derived_pre_accident_until=1.417;weak_negative=true
I2qAsVRZSkc_00__accident,/autodl-fs/data/traffic_accident_rnd/ACCIDENT_dataset/real_videos/I2qAsVRZSkc_00.mp4,ACCIDENT-real,single,accident,1,weak_clip_event_window,30.0,29.966667,899,1280,720,train,Alabama,Alabama::highway,178,358,accident_time=7.933;type=single
I2qAsVRZSkc_00__pre_event_non_accident,/autodl-fs/data/traffic_accident_rnd/ACCIDENT_dataset/real_videos/I2qAsVRZSkc_00.mp4,ACCIDENT-real,single,non_accident,0,weak_clip_pre_event,30.0,29.966667,899,1280,720,train,Alabama,Alabama::highway,0,148,derived_pre_accident_until=4.933;weak_negative=true
EYPYs2UKPmE_00__accident,/autodl-fs/data/traffic_accident_rnd/ACCIDENT_dataset/real_videos/EYPYs2UKPmE_00.mp4,ACCIDENT-real,t-bone,accident,1,weak_clip_event_window,24.5,15.020408,368,1280,720,test,Alabama,Alabama::highway,3,93,accident_time=2.208;type=t-bone
LsXzcdBISgw_00__accident,/autodl-fs/data/traffic_accident_rnd/ACCIDENT_dataset/real_videos/LsXzcdBISgw_00.mp4,ACCIDENT-real,sideswipe,accident,1,weak_clip_event_window,30.041667,10.485437,315,1280,720,train,Alabama,Alabama::highway,57,120,accident_time=7.458;type=sideswipe
LsXzcdBISgw_00__pre_event_non_accident,/autodl-fs/data/traffic_accident_rnd/ACCIDENT_dataset/real_videos/LsXzcdBISgw_00.mp4,ACCIDENT-real,sideswipe,non_accident,0,weak_clip_pre_event,30.041667,10.485437,315,1280,720,train,Alabama,Alabama::highway,0,47,derived_pre_accident_until=4.458;weak_negative=true
udz8ku0RP6Q_00__accident,/autodl-fs/data/traffic_accident_rnd/ACCIDENT_dataset/real_videos/udz8ku0RP6Q_00.mp4,ACCIDENT-real,single,accident,1,weak_clip_event_window,30.133333,14.933628,450,1280,720,test,Virginia,Virginia::highway,69,159,accident_time=6.6;type=single
udz8ku0RP6Q_00__pre_event_non_accident,/autodl-fs/data/traffic_accident_rnd/ACCIDENT_dataset/real_videos/udz8ku0RP6Q_00.mp4,ACCIDENT-real,single,non_accident,0,weak_clip_pre_event,30.133333,14.933628,450,1280,720,test,Virginia,Virginia::highway,0,54,derived_pre_accident_until=3.600;weak_negative=true
QUvymz7GOQc_00__accident,/autodl-fs/data/traffic_accident_rnd/ACCIDENT_dataset/real_videos/QUvymz7GOQc_00.mp4,ACCIDENT-real,sideswipe,accident,1,weak_clip_event_window,29.916667,8.022284,240,1280,720,test,Arkansas,Arkansas::highway,17,65,accident_time=4.125;type=sideswipe
QUvymz7GOQc_00__pre_event_non_accident,/autodl-fs/data/traffic_accident_rnd/ACCIDENT_dataset/real_videos/QUvymz7GOQc_00.mp4,ACCIDENT-real,sideswipe,non_accident,0,weak_clip_pre_event,29.916667,8.022284,240,1280,720,test,Arkansas,Arkansas::highway,0,9,derived_pre_accident_until=1.125;weak_negative=true
bEwsn-J8API_00__accident,/autodl-fs/data/traffic_accident_rnd/ACCIDENT_dataset/real_videos/bEwsn-J8API_00.mp4,ACCIDENT-real,rear-end,accident,1,weak_clip_event_window,30.0,8.033333,241,1280,720,test,Arkansas,Arkansas::highway,20,68,accident_time=4.542;type=rear-end
bEwsn-J8API_00__pre_event_non_accident,/autodl-fs/data/traffic_accident_rnd/ACCIDENT_dataset/real_videos/bEwsn-J8API_00.mp4,ACCIDENT-real,rear-end,non_accident,0,weak_clip_pre_event,30.0,8.033333,241,1280,720,test,Arkansas,Arkansas::highway,0,12,derived_pre_accident_until=1.542;weak_negative=true
TDlmnB9JOHk_00__accident,/autodl-fs/data/traffic_accident_rnd/ACCIDENT_dataset/real_videos/TDlmnB9JOHk_00.mp4,ACCIDENT-real,sideswipe,accident,1,weak_clip_event_window,30.041667,5.991678,180,1280,720,test,Arkansas,Arkansas::highway,41,77,accident_time=8.917;type=sideswipe
TDlmnB9JOHk_00__pre_event_non_accident,/autodl-fs/data/traffic_accident_rnd/ACCIDENT_dataset/real_videos/TDlmnB9JOHk_00.mp4,ACCIDENT-real,sideswipe,non_accident,0,weak_clip_pre_event,30.041667,5.991678,180,1280,720,test,Arkansas,Arkansas::highway,0,35,derived_pre_accident_until=5.917;weak_negative=true
Tk2ebvISDlk_00__accident,/autodl-fs/data/traffic_accident_rnd/ACCIDENT_dataset/real_videos/Tk2ebvISDlk_00.mp4,ACCIDENT-real,rear-end,accident,1,weak_clip_event_window,22.916667,8.029091,184,1280,720,test,Arkansas,Arkansas::highway,0,45,accident_time=1.625;type=rear-end
oqzyCtlqYUw_00__accident,/autodl-fs/data/traffic_accident_rnd/ACCIDENT_dataset/real_videos/oqzyCtlqYUw_00.mp4,ACCIDENT-real,rear-end,accident,1,weak_clip_event_window,30.083333,8.110803,244,1280,720,test,Arkansas,Arkansas::highway,38,86,accident_time=6.708;type=rear-end
oqzyCtlqYUw_00__pre_event_non_accident,/autodl-fs/data/traffic_accident_rnd/ACCIDENT_dataset/real_videos/oqzyCtlqYUw_00.mp4,ACCIDENT-real,rear-end,non_accident,0,weak_clip_pre_event,30.083333,8.110803,244,1280,720,test,Arkansas,Arkansas::highway,0,30,derived_pre_accident_until=3.708;weak_negative=true
VbJ0P0Ranrw_00__accident,/autodl-fs/data/traffic_accident_rnd/ACCIDENT_dataset/real_videos/VbJ0P0Ranrw_00.mp4,ACCIDENT-real,sideswipe,accident,1,weak_clip_event_window,13.75,8.072727,111,1280,720,test,Arkansas,Arkansas::highway,0,37,accident_time=0.625;type=sideswipe
yzNEliTlFGk_00__accident,/autodl-fs/data/traffic_accident_rnd/ACCIDENT_dataset/real_videos/yzNEliTlFGk_00.mp4,ACCIDENT-real,rear-end,accident,1,weak_clip_event_window,29.875,8.033473,240,1280,720,test,Arkansas,Arkansas::highway,35,83,accident_time=6.375;type=rear-end
yzNEliTlFGk_00__pre_event_non_accident,/autodl-fs/data/traffic_accident_rnd/ACCIDENT_dataset/real_videos/yzNEliTlFGk_00.mp4,ACCIDENT-real,rear-end,non_accident,0,weak_clip_pre_event,29.875,8.033473,240,1280,720,test,Arkansas,Arkansas::highway,0,27,derived_pre_accident_until=3.375;weak_negative=true
x9KDw9QoeKs_00__accident,/autodl-fs/data/traffic_accident_rnd/ACCIDENT_dataset/real_videos/x9KDw9QoeKs_00.mp4,ACCIDENT-real,single,accident,1,weak_clip_event_window,10.541667,8.063241,85,1280,720,test,Arkansas,Arkansas::highway,33,81,accident_time=6.042;type=single
x9KDw9QoeKs_00__pre_event_non_accident,/autodl-fs/data/traffic_accident_rnd/ACCIDENT_dataset/real_videos/x9KDw9QoeKs_00.mp4,ACCIDENT-real,single,non_accident,0,weak_clip_pre_event,10.541667,8.063241,85,1280,720,test,Arkansas,Arkansas::highway,0,25,derived_pre_accident_until=3.042;weak_negative=true
F810q1TVR94_00__accident,/autodl-fs/data/traffic_accident_rnd/ACCIDENT_dataset/real_videos/F810q1TVR94_00.mp4,ACCIDENT-real,single,accident,1,weak_clip_event_window,30.083333,8.110803,244,1280,720,test,Arkansas,Arkansas::highway,119,167,accident_time=16.583333;type=single
F810q1TVR94_00__pre_event_non_accident,/autodl-fs/data/traffic_accident_rnd/ACCIDENT_dataset/real_videos/F810q1TVR94_00.mp4,ACCIDENT-real,single,non_accident,0,weak_clip_pre_event,30.083333,8.110803,244,1280,720,test,Arkansas,Arkansas::highway,0,110,derived_pre_accident_until=13.583;weak_negative=true
CfyyqTRMA6A_00__accident,/autodl-fs/data/traffic_accident_rnd/ACCIDENT_dataset/real_videos/CfyyqTRMA6A_00.mp4,ACCIDENT-real,single,accident,1,weak_clip_event_window,14.0,7.857143,110,1280,720,test,Arkansas,Arkansas::highway,21,68,accident_time=4.708333;type=single
CfyyqTRMA6A_00__pre_event_non_accident,/autodl-fs/data/traffic_accident_rnd/ACCIDENT_dataset/real_videos/CfyyqTRMA6A_00.mp4,ACCIDENT-real,single,non_accident,0,weak_clip_pre_event,14.0,7.857143,110,1280,720,test,Arkansas,Arkansas::highway,0,13,derived_pre_accident_until=1.708;weak_negative=true
nzxBMPZE-Ow_00__accident,/autodl-fs/data/traffic_accident_rnd/ACCIDENT_dataset/real_videos/nzxBMPZE-Ow_00.mp4,ACCIDENT-real,single,accident,1,weak_clip_event_window,29.958333,8.411683,252,1280,720,test,Arkansas,Arkansas::highway,32,83,accident_time=5.833;type=single
nzxBMPZE-Ow_00__pre_event_non_accident,/autodl-fs/data/traffic_accident_rnd/ACCIDENT_dataset/real_videos/nzxBMPZE-Ow_00.mp4,ACCIDENT-real,single,non_accident,0,weak_clip_pre_event,29.958333,8.411683,252,1280,720,test,Arkansas,Arkansas::highway,0,24,derived_pre_accident_until=2.833;weak_negative=true
Z0GQkjeJ28s_00__accident,/autodl-fs/data/traffic_accident_rnd/ACCIDENT_dataset/real_videos/Z0GQkjeJ28s_00.mp4,ACCIDENT-real,t-bone,accident,1,weak_clip_event_window,30.25,7.933884,240,1280,720,test,Arkansas,Arkansas::signalized_intersection,18,66,accident_time=4.333333;type=t-bone
Z0GQkjeJ28s_00__pre_event_non_accident,/autodl-fs/data/traffic_accident_rnd/ACCIDENT_dataset/real_videos/Z0GQkjeJ28s_00.mp4,ACCIDENT-real,t-bone,non_accident,0,weak_clip_pre_event,30.25,7.933884,240,1280,720,test,Arkansas,Arkansas::signalized_intersection,0,11,derived_pre_accident_until=1.333;weak_negative=true
Xu_5PuNK6Mc_00__accident,/autodl-fs/data/traffic_accident_rnd/ACCIDENT_dataset/real_videos/Xu_5PuNK6Mc_00.mp4,ACCIDENT-real,single,accident,1,weak_clip_event_window,29.916667,8.022284,240,1280,720,test,Arkansas,Arkansas::highway,6,54,accident_time=2.75;type=single
Aq_-v8khHjQ_00__accident,/autodl-fs/data/traffic_accident_rnd/ACCIDENT_dataset/real_videos/Aq_-v8khHjQ_00.mp4,ACCIDENT-real,rear-end,accident,1,weak_clip_event_window,27.875,5.991031,167,1280,720,test,Arkansas,Arkansas::highway,42,78,accident_time=9.083333;type=rear-end
Aq_-v8khHjQ_00__pre_event_non_accident,/autodl-fs/data/traffic_accident_rnd/ACCIDENT_dataset/real_videos/Aq_-v8khHjQ_00.mp4,ACCIDENT-real,rear-end,non_accident,0,weak_clip_pre_event,27.875,5.991031,167,1280,720,test,Arkansas,Arkansas::highway,0,36,derived_pre_accident_until=6.083;weak_negative=true
jCoAyWsIyv8_00__accident,/autodl-fs/data/traffic_accident_rnd/ACCIDENT_dataset/real_videos/jCoAyWsIyv8_00.mp4,ACCIDENT-real,single,accident,1,weak_clip_event_window,29.916667,8.022284,240,1280,720,test,Arkansas,Arkansas::highway,39,87,accident_time=6.875;type=single
jCoAyWsIyv8_00__pre_event_non_accident,/autodl-fs/data/traffic_accident_rnd/ACCIDENT_dataset/real_videos/jCoAyWsIyv8_00.mp4,ACCIDENT-real,single,non_accident,0,weak_clip_pre_event,29.916667,8.022284,240,1280,720,test,Arkansas,Arkansas::highway,0,31,derived_pre_accident_until=3.875;weak_negative=true
BdL1TIuXeuY_00__accident,/autodl-fs/data/traffic_accident_rnd/ACCIDENT_dataset/real_videos/BdL1TIuXeuY_00.mp4,ACCIDENT-real,sideswipe,accident,1,weak_clip_event_window,29.916667,8.022284,240,1280,720,test,Arkansas,Arkansas::highway,35,83,accident_time=6.375;type=sideswipe
BdL1TIuXeuY_00__pre_event_non_accident,/autodl-fs/data/traffic_accident_rnd/ACCIDENT_dataset/real_videos/BdL1TIuXeuY_00.mp4,ACCIDENT-real,sideswipe,non_accident,0,weak_clip_pre_event,29.916667,8.022284,240,1280,720,test,Arkansas,Arkansas::highway,0,27,derived_pre_accident_until=3.375;weak_negative=true
P1CKuvV6ma4_00__accident,/autodl-fs/data/traffic_accident_rnd/ACCIDENT_dataset/real_videos/P1CKuvV6ma4_00.mp4,ACCIDENT-real,sideswipe,accident,1,weak_clip_event_window,10.041667,15.136929,152,960,720,test,Virginia,Virginia::highway,32,123,accident_time=4.082999999999998;type=sideswipe
P1CKuvV6ma4_00__pre_event_non_accident,/autodl-fs/data/traffic_accident_rnd/ACCIDENT_dataset/real_videos/P1CKuvV6ma4_00.mp4,ACCIDENT-real,sideswipe,non_accident,0,weak_clip_pre_event,10.041667,15.136929,152,960,720,test,Virginia,Virginia::highway,0,16,derived_pre_accident_until=1.083;weak_negative=true
MLNUAH0Nc5w_00__accident,/autodl-fs/data/traffic_accident_rnd/ACCIDENT_dataset/real_videos/MLNUAH0Nc5w_00.mp4,ACCIDENT-real,t-bone,accident,1,weak_clip_event_window,29.958333,9.980529,299,960,720,test,Virginia,Virginia::signalized_intersection,35,95,accident_time=5.542;type=t-bone
MLNUAH0Nc5w_00__pre_event_non_accident,/autodl-fs/data/traffic_accident_rnd/ACCIDENT_dataset/real_videos/MLNUAH0Nc5w_00.mp4,ACCIDENT-real,t-bone,non_accident,0,weak_clip_pre_event,29.958333,9.980529,299,960,720,test,Virginia,Virginia::signalized_intersection,0,25,derived_pre_accident_until=2.542;weak_negative=true
7DnAOa6rGgg_00__accident,/autodl-fs/data/traffic_accident_rnd/ACCIDENT_dataset/real_videos/7DnAOa6rGgg_00.mp4,ACCIDENT-real,rear-end,accident,1,weak_clip_event_window,29.916667,7.554318,226,960,720,test,Virginia,Virginia::highway,23,68,accident_time=5.041666;type=rear-end
7DnAOa6rGgg_00__pre_event_non_accident,/autodl-fs/data/traffic_accident_rnd/ACCIDENT_dataset/real_videos/7DnAOa6rGgg_00.mp4,ACCIDENT-real,rear-end,non_accident,0,weak_clip_pre_event,29.916667,7.554318,226,960,720,test,Virginia,Virginia::highway,0,15,derived_pre_accident_until=2.042;weak_negative=true
ZGDoRBiCxEA_00__accident,/autodl-fs/data/traffic_accident_rnd/ACCIDENT_dataset/real_videos/ZGDoRBiCxEA_00.mp4,ACCIDENT-real,rear-end,accident,1,weak_clip_event_window,28.875,14.961039,432,960,720,train,Virginia,Virginia::highway,128,218,accident_time=10.542;type=rear-end
ZGDoRBiCxEA_00__pre_event_non_accident,/autodl-fs/data/traffic_accident_rnd/ACCIDENT_dataset/real_videos/ZGDoRBiCxEA_00.mp4,ACCIDENT-real,rear-end,non_accident,0,weak_clip_pre_event,28.875,14.961039,432,960,720,train,Virginia,Virginia::highway,0,113,derived_pre_accident_until=7.542;weak_negative=true
TWCg8QXjraw_00__accident,/autodl-fs/data/traffic_accident_rnd/ACCIDENT_dataset/real_videos/TWCg8QXjraw_00.mp4,ACCIDENT-real,rear-end,accident,1,weak_clip_event_window,30.0,10.0,300,960,720,test,Virginia,Virginia::highway,27,87,accident_time=4.708;type=rear-end
TWCg8QXjraw_00__pre_event_non_accident,/autodl-fs/data/traffic_accident_rnd/ACCIDENT_dataset/real_videos/TWCg8QXjraw_00.mp4,ACCIDENT-real,rear-end,non_accident,0,weak_clip_pre_event,30.0,10.0,300,960,720,test,Virginia,Virginia::highway,0,17,derived_pre_accident_until=1.708;weak_negative=true
h9aw9Upkwx4_00__accident,/autodl-fs/data/traffic_accident_rnd/ACCIDENT_dataset/real_videos/h9aw9Upkwx4_00.mp4,ACCIDENT-real,rear-end,accident,1,weak_clip_event_window,8.366667,9.920319,83,1920,1080,test,Virginia,Virginia::highway,14,74,accident_time=3.467;type=rear-end
h5WtldZ9-68_00__accident,/autodl-fs/data/traffic_accident_rnd/ACCIDENT_dataset/real_videos/h5WtldZ9-68_00.mp4,ACCIDENT-real,rear-end,accident,1,weak_clip_event_window,19.333333,14.948276,289,1280,720,test,Virginia,Virginia::highway,5,95,accident_time=2.333;type=rear-end
OPrn1pj3g5M_00__accident,/autodl-fs/data/traffic_accident_rnd/ACCIDENT_dataset/real_videos/OPrn1pj3g5M_00.mp4,ACCIDENT-real,rear-end,accident,1,weak_clip_event_window,30.033333,29.766926,894,1920,1080,test,World,World::highway,248,427,accident_time=10.333;type=rear-end
OPrn1pj3g5M_00__pre_event_non_accident,/autodl-fs/data/traffic_accident_rnd/ACCIDENT_dataset/real_videos/OPrn1pj3g5M_00.mp4,ACCIDENT-real,rear-end,non_accident,0,weak_clip_pre_event,30.033333,29.766926,894,1920,1080,test,World,World::highway,0,218,derived_pre_accident_until=7.333;weak_negative=true
H6A3xLciOZk_00__accident,/autodl-fs/data/traffic_accident_rnd/ACCIDENT_dataset/real_videos/H6A3xLciOZk_00.mp4,ACCIDENT-real,rear-end,accident,1,weak_clip_event_window,30.033333,14.950055,449,1620,1080,test,Virginia,Virginia::highway,50,140,accident_time=5.333;type=rear-end
H6A3xLciOZk_00__pre_event_non_accident,/autodl-fs/data/traffic_accident_rnd/ACCIDENT_dataset/real_videos/H6A3xLciOZk_00.mp4,ACCIDENT-real,rear-end,non_accident,0,weak_clip_pre_event,30.033333,14.950055,449,1620,1080,test,Virginia,Virginia::highway,0,35,derived_pre_accident_until=2.333;weak_negative=true
ZoffyoNXhOo_00__accident,/autodl-fs/data/traffic_accident_rnd/ACCIDENT_dataset/real_videos/ZoffyoNXhOo_00.mp4,ACCIDENT-real,rear-end,accident,1,weak_clip_event_window,29.685452,14.923135,443,2400,1080,test,Virginia,Virginia::highway,141,231,accident_time=11.468;type=rear-end
ZoffyoNXhOo_00__pre_event_non_accident,/autodl-fs/data/traffic_accident_rnd/ACCIDENT_dataset/real_videos/ZoffyoNXhOo_00.mp4,ACCIDENT-real,rear-end,non_accident,0,weak_clip_pre_event,29.685452,14.923135,443,2400,1080,test,Virginia,Virginia::highway,0,126,derived_pre_accident_until=8.468;weak_negative=true
EzI5Rn3z4ew_00__accident,/autodl-fs/data/traffic_accident_rnd/ACCIDENT_dataset/real_videos/EzI5Rn3z4ew_00.mp4,ACCIDENT-real,rear-end,accident,1,weak_clip_event_window,30.033333,14.983352,450,1920,1080,train,Virginia,Virginia::highway,46,136,accident_time=5.1;type=rear-end
EzI5Rn3z4ew_00__pre_event_non_accident,/autodl-fs/data/traffic_accident_rnd/ACCIDENT_dataset/real_videos/EzI5Rn3z4ew_00.mp4,ACCIDENT-real,rear-end,non_accident,0,weak_clip_pre_event,30.033333,14.983352,450,1920,1080,train,Virginia,Virginia::highway,0,31,derived_pre_accident_until=2.100;weak_negative=true
9w-8u8wKF5k_00__accident,/autodl-fs/data/traffic_accident_rnd/ACCIDENT_dataset/real_videos/9w-8u8wKF5k_00.mp4,ACCIDENT-real,t-bone,accident,1,weak_clip_event_window,8.791667,6.938389,61,1280,720,train,Arkansas,Arkansas::highway,13,55,accident_time=3.916666;type=t-bone
Tfc5ixuHl3E_00__accident,/autodl-fs/data/traffic_accident_rnd/ACCIDENT_dataset/real_videos/Tfc5ixuHl3E_00.mp4,ACCIDENT-real,rear-end,accident,1,weak_clip_event_window,30.0,29.8,894,1280,720,test,Florida,Florida::highway,146,325,accident_time=6.9;type=rear-end
Tfc5ixuHl3E_00__pre_event_non_accident,/autodl-fs/data/traffic_accident_rnd/ACCIDENT_dataset/real_videos/Tfc5ixuHl3E_00.mp4,ACCIDENT-real,rear-end,non_accident,0,weak_clip_pre_event,30.0,29.8,894,1280,720,test,Florida,Florida::highway,0,116,derived_pre_accident_until=3.900;weak_negative=true
ur7JERJrVQs_00__accident,/autodl-fs/data/traffic_accident_rnd/ACCIDENT_dataset/real_videos/ur7JERJrVQs_00.mp4,ACCIDENT-real,t-bone,accident,1,weak_clip_event_window,27.208333,15.032159,409,1056,720,test,Florida,Florida::highway,12,102,accident_time=2.792;type=t-bone
022uvRkRJ8E_00__accident,/autodl-fs/data/traffic_accident_rnd/ACCIDENT_dataset/real_videos/022uvRkRJ8E_00.mp4,ACCIDENT-real,single,accident,1,weak_clip_event_window,24.466667,24.359673,596,960,720,test,Florida,Florida::highway,42,188,accident_time=3.733999999999999;type=single
GD6usZ7O7UU_00__accident,/autodl-fs/data/traffic_accident_rnd/ACCIDENT_dataset/real_videos/GD6usZ7O7UU_00.mp4,ACCIDENT-real,head-on,accident,1,weak_clip_event_window,30.0,20.0,600,1056,720,test,Florida,Florida::signalized_intersection,29,149,accident_time=3.44;type=head-on
aERiIg9Dts4_00__accident,/autodl-fs/data/traffic_accident_rnd/ACCIDENT_dataset/real_videos/aERiIg9Dts4_00.mp4,ACCIDENT-real,single,accident,1,weak_clip_event_window,30.041667,14.945908,449,1080,720,test,Florida,Florida::highway,48,138,accident_time=5.25;type=single
aERiIg9Dts4_00__pre_event_non_accident,/autodl-fs/data/traffic_accident_rnd/ACCIDENT_dataset/real_videos/aERiIg9Dts4_00.mp4,ACCIDENT-real,single,non_accident,0,weak_clip_pre_event,30.041667,14.945908,449,1080,720,test,Florida,Florida::highway,0,34,derived_pre_accident_until=2.250;weak_negative=true
WiX5bXnWtXg_00__accident,/autodl-fs/data/traffic_accident_rnd/ACCIDENT_dataset/real_videos/WiX5bXnWtXg_00.mp4,ACCIDENT-real,sideswipe,accident,1,weak_clip_event_window,30.033333,29.933407,899,1056,720,test,Florida,Florida::highway,0,163,accident_time=1.433;type=sideswipe
bcuWtCE-SnE_00__accident,/autodl-fs/data/traffic_accident_rnd/ACCIDENT_dataset/real_videos/bcuWtCE-SnE_00.mp4,ACCIDENT-real,sideswipe,accident,1,weak_clip_event_window,10.6,30.0,318,1280,720,test,Florida,Florida::highway,134,314,accident_time=6.467;type=sideswipe
bcuWtCE-SnE_00__pre_event_non_accident,/autodl-fs/data/traffic_accident_rnd/ACCIDENT_dataset/real_videos/bcuWtCE-SnE_00.mp4,ACCIDENT-real,sideswipe,non_accident,0,weak_clip_pre_event,10.6,30.0,318,1280,720,test,Florida,Florida::highway,0,104,derived_pre_accident_until=3.467;weak_negative=true
MTxBv0i8B8w_00__accident,/autodl-fs/data/traffic_accident_rnd/ACCIDENT_dataset/real_videos/MTxBv0i8B8w_00.mp4,ACCIDENT-real,t-bone,accident,1,weak_clip_event_window,30.041667,14.380028,432,1280,720,test,Georgia,Georgia::signalized_intersection,80,167,accident_time=7.583333;type=t-bone
MTxBv0i8B8w_00__pre_event_non_accident,/autodl-fs/data/traffic_accident_rnd/ACCIDENT_dataset/real_videos/MTxBv0i8B8w_00.mp4,ACCIDENT-real,t-bone,non_accident,0,weak_clip_pre_event,30.041667,14.380028,432,1280,720,test,Georgia,Georgia::signalized_intersection,0,66,derived_pre_accident_until=4.583;weak_negative=true
X9mDWoU5gq0_00__accident,/autodl-fs/data/traffic_accident_rnd/ACCIDENT_dataset/real_videos/X9mDWoU5gq0_00.mp4,ACCIDENT-real,single,accident,1,weak_clip_event_window,29.875,11.447699,342,1056,720,test,Georgia,Georgia::highway,17,86,accident_time=3.5;type=single
mhuM8U4OZw4_00__accident,/autodl-fs/data/traffic_accident_rnd/ACCIDENT_dataset/real_videos/mhuM8U4OZw4_00.mp4,ACCIDENT-real,t-bone,accident,1,weak_clip_event_window,30.0,12.766667,383,1280,720,test,Georgia,Georgia::signalized_intersection,35,112,accident_time=4.791666;type=t-bone
mhuM8U4OZw4_00__pre_event_non_accident,/autodl-fs/data/traffic_accident_rnd/ACCIDENT_dataset/real_videos/mhuM8U4OZw4_00.mp4,ACCIDENT-real,t-bone,non_accident,0,weak_clip_pre_event,30.0,12.766667,383,1280,720,test,Georgia,Georgia::signalized_intersection,0,23,derived_pre_accident_until=1.792;weak_negative=true
1fe57nFDL_s_00__accident,/autodl-fs/data/traffic_accident_rnd/ACCIDENT_dataset/real_videos/1fe57nFDL_s_00.mp4,ACCIDENT-real,rear-end,accident,1,weak_clip_event_window,29.958333,15.020862,450,1280,720,test,Georgia,Georgia::highway,295,385,accident_time=21.625;type=rear-end
1fe57nFDL_s_00__pre_event_non_accident,/autodl-fs/data/traffic_accident_rnd/ACCIDENT_dataset/real_videos/1fe57nFDL_s_00.mp4,ACCIDENT-real,rear-end,non_accident,0,weak_clip_pre_event,29.958333,15.020862,450,1280,720,test,Georgia,Georgia::highway,0,280,derived_pre_accident_until=18.625;weak_negative=true
C0faYXs1tA4_00__accident,/autodl-fs/data/traffic_accident_rnd/ACCIDENT_dataset/real_videos/C0faYXs1tA4_00.mp4,ACCIDENT-real,head-on,accident,1,weak_clip_event_window,25.748351,14.952414,385,854,384,test,Georgia,Georgia::highway,98,188,accident_time=8.562;type=head-on
C0faYXs1tA4_00__pre_event_non_accident,/autodl-fs/data/traffic_accident_rnd/ACCIDENT_dataset/real_videos/C0faYXs1tA4_00.mp4,ACCIDENT-real,head-on,non_accident,0,weak_clip_pre_event,25.748351,14.952414,385,854,384,test,Georgia,Georgia::highway,0,83,derived_pre_accident_until=5.562;weak_negative=true
whARwNPnlf0_00__accident,/autodl-fs/data/traffic_accident_rnd/ACCIDENT_dataset/real_videos/whARwNPnlf0_00.mp4,ACCIDENT-real,rear-end,accident,1,weak_clip_event_window,11.7,14.871795,174,1920,1080,test,Virginia,Virginia::highway,80,169,accident_time=7.4;type=rear-end
whARwNPnlf0_00__pre_event_non_accident,/autodl-fs/data/traffic_accident_rnd/ACCIDENT_dataset/real_videos/whARwNPnlf0_00.mp4,ACCIDENT-real,rear-end,non_accident,0,weak_clip_pre_event,11.7,14.871795,174,1920,1080,test,Virginia,Virginia::highway,0,65,derived_pre_accident_until=4.400;weak_negative=true
qOKeWK8IZHs_00__accident,/autodl-fs/data/traffic_accident_rnd/ACCIDENT_dataset/real_videos/qOKeWK8IZHs_00.mp4,ACCIDENT-real,rear-end,accident,1,weak_clip_event_window,29.958333,15.020862,450,1280,720,test,Georgia,Georgia::highway,49,139,accident_time=5.25;type=rear-end
qOKeWK8IZHs_00__pre_event_non_accident,/autodl-fs/data/traffic_accident_rnd/ACCIDENT_dataset/real_videos/qOKeWK8IZHs_00.mp4,ACCIDENT-real,rear-end,non_accident,0,weak_clip_pre_event,29.958333,15.020862,450,1280,720,test,Georgia,Georgia::highway,0,34,derived_pre_accident_until=2.250;weak_negative=true
nH1Xj9-rVwc_00__accident,/autodl-fs/data/traffic_accident_rnd/ACCIDENT_dataset/real_videos/nH1Xj9-rVwc_00.mp4,ACCIDENT-real,rear-end,accident,1,weak_clip_event_window,29.966667,20.689655,620,1440,1080,test,Georgia,Georgia::highway,245,369,accident_time=13.833;type=rear-end
nH1Xj9-rVwc_00__pre_event_non_accident,/autodl-fs/data/traffic_accident_rnd/ACCIDENT_dataset/real_videos/nH1Xj9-rVwc_00.mp4,ACCIDENT-real,rear-end,non_accident,0,weak_clip_pre_event,29.966667,20.689655,620,1440,1080,test,Georgia,Georgia::highway,0,224,derived_pre_accident_until=10.833;weak_negative=true
ga0JEJ0fnGY_00__accident,/autodl-fs/data/traffic_accident_rnd/ACCIDENT_dataset/real_videos/ga0JEJ0fnGY_00.mp4,ACCIDENT-real,single,accident,1,weak_clip_event_window,9.458333,14.907489,141,1280,720,test,Georgia,Georgia::highway,22,112,accident_time=3.5;type=single
zl0-TZHfZg0_00__accident,/autodl-fs/data/traffic_accident_rnd/ACCIDENT_dataset/real_videos/zl0-TZHfZg0_00.mp4,ACCIDENT-real,sideswipe,accident,1,weak_clip_event_window,19.25,15.012987,289,1056,720,test,Georgia,Georgia::highway,70,160,accident_time=6.667;type=sideswipe
zl0-TZHfZg0_00__pre_event_non_accident,/autodl-fs/data/traffic_accident_rnd/ACCIDENT_dataset/real_videos/zl0-TZHfZg0_00.mp4,ACCIDENT-real,sideswipe,non_accident,0,weak_clip_pre_event,19.25,15.012987,289,1056,720,test,Georgia,Georgia::highway,0,55,derived_pre_accident_until=3.667;weak_negative=true
xR3X3G9hsZ0_00__accident,/autodl-fs/data/traffic_accident_rnd/ACCIDENT_dataset/real_videos/xR3X3G9hsZ0_00.mp4,ACCIDENT-real,rear-end,accident,1,weak_clip_event_window,30.033333,15.016648,451,1920,1080,test,Georgia,Georgia::highway,66,156,accident_time=6.4;type=rear-end
xR3X3G9hsZ0_00__pre_event_non_accident,/autodl-fs/data/traffic_accident_rnd/ACCIDENT_dataset/real_videos/xR3X3G9hsZ0_00.mp4,ACCIDENT-real,rear-end,non_accident,0,weak_clip_pre_event,30.033333,15.016648,451,1920,1080,test,Georgia,Georgia::highway,0,51,derived_pre_accident_until=3.400;weak_negative=true
QE7qzpppF2c_00__accident,/autodl-fs/data/traffic_accident_rnd/ACCIDENT_dataset/real_videos/QE7qzpppF2c_00.mp4,ACCIDENT-real,single,accident,1,weak_clip_event_window,30.0,18.5,555,1280,720,test,Georgia,Georgia::highway,0,110,accident_time=1.958;type=single
yQyB-0PLYAU_00__accident,/autodl-fs/data/traffic_accident_rnd/ACCIDENT_dataset/real_videos/yQyB-0PLYAU_00.mp4,ACCIDENT-real,t-bone,accident,1,weak_clip_event_window,30.066667,29.700665,893,1920,1080,train,Georgia,Georgia::highway,35,213,accident_time=3.167;type=t-bone
62-L7OtC4tg_00__accident,/autodl-fs/data/traffic_accident_rnd/ACCIDENT_dataset/real_videos/62-L7OtC4tg_00.mp4,ACCIDENT-real,rear-end,accident,1,weak_clip_event_window,29.958333,15.020862,450,1056,720,test,Georgia,Georgia::highway,108,198,accident_time=9.208;type=rear-end
62-L7OtC4tg_00__pre_event_non_accident,/autodl-fs/data/traffic_accident_rnd/ACCIDENT_dataset/real_videos/62-L7OtC4tg_00.mp4,ACCIDENT-real,rear-end,non_accident,0,weak_clip_pre_event,29.958333,15.020862,450,1056,720,test,Georgia,Georgia::highway,0,93,derived_pre_accident_until=6.208;weak_negative=true
H644DZi-cWQ_00__accident,/autodl-fs/data/traffic_accident_rnd/ACCIDENT_dataset/real_videos/H644DZi-cWQ_00.mp4,ACCIDENT-real,t-bone,accident,1,weak_clip_event_window,8.541667,9.24878,79,1280,720,test,Georgia,Georgia::signalized_intersection,9,64,accident_time=2.875;type=t-bone
lvIwOAjE7Ts_00__accident,/autodl-fs/data/traffic_accident_rnd/ACCIDENT_dataset/real_videos/lvIwOAjE7Ts_00.mp4,ACCIDENT-real,t-bone,accident,1,weak_clip_event_window,30.0,22.4,672,1280,720,test,Georgia,Georgia::signalized_intersection,226,361,accident_time=12.111111;type=t-bone
lvIwOAjE7Ts_00__pre_event_non_accident,/autodl-fs/data/traffic_accident_rnd/ACCIDENT_dataset/real_videos/lvIwOAjE7Ts_00.mp4,ACCIDENT-real,t-bone,non_accident,0,weak_clip_pre_event,30.0,22.4,672,1280,720,test,Georgia,Georgia::signalized_intersection,0,204,derived_pre_accident_until=9.111;weak_negative=true
9jbzA3-ub9c_00__accident,/autodl-fs/data/traffic_accident_rnd/ACCIDENT_dataset/real_videos/9jbzA3-ub9c_00.mp4,ACCIDENT-real,sideswipe,accident,1,weak_clip_event_window,5.458333,14.656489,80,1056,720,test,Georgia,Georgia::highway,23,80,accident_time=3.542;type=sideswipe
md2cHgL1TV0_00__accident,/autodl-fs/data/traffic_accident_rnd/ACCIDENT_dataset/real_videos/md2cHgL1TV0_00.mp4,ACCIDENT-real,sideswipe,accident,1,weak_clip_event_window,30.0,14.966667,449,960,720,test,Virginia,Virginia::highway,34,124,accident_time=4.25;type=sideswipe
md2cHgL1TV0_00__pre_event_non_accident,/autodl-fs/data/traffic_accident_rnd/ACCIDENT_dataset/real_videos/md2cHgL1TV0_00.mp4,ACCIDENT-real,sideswipe,non_accident,0,weak_clip_pre_event,30.0,14.966667,449,960,720,test,Virginia,Virginia::highway,0,19,derived_pre_accident_until=1.250;weak_negative=true
9AO9fQexSIo_00__accident,/autodl-fs/data/traffic_accident_rnd/ACCIDENT_dataset/real_videos/9AO9fQexSIo_00.mp4,ACCIDENT-real,rear-end,accident,1,weak_clip_event_window,21.8,14.954128,326,1280,720,test,Iowa,Iowa::highway,106,196,accident_time=9.1;type=rear-end
9AO9fQexSIo_00__pre_event_non_accident,/autodl-fs/data/traffic_accident_rnd/ACCIDENT_dataset/real_videos/9AO9fQexSIo_00.mp4,ACCIDENT-real,rear-end,non_accident,0,weak_clip_pre_event,21.8,14.954128,326,1280,720,test,Iowa,Iowa::highway,0,91,derived_pre_accident_until=6.100;weak_negative=true
2OnAsVRtNQM_00__accident,/autodl-fs/data/traffic_accident_rnd/ACCIDENT_dataset/real_videos/2OnAsVRtNQM_00.mp4,ACCIDENT-real,rear-end,accident,1,weak_clip_event_window,17.033333,27.651663,471,1920,1080,test,Iowa,Iowa::highway,169,335,accident_time=8.100000000000001;type=rear-end
2OnAsVRtNQM_00__pre_event_non_accident,/autodl-fs/data/traffic_accident_rnd/ACCIDENT_dataset/real_videos/2OnAsVRtNQM_00.mp4,ACCIDENT-real,rear-end,non_accident,0,weak_clip_pre_event,17.033333,27.651663,471,1920,1080,test,Iowa,Iowa::highway,0,141,derived_pre_accident_until=5.100;weak_negative=true
pA_dEaPv-yk_00__accident,/autodl-fs/data/traffic_accident_rnd/ACCIDENT_dataset/real_videos/pA_dEaPv-yk_00.mp4,ACCIDENT-real,sideswipe,accident,1,weak_clip_event_window,14.066667,29.78673,419,1920,1080,test,Iowa,Iowa::highway,50,229,accident_time=3.7;type=sideswipe
-FQxK6HdxNU_00__accident,/autodl-fs/data/traffic_accident_rnd/ACCIDENT_dataset/real_videos/-FQxK6HdxNU_00.mp4,ACCIDENT-real,sideswipe,accident,1,weak_clip_event_window,5.233333,14.904459,78,1920,1080,test,Iowa,Iowa::highway,18,78,accident_time=3.233;type=sideswipe
fNoqwaXAqeA_00__accident,/autodl-fs/data/traffic_accident_rnd/ACCIDENT_dataset/real_videos/fNoqwaXAqeA_00.mp4,ACCIDENT-real,t-bone,accident,1,weak_clip_event_window,30.041667,14.979196,450,1280,720,test,Iowa,Iowa::highway,100,190,accident_time=8.708;type=t-bone
fNoqwaXAqeA_00__pre_event_non_accident,/autodl-fs/data/traffic_accident_rnd/ACCIDENT_dataset/real_videos/fNoqwaXAqeA_00.mp4,ACCIDENT-real,t-bone,non_accident,0,weak_clip_pre_event,30.041667,14.979196,450,1280,720,test,Iowa,Iowa::highway,0,86,derived_pre_accident_until=5.708;weak_negative=true
AGn3mKAiKQY_00__accident,/autodl-fs/data/traffic_accident_rnd/ACCIDENT_dataset/real_videos/AGn3mKAiKQY_00.mp4,ACCIDENT-real,single,accident,1,weak_clip_event_window,30.733333,25.965293,798,1920,1080,test,Iowa,Iowa::highway,248,404,accident_time=11.567;type=single
AGn3mKAiKQY_00__pre_event_non_accident,/autodl-fs/data/traffic_accident_rnd/ACCIDENT_dataset/real_videos/AGn3mKAiKQY_00.mp4,ACCIDENT-real,single,non_accident,0,weak_clip_pre_event,30.733333,25.965293,798,1920,1080,test,Iowa,Iowa::highway,0,222,derived_pre_accident_until=8.567;weak_negative=true
O1AHOHWpTv8_00__accident,/autodl-fs/data/traffic_accident_rnd/ACCIDENT_dataset/real_videos/O1AHOHWpTv8_00.mp4,ACCIDENT-real,sideswipe,accident,1,weak_clip_event_window,11.56,17.560554,203,1920,1080,train,Iowa,Iowa::highway,79,184,accident_time=6.48;type=sideswipe
O1AHOHWpTv8_00__pre_event_non_accident,/autodl-fs/data/traffic_accident_rnd/ACCIDENT_dataset/real_videos/O1AHOHWpTv8_00.mp4,ACCIDENT-real,sideswipe,non_accident,0,weak_clip_pre_event,11.56,17.560554,203,1920,1080,train,Iowa,Iowa::highway,0,61,derived_pre_accident_until=3.480;weak_negative=true
swAfXA86Sk8_00__accident,/autodl-fs/data/traffic_accident_rnd/ACCIDENT_dataset/real_videos/swAfXA86Sk8_00.mp4,ACCIDENT-real,sideswipe,accident,1,weak_clip_event_window,18.25,13.369863,244,1280,720,test,Iowa,Iowa::highway,155,235,accident_time=13.583;type=sideswipe
swAfXA86Sk8_00__pre_event_non_accident,/autodl-fs/data/traffic_accident_rnd/ACCIDENT_dataset/real_videos/swAfXA86Sk8_00.mp4,ACCIDENT-real,sideswipe,non_accident,0,weak_clip_pre_event,18.25,13.369863,244,1280,720,test,Iowa,Iowa::highway,0,141,derived_pre_accident_until=10.583;weak_negative=true
qx2zGl2mYt0_00__accident,/autodl-fs/data/traffic_accident_rnd/ACCIDENT_dataset/real_videos/qx2zGl2mYt0_00.mp4,ACCIDENT-real,sideswipe,accident,1,weak_clip_event_window,7.708333,14.27027,110,1280,720,test,Kansas,Kansas::highway,41,110,accident_time=4.875;type=sideswipe
qx2zGl2mYt0_00__pre_event_non_accident,/autodl-fs/data/traffic_accident_rnd/ACCIDENT_dataset/real_videos/qx2zGl2mYt0_00.mp4,ACCIDENT-real,sideswipe,non_accident,0,weak_clip_pre_event,7.708333,14.27027,110,1280,720,test,Kansas,Kansas::highway,0,27,derived_pre_accident_until=1.875;weak_negative=true
BBFzGfSLEZE_00__accident,/autodl-fs/data/traffic_accident_rnd/ACCIDENT_dataset/real_videos/BBFzGfSLEZE_00.mp4,ACCIDENT-real,single,accident,1,weak_clip_event_window,30.033333,15.016648,451,1920,1080,test,Kansas,Kansas::grade_separated_intersection,19,109,accident_time=3.267;type=single
lqkfsE2tmbo_00__accident,/autodl-fs/data/traffic_accident_rnd/ACCIDENT_dataset/real_videos/lqkfsE2tmbo_00.mp4,ACCIDENT-real,single,accident,1,weak_clip_event_window,30.041667,11.184466,336,960,720,test,Louisiana,Louisiana::highway,53,120,accident_time=6.667;type=single
lqkfsE2tmbo_00__pre_event_non_accident,/autodl-fs/data/traffic_accident_rnd/ACCIDENT_dataset/real_videos/lqkfsE2tmbo_00.mp4,ACCIDENT-real,single,non_accident,0,weak_clip_pre_event,30.041667,11.184466,336,960,720,test,Louisiana,Louisiana::highway,0,41,derived_pre_accident_until=3.667;weak_negative=true
pUUmNU7jrXI_00__accident,/autodl-fs/data/traffic_accident_rnd/ACCIDENT_dataset/real_videos/pUUmNU7jrXI_00.mp4,ACCIDENT-real,sideswipe,accident,1,weak_clip_event_window,26.958333,15.023184,405,1080,720,test,Louisiana,Louisiana::highway,0,81,accident_time=1.375;type=sideswipe
gDCiYQjLeEE_00__accident,/autodl-fs/data/traffic_accident_rnd/ACCIDENT_dataset/real_videos/gDCiYQjLeEE_00.mp4,ACCIDENT-real,single,accident,1,weak_clip_event_window,29.958333,15.020862,450,1056,720,test,Louisiana,Louisiana::grade_separated_intersection,33,123,accident_time=4.208333;type=single
gDCiYQjLeEE_00__pre_event_non_accident,/autodl-fs/data/traffic_accident_rnd/ACCIDENT_dataset/real_videos/gDCiYQjLeEE_00.mp4,ACCIDENT-real,single,non_accident,0,weak_clip_pre_event,29.958333,15.020862,450,1056,720,test,Louisiana,Louisiana::grade_separated_intersection,0,18,derived_pre_accident_until=1.208;weak_negative=true
JC52fZUaMio_00__accident,/autodl-fs/data/traffic_accident_rnd/ACCIDENT_dataset/real_videos/JC52fZUaMio_00.mp4,ACCIDENT-real,rear-end,accident,1,weak_clip_event_window,30.0,14.933333,448,1056,720,test,Louisiana,Louisiana::highway,22,112,accident_time=3.5;type=rear-end
NQXpqL8dL8s_00__accident,/autodl-fs/data/traffic_accident_rnd/ACCIDENT_dataset/real_videos/NQXpqL8dL8s_00.mp4,ACCIDENT-real,rear-end,accident,1,weak_clip_event_window,18.958333,15.138462,287,960,720,test,Maryland,Maryland::highway,17,108,accident_time=3.083333;type=rear-end
4XE22RAmqnM_00__accident,/autodl-fs/data/traffic_accident_rnd/ACCIDENT_dataset/real_videos/4XE22RAmqnM_00.mp4,ACCIDENT-real,head-on,accident,1,weak_clip_event_window,30.333333,28.285714,858,1080,720,test,Minnesota,Minnesota::signalized_intersection,17,187,accident_time=2.6;type=head-on
Mzuyrdg3hxY_00__accident,/autodl-fs/data/traffic_accident_rnd/ACCIDENT_dataset/real_videos/Mzuyrdg3hxY_00.mp4,ACCIDENT-real,rear-end,accident,1,weak_clip_event_window,30.033333,29.900111,898,1080,720,test,Minnesota,Minnesota::highway,522,702,accident_time=19.467;type=rear-end
Mzuyrdg3hxY_00__pre_event_non_accident,/autodl-fs/data/traffic_accident_rnd/ACCIDENT_dataset/real_videos/Mzuyrdg3hxY_00.mp4,ACCIDENT-real,rear-end,non_accident,0,weak_clip_pre_event,30.033333,29.900111,898,1080,720,test,Minnesota,Minnesota::highway,0,492,derived_pre_accident_until=16.467;weak_negative=true
hN69Cb16naw_00__accident,/autodl-fs/data/traffic_accident_rnd/ACCIDENT_dataset/real_videos/hN69Cb16naw_00.mp4,ACCIDENT-real,rear-end,accident,1,weak_clip_event_window,19.066667,30.0,572,1080,720,test,Minnesota,Minnesota::grade_separated_intersection,0,167,accident_time=1.5670000000000002;type=rear-end
Sp7P1vH_ThU_00__accident,/autodl-fs/data/traffic_accident_rnd/ACCIDENT_dataset/real_videos/Sp7P1vH_ThU_00.mp4,ACCIDENT-real,rear-end,accident,1,weak_clip_event_window,30.0,29.2,876,1280,720,test,Minnesota,Minnesota::grade_separated_intersection,335,510,accident_time=13.466666;type=rear-end
Sp7P1vH_ThU_00__pre_event_non_accident,/autodl-fs/data/traffic_accident_rnd/ACCIDENT_dataset/real_videos/Sp7P1vH_ThU_00.mp4,ACCIDENT-real,rear-end,non_accident,0,weak_clip_pre_event,30.0,29.2,876,1280,720,test,Minnesota,Minnesota::grade_separated_intersection,0,306,derived_pre_accident_until=10.467;weak_negative=true
7O6n0GkXt_g_00__accident,/autodl-fs/data/traffic_accident_rnd/ACCIDENT_dataset/real_videos/7O6n0GkXt_g_00.mp4,ACCIDENT-real,rear-end,accident,1,weak_clip_event_window,20.533333,28.782468,591,854,384,test,Minnesota,Minnesota::grade_separated_intersection,227,400,accident_time=9.9;type=rear-end
7O6n0GkXt_g_00__pre_event_non_accident,/autodl-fs/data/traffic_accident_rnd/ACCIDENT_dataset/real_videos/7O6n0GkXt_g_00.mp4,ACCIDENT-real,rear-end,non_accident,0,weak_clip_pre_event,20.533333,28.782468,591,854,384,test,Minnesota,Minnesota::grade_separated_intersection,0,199,derived_pre_accident_until=6.900;weak_negative=true
6Oro7le8ZLQ_00__accident,/autodl-fs/data/traffic_accident_rnd/ACCIDENT_dataset/real_videos/6Oro7le8ZLQ_00.mp4,ACCIDENT-real,t-bone,accident,1,weak_clip_event_window,30.033333,30.0,901,1620,1080,test,Minnesota,Minnesota::signalized_intersection,76,256,accident_time=4.533;type=t-bone
6Oro7le8ZLQ_00__pre_event_non_accident,/autodl-fs/data/traffic_accident_rnd/ACCIDENT_dataset/real_videos/6Oro7le8ZLQ_00.mp4,ACCIDENT-real,t-bone,non_accident,0,weak_clip_pre_event,30.033333,30.0,901,1620,1080,test,Minnesota,Minnesota::signalized_intersection,0,46,derived_pre_accident_until=1.533;weak_negative=true
S_HTEVMQK5g_00__accident,/autodl-fs/data/traffic_accident_rnd/ACCIDENT_dataset/real_videos/S_HTEVMQK5g_00.mp4,ACCIDENT-real,single,accident,1,weak_clip_event_window,11.266667,29.733728,335,1620,1080,test,Minnesota,Minnesota::highway,103,281,accident_time=5.433;type=single
S_HTEVMQK5g_00__pre_event_non_accident,/autodl-fs/data/traffic_accident_rnd/ACCIDENT_dataset/real_videos/S_HTEVMQK5g_00.mp4,ACCIDENT-real,single,non_accident,0,weak_clip_pre_event,11.266667,29.733728,335,1620,1080,test,Minnesota,Minnesota::highway,0,72,derived_pre_accident_until=2.433;weak_negative=true
1_iNUkyy46E_00__accident,/autodl-fs/data/traffic_accident_rnd/ACCIDENT_dataset/real_videos/1_iNUkyy46E_00.mp4,ACCIDENT-real,single,accident,1,weak_clip_event_window,29.733333,28.38565,844,1080,720,test,Minnesota,Minnesota::highway,92,263,accident_time=5.266666000000001;type=single
1_iNUkyy46E_00__pre_event_non_accident,/autodl-fs/data/traffic_accident_rnd/ACCIDENT_dataset/real_videos/1_iNUkyy46E_00.mp4,ACCIDENT-real,single,non_accident,0,weak_clip_pre_event,29.733333,28.38565,844,1080,720,test,Minnesota,Minnesota::highway,0,64,derived_pre_accident_until=2.267;weak_negative=true
Kw_Xo2iUEZQ_00__accident,/autodl-fs/data/traffic_accident_rnd/ACCIDENT_dataset/real_videos/Kw_Xo2iUEZQ_00.mp4,ACCIDENT-real,sideswipe,accident,1,weak_clip_event_window,4.433333,30.0,133,1080,720,test,Minnesota,Minnesota::highway,7,133,accident_time=2.233333;type=sideswipe
Kw_Xo2iUEZQ_01__accident,/autodl-fs/data/traffic_accident_rnd/ACCIDENT_dataset/real_videos/Kw_Xo2iUEZQ_01.mp4,ACCIDENT-real,single,accident,1,weak_clip_event_window,20.933333,29.665605,621,1080,720,test,Minnesota,Minnesota::highway,0,155,accident_time=1.1999999999999993;type=single
V3oNEkBwP7M_00__accident,/autodl-fs/data/traffic_accident_rnd/ACCIDENT_dataset/real_videos/V3oNEkBwP7M_00.mp4,ACCIDENT-real,single,accident,1,weak_clip_event_window,25.133333,29.761273,748,1620,1080,train,Minnesota,Minnesota::highway,149,328,accident_time=7.033;type=single
V3oNEkBwP7M_00__pre_event_non_accident,/autodl-fs/data/traffic_accident_rnd/ACCIDENT_dataset/real_videos/V3oNEkBwP7M_00.mp4,ACCIDENT-real,single,non_accident,0,weak_clip_pre_event,25.133333,29.761273,748,1620,1080,train,Minnesota,Minnesota::highway,0,120,derived_pre_accident_until=4.033;weak_negative=true
6Ac5Ad5jcJ0_00__accident,/autodl-fs/data/traffic_accident_rnd/ACCIDENT_dataset/real_videos/6Ac5Ad5jcJ0_00.mp4,ACCIDENT-real,single,accident,1,weak_clip_event_window,29.5,20.033898,591,854,384,test,Minnesota,Minnesota::grade_separated_intersection,194,314,accident_time=11.666;type=single
6Ac5Ad5jcJ0_00__pre_event_non_accident,/autodl-fs/data/traffic_accident_rnd/ACCIDENT_dataset/real_videos/6Ac5Ad5jcJ0_00.mp4,ACCIDENT-real,single,non_accident,0,weak_clip_pre_event,29.5,20.033898,591,854,384,test,Minnesota,Minnesota::grade_separated_intersection,0,174,derived_pre_accident_until=8.666;weak_negative=true
Z3VF85Ibvc8_00__accident,/autodl-fs/data/traffic_accident_rnd/ACCIDENT_dataset/real_videos/Z3VF85Ibvc8_00.mp4,ACCIDENT-real,t-bone,accident,1,weak_clip_event_window,30.133333,22.732301,685,1080,720,test,Minnesota,Minnesota::signalized_intersection,63,199,accident_time=4.733;type=t-bone
Z3VF85Ibvc8_00__pre_event_non_accident,/autodl-fs/data/traffic_accident_rnd/ACCIDENT_dataset/real_videos/Z3VF85Ibvc8_00.mp4,ACCIDENT-real,t-bone,non_accident,0,weak_clip_pre_event,30.133333,22.732301,685,1080,720,test,Minnesota,Minnesota::signalized_intersection,0,39,derived_pre_accident_until=1.733;weak_negative=true
miJaH5hcX5U_00__accident,/autodl-fs/data/traffic_accident_rnd/ACCIDENT_dataset/real_videos/miJaH5hcX5U_00.mp4,ACCIDENT-real,t-bone,accident,1,weak_clip_event_window,30.033333,29.134295,875,1080,720,test,Minnesota,Minnesota::signalized_intersection,26,201,accident_time=2.9;type=t-bone
DQ0vvyzJd3A_00__accident,/autodl-fs/data/traffic_accident_rnd/ACCIDENT_dataset/real_videos/DQ0vvyzJd3A_00.mp4,ACCIDENT-real,rear-end,accident,1,weak_clip_event_window,29.916667,14.406685,431,1056,720,test,New_York,New_York::highway,32,119,accident_time=4.208;type=rear-end
DQ0vvyzJd3A_00__pre_event_non_accident,/autodl-fs/data/traffic_accident_rnd/ACCIDENT_dataset/real_videos/DQ0vvyzJd3A_00.mp4,ACCIDENT-real,rear-end,non_accident,0,weak_clip_pre_event,29.916667,14.406685,431,1056,720,test,New_York,New_York::highway,0,17,derived_pre_accident_until=1.208;weak_negative=true
Tb4q9PqHXRc_00__accident,/autodl-fs/data/traffic_accident_rnd/ACCIDENT_dataset/real_videos/Tb4q9PqHXRc_00.mp4,ACCIDENT-real,rear-end,accident,1,weak_clip_event_window,30.041667,14.945908,449,1056,720,test,New_York,New_York::grade_separated_intersection,154,244,accident_time=12.333;type=rear-end
Tb4q9PqHXRc_00__pre_event_non_accident,/autodl-fs/data/traffic_accident_rnd/ACCIDENT_dataset/real_videos/Tb4q9PqHXRc_00.mp4,ACCIDENT-real,rear-end,non_accident,0,weak_clip_pre_event,30.041667,14.945908,449,1056,720,test,New_York,New_York::grade_separated_intersection,0,139,derived_pre_accident_until=9.333;weak_negative=true
cZqLDOqM9TM_00__accident,/autodl-fs/data/traffic_accident_rnd/ACCIDENT_dataset/real_videos/cZqLDOqM9TM_00.mp4,ACCIDENT-real,head-on,accident,1,weak_clip_event_window,30.041667,14.047157,422,1280,720,test,New_York,New_York::grade_separated_intersection,14,98,accident_time=2.958;type=head-on
IjrWDrC23GY_00__accident,/autodl-fs/data/traffic_accident_rnd/ACCIDENT_dataset/real_videos/IjrWDrC23GY_00.mp4,ACCIDENT-real,rear-end,accident,1,weak_clip_event_window,26.551724,24.292208,645,1280,720,test,World,World::highway,299,445,accident_time=14.310345;type=rear-end
IjrWDrC23GY_00__pre_event_non_accident,/autodl-fs/data/traffic_accident_rnd/ACCIDENT_dataset/real_videos/IjrWDrC23GY_00.mp4,ACCIDENT-real,rear-end,non_accident,0,weak_clip_pre_event,26.551724,24.292208,645,1280,720,test,World,World::highway,0,275,derived_pre_accident_until=11.310;weak_negative=true
KZ8uvPQdYdk_00__accident,/autodl-fs/data/traffic_accident_rnd/ACCIDENT_dataset/real_videos/KZ8uvPQdYdk_00.mp4,ACCIDENT-real,head-on,accident,1,weak_clip_event_window,30.0,29.9,897,1280,720,test,World,World::highway,611,791,accident_time=22.433;type=head-on
KZ8uvPQdYdk_00__pre_event_non_accident,/autodl-fs/data/traffic_accident_rnd/ACCIDENT_dataset/real_videos/KZ8uvPQdYdk_00.mp4,ACCIDENT-real,head-on,non_accident,0,weak_clip_pre_event,30.0,29.9,897,1280,720,test,World,World::highway,0,581,derived_pre_accident_until=19.433;weak_negative=true
OrX9GrUmLy0_00__accident,/autodl-fs/data/traffic_accident_rnd/ACCIDENT_dataset/real_videos/OrX9GrUmLy0_00.mp4,ACCIDENT-real,t-bone,accident,1,weak_clip_event_window,30.041667,14.945908,449,960,720,test,Virginia,Virginia::highway,73,163,accident_time=6.875;type=t-bone
OrX9GrUmLy0_00__pre_event_non_accident,/autodl-fs/data/traffic_accident_rnd/ACCIDENT_dataset/real_videos/OrX9GrUmLy0_00.mp4,ACCIDENT-real,t-bone,non_accident,0,weak_clip_pre_event,30.041667,14.945908,449,960,720,test,Virginia,Virginia::highway,0,58,derived_pre_accident_until=3.875;weak_negative=true
FIBPRI-_xPo_00__accident,/autodl-fs/data/traffic_accident_rnd/ACCIDENT_dataset/real_videos/FIBPRI-_xPo_00.mp4,ACCIDENT-real,t-bone,accident,1,weak_clip_event_window,30.041667,14.613037,439,960,720,test,Virginia,Virginia::highway,77,164,accident_time=7.25;type=t-bone
FIBPRI-_xPo_00__pre_event_non_accident,/autodl-fs/data/traffic_accident_rnd/ACCIDENT_dataset/real_videos/FIBPRI-_xPo_00.mp4,ACCIDENT-real,t-bone,non_accident,0,weak_clip_pre_event,30.041667,14.613037,439,960,720,test,Virginia,Virginia::highway,0,62,derived_pre_accident_until=4.250;weak_negative=true
8a1onzDf0Eg_00__accident,/autodl-fs/data/traffic_accident_rnd/ACCIDENT_dataset/real_videos/8a1onzDf0Eg_00.mp4,ACCIDENT-real,t-bone,accident,1,weak_clip_event_window,7.458333,15.01676,112,960,720,test,Virginia,Virginia::signalized_intersection,29,112,accident_time=3.958;type=t-bone
LxNrteV6pVs_00__accident,/autodl-fs/data/traffic_accident_rnd/ACCIDENT_dataset/real_videos/LxNrteV6pVs_00.mp4,ACCIDENT-real,single,accident,1,weak_clip_event_window,10.76943,14.856867,160,2400,1080,test,Virginia,Virginia::highway,20,109,accident_time=3.3739999999999997;type=single
LxNrteV6pVs_01__accident,/autodl-fs/data/traffic_accident_rnd/ACCIDENT_dataset/real_videos/LxNrteV6pVs_01.mp4,ACCIDENT-real,single,accident,1,weak_clip_event_window,14.272739,14.923555,213,2400,1080,test,Virginia,Virginia::highway,47,137,accident_time=5.190999999999999;type=single
LxNrteV6pVs_01__pre_event_non_accident,/autodl-fs/data/traffic_accident_rnd/ACCIDENT_dataset/real_videos/LxNrteV6pVs_01.mp4,ACCIDENT-real,single,non_accident,0,weak_clip_pre_event,14.272739,14.923555,213,2400,1080,test,Virginia,Virginia::highway,0,33,derived_pre_accident_until=2.191;weak_negative=true
ju6wnVi72qI_00__accident,/autodl-fs/data/traffic_accident_rnd/ACCIDENT_dataset/real_videos/ju6wnVi72qI_00.mp4,ACCIDENT-real,single,accident,1,weak_clip_event_window,24.233333,28.72077,696,1920,1080,test,Seattle,Seattle::simple_intersection,166,338,accident_time=7.767;type=single
ju6wnVi72qI_00__pre_event_non_accident,/autodl-fs/data/traffic_accident_rnd/ACCIDENT_dataset/real_videos/ju6wnVi72qI_00.mp4,ACCIDENT-real,single,non_accident,0,weak_clip_pre_event,24.233333,28.72077,696,1920,1080,test,Seattle,Seattle::simple_intersection,0,137,derived_pre_accident_until=4.767;weak_negative=true
WDKy_7gwkwI_00__accident,/autodl-fs/data/traffic_accident_rnd/ACCIDENT_dataset/real_videos/WDKy_7gwkwI_00.mp4,ACCIDENT-real,single,accident,1,weak_clip_event_window,30.0,30.0,900,1280,720,test,Seattle,Seattle::city_street,24,204,accident_time=2.8;type=single
ZvegJ-6a3ow_00__accident,/autodl-fs/data/traffic_accident_rnd/ACCIDENT_dataset/real_videos/ZvegJ-6a3ow_00.mp4,ACCIDENT-real,t-bone,accident,1,weak_clip_event_window,12.75,26.588235,339,1280,720,test,Seattle,Seattle::signalized_intersection,185,339,accident_time=8.964;type=t-bone
ZvegJ-6a3ow_00__pre_event_non_accident,/autodl-fs/data/traffic_accident_rnd/ACCIDENT_dataset/real_videos/ZvegJ-6a3ow_00.mp4,ACCIDENT-real,t-bone,non_accident,0,weak_clip_pre_event,12.75,26.588235,339,1280,720,test,Seattle,Seattle::signalized_intersection,0,159,derived_pre_accident_until=5.964;weak_negative=true
iXbPXFRanm4_00__accident,/autodl-fs/data/traffic_accident_rnd/ACCIDENT_dataset/real_videos/iXbPXFRanm4_00.mp4,ACCIDENT-real,t-bone,accident,1,weak_clip_event_window,30.041667,13.78086,414,1280,720,test,Seattle,Seattle::signalized_intersection,31,114,accident_time=4.25;type=t-bone
iXbPXFRanm4_00__pre_event_non_accident,/autodl-fs/data/traffic_accident_rnd/ACCIDENT_dataset/real_videos/iXbPXFRanm4_00.mp4,ACCIDENT-real,t-bone,non_accident,0,weak_clip_pre_event,30.041667,13.78086,414,1280,720,test,Seattle,Seattle::signalized_intersection,0,17,derived_pre_accident_until=1.250;weak_negative=true
lKAtoCazPaE_00__accident,/autodl-fs/data/traffic_accident_rnd/ACCIDENT_dataset/real_videos/lKAtoCazPaE_00.mp4,ACCIDENT-real,rear-end,accident,1,weak_clip_event_window,30.0,26.0,780,1280,720,train,Seattle,Seattle::signalized_intersection,30,186,accident_time=3.138;type=rear-end
mr_it2B6muI_00__accident,/autodl-fs/data/traffic_accident_rnd/ACCIDENT_dataset/real_videos/mr_it2B6muI_00.mp4,ACCIDENT-real,single,accident,1,weak_clip_event_window,24.431625,14.816861,362,2400,1080,train,Virginia,Virginia::highway,68,157,accident_time=6.617;type=single
mr_it2B6muI_00__pre_event_non_accident,/autodl-fs/data/traffic_accident_rnd/ACCIDENT_dataset/real_videos/mr_it2B6muI_00.mp4,ACCIDENT-real,single,non_accident,0,weak_clip_pre_event,24.431625,14.816861,362,2400,1080,train,Virginia,Virginia::highway,0,54,derived_pre_accident_until=3.617;weak_negative=true
JKYjZ-tLgrw_00__accident,/autodl-fs/data/traffic_accident_rnd/ACCIDENT_dataset/real_videos/JKYjZ-tLgrw_00.mp4,ACCIDENT-real,rear-end,accident,1,weak_clip_event_window,30.033333,14.983352,450,1440,1080,test,Tennessee,Tennessee::highway,57,147,accident_time=5.833;type=rear-end
JKYjZ-tLgrw_00__pre_event_non_accident,/autodl-fs/data/traffic_accident_rnd/ACCIDENT_dataset/real_videos/JKYjZ-tLgrw_00.mp4,ACCIDENT-real,rear-end,non_accident,0,weak_clip_pre_event,30.033333,14.983352,450,1440,1080,test,Tennessee,Tennessee::highway,0,42,derived_pre_accident_until=2.833;weak_negative=true
VObOhcls5kI_00__accident,/autodl-fs/data/traffic_accident_rnd/ACCIDENT_dataset/real_videos/VObOhcls5kI_00.mp4,ACCIDENT-real,t-bone,accident,1,weak_clip_event_window,30.041667,14.945908,449,960,720,test,Tennessee,Tennessee::highway,5,95,accident_time=2.375;type=t-bone
4GW-rpR12Rs_00__accident,/autodl-fs/data/traffic_accident_rnd/ACCIDENT_dataset/real_videos/4GW-rpR12Rs_00.mp4,ACCIDENT-real,single,accident,1,weak_clip_event_window,20.125,14.956522,301,1280,720,test,Tennessee,Tennessee::highway,62,152,accident_time=6.167;type=single
4GW-rpR12Rs_00__pre_event_non_accident,/autodl-fs/data/traffic_accident_rnd/ACCIDENT_dataset/real_videos/4GW-rpR12Rs_00.mp4,ACCIDENT-real,single,non_accident,0,weak_clip_pre_event,20.125,14.956522,301,1280,720,test,Tennessee,Tennessee::highway,0,47,derived_pre_accident_until=3.167;weak_negative=true
OJvzrl3xheI_00__accident,/autodl-fs/data/traffic_accident_rnd/ACCIDENT_dataset/real_videos/OJvzrl3xheI_00.mp4,ACCIDENT-real,rear-end,accident,1,weak_clip_event_window,30.041667,14.979196,450,1080,720,test,Tennessee,Tennessee::grade_separated_intersection,41,131,accident_time=4.708;type=rear-end
OJvzrl3xheI_00__pre_event_non_accident,/autodl-fs/data/traffic_accident_rnd/ACCIDENT_dataset/real_videos/OJvzrl3xheI_00.mp4,ACCIDENT-real,rear-end,non_accident,0,weak_clip_pre_event,30.041667,14.979196,450,1080,720,test,Tennessee,Tennessee::grade_separated_intersection,0,26,derived_pre_accident_until=1.708;weak_negative=true
ahyVT91vv8c_00__accident,/autodl-fs/data/traffic_accident_rnd/ACCIDENT_dataset/real_videos/ahyVT91vv8c_00.mp4,ACCIDENT-real,single,accident,1,weak_clip_event_window,30.041667,14.979196,450,960,720,test,Tennessee,Tennessee::grade_separated_intersection,4,94,accident_time=2.25;type=single
8G_gWFWoV3U_00__accident,/autodl-fs/data/traffic_accident_rnd/ACCIDENT_dataset/real_videos/8G_gWFWoV3U_00.mp4,ACCIDENT-real,t-bone,accident,1,weak_clip_event_window,30.033333,14.983352,450,1620,1080,test,Tennessee,Tennessee::grade_separated_intersection,106,196,accident_time=9.1;type=t-bone
8G_gWFWoV3U_00__pre_event_non_accident,/autodl-fs/data/traffic_accident_rnd/ACCIDENT_dataset/real_videos/8G_gWFWoV3U_00.mp4,ACCIDENT-real,t-bone,non_accident,0,weak_clip_pre_event,30.033333,14.983352,450,1620,1080,test,Tennessee,Tennessee::grade_separated_intersection,0,91,derived_pre_accident_until=6.100;weak_negative=true
4Q4q7Y1GGHk_00__accident,/autodl-fs/data/traffic_accident_rnd/ACCIDENT_dataset/real_videos/4Q4q7Y1GGHk_00.mp4,ACCIDENT-real,single,accident,1,weak_clip_event_window,30.041667,10.751734,323,960,720,test,Tennessee,Tennessee::highway,21,86,accident_time=4.042;type=single
4Q4q7Y1GGHk_00__pre_event_non_accident,/autodl-fs/data/traffic_accident_rnd/ACCIDENT_dataset/real_videos/4Q4q7Y1GGHk_00.mp4,ACCIDENT-real,single,non_accident,0,weak_clip_pre_event,30.041667,10.751734,323,960,720,test,Tennessee,Tennessee::highway,0,11,derived_pre_accident_until=1.042;weak_negative=true
fvnovsPGazc_00__accident,/autodl-fs/data/traffic_accident_rnd/ACCIDENT_dataset/real_videos/fvnovsPGazc_00.mp4,ACCIDENT-real,sideswipe,accident,1,weak_clip_event_window,30.033333,14.916759,448,1584,1080,test,Tennessee,Tennessee::grade_separated_intersection,34,124,accident_time=4.3;type=sideswipe
fvnovsPGazc_00__pre_event_non_accident,/autodl-fs/data/traffic_accident_rnd/ACCIDENT_dataset/real_videos/fvnovsPGazc_00.mp4,ACCIDENT-real,sideswipe,non_accident,0,weak_clip_pre_event,30.033333,14.916759,448,1584,1080,test,Tennessee,Tennessee::grade_separated_intersection,0,19,derived_pre_accident_until=1.300;weak_negative=true
fy1ZkNZQhWA_00__accident,/autodl-fs/data/traffic_accident_rnd/ACCIDENT_dataset/real_videos/fy1ZkNZQhWA_00.mp4,ACCIDENT-real,single,accident,1,weak_clip_event_window,5.708333,15.065693,86,1080,720,test,Tennessee,Tennessee::highway,5,86,accident_time=2.292;type=single
fy1ZkNZQhWA_01__accident,/autodl-fs/data/traffic_accident_rnd/ACCIDENT_dataset/real_videos/fy1ZkNZQhWA_01.mp4,ACCIDENT-real,single,accident,1,weak_clip_event_window,5.208333,15.168,79,1080,720,test,Tennessee,Tennessee::highway,7,79,accident_time=2.4579999999999984;type=single
fy1ZkNZQhWA_02__accident,/autodl-fs/data/traffic_accident_rnd/ACCIDENT_dataset/real_videos/fy1ZkNZQhWA_02.mp4,ACCIDENT-real,single,accident,1,weak_clip_event_window,11.25,15.022222,169,1080,720,test,Tennessee,Tennessee::highway,1,91,accident_time=2.0839999999999996;type=single
fy1ZkNZQhWA_03__accident,/autodl-fs/data/traffic_accident_rnd/ACCIDENT_dataset/real_videos/fy1ZkNZQhWA_03.mp4,ACCIDENT-real,rear-end,accident,1,weak_clip_event_window,4.375,14.857143,65,1080,720,test,Tennessee,Tennessee::highway,0,65,accident_time=1.6670000000000016;type=rear-end
Ib9wzyr5GqE_00__accident,/autodl-fs/data/traffic_accident_rnd/ACCIDENT_dataset/real_videos/Ib9wzyr5GqE_00.mp4,ACCIDENT-real,single,accident,1,weak_clip_event_window,30.041667,14.679612,441,1280,720,test,Tennessee,Tennessee::highway,76,164,accident_time=7.125;type=single
Ib9wzyr5GqE_00__pre_event_non_accident,/autodl-fs/data/traffic_accident_rnd/ACCIDENT_dataset/real_videos/Ib9wzyr5GqE_00.mp4,ACCIDENT-real,single,non_accident,0,weak_clip_pre_event,30.041667,14.679612,441,1280,720,test,Tennessee,Tennessee::highway,0,61,derived_pre_accident_until=4.125;weak_negative=true
zOgTWOFJpKg_00__accident,/autodl-fs/data/traffic_accident_rnd/ACCIDENT_dataset/real_videos/zOgTWOFJpKg_00.mp4,ACCIDENT-real,single,accident,1,weak_clip_event_window,13.958333,14.973134,209,960,720,test,Virginia,Virginia::highway,133,209,accident_time=10.875;type=single
zOgTWOFJpKg_00__pre_event_non_accident,/autodl-fs/data/traffic_accident_rnd/ACCIDENT_dataset/real_videos/zOgTWOFJpKg_00.mp4,ACCIDENT-real,single,non_accident,0,weak_clip_pre_event,13.958333,14.973134,209,960,720,test,Virginia,Virginia::highway,0,118,derived_pre_accident_until=7.875;weak_negative=true
zOgTWOFJpKg_01__accident,/autodl-fs/data/traffic_accident_rnd/ACCIDENT_dataset/real_videos/zOgTWOFJpKg_01.mp4,ACCIDENT-real,t-bone,accident,1,weak_clip_event_window,16.0,15.0625,241,960,720,test,Virginia,Virginia::highway,131,221,accident_time=10.709000000000001;type=t-bone
zOgTWOFJpKg_01__pre_event_non_accident,/autodl-fs/data/traffic_accident_rnd/ACCIDENT_dataset/real_videos/zOgTWOFJpKg_01.mp4,ACCIDENT-real,t-bone,non_accident,0,weak_clip_pre_event,16.0,15.0625,241,960,720,test,Virginia,Virginia::highway,0,116,derived_pre_accident_until=7.709;weak_negative=true
K0RZlWi2qhA_00__accident,/autodl-fs/data/traffic_accident_rnd/ACCIDENT_dataset/real_videos/K0RZlWi2qhA_00.mp4,ACCIDENT-real,rear-end,accident,1,weak_clip_event_window,30.041667,14.979196,450,1280,720,test,Tennessee,Tennessee::highway,0,86,accident_time=1.708;type=rear-end
Y4QHUzvOwwQ_00__accident,/autodl-fs/data/traffic_accident_rnd/ACCIDENT_dataset/real_videos/Y4QHUzvOwwQ_00.mp4,ACCIDENT-real,rear-end,accident,1,weak_clip_event_window,30.041667,14.979196,450,960,720,test,Tennessee,Tennessee::highway,149,239,accident_time=11.917;type=rear-end
Y4QHUzvOwwQ_00__pre_event_non_accident,/autodl-fs/data/traffic_accident_rnd/ACCIDENT_dataset/real_videos/Y4QHUzvOwwQ_00.mp4,ACCIDENT-real,rear-end,non_accident,0,weak_clip_pre_event,30.041667,14.979196,450,960,720,test,Tennessee,Tennessee::highway,0,134,derived_pre_accident_until=8.917;weak_negative=true
CU0w8gexxew_00__accident,/autodl-fs/data/traffic_accident_rnd/ACCIDENT_dataset/real_videos/CU0w8gexxew_00.mp4,ACCIDENT-real,sideswipe,accident,1,weak_clip_event_window,30.041667,14.979196,450,960,720,test,Tennessee,Tennessee::highway,47,137,accident_time=5.167;type=sideswipe
CU0w8gexxew_00__pre_event_non_accident,/autodl-fs/data/traffic_accident_rnd/ACCIDENT_dataset/real_videos/CU0w8gexxew_00.mp4,ACCIDENT-real,sideswipe,non_accident,0,weak_clip_pre_event,30.041667,14.979196,450,960,720,test,Tennessee,Tennessee::highway,0,32,derived_pre_accident_until=2.167;weak_negative=true
nbhL6NycXqc_00__accident,/autodl-fs/data/traffic_accident_rnd/ACCIDENT_dataset/real_videos/nbhL6NycXqc_00.mp4,ACCIDENT-real,single,accident,1,weak_clip_event_window,29.958333,15.020862,450,960,720,train,Tennessee,Tennessee::highway,95,185,accident_time=8.333;type=single
nbhL6NycXqc_00__pre_event_non_accident,/autodl-fs/data/traffic_accident_rnd/ACCIDENT_dataset/real_videos/nbhL6NycXqc_00.mp4,ACCIDENT-real,single,non_accident,0,weak_clip_pre_event,29.958333,15.020862,450,960,720,train,Tennessee,Tennessee::highway,0,80,derived_pre_accident_until=5.333;weak_negative=true
pK1JUx-kk5U_00__accident,/autodl-fs/data/traffic_accident_rnd/ACCIDENT_dataset/real_videos/pK1JUx-kk5U_00.mp4,ACCIDENT-real,single,accident,1,weak_clip_event_window,30.0,14.766667,443,960,720,test,Virginia,Virginia::highway,68,157,accident_time=6.667;type=single
pK1JUx-kk5U_00__pre_event_non_accident,/autodl-fs/data/traffic_accident_rnd/ACCIDENT_dataset/real_videos/pK1JUx-kk5U_00.mp4,ACCIDENT-real,single,non_accident,0,weak_clip_pre_event,30.0,14.766667,443,960,720,test,Virginia,Virginia::highway,0,54,derived_pre_accident_until=3.667;weak_negative=true
ZFYfE3_Nz5o_00__accident,/autodl-fs/data/traffic_accident_rnd/ACCIDENT_dataset/real_videos/ZFYfE3_Nz5o_00.mp4,ACCIDENT-real,single,accident,1,weak_clip_event_window,30.041667,14.945908,449,960,720,test,Virginia,Virginia::highway,42,132,accident_time=4.792;type=single
ZFYfE3_Nz5o_00__pre_event_non_accident,/autodl-fs/data/traffic_accident_rnd/ACCIDENT_dataset/real_videos/ZFYfE3_Nz5o_00.mp4,ACCIDENT-real,single,non_accident,0,weak_clip_pre_event,30.041667,14.945908,449,960,720,test,Virginia,Virginia::highway,0,27,derived_pre_accident_until=1.792;weak_negative=true
XPqOWbSVgbk_00__accident,/autodl-fs/data/traffic_accident_rnd/ACCIDENT_dataset/real_videos/XPqOWbSVgbk_00.mp4,ACCIDENT-real,single,accident,1,weak_clip_event_window,30.041667,15.345354,461,960,720,test,Virginia,Virginia::highway,37,129,accident_time=4.417;type=single
XPqOWbSVgbk_00__pre_event_non_accident,/autodl-fs/data/traffic_accident_rnd/ACCIDENT_dataset/real_videos/XPqOWbSVgbk_00.mp4,ACCIDENT-real,single,non_accident,0,weak_clip_pre_event,30.041667,15.345354,461,960,720,test,Virginia,Virginia::highway,0,22,derived_pre_accident_until=1.417;weak_negative=true
3rBm5RyfhOw_00__accident,/autodl-fs/data/traffic_accident_rnd/ACCIDENT_dataset/real_videos/3rBm5RyfhOw_00.mp4,ACCIDENT-real,t-bone,accident,1,weak_clip_event_window,14.291667,14.90379,213,960,720,test,Virginia,Virginia::signalized_intersection,28,118,accident_time=3.916666;type=t-bone
8eSV1Aza1uE_00__accident,/autodl-fs/data/traffic_accident_rnd/ACCIDENT_dataset/real_videos/8eSV1Aza1uE_00.mp4,ACCIDENT-real,rear-end,accident,1,weak_clip_event_window,30.066667,14.933481,449,1584,1080,test,Wisconsin,Wisconsin::highway,41,131,accident_time=4.733;type=rear-end
8eSV1Aza1uE_00__pre_event_non_accident,/autodl-fs/data/traffic_accident_rnd/ACCIDENT_dataset/real_videos/8eSV1Aza1uE_00.mp4,ACCIDENT-real,rear-end,non_accident,0,weak_clip_pre_event,30.066667,14.933481,449,1584,1080,test,Wisconsin,Wisconsin::highway,0,26,derived_pre_accident_until=1.733;weak_negative=true
vfx-a0mKrFo_00__accident,/autodl-fs/data/traffic_accident_rnd/ACCIDENT_dataset/real_videos/vfx-a0mKrFo_00.mp4,ACCIDENT-real,single,accident,1,weak_clip_event_window,30.083333,14.925208,449,1056,720,test,Wisconsin,Wisconsin::highway,22,112,accident_time=3.458;type=single
niL3O_tNdFY_00__accident,/autodl-fs/data/traffic_accident_rnd/ACCIDENT_dataset/real_videos/niL3O_tNdFY_00.mp4,ACCIDENT-real,rear-end,accident,1,weak_clip_event_window,22.933333,15.043605,345,1280,720,test,Wisconsin,Wisconsin::highway,24,114,accident_time=3.6;type=rear-end
OlyJb8yf1dI_00__accident,/autodl-fs/data/traffic_accident_rnd/ACCIDENT_dataset/real_videos/OlyJb8yf1dI_00.mp4,ACCIDENT-real,sideswipe,accident,1,weak_clip_event_window,30.1,14.950166,450,1440,1080,train,Tennessee,Tennessee::highway,96,186,accident_time=8.4;type=sideswipe
OlyJb8yf1dI_00__pre_event_non_accident,/autodl-fs/data/traffic_accident_rnd/ACCIDENT_dataset/real_videos/OlyJb8yf1dI_00.mp4,ACCIDENT-real,sideswipe,non_accident,0,weak_clip_pre_event,30.1,14.950166,450,1440,1080,train,Tennessee,Tennessee::highway,0,81,derived_pre_accident_until=5.400;weak_negative=true
pb5K0aVve9o_00__accident,/autodl-fs/data/traffic_accident_rnd/ACCIDENT_dataset/real_videos/pb5K0aVve9o_00.mp4,ACCIDENT-real,sideswipe,accident,1,weak_clip_event_window,13.133333,29.847716,392,1620,1080,train,Minnesota,Minnesota::highway,45,224,accident_time=3.533;type=sideswipe
r_s-IxnbXkw_00__accident,/autodl-fs/data/traffic_accident_rnd/ACCIDENT_dataset/real_videos/r_s-IxnbXkw_00.mp4,ACCIDENT-real,head-on,accident,1,weak_clip_event_window,10.208333,14.693878,150,1080,720,test,Alabama,Alabama::signalized_intersection,38,126,accident_time=4.582999999999998;type=head-on
r_s-IxnbXkw_00__pre_event_non_accident,/autodl-fs/data/traffic_accident_rnd/ACCIDENT_dataset/real_videos/r_s-IxnbXkw_00.mp4,ACCIDENT-real,head-on,non_accident,0,weak_clip_pre_event,10.208333,14.693878,150,1080,720,test,Alabama,Alabama::signalized_intersection,0,23,derived_pre_accident_until=1.583;weak_negative=true
HSDqCUHuz8Q_0_00__accident,/autodl-fs/data/traffic_accident_rnd/ACCIDENT_dataset/real_videos/HSDqCUHuz8Q_0_00.mp4,ACCIDENT-real,rear-end,accident,1,weak_clip_event_window,5.533333,25.120482,139,1280,720,train,World,World::city_street,17,139,accident_time=2.666667;type=rear-end
HSDqCUHuz8Q_3_00__accident,/autodl-fs/data/traffic_accident_rnd/ACCIDENT_dataset/real_videos/HSDqCUHuz8Q_3_00.mp4,ACCIDENT-real,rear-end,accident,1,weak_clip_event_window,20.066667,14.302326,287,1280,720,train,World,World::parking_lot,26,112,accident_time=3.833333;type=rear-end
HSDqCUHuz8Q_5_00__accident,/autodl-fs/data/traffic_accident_rnd/ACCIDENT_dataset/real_videos/HSDqCUHuz8Q_5_00.mp4,ACCIDENT-real,single,accident,1,weak_clip_event_window,10.366667,20.257235,210,1280,720,train,World,World::signalized_intersection,67,189,accident_time=5.333333;type=single
HSDqCUHuz8Q_5_00__pre_event_non_accident,/autodl-fs/data/traffic_accident_rnd/ACCIDENT_dataset/real_videos/HSDqCUHuz8Q_5_00.mp4,ACCIDENT-real,single,non_accident,0,weak_clip_pre_event,10.366667,20.257235,210,1280,720,train,World,World::signalized_intersection,0,47,derived_pre_accident_until=2.333;weak_negative=true
IAhGJNVqs1M_10_00__accident,/autodl-fs/data/traffic_accident_rnd/ACCIDENT_dataset/real_videos/IAhGJNVqs1M_10_00.mp4,ACCIDENT-real,t-bone,accident,1,weak_clip_event_window,7.48,18.983957,142,320,240,train,World,World::simple_intersection,0,92,accident_time=0.8399999999999999;type=t-bone
IAhGJNVqs1M_14_00__accident,/autodl-fs/data/traffic_accident_rnd/ACCIDENT_dataset/real_videos/IAhGJNVqs1M_14_00.mp4,ACCIDENT-real,t-bone,accident,1,weak_clip_event_window,42.6,22.910798,976,320,240,train,World,World::signalized_intersection,168,306,accident_time=9.36;type=t-bone
IAhGJNVqs1M_14_00__pre_event_non_accident,/autodl-fs/data/traffic_accident_rnd/ACCIDENT_dataset/real_videos/IAhGJNVqs1M_14_00.mp4,ACCIDENT-real,t-bone,non_accident,0,weak_clip_pre_event,42.6,22.910798,976,320,240,train,World,World::signalized_intersection,0,146,derived_pre_accident_until=6.360;weak_negative=true
IAhGJNVqs1M_9_00__accident,/autodl-fs/data/traffic_accident_rnd/ACCIDENT_dataset/real_videos/IAhGJNVqs1M_9_00.mp4,ACCIDENT-real,t-bone,accident,1,weak_clip_event_window,16.12,24.565757,396,320,240,train,World,World::signalized_intersection,36,183,accident_time=3.44;type=t-bone
L334aqEJxys_0_00__accident,/autodl-fs/data/traffic_accident_rnd/ACCIDENT_dataset/real_videos/L334aqEJxys_0_00.mp4,ACCIDENT-real,t-bone,accident,1,weak_clip_event_window,13.880533,25.071083,348,1280,720,train,World,World::simple_intersection,70,220,accident_time=4.771433;type=t-bone
L334aqEJxys_0_00__pre_event_non_accident,/autodl-fs/data/traffic_accident_rnd/ACCIDENT_dataset/real_videos/L334aqEJxys_0_00.mp4,ACCIDENT-real,t-bone,non_accident,0,weak_clip_pre_event,13.880533,25.071083,348,1280,720,train,World,World::simple_intersection,0,44,derived_pre_accident_until=1.771;weak_negative=true
L334aqEJxys_1_00__accident,/autodl-fs/data/traffic_accident_rnd/ACCIDENT_dataset/real_videos/L334aqEJxys_1_00.mp4,ACCIDENT-real,single,accident,1,weak_clip_event_window,10.276933,25.00746,257,1280,720,train,World,World::city_street,89,239,accident_time=5.572233;type=single
L334aqEJxys_1_00__pre_event_non_accident,/autodl-fs/data/traffic_accident_rnd/ACCIDENT_dataset/real_videos/L334aqEJxys_1_00.mp4,ACCIDENT-real,single,non_accident,0,weak_clip_pre_event,10.276933,25.00746,257,1280,720,train,World,World::city_street,0,64,derived_pre_accident_until=2.572;weak_negative=true
ML52jXyFltw_0_00__accident,/autodl-fs/data/traffic_accident_rnd/ACCIDENT_dataset/real_videos/ML52jXyFltw_0_00.mp4,ACCIDENT-real,t-bone,accident,1,weak_clip_event_window,2.133333,9.84375,21,320,240,train,World,World::city_street,0,21,accident_time=0.866667;type=t-bone
MxiC2UdOzE8_0_00__accident,/autodl-fs/data/traffic_accident_rnd/ACCIDENT_dataset/real_videos/MxiC2UdOzE8_0_00.mp4,ACCIDENT-real,t-bone,accident,1,weak_clip_event_window,39.205833,27.164325,1065,1280,720,train,World,World::signalized_intersection,619,782,accident_time=24.791433;type=t-bone
MxiC2UdOzE8_0_00__pre_event_non_accident,/autodl-fs/data/traffic_accident_rnd/ACCIDENT_dataset/real_videos/MxiC2UdOzE8_0_00.mp4,ACCIDENT-real,t-bone,non_accident,0,weak_clip_pre_event,39.205833,27.164325,1065,1280,720,train,World,World::signalized_intersection,0,592,derived_pre_accident_until=21.791;weak_negative=true
N6zJ2inqJn0_0_00__accident,/autodl-fs/data/traffic_accident_rnd/ACCIDENT_dataset/real_videos/N6zJ2inqJn0_0_00.mp4,ACCIDENT-real,t-bone,accident,1,weak_clip_event_window,12.045367,24.905842,300,1280,720,train,World,World::simple_intersection,118,268,accident_time=6.740067;type=t-bone
N6zJ2inqJn0_0_00__pre_event_non_accident,/autodl-fs/data/traffic_accident_rnd/ACCIDENT_dataset/real_videos/N6zJ2inqJn0_0_00.mp4,ACCIDENT-real,t-bone,non_accident,0,weak_clip_pre_event,12.045367,24.905842,300,1280,720,train,World,World::simple_intersection,0,93,derived_pre_accident_until=3.740;weak_negative=true
N6zJ2inqJn0_1_00__accident,/autodl-fs/data/traffic_accident_rnd/ACCIDENT_dataset/real_videos/N6zJ2inqJn0_1_00.mp4,ACCIDENT-real,head-on,accident,1,weak_clip_event_window,9.976633,24.056211,240,1280,720,train,World,World::signalized_intersection,0,142,accident_time=1.9019;type=head-on
N6zJ2inqJn0_2_00__accident,/autodl-fs/data/traffic_accident_rnd/ACCIDENT_dataset/real_videos/N6zJ2inqJn0_2_00.mp4,ACCIDENT-real,t-bone,accident,1,weak_clip_event_window,7.040367,19.459214,137,1280,720,train,World,World::signalized_intersection,13,130,accident_time=2.669333;type=t-bone
N6zJ2inqJn0_3_00__accident,/autodl-fs/data/traffic_accident_rnd/ACCIDENT_dataset/real_videos/N6zJ2inqJn0_3_00.mp4,ACCIDENT-real,t-bone,accident,1,weak_clip_event_window,7.340667,25.065843,184,1280,720,train,World,World::simple_intersection,24,174,accident_time=2.969633;type=t-bone
PF5pVn8N9wA_11_00__accident,/autodl-fs/data/traffic_accident_rnd/ACCIDENT_dataset/real_videos/PF5pVn8N9wA_11_00.mp4,ACCIDENT-real,head-on,accident,1,weak_clip_event_window,7.745819,24.658463,191,1280,720,train,World,World::city_street,10,158,accident_time=2.408027;type=head-on
eqwBLPxQ0z0_00__accident,/autodl-fs/data/traffic_accident_rnd/ACCIDENT_dataset/real_videos/eqwBLPxQ0z0_00.mp4,ACCIDENT-real,rear-end,accident,1,weak_clip_event_window,20.833333,14.928,311,2880,2160,test,Tennessee,Tennessee::highway,50,140,accident_time=5.333;type=rear-end
eqwBLPxQ0z0_00__pre_event_non_accident,/autodl-fs/data/traffic_accident_rnd/ACCIDENT_dataset/real_videos/eqwBLPxQ0z0_00.mp4,ACCIDENT-real,rear-end,non_accident,0,weak_clip_pre_event,20.833333,14.928,311,2880,2160,test,Tennessee,Tennessee::highway,0,35,derived_pre_accident_until=2.333;weak_negative=true
acmBtouCwIU_00__accident,/autodl-fs/data/traffic_accident_rnd/ACCIDENT_dataset/real_videos/acmBtouCwIU_00.mp4,ACCIDENT-real,rear-end,accident,1,weak_clip_event_window,30.041667,14.846047,446,1080,720,train,Alabama,Alabama::highway,68,157,accident_time=6.625;type=rear-end
acmBtouCwIU_00__pre_event_non_accident,/autodl-fs/data/traffic_accident_rnd/ACCIDENT_dataset/real_videos/acmBtouCwIU_00.mp4,ACCIDENT-real,rear-end,non_accident,0,weak_clip_pre_event,30.041667,14.846047,446,1080,720,train,Alabama,Alabama::highway,0,54,derived_pre_accident_until=3.625;weak_negative=true
xoq6jahieRg_00__accident,/autodl-fs/data/traffic_accident_rnd/ACCIDENT_dataset/real_videos/xoq6jahieRg_00.mp4,ACCIDENT-real,rear-end,accident,1,weak_clip_event_window,20.366667,29.9018,609,1920,1080,train,Alabama,Alabama::highway,116,296,accident_time=5.9;type=rear-end
xoq6jahieRg_00__pre_event_non_accident,/autodl-fs/data/traffic_accident_rnd/ACCIDENT_dataset/real_videos/xoq6jahieRg_00.mp4,ACCIDENT-real,rear-end,non_accident,0,weak_clip_pre_event,20.366667,29.9018,609,1920,1080,train,Alabama,Alabama::highway,0,87,derived_pre_accident_until=2.900;weak_negative=true
fhZ9Mb-Ps3M_00__accident,/autodl-fs/data/traffic_accident_rnd/ACCIDENT_dataset/real_videos/fhZ9Mb-Ps3M_00.mp4,ACCIDENT-real,rear-end,accident,1,weak_clip_event_window,30.066667,29.933481,900,1920,1080,test,Alabama,Alabama::signalized_intersection,185,365,accident_time=8.2;type=rear-end
fhZ9Mb-Ps3M_00__pre_event_non_accident,/autodl-fs/data/traffic_accident_rnd/ACCIDENT_dataset/real_videos/fhZ9Mb-Ps3M_00.mp4,ACCIDENT-real,rear-end,non_accident,0,weak_clip_pre_event,30.066667,29.933481,900,1920,1080,test,Alabama,Alabama::signalized_intersection,0,156,derived_pre_accident_until=5.200;weak_negative=true
kuwhQxdw6TU_00__accident,/autodl-fs/data/traffic_accident_rnd/ACCIDENT_dataset/real_videos/kuwhQxdw6TU_00.mp4,ACCIDENT-real,t-bone,accident,1,weak_clip_event_window,30.041667,14.712899,442,1280,720,test,Alabama,Alabama::signalized_intersection,50,138,accident_time=5.375;type=t-bone
kuwhQxdw6TU_00__pre_event_non_accident,/autodl-fs/data/traffic_accident_rnd/ACCIDENT_dataset/real_videos/kuwhQxdw6TU_00.mp4,ACCIDENT-real,t-bone,non_accident,0,weak_clip_pre_event,30.041667,14.712899,442,1280,720,test,Alabama,Alabama::signalized_intersection,0,35,derived_pre_accident_until=2.375;weak_negative=true
IKBt_1zB87o_00__accident,/autodl-fs/data/traffic_accident_rnd/ACCIDENT_dataset/real_videos/IKBt_1zB87o_00.mp4,ACCIDENT-real,t-bone,accident,1,weak_clip_event_window,30.041667,6.990291,210,1280,720,test,Arkansas,Arkansas::simple_intersection,31,73,accident_time=6.5;type=t-bone
IKBt_1zB87o_00__pre_event_non_accident,/autodl-fs/data/traffic_accident_rnd/ACCIDENT_dataset/real_videos/IKBt_1zB87o_00.mp4,ACCIDENT-real,t-bone,non_accident,0,weak_clip_pre_event,30.041667,6.990291,210,1280,720,test,Arkansas,Arkansas::simple_intersection,0,24,derived_pre_accident_until=3.500;weak_negative=true
fVIMQD0Bo2M_00__accident,/autodl-fs/data/traffic_accident_rnd/ACCIDENT_dataset/real_videos/fVIMQD0Bo2M_00.mp4,ACCIDENT-real,sideswipe,accident,1,weak_clip_event_window,10.509138,14.844224,156,854,384,test,Virginia,Virginia::highway,97,156,accident_time=8.551;type=sideswipe
fVIMQD0Bo2M_00__pre_event_non_accident,/autodl-fs/data/traffic_accident_rnd/ACCIDENT_dataset/real_videos/fVIMQD0Bo2M_00.mp4,ACCIDENT-real,sideswipe,non_accident,0,weak_clip_pre_event,10.509138,14.844224,156,854,384,test,Virginia,Virginia::highway,0,82,derived_pre_accident_until=5.551;weak_negative=true
YObeSti3p2M_00__accident,/autodl-fs/data/traffic_accident_rnd/ACCIDENT_dataset/real_videos/YObeSti3p2M_00.mp4,ACCIDENT-real,single,accident,1,weak_clip_event_window,30.066667,15.0,451,1920,1080,train,Virginia,Virginia::highway,76,166,accident_time=7.066667;type=single
YObeSti3p2M_00__pre_event_non_accident,/autodl-fs/data/traffic_accident_rnd/ACCIDENT_dataset/real_videos/YObeSti3p2M_00.mp4,ACCIDENT-real,single,non_accident,0,weak_clip_pre_event,30.066667,15.0,451,1920,1080,train,Virginia,Virginia::highway,0,61,derived_pre_accident_until=4.067;weak_negative=true
KWBc4BKAUso_00__accident,/autodl-fs/data/traffic_accident_rnd/ACCIDENT_dataset/real_videos/KWBc4BKAUso_00.mp4,ACCIDENT-real,sideswipe,accident,1,weak_clip_event_window,26.244997,10.020957,263,2400,1080,test,Virginia,Virginia::highway,71,131,accident_time=9.12;type=sideswipe
KWBc4BKAUso_00__pre_event_non_accident,/autodl-fs/data/traffic_accident_rnd/ACCIDENT_dataset/real_videos/KWBc4BKAUso_00.mp4,ACCIDENT-real,sideswipe,non_accident,0,weak_clip_pre_event,26.244997,10.020957,263,2400,1080,test,Virginia,Virginia::highway,0,61,derived_pre_accident_until=6.120;weak_negative=true
gwHMR2FEVKA_00__accident,/autodl-fs/data/traffic_accident_rnd/ACCIDENT_dataset/real_videos/gwHMR2FEVKA_00.mp4,ACCIDENT-real,single,accident,1,weak_clip_event_window,30.033333,29.933407,899,1056,720,test,Florida,Florida::highway,115,295,accident_time=5.833;type=single
gwHMR2FEVKA_00__pre_event_non_accident,/autodl-fs/data/traffic_accident_rnd/ACCIDENT_dataset/real_videos/gwHMR2FEVKA_00.mp4,ACCIDENT-real,single,non_accident,0,weak_clip_pre_event,30.033333,29.933407,899,1056,720,test,Florida,Florida::highway,0,85,derived_pre_accident_until=2.833;weak_negative=true
Cu647jk6n_s_00__accident,/autodl-fs/data/traffic_accident_rnd/ACCIDENT_dataset/real_videos/Cu647jk6n_s_00.mp4,ACCIDENT-real,rear-end,accident,1,weak_clip_event_window,14.233333,14.964871,213,1920,1080,test,Georgia,Georgia::highway,13,103,accident_time=2.8999999999999986;type=rear-end
Okrusfvcpt8_00__accident,/autodl-fs/data/traffic_accident_rnd/ACCIDENT_dataset/real_videos/Okrusfvcpt8_00.mp4,ACCIDENT-real,rear-end,accident,1,weak_clip_event_window,20.291667,14.735113,299,1280,720,test,Iowa,Iowa::highway,43,131,accident_time=4.875;type=rear-end
Okrusfvcpt8_00__pre_event_non_accident,/autodl-fs/data/traffic_accident_rnd/ACCIDENT_dataset/real_videos/Okrusfvcpt8_00.mp4,ACCIDENT-real,rear-end,non_accident,0,weak_clip_pre_event,20.291667,14.735113,299,1280,720,test,Iowa,Iowa::highway,0,28,derived_pre_accident_until=1.875;weak_negative=true
dn0Au-EvKJI_00__accident,/autodl-fs/data/traffic_accident_rnd/ACCIDENT_dataset/real_videos/dn0Au-EvKJI_00.mp4,ACCIDENT-real,t-bone,accident,1,weak_clip_event_window,10.583333,26.07874,276,1620,1080,test,Minnesota,Minnesota::signalized_intersection,42,198,accident_time=3.6;type=t-bone
IhxIuzCn1dM_00__accident,/autodl-fs/data/traffic_accident_rnd/ACCIDENT_dataset/real_videos/IhxIuzCn1dM_00.mp4,ACCIDENT-real,t-bone,accident,1,weak_clip_event_window,5.633333,29.64497,167,1920,1080,test,Minnesota,Minnesota::signalized_intersection,36,167,accident_time=3.2;type=t-bone
95Tx-2p0O_E_00__accident,/autodl-fs/data/traffic_accident_rnd/ACCIDENT_dataset/real_videos/95Tx-2p0O_E_00.mp4,ACCIDENT-real,rear-end,accident,1,weak_clip_event_window,29.958333,14.753825,442,1080,720,test,Seattle,Seattle::signalized_intersection,166,255,accident_time=13.292;type=rear-end
95Tx-2p0O_E_00__pre_event_non_accident,/autodl-fs/data/traffic_accident_rnd/ACCIDENT_dataset/real_videos/95Tx-2p0O_E_00.mp4,ACCIDENT-real,rear-end,non_accident,0,weak_clip_pre_event,29.958333,14.753825,442,1080,720,test,Seattle,Seattle::signalized_intersection,0,152,derived_pre_accident_until=10.292;weak_negative=true
SVcqRcsvGak_00__accident,/autodl-fs/data/traffic_accident_rnd/ACCIDENT_dataset/real_videos/SVcqRcsvGak_00.mp4,ACCIDENT-real,sideswipe,accident,1,weak_clip_event_window,30.041667,14.979196,450,960,720,train,Virginia,Virginia::highway,61,151,accident_time=6.042;type=sideswipe
SVcqRcsvGak_00__pre_event_non_accident,/autodl-fs/data/traffic_accident_rnd/ACCIDENT_dataset/real_videos/SVcqRcsvGak_00.mp4,ACCIDENT-real,sideswipe,non_accident,0,weak_clip_pre_event,30.041667,14.979196,450,960,720,train,Virginia,Virginia::highway,0,46,derived_pre_accident_until=3.042;weak_negative=true
1TfCsqNoWQw_00__accident,/autodl-fs/data/traffic_accident_rnd/ACCIDENT_dataset/real_videos/1TfCsqNoWQw_00.mp4,ACCIDENT-real,single,accident,1,weak_clip_event_window,25.053913,14.967722,375,2400,1080,test,Tennessee,Tennessee::highway,37,127,accident_time=4.504;type=single
1TfCsqNoWQw_00__pre_event_non_accident,/autodl-fs/data/traffic_accident_rnd/ACCIDENT_dataset/real_videos/1TfCsqNoWQw_00.mp4,ACCIDENT-real,single,non_accident,0,weak_clip_pre_event,25.053913,14.967722,375,2400,1080,test,Tennessee,Tennessee::highway,0,23,derived_pre_accident_until=1.504;weak_negative=true
vUnflRkNPsI_00__accident,/autodl-fs/data/traffic_accident_rnd/ACCIDENT_dataset/real_videos/vUnflRkNPsI_00.mp4,ACCIDENT-real,sideswipe,accident,1,weak_clip_event_window,30.041667,14.979196,450,960,720,train,Tennessee,Tennessee::highway,26,116,accident_time=3.75;type=sideswipe
EV73dR7U00I_00__accident,/autodl-fs/data/traffic_accident_rnd/ACCIDENT_dataset/real_videos/EV73dR7U00I_00.mp4,ACCIDENT-real,single,accident,1,weak_clip_event_window,14.833333,14.966292,222,1440,1080,test,Tennessee,Tennessee::highway,23,113,accident_time=3.567;type=single
QGey_zj5Cms_00__accident,/autodl-fs/data/traffic_accident_rnd/ACCIDENT_dataset/real_videos/QGey_zj5Cms_00.mp4,ACCIDENT-real,single,accident,1,weak_clip_event_window,30.133333,7.964602,240,1920,1080,test,Arkansas,Arkansas::grade_separated_intersection,4,52,accident_time=2.5;type=single
VxcFvNWTn6M_00__accident,/autodl-fs/data/traffic_accident_rnd/ACCIDENT_dataset/real_videos/VxcFvNWTn6M_00.mp4,ACCIDENT-real,single,accident,1,weak_clip_event_window,30.0,14.966667,449,1056,720,test,Wisconsin,Wisconsin::highway,87,177,accident_time=7.792;type=single
VxcFvNWTn6M_00__pre_event_non_accident,/autodl-fs/data/traffic_accident_rnd/ACCIDENT_dataset/real_videos/VxcFvNWTn6M_00.mp4,ACCIDENT-real,single,non_accident,0,weak_clip_pre_event,30.0,14.966667,449,1056,720,test,Wisconsin,Wisconsin::highway,0,72,derived_pre_accident_until=4.792;weak_negative=true
SrbylylFcsg_2_00__accident,/autodl-fs/data/traffic_accident_rnd/ACCIDENT_dataset/real_videos/SrbylylFcsg_2_00.mp4,ACCIDENT-real,t-bone,accident,1,weak_clip_event_window,2.52,24.206349,61,492,360,train,World,World::signalized_intersection,0,61,accident_time=0.68;type=t-bone
T1WbCBVGCHg_0_00__accident,/autodl-fs/data/traffic_accident_rnd/ACCIDENT_dataset/real_videos/T1WbCBVGCHg_0_00.mp4,ACCIDENT-real,t-bone,accident,1,weak_clip_event_window,12.12,23.59736,286,1280,720,train,World,World::highway,105,246,accident_time=6.44;type=t-bone
T1WbCBVGCHg_0_00__pre_event_non_accident,/autodl-fs/data/traffic_accident_rnd/ACCIDENT_dataset/real_videos/T1WbCBVGCHg_0_00.mp4,ACCIDENT-real,t-bone,non_accident,0,weak_clip_pre_event,12.12,23.59736,286,1280,720,train,World,World::highway,0,81,derived_pre_accident_until=3.440;weak_negative=true
T1WbCBVGCHg_12_00__accident,/autodl-fs/data/traffic_accident_rnd/ACCIDENT_dataset/real_videos/T1WbCBVGCHg_12_00.mp4,ACCIDENT-real,single,accident,1,weak_clip_event_window,15.92,23.052764,367,1280,720,train,World,World::highway,119,257,accident_time=7.16;type=single
T1WbCBVGCHg_12_00__pre_event_non_accident,/autodl-fs/data/traffic_accident_rnd/ACCIDENT_dataset/real_videos/T1WbCBVGCHg_12_00.mp4,ACCIDENT-real,single,non_accident,0,weak_clip_pre_event,15.92,23.052764,367,1280,720,train,World,World::highway,0,96,derived_pre_accident_until=4.160;weak_negative=true
T1WbCBVGCHg_4_00__accident,/autodl-fs/data/traffic_accident_rnd/ACCIDENT_dataset/real_videos/T1WbCBVGCHg_4_00.mp4,ACCIDENT-real,t-bone,accident,1,weak_clip_event_window,11.96,21.73913,260,1280,720,train,World,World::highway,121,251,accident_time=7.56;type=t-bone
T1WbCBVGCHg_4_00__pre_event_non_accident,/autodl-fs/data/traffic_accident_rnd/ACCIDENT_dataset/real_videos/T1WbCBVGCHg_4_00.mp4,ACCIDENT-real,t-bone,non_accident,0,weak_clip_pre_event,11.96,21.73913,260,1280,720,train,World,World::highway,0,99,derived_pre_accident_until=4.560;weak_negative=true
T1WbCBVGCHg_8_00__accident,/autodl-fs/data/traffic_accident_rnd/ACCIDENT_dataset/real_videos/T1WbCBVGCHg_8_00.mp4,ACCIDENT-real,t-bone,accident,1,weak_clip_event_window,21.92,17.883212,392,1280,720,train,World,World::highway,96,204,accident_time=7.36;type=t-bone
T1WbCBVGCHg_8_00__pre_event_non_accident,/autodl-fs/data/traffic_accident_rnd/ACCIDENT_dataset/real_videos/T1WbCBVGCHg_8_00.mp4,ACCIDENT-real,t-bone,non_accident,0,weak_clip_pre_event,21.92,17.883212,392,1280,720,train,World,World::highway,0,78,derived_pre_accident_until=4.360;weak_negative=true
T_MwU0oQIBs_0_00__accident,/autodl-fs/data/traffic_accident_rnd/ACCIDENT_dataset/real_videos/T_MwU0oQIBs_0_00.mp4,ACCIDENT-real,t-bone,accident,1,weak_clip_event_window,4.7047,15.091292,71,1280,720,train,World,World::simple_intersection,0,71,accident_time=1.6016;type=t-bone
TqwcLiIQq3A_3_00__accident,/autodl-fs/data/traffic_accident_rnd/ACCIDENT_dataset/real_videos/TqwcLiIQq3A_3_00.mp4,ACCIDENT-real,t-bone,accident,1,weak_clip_event_window,98.364933,9.66808,951,480,360,train,World,World::signalized_intersection,861,919,accident_time=91.024267;type=t-bone
TqwcLiIQq3A_3_00__pre_event_non_accident,/autodl-fs/data/traffic_accident_rnd/ACCIDENT_dataset/real_videos/TqwcLiIQq3A_3_00.mp4,ACCIDENT-real,t-bone,non_accident,0,weak_clip_pre_event,98.364933,9.66808,951,480,360,train,World,World::signalized_intersection,0,851,derived_pre_accident_until=88.024;weak_negative=true
TvPX5q1VvE0_0_00__accident,/autodl-fs/data/traffic_accident_rnd/ACCIDENT_dataset/real_videos/TvPX5q1VvE0_0_00.mp4,ACCIDENT-real,rear-end,accident,1,weak_clip_event_window,10.9109,22.088004,241,1280,720,train,World,World::simple_intersection,92,224,accident_time=6.172833;type=rear-end
TvPX5q1VvE0_0_00__pre_event_non_accident,/autodl-fs/data/traffic_accident_rnd/ACCIDENT_dataset/real_videos/TvPX5q1VvE0_0_00.mp4,ACCIDENT-real,rear-end,non_accident,0,weak_clip_pre_event,10.9109,22.088004,241,1280,720,train,World,World::simple_intersection,0,70,derived_pre_accident_until=3.173;weak_negative=true
UEXRGvWNta8_0_00__accident,/autodl-fs/data/traffic_accident_rnd/ACCIDENT_dataset/real_videos/UEXRGvWNta8_0_00.mp4,ACCIDENT-real,t-bone,accident,1,weak_clip_event_window,5.733333,12.209302,70,1280,720,train,World,World::signalized_intersection,36,70,accident_time=4.933333;type=t-bone
UEXRGvWNta8_0_00__pre_event_non_accident,/autodl-fs/data/traffic_accident_rnd/ACCIDENT_dataset/real_videos/UEXRGvWNta8_0_00.mp4,ACCIDENT-real,t-bone,non_accident,0,weak_clip_pre_event,5.733333,12.209302,70,1280,720,train,World,World::signalized_intersection,0,24,derived_pre_accident_until=1.933;weak_negative=true
UcJKeuDYOzc_12_00__accident,/autodl-fs/data/traffic_accident_rnd/ACCIDENT_dataset/real_videos/UcJKeuDYOzc_12_00.mp4,ACCIDENT-real,single,accident,1,weak_clip_event_window,7.04,23.153409,163,450,360,train,World,World::signalized_intersection,0,128,accident_time=1.52;type=single
UcJKeuDYOzc_15_00__accident,/autodl-fs/data/traffic_accident_rnd/ACCIDENT_dataset/real_videos/UcJKeuDYOzc_15_00.mp4,ACCIDENT-real,t-bone,accident,1,weak_clip_event_window,9.6,21.25,204,450,360,train,World,World::roundabout,74,201,accident_time=5.48;type=t-bone
UcJKeuDYOzc_15_00__pre_event_non_accident,/autodl-fs/data/traffic_accident_rnd/ACCIDENT_dataset/real_videos/UcJKeuDYOzc_15_00.mp4,ACCIDENT-real,t-bone,non_accident,0,weak_clip_pre_event,9.6,21.25,204,450,360,train,World,World::roundabout,0,53,derived_pre_accident_until=2.480;weak_negative=true
UcJKeuDYOzc_16_00__accident,/autodl-fs/data/traffic_accident_rnd/ACCIDENT_dataset/real_videos/UcJKeuDYOzc_16_00.mp4,ACCIDENT-real,t-bone,accident,1,weak_clip_event_window,9.88,25.0,247,450,360,train,World,World::signalized_intersection,101,247,accident_time=6.04;type=t-bone
UcJKeuDYOzc_16_00__pre_event_non_accident,/autodl-fs/data/traffic_accident_rnd/ACCIDENT_dataset/real_videos/UcJKeuDYOzc_16_00.mp4,ACCIDENT-real,t-bone,non_accident,0,weak_clip_pre_event,9.88,25.0,247,450,360,train,World,World::signalized_intersection,0,76,derived_pre_accident_until=3.040;weak_negative=true
UcJKeuDYOzc_19_00__accident,/autodl-fs/data/traffic_accident_rnd/ACCIDENT_dataset/real_videos/UcJKeuDYOzc_19_00.mp4,ACCIDENT-real,sideswipe,accident,1,weak_clip_event_window,9.96,24.598394,245,450,360,train,World,World::city_street,45,192,accident_time=3.84;type=sideswipe
UcJKeuDYOzc_3_00__accident,/autodl-fs/data/traffic_accident_rnd/ACCIDENT_dataset/real_videos/UcJKeuDYOzc_3_00.mp4,ACCIDENT-real,t-bone,accident,1,weak_clip_event_window,14.08,25.0,352,450,360,train,World,World::simple_intersection,146,296,accident_time=7.84;type=t-bone
UcJKeuDYOzc_3_00__pre_event_non_accident,/autodl-fs/data/traffic_accident_rnd/ACCIDENT_dataset/real_videos/UcJKeuDYOzc_3_00.mp4,ACCIDENT-real,t-bone,non_accident,0,weak_clip_pre_event,14.08,25.0,352,450,360,train,World,World::simple_intersection,0,121,derived_pre_accident_until=4.840;weak_negative=true
UcJKeuDYOzc_4_00__accident,/autodl-fs/data/traffic_accident_rnd/ACCIDENT_dataset/real_videos/UcJKeuDYOzc_4_00.mp4,ACCIDENT-real,t-bone,accident,1,weak_clip_event_window,7.36,25.0,184,450,360,train,World,World::signalized_intersection,27,177,accident_time=3.08;type=t-bone
UcJKeuDYOzc_6_00__accident,/autodl-fs/data/traffic_accident_rnd/ACCIDENT_dataset/real_videos/UcJKeuDYOzc_6_00.mp4,ACCIDENT-real,t-bone,accident,1,weak_clip_event_window,14.64,15.095628,221,450,360,train,World,World::signalized_intersection,106,196,accident_time=9.0;type=t-bone
UcJKeuDYOzc_6_00__pre_event_non_accident,/autodl-fs/data/traffic_accident_rnd/ACCIDENT_dataset/real_videos/UcJKeuDYOzc_6_00.mp4,ACCIDENT-real,t-bone,non_accident,0,weak_clip_pre_event,14.64,15.095628,221,450,360,train,World,World::signalized_intersection,0,91,derived_pre_accident_until=6.000;weak_negative=true
UcJKeuDYOzc_8_00__accident,/autodl-fs/data/traffic_accident_rnd/ACCIDENT_dataset/real_videos/UcJKeuDYOzc_8_00.mp4,ACCIDENT-real,t-bone,accident,1,weak_clip_event_window,7.2,23.75,171,450,360,train,World,World::signalized_intersection,39,171,accident_time=3.68;type=t-bone
UcJKeuDYOzc_9_00__accident,/autodl-fs/data/traffic_accident_rnd/ACCIDENT_dataset/real_videos/UcJKeuDYOzc_9_00.mp4,ACCIDENT-real,single,accident,1,weak_clip_event_window,9.84,22.96748,226,450,360,train,World,World::signalized_intersection,89,226,accident_time=5.88;type=single
UcJKeuDYOzc_9_00__pre_event_non_accident,/autodl-fs/data/traffic_accident_rnd/ACCIDENT_dataset/real_videos/UcJKeuDYOzc_9_00.mp4,ACCIDENT-real,single,non_accident,0,weak_clip_pre_event,9.84,22.96748,226,450,360,train,World,World::signalized_intersection,0,66,derived_pre_accident_until=2.880;weak_negative=true
V0iWmOFca7w_4_00__accident,/autodl-fs/data/traffic_accident_rnd/ACCIDENT_dataset/real_videos/V0iWmOFca7w_4_00.mp4,ACCIDENT-real,t-bone,accident,1,weak_clip_event_window,22.689333,18.687195,424,1280,720,train,World,World::signalized_intersection,311,423,accident_time=18.601917;type=t-bone
V0iWmOFca7w_4_00__pre_event_non_accident,/autodl-fs/data/traffic_accident_rnd/ACCIDENT_dataset/real_videos/V0iWmOFca7w_4_00.mp4,ACCIDENT-real,t-bone,non_accident,0,weak_clip_pre_event,22.689333,18.687195,424,1280,720,train,World,World::signalized_intersection,0,292,derived_pre_accident_until=15.602;weak_negative=true
zs895pofwv4_00__accident,/autodl-fs/data/traffic_accident_rnd/ACCIDENT_dataset/real_videos/zs895pofwv4_00.mp4,ACCIDENT-real,single,accident,1,weak_clip_event_window,19.875,14.943396,297,960,720,test,Arkansas,Arkansas::highway,68,158,accident_time=6.583;type=single
zs895pofwv4_00__pre_event_non_accident,/autodl-fs/data/traffic_accident_rnd/ACCIDENT_dataset/real_videos/zs895pofwv4_00.mp4,ACCIDENT-real,single,non_accident,0,weak_clip_pre_event,19.875,14.943396,297,960,720,test,Arkansas,Arkansas::highway,0,54,derived_pre_accident_until=3.583;weak_negative=true
DEmCJ-_E3tY_00__accident,/autodl-fs/data/traffic_accident_rnd/ACCIDENT_dataset/real_videos/DEmCJ-_E3tY_00.mp4,ACCIDENT-real,single,accident,1,weak_clip_event_window,19.766667,15.075885,298,854,384,train,Virginia,Virginia::highway,26,116,accident_time=3.7;type=single
zefBTt5RXko_00__accident,/autodl-fs/data/traffic_accident_rnd/ACCIDENT_dataset/real_videos/zefBTt5RXko_00.mp4,ACCIDENT-real,single,accident,1,weak_clip_event_window,30.041667,14.912621,448,960,720,test,Virginia,Virginia::tunnel,57,147,accident_time=5.833333;type=single
zefBTt5RXko_00__pre_event_non_accident,/autodl-fs/data/traffic_accident_rnd/ACCIDENT_dataset/real_videos/zefBTt5RXko_00.mp4,ACCIDENT-real,single,non_accident,0,weak_clip_pre_event,30.041667,14.912621,448,960,720,test,Virginia,Virginia::tunnel,0,42,derived_pre_accident_until=2.833;weak_negative=true
K0YHy4UKGE4_00__accident,/autodl-fs/data/traffic_accident_rnd/ACCIDENT_dataset/real_videos/K0YHy4UKGE4_00.mp4,ACCIDENT-real,rear-end,accident,1,weak_clip_event_window,7.541667,14.850829,112,1056,720,test,Louisiana,Louisiana::highway,24,112,accident_time=3.625;type=rear-end
SMqZ9jI9TOE_00__accident,/autodl-fs/data/traffic_accident_rnd/ACCIDENT_dataset/real_videos/SMqZ9jI9TOE_00.mp4,ACCIDENT-real,t-bone,accident,1,weak_clip_event_window,30.0,29.666667,890,1080,720,test,Minnesota,Minnesota::signalized_intersection,95,273,accident_time=5.2;type=t-bone
SMqZ9jI9TOE_00__pre_event_non_accident,/autodl-fs/data/traffic_accident_rnd/ACCIDENT_dataset/real_videos/SMqZ9jI9TOE_00.mp4,ACCIDENT-real,t-bone,non_accident,0,weak_clip_pre_event,30.0,29.666667,890,1080,720,test,Minnesota,Minnesota::signalized_intersection,0,65,derived_pre_accident_until=2.200;weak_negative=true
-yuVlpyayOI_00__accident,/autodl-fs/data/traffic_accident_rnd/ACCIDENT_dataset/real_videos/-yuVlpyayOI_00.mp4,ACCIDENT-real,single,accident,1,weak_clip_event_window,27.125,18.83871,511,960,720,train,Virginia,Virginia::highway,157,270,accident_time=10.333;type=single
-yuVlpyayOI_00__pre_event_non_accident,/autodl-fs/data/traffic_accident_rnd/ACCIDENT_dataset/real_videos/-yuVlpyayOI_00.mp4,ACCIDENT-real,single,non_accident,0,weak_clip_pre_event,27.125,18.83871,511,960,720,train,Virginia,Virginia::highway,0,138,derived_pre_accident_until=7.333;weak_negative=true
JEv4-TJDQlQ_00__accident,/autodl-fs/data/traffic_accident_rnd/ACCIDENT_dataset/real_videos/JEv4-TJDQlQ_00.mp4,ACCIDENT-real,rear-end,accident,1,weak_clip_event_window,25.583333,15.009772,384,3840,2160,test,Seattle,Seattle::signalized_intersection,115,205,accident_time=9.65;type=rear-end
JEv4-TJDQlQ_00__pre_event_non_accident,/autodl-fs/data/traffic_accident_rnd/ACCIDENT_dataset/real_videos/JEv4-TJDQlQ_00.mp4,ACCIDENT-real,rear-end,non_accident,0,weak_clip_pre_event,25.583333,15.009772,384,3840,2160,test,Seattle,Seattle::signalized_intersection,0,100,derived_pre_accident_until=6.650;weak_negative=true
SZA0u7rLVL4_00__accident,/autodl-fs/data/traffic_accident_rnd/ACCIDENT_dataset/real_videos/SZA0u7rLVL4_00.mp4,ACCIDENT-real,sideswipe,accident,1,weak_clip_event_window,24.2,29.917355,724,2400,1080,test,Seattle,Seattle::city_street,233,413,accident_time=9.799999999999999;type=sideswipe
SZA0u7rLVL4_00__pre_event_non_accident,/autodl-fs/data/traffic_accident_rnd/ACCIDENT_dataset/real_videos/SZA0u7rLVL4_00.mp4,ACCIDENT-real,sideswipe,non_accident,0,weak_clip_pre_event,24.2,29.917355,724,2400,1080,test,Seattle,Seattle::city_street,0,203,derived_pre_accident_until=6.800;weak_negative=true
i62_ZJJeR-Y_00__accident,/autodl-fs/data/traffic_accident_rnd/ACCIDENT_dataset/real_videos/i62_ZJJeR-Y_00.mp4,ACCIDENT-real,single,accident,1,weak_clip_event_window,30.033333,25.105438,754,1280,720,test,Seattle,Seattle::signalized_intersection,16,166,accident_time=2.633;type=single
efXT6-Z1BGg_00__accident,/autodl-fs/data/traffic_accident_rnd/ACCIDENT_dataset/real_videos/efXT6-Z1BGg_00.mp4,ACCIDENT-real,t-bone,accident,1,weak_clip_event_window,24.866667,20.02681,498,1280,720,test,Seattle,Seattle::signalized_intersection,0,108,accident_time=1.4000000000000004;type=t-bone
jndtah0zyZ4_00__accident,/autodl-fs/data/traffic_accident_rnd/ACCIDENT_dataset/real_videos/jndtah0zyZ4_00.mp4,ACCIDENT-real,sideswipe,accident,1,weak_clip_event_window,30.037037,25.435265,764,1280,720,test,Seattle,Seattle::signalized_intersection,568,721,accident_time=24.333333;type=sideswipe
jndtah0zyZ4_00__pre_event_non_accident,/autodl-fs/data/traffic_accident_rnd/ACCIDENT_dataset/real_videos/jndtah0zyZ4_00.mp4,ACCIDENT-real,sideswipe,non_accident,0,weak_clip_pre_event,30.037037,25.435265,764,1280,720,test,Seattle,Seattle::signalized_intersection,0,543,derived_pre_accident_until=21.333;weak_negative=true
z6AXuWSU63M_00__accident,/autodl-fs/data/traffic_accident_rnd/ACCIDENT_dataset/real_videos/z6AXuWSU63M_00.mp4,ACCIDENT-real,sideswipe,accident,1,weak_clip_event_window,25.016667,14.950033,374,1584,1080,test,Wisconsin,Wisconsin::highway,172,262,accident_time=13.533;type=sideswipe
z6AXuWSU63M_00__pre_event_non_accident,/autodl-fs/data/traffic_accident_rnd/ACCIDENT_dataset/real_videos/z6AXuWSU63M_00.mp4,ACCIDENT-real,sideswipe,non_accident,0,weak_clip_pre_event,25.016667,14.950033,374,1584,1080,test,Wisconsin,Wisconsin::highway,0,157,derived_pre_accident_until=10.533;weak_negative=true
Xe9CoVqpv9c_2_00__accident,/autodl-fs/data/traffic_accident_rnd/ACCIDENT_dataset/real_videos/Xe9CoVqpv9c_2_00.mp4,ACCIDENT-real,rear-end,accident,1,weak_clip_event_window,7.0,25.142857,176,1280,720,train,World,World::simple_intersection,99,176,accident_time=5.933333;type=rear-end
Xe9CoVqpv9c_2_00__pre_event_non_accident,/autodl-fs/data/traffic_accident_rnd/ACCIDENT_dataset/real_videos/Xe9CoVqpv9c_2_00.mp4,ACCIDENT-real,rear-end,non_accident,0,weak_clip_pre_event,7.0,25.142857,176,1280,720,train,World,World::simple_intersection,0,74,derived_pre_accident_until=2.933;weak_negative=true
Xu1KsH1j2iQ_1_00__accident,/autodl-fs/data/traffic_accident_rnd/ACCIDENT_dataset/real_videos/Xu1KsH1j2iQ_1_00.mp4,ACCIDENT-real,t-bone,accident,1,weak_clip_event_window,9.142467,24.719806,226,960,720,train,World,World::signalized_intersection,72,220,accident_time=4.9049;type=t-bone
Xu1KsH1j2iQ_1_00__pre_event_non_accident,/autodl-fs/data/traffic_accident_rnd/ACCIDENT_dataset/real_videos/Xu1KsH1j2iQ_1_00.mp4,ACCIDENT-real,t-bone,non_accident,0,weak_clip_pre_event,9.142467,24.719806,226,960,720,train,World,World::signalized_intersection,0,47,derived_pre_accident_until=1.905;weak_negative=true
Xu1KsH1j2iQ_11_00__accident,/autodl-fs/data/traffic_accident_rnd/ACCIDENT_dataset/real_videos/Xu1KsH1j2iQ_11_00.mp4,ACCIDENT-real,single,accident,1,weak_clip_event_window,17.684333,20.074265,355,960,720,train,World,World::city_street,91,211,accident_time=6.5065;type=single
Xu1KsH1j2iQ_11_00__pre_event_non_accident,/autodl-fs/data/traffic_accident_rnd/ACCIDENT_dataset/real_videos/Xu1KsH1j2iQ_11_00.mp4,ACCIDENT-real,single,non_accident,0,weak_clip_pre_event,17.684333,20.074265,355,960,720,train,World,World::city_street,0,70,derived_pre_accident_until=3.506;weak_negative=true
YTOvt3Ac1z4_0_00__accident,/autodl-fs/data/traffic_accident_rnd/ACCIDENT_dataset/real_videos/YTOvt3Ac1z4_0_00.mp4,ACCIDENT-real,t-bone,accident,1,weak_clip_event_window,39.272567,27.169093,1067,1280,720,train,World,World::signalized_intersection,620,783,accident_time=24.8248;type=t-bone
YTOvt3Ac1z4_0_00__pre_event_non_accident,/autodl-fs/data/traffic_accident_rnd/ACCIDENT_dataset/real_videos/YTOvt3Ac1z4_0_00.mp4,ACCIDENT-real,t-bone,non_accident,0,weak_clip_pre_event,39.272567,27.169093,1067,1280,720,train,World,World::signalized_intersection,0,593,derived_pre_accident_until=21.825;weak_negative=true
YtKuNIcpvlY_0_00__accident,/autodl-fs/data/traffic_accident_rnd/ACCIDENT_dataset/real_videos/YtKuNIcpvlY_0_00.mp4,ACCIDENT-real,t-bone,accident,1,weak_clip_event_window,44.941176,15.019634,675,1280,720,train,World,World::signalized_intersection,95,185,accident_time=8.294118;type=t-bone
YtKuNIcpvlY_0_00__pre_event_non_accident,/autodl-fs/data/traffic_accident_rnd/ACCIDENT_dataset/real_videos/YtKuNIcpvlY_0_00.mp4,ACCIDENT-real,t-bone,non_accident,0,weak_clip_pre_event,44.941176,15.019634,675,1280,720,train,World,World::signalized_intersection,0,80,derived_pre_accident_until=5.294;weak_negative=true
Z52L6jGdSkY_0_00__accident,/autodl-fs/data/traffic_accident_rnd/ACCIDENT_dataset/real_videos/Z52L6jGdSkY_0_00.mp4,ACCIDENT-real,t-bone,accident,1,weak_clip_event_window,5.4054,29.97003,162,1280,720,train,World,World::signalized_intersection,0,142,accident_time=0.734067;type=t-bone
Z52L6jGdSkY_10_00__accident,/autodl-fs/data/traffic_accident_rnd/ACCIDENT_dataset/real_videos/Z52L6jGdSkY_10_00.mp4,ACCIDENT-real,t-bone,accident,1,weak_clip_event_window,6.639967,29.97003,199,1280,720,train,World,World::signalized_intersection,21,199,accident_time=2.7027;type=t-bone
Z52L6jGdSkY_11_00__accident,/autodl-fs/data/traffic_accident_rnd/ACCIDENT_dataset/real_videos/Z52L6jGdSkY_11_00.mp4,ACCIDENT-real,t-bone,accident,1,weak_clip_event_window,2.2022,29.97003,66,1280,720,train,World,World::signalized_intersection,0,66,accident_time=0.967633;type=t-bone
Z52L6jGdSkY_12_00__accident,/autodl-fs/data/traffic_accident_rnd/ACCIDENT_dataset/real_videos/Z52L6jGdSkY_12_00.mp4,ACCIDENT-real,t-bone,accident,1,weak_clip_event_window,3.370033,29.97003,101,1280,720,train,World,World::signalized_intersection,5,101,accident_time=2.168833;type=t-bone
Z52L6jGdSkY_14_00__accident,/autodl-fs/data/traffic_accident_rnd/ACCIDENT_dataset/real_videos/Z52L6jGdSkY_14_00.mp4,ACCIDENT-real,sideswipe,accident,1,weak_clip_event_window,3.7037,29.97003,111,1280,720,train,World,World::signalized_intersection,0,111,accident_time=1.468133;type=sideswipe
Z52L6jGdSkY_15_00__accident,/autodl-fs/data/traffic_accident_rnd/ACCIDENT_dataset/real_videos/Z52L6jGdSkY_15_00.mp4,ACCIDENT-real,t-bone,accident,1,weak_clip_event_window,5.4054,29.97003,162,1280,720,train,World,World::signalized_intersection,0,162,accident_time=1.868533;type=t-bone
Z52L6jGdSkY_3_00__accident,/autodl-fs/data/traffic_accident_rnd/ACCIDENT_dataset/real_videos/Z52L6jGdSkY_3_00.mp4,ACCIDENT-real,t-bone,accident,1,weak_clip_event_window,3.670333,29.42512,108,1280,720,train,World,World::signalized_intersection,0,108,accident_time=1.3013;type=t-bone
Z52L6jGdSkY_6_00__accident,/autodl-fs/data/traffic_accident_rnd/ACCIDENT_dataset/real_videos/Z52L6jGdSkY_6_00.mp4,ACCIDENT-real,t-bone,accident,1,weak_clip_event_window,3.870533,25.061146,97,1280,720,train,World,World::signalized_intersection,0,97,accident_time=1.034367;type=t-bone
Z52L6jGdSkY_7_00__accident,/autodl-fs/data/traffic_accident_rnd/ACCIDENT_dataset/real_videos/Z52L6jGdSkY_7_00.mp4,ACCIDENT-real,t-bone,accident,1,weak_clip_event_window,4.237567,24.778371,105,1280,720,train,World,World::signalized_intersection,0,105,accident_time=1.868533;type=t-bone
Z52L6jGdSkY_8_00__accident,/autodl-fs/data/traffic_accident_rnd/ACCIDENT_dataset/real_videos/Z52L6jGdSkY_8_00.mp4,ACCIDENT-real,t-bone,accident,1,weak_clip_event_window,4.371033,24.479337,107,1280,720,train,World,World::signalized_intersection,0,107,accident_time=1.534867;type=t-bone
Z52L6jGdSkY_9_00__accident,/autodl-fs/data/traffic_accident_rnd/ACCIDENT_dataset/real_videos/Z52L6jGdSkY_9_00.mp4,ACCIDENT-real,t-bone,accident,1,weak_clip_event_window,3.770433,29.97003,113,1280,720,train,World,World::signalized_intersection,0,113,accident_time=1.5015;type=t-bone
_FjROQyb1C8_1_00__accident,/autodl-fs/data/traffic_accident_rnd/ACCIDENT_dataset/real_videos/_FjROQyb1C8_1_00.mp4,ACCIDENT-real,sideswipe,accident,1,weak_clip_event_window,7.5075,21.978022,165,640,360,train,World,World::city_street,20,152,accident_time=2.9029;type=sideswipe
bSZkOI7eF8k_1_00__accident,/autodl-fs/data/traffic_accident_rnd/ACCIDENT_dataset/real_videos/bSZkOI7eF8k_1_00.mp4,ACCIDENT-real,t-bone,accident,1,weak_clip_event_window,7.1,30.0,213,1280,720,train,World,World::simple_intersection,43,213,accident_time=3.433333;type=t-bone
bSZkOI7eF8k_2_00__accident,/autodl-fs/data/traffic_accident_rnd/ACCIDENT_dataset/real_videos/bSZkOI7eF8k_2_00.mp4,ACCIDENT-real,t-bone,accident,1,weak_clip_event_window,12.7,28.740157,365,1280,720,train,World,World::signalized_intersection,265,365,accident_time=11.2;type=t-bone
bSZkOI7eF8k_2_00__pre_event_non_accident,/autodl-fs/data/traffic_accident_rnd/ACCIDENT_dataset/real_videos/bSZkOI7eF8k_2_00.mp4,ACCIDENT-real,t-bone,non_accident,0,weak_clip_pre_event,12.7,28.740157,365,1280,720,train,World,World::signalized_intersection,0,236,derived_pre_accident_until=8.200;weak_negative=true
bSZkOI7eF8k_3_00__accident,/autodl-fs/data/traffic_accident_rnd/ACCIDENT_dataset/real_videos/bSZkOI7eF8k_3_00.mp4,ACCIDENT-real,t-bone,accident,1,weak_clip_event_window,13.666667,28.536585,390,1280,720,train,World,World::signalized_intersection,113,284,accident_time=5.966667;type=t-bone
bSZkOI7eF8k_3_00__pre_event_non_accident,/autodl-fs/data/traffic_accident_rnd/ACCIDENT_dataset/real_videos/bSZkOI7eF8k_3_00.mp4,ACCIDENT-real,t-bone,non_accident,0,weak_clip_pre_event,13.666667,28.536585,390,1280,720,train,World,World::signalized_intersection,0,85,derived_pre_accident_until=2.967;weak_negative=true
bSZkOI7eF8k_4_00__accident,/autodl-fs/data/traffic_accident_rnd/ACCIDENT_dataset/real_videos/bSZkOI7eF8k_4_00.mp4,ACCIDENT-real,t-bone,accident,1,weak_clip_event_window,15.133333,28.0837,425,1280,720,train,World,World::signalized_intersection,0,146,accident_time=1.2;type=t-bone
bSZkOI7eF8k_7_00__accident,/autodl-fs/data/traffic_accident_rnd/ACCIDENT_dataset/real_videos/bSZkOI7eF8k_7_00.mp4,ACCIDENT-real,sideswipe,accident,1,weak_clip_event_window,3.966667,30.0,119,1280,720,train,World,World::simple_intersection,8,119,accident_time=2.266667;type=sideswipe
bXaAw1730zE_0_00__accident,/autodl-fs/data/traffic_accident_rnd/ACCIDENT_dataset/real_videos/bXaAw1730zE_0_00.mp4,ACCIDENT-real,t-bone,accident,1,weak_clip_event_window,6.333333,14.368421,91,1280,720,train,World,World::simple_intersection,15,91,accident_time=3.066667;type=t-bone
bwW_wL4TwZg_1_00__accident,/autodl-fs/data/traffic_accident_rnd/ACCIDENT_dataset/real_videos/bwW_wL4TwZg_1_00.mp4,ACCIDENT-real,single,accident,1,weak_clip_event_window,3.4,24.411765,83,320,240,train,World,World::tunnel,0,83,accident_time=1.28;type=single
bwW_wL4TwZg_2_00__accident,/autodl-fs/data/traffic_accident_rnd/ACCIDENT_dataset/real_videos/bwW_wL4TwZg_2_00.mp4,ACCIDENT-real,single,accident,1,weak_clip_event_window,11.12,24.820144,276,320,240,train,World,World::tunnel,109,258,accident_time=6.4;type=single
bwW_wL4TwZg_2_00__pre_event_non_accident,/autodl-fs/data/traffic_accident_rnd/ACCIDENT_dataset/real_videos/bwW_wL4TwZg_2_00.mp4,ACCIDENT-real,single,non_accident,0,weak_clip_pre_event,11.12,24.820144,276,320,240,train,World,World::tunnel,0,84,derived_pre_accident_until=3.400;weak_negative=true
dmwcqNAuZcM_1_00__accident,/autodl-fs/data/traffic_accident_rnd/ACCIDENT_dataset/real_videos/dmwcqNAuZcM_1_00.mp4,ACCIDENT-real,t-bone,accident,1,weak_clip_event_window,52.052,13.870745,722,1276,720,train,World,World::signalized_intersection,328,411,accident_time=25.658967;type=t-bone
dmwcqNAuZcM_1_00__pre_event_non_accident,/autodl-fs/data/traffic_accident_rnd/ACCIDENT_dataset/real_videos/dmwcqNAuZcM_1_00.mp4,ACCIDENT-real,t-bone,non_accident,0,weak_clip_pre_event,52.052,13.870745,722,1276,720,train,World,World::signalized_intersection,0,314,derived_pre_accident_until=22.659;weak_negative=true
h50TQ3i9k5I_0_00__accident,/autodl-fs/data/traffic_accident_rnd/ACCIDENT_dataset/real_videos/h50TQ3i9k5I_0_00.mp4,ACCIDENT-real,t-bone,accident,1,weak_clip_event_window,23.933333,12.534819,300,1280,720,train,World,World::signalized_intersection,16,91,accident_time=3.3;type=t-bone
h50TQ3i9k5I_2_00__accident,/autodl-fs/data/traffic_accident_rnd/ACCIDENT_dataset/real_videos/h50TQ3i9k5I_2_00.mp4,ACCIDENT-real,t-bone,accident,1,weak_clip_event_window,11.9,20.084034,239,1280,720,train,World,World::signalized_intersection,81,201,accident_time=6.033333;type=t-bone
h50TQ3i9k5I_2_00__pre_event_non_accident,/autodl-fs/data/traffic_accident_rnd/ACCIDENT_dataset/real_videos/h50TQ3i9k5I_2_00.mp4,ACCIDENT-real,t-bone,non_accident,0,weak_clip_pre_event,11.9,20.084034,239,1280,720,train,World,World::signalized_intersection,0,61,derived_pre_accident_until=3.033;weak_negative=true
hSt-aJwZqsY_2_00__accident,/autodl-fs/data/traffic_accident_rnd/ACCIDENT_dataset/real_videos/hSt-aJwZqsY_2_00.mp4,ACCIDENT-real,head-on,accident,1,weak_clip_event_window,7.166667,30.0,215,1280,720,train,World,World::simple_intersection,21,201,accident_time=2.7;type=head-on
hSt-aJwZqsY_3_00__accident,/autodl-fs/data/traffic_accident_rnd/ACCIDENT_dataset/real_videos/hSt-aJwZqsY_3_00.mp4,ACCIDENT-real,t-bone,accident,1,weak_clip_event_window,6.833333,30.0,205,1280,720,train,World,World::simple_intersection,66,205,accident_time=4.2;type=t-bone
hSt-aJwZqsY_3_00__pre_event_non_accident,/autodl-fs/data/traffic_accident_rnd/ACCIDENT_dataset/real_videos/hSt-aJwZqsY_3_00.mp4,ACCIDENT-real,t-bone,non_accident,0,weak_clip_pre_event,6.833333,30.0,205,1280,720,train,World,World::simple_intersection,0,36,derived_pre_accident_until=1.200;weak_negative=true
ieFXAiS97A0_1_00__accident,/autodl-fs/data/traffic_accident_rnd/ACCIDENT_dataset/real_videos/ieFXAiS97A0_1_00.mp4,ACCIDENT-real,sideswipe,accident,1,weak_clip_event_window,9.743067,14.266555,139,450,338,train,World,World::signalized_intersection,41,127,accident_time=4.938267;type=sideswipe
ieFXAiS97A0_1_00__pre_event_non_accident,/autodl-fs/data/traffic_accident_rnd/ACCIDENT_dataset/real_videos/ieFXAiS97A0_1_00.mp4,ACCIDENT-real,sideswipe,non_accident,0,weak_clip_pre_event,9.743067,14.266555,139,450,338,train,World,World::signalized_intersection,0,28,derived_pre_accident_until=1.938;weak_negative=true
ieFXAiS97A0_5_00__accident,/autodl-fs/data/traffic_accident_rnd/ACCIDENT_dataset/real_videos/ieFXAiS97A0_5_00.mp4,ACCIDENT-real,t-bone,accident,1,weak_clip_event_window,10.4104,19.98002,208,450,338,train,World,World::signalized_intersection,54,174,accident_time=4.7047;type=t-bone
ieFXAiS97A0_5_00__pre_event_non_accident,/autodl-fs/data/traffic_accident_rnd/ACCIDENT_dataset/real_videos/ieFXAiS97A0_5_00.mp4,ACCIDENT-real,t-bone,non_accident,0,weak_clip_pre_event,10.4104,19.98002,208,450,338,train,World,World::signalized_intersection,0,34,derived_pre_accident_until=1.705;weak_negative=true
k932VZGqE6c_0_00__accident,/autodl-fs/data/traffic_accident_rnd/ACCIDENT_dataset/real_videos/k932VZGqE6c_0_00.mp4,ACCIDENT-real,t-bone,accident,1,weak_clip_event_window,13.266667,28.492462,378,320,240,train,World,World::signalized_intersection,167,338,accident_time=7.866667;type=t-bone
k932VZGqE6c_0_00__pre_event_non_accident,/autodl-fs/data/traffic_accident_rnd/ACCIDENT_dataset/real_videos/k932VZGqE6c_0_00.mp4,ACCIDENT-real,t-bone,non_accident,0,weak_clip_pre_event,13.266667,28.492462,378,320,240,train,World,World::signalized_intersection,0,139,derived_pre_accident_until=4.867;weak_negative=true
k932VZGqE6c_1_00__accident,/autodl-fs/data/traffic_accident_rnd/ACCIDENT_dataset/real_videos/k932VZGqE6c_1_00.mp4,ACCIDENT-real,t-bone,accident,1,weak_clip_event_window,7.6,30.0,228,320,240,train,World,World::signalized_intersection,61,228,accident_time=4.033333;type=t-bone
k932VZGqE6c_1_00__pre_event_non_accident,/autodl-fs/data/traffic_accident_rnd/ACCIDENT_dataset/real_videos/k932VZGqE6c_1_00.mp4,ACCIDENT-real,t-bone,non_accident,0,weak_clip_pre_event,7.6,30.0,228,320,240,train,World,World::signalized_intersection,0,31,derived_pre_accident_until=1.033;weak_negative=true
k932VZGqE6c_2_00__accident,/autodl-fs/data/traffic_accident_rnd/ACCIDENT_dataset/real_videos/k932VZGqE6c_2_00.mp4,ACCIDENT-real,rear-end,accident,1,weak_clip_event_window,8.333333,28.44,237,320,240,train,World,World::signalized_intersection,103,237,accident_time=5.633333;type=rear-end
k932VZGqE6c_2_00__pre_event_non_accident,/autodl-fs/data/traffic_accident_rnd/ACCIDENT_dataset/real_videos/k932VZGqE6c_2_00.mp4,ACCIDENT-real,rear-end,non_accident,0,weak_clip_pre_event,8.333333,28.44,237,320,240,train,World,World::signalized_intersection,0,75,derived_pre_accident_until=2.633;weak_negative=true
k932VZGqE6c_3_00__accident,/autodl-fs/data/traffic_accident_rnd/ACCIDENT_dataset/real_videos/k932VZGqE6c_3_00.mp4,ACCIDENT-real,rear-end,accident,1,weak_clip_event_window,10.166667,22.819672,232,320,240,train,World,World::signalized_intersection,57,194,accident_time=4.533333;type=rear-end
k932VZGqE6c_3_00__pre_event_non_accident,/autodl-fs/data/traffic_accident_rnd/ACCIDENT_dataset/real_videos/k932VZGqE6c_3_00.mp4,ACCIDENT-real,rear-end,non_accident,0,weak_clip_pre_event,10.166667,22.819672,232,320,240,train,World,World::signalized_intersection,0,35,derived_pre_accident_until=1.533;weak_negative=true
kv-u4ZiEGJA_4_00__accident,/autodl-fs/data/traffic_accident_rnd/ACCIDENT_dataset/real_videos/kv-u4ZiEGJA_4_00.mp4,ACCIDENT-real,head-on,accident,1,weak_clip_event_window,3.6,22.5,81,1280,720,train,World,World::signalized_intersection,0,81,accident_time=0.766667;type=head-on
lJvJnAxuX5U_0_00__accident,/autodl-fs/data/traffic_accident_rnd/ACCIDENT_dataset/real_videos/lJvJnAxuX5U_0_00.mp4,ACCIDENT-real,t-bone,accident,1,weak_clip_event_window,9.92,22.580645,224,1280,720,train,World,World::signalized_intersection,108,224,accident_time=6.76;type=t-bone
lJvJnAxuX5U_0_00__pre_event_non_accident,/autodl-fs/data/traffic_accident_rnd/ACCIDENT_dataset/real_videos/lJvJnAxuX5U_0_00.mp4,ACCIDENT-real,t-bone,non_accident,0,weak_clip_pre_event,9.92,22.580645,224,1280,720,train,World,World::signalized_intersection,0,85,derived_pre_accident_until=3.760;weak_negative=true
mOwuW8t6-GQ_2_00__accident,/autodl-fs/data/traffic_accident_rnd/ACCIDENT_dataset/real_videos/mOwuW8t6-GQ_2_00.mp4,ACCIDENT-real,head-on,accident,1,weak_clip_event_window,17.56,24.943052,438,1280,720,train,World,World::simple_intersection,94,244,accident_time=5.76;type=head-on
mOwuW8t6-GQ_2_00__pre_event_non_accident,/autodl-fs/data/traffic_accident_rnd/ACCIDENT_dataset/real_videos/mOwuW8t6-GQ_2_00.mp4,ACCIDENT-real,head-on,non_accident,0,weak_clip_pre_event,17.56,24.943052,438,1280,720,train,World,World::simple_intersection,0,69,derived_pre_accident_until=2.760;weak_negative=true
mOwuW8t6-GQ_4_00__accident,/autodl-fs/data/traffic_accident_rnd/ACCIDENT_dataset/real_videos/mOwuW8t6-GQ_4_00.mp4,ACCIDENT-real,t-bone,accident,1,weak_clip_event_window,53.36,20.183658,1077,1280,720,train,World,World::signalized_intersection,478,599,accident_time=25.64;type=t-bone
mOwuW8t6-GQ_4_00__pre_event_non_accident,/autodl-fs/data/traffic_accident_rnd/ACCIDENT_dataset/real_videos/mOwuW8t6-GQ_4_00.mp4,ACCIDENT-real,t-bone,non_accident,0,weak_clip_pre_event,53.36,20.183658,1077,1280,720,train,World,World::signalized_intersection,0,457,derived_pre_accident_until=22.640;weak_negative=true
mOwuW8t6-GQ_5_00__accident,/autodl-fs/data/traffic_accident_rnd/ACCIDENT_dataset/real_videos/mOwuW8t6-GQ_5_00.mp4,ACCIDENT-real,t-bone,accident,1,weak_clip_event_window,9.16,18.995633,174,1280,720,train,World,World::signalized_intersection,52,166,accident_time=4.76;type=t-bone
mOwuW8t6-GQ_5_00__pre_event_non_accident,/autodl-fs/data/traffic_accident_rnd/ACCIDENT_dataset/real_videos/mOwuW8t6-GQ_5_00.mp4,ACCIDENT-real,t-bone,non_accident,0,weak_clip_pre_event,9.16,18.995633,174,1280,720,train,World,World::signalized_intersection,0,33,derived_pre_accident_until=1.760;weak_negative=true
mOwuW8t6-GQ_6_00__accident,/autodl-fs/data/traffic_accident_rnd/ACCIDENT_dataset/real_videos/mOwuW8t6-GQ_6_00.mp4,ACCIDENT-real,t-bone,accident,1,weak_clip_event_window,20.68,17.988395,372,1280,720,train,World,World::signalized_intersection,119,227,accident_time=8.64;type=t-bone
mOwuW8t6-GQ_6_00__pre_event_non_accident,/autodl-fs/data/traffic_accident_rnd/ACCIDENT_dataset/real_videos/mOwuW8t6-GQ_6_00.mp4,ACCIDENT-real,t-bone,non_accident,0,weak_clip_pre_event,20.68,17.988395,372,1280,720,train,World,World::signalized_intersection,0,101,derived_pre_accident_until=5.640;weak_negative=true
mg6PLF8sHWw_0_00__accident,/autodl-fs/data/traffic_accident_rnd/ACCIDENT_dataset/real_videos/mg6PLF8sHWw_0_00.mp4,ACCIDENT-real,t-bone,accident,1,weak_clip_event_window,16.779944,17.997676,302,1280,720,train,World,World::simple_intersection,63,171,accident_time=5.481894;type=t-bone
mg6PLF8sHWw_0_00__pre_event_non_accident,/autodl-fs/data/traffic_accident_rnd/ACCIDENT_dataset/real_videos/mg6PLF8sHWw_0_00.mp4,ACCIDENT-real,t-bone,non_accident,0,weak_clip_pre_event,16.779944,17.997676,302,1280,720,train,World,World::simple_intersection,0,45,derived_pre_accident_until=2.482;weak_negative=true
mhQIf0yVU3g_1_00__accident,/autodl-fs/data/traffic_accident_rnd/ACCIDENT_dataset/real_videos/mhQIf0yVU3g_1_00.mp4,ACCIDENT-real,t-bone,accident,1,weak_clip_event_window,6.6,15.151515,100,1280,720,train,World,World::signalized_intersection,14,100,accident_time=2.933333;type=t-bone
mhQIf0yVU3g_3_00__accident,/autodl-fs/data/traffic_accident_rnd/ACCIDENT_dataset/real_videos/mhQIf0yVU3g_3_00.mp4,ACCIDENT-real,head-on,accident,1,weak_clip_event_window,6.3,17.936508,113,1280,720,train,World,World::signalized_intersection,23,113,accident_time=3.266667;type=head-on
nFpT2-RpAS8_0_00__accident,/autodl-fs/data/traffic_accident_rnd/ACCIDENT_dataset/real_videos/nFpT2-RpAS8_0_00.mp4,ACCIDENT-real,t-bone,accident,1,weak_clip_event_window,6.88,25.0,172,480,360,train,World,World::signalized_intersection,16,166,accident_time=2.64;type=t-bone
nFpT2-RpAS8_1_00__accident,/autodl-fs/data/traffic_accident_rnd/ACCIDENT_dataset/real_videos/nFpT2-RpAS8_1_00.mp4,ACCIDENT-real,sideswipe,accident,1,weak_clip_event_window,25.48,24.764521,631,480,360,train,World,World::city_street,6,155,accident_time=2.28;type=sideswipe
nFpT2-RpAS8_2_00__accident,/autodl-fs/data/traffic_accident_rnd/ACCIDENT_dataset/real_videos/nFpT2-RpAS8_2_00.mp4,ACCIDENT-real,single,accident,1,weak_clip_event_window,14.84,24.326146,361,480,360,train,World,World::city_street,71,217,accident_time=4.92;type=single
nFpT2-RpAS8_2_00__pre_event_non_accident,/autodl-fs/data/traffic_accident_rnd/ACCIDENT_dataset/real_videos/nFpT2-RpAS8_2_00.mp4,ACCIDENT-real,single,non_accident,0,weak_clip_pre_event,14.84,24.326146,361,480,360,train,World,World::city_street,0,47,derived_pre_accident_until=1.920;weak_negative=true
nFpT2-RpAS8_3_00__accident,/autodl-fs/data/traffic_accident_rnd/ACCIDENT_dataset/real_videos/nFpT2-RpAS8_3_00.mp4,ACCIDENT-real,single,accident,1,weak_clip_event_window,9.76,23.97541,234,480,360,train,World,World::city_street,0,114,accident_time=0.76;type=single
nSK7cehJiCE_6_00__accident,/autodl-fs/data/traffic_accident_rnd/ACCIDENT_dataset/real_videos/nSK7cehJiCE_6_00.mp4,ACCIDENT-real,t-bone,accident,1,weak_clip_event_window,5.04,25.0,126,1280,720,train,World,World::grade_separated_intersection,16,126,accident_time=2.64;type=t-bone
nSK7cehJiCE_8_00__accident,/autodl-fs/data/traffic_accident_rnd/ACCIDENT_dataset/real_videos/nSK7cehJiCE_8_00.mp4,ACCIDENT-real,t-bone,accident,1,weak_clip_event_window,5.84,22.773973,133,1280,720,train,World,World::signalized_intersection,0,129,accident_time=1.68;type=t-bone
nSK7cehJiCE_9_00__accident,/autodl-fs/data/traffic_accident_rnd/ACCIDENT_dataset/real_videos/nSK7cehJiCE_9_00.mp4,ACCIDENT-real,t-bone,accident,1,weak_clip_event_window,5.6,24.642857,138,1280,720,train,World,World::simple_intersection,0,138,accident_time=1.88;type=t-bone
nsHYg3ENgk4_1_00__accident,/autodl-fs/data/traffic_accident_rnd/ACCIDENT_dataset/real_videos/nsHYg3ENgk4_1_00.mp4,ACCIDENT-real,t-bone,accident,1,weak_clip_event_window,8.1081,29.723363,241,1280,720,train,World,World::signalized_intersection,103,241,accident_time=5.438767;type=t-bone
nsHYg3ENgk4_1_00__pre_event_non_accident,/autodl-fs/data/traffic_accident_rnd/ACCIDENT_dataset/real_videos/nsHYg3ENgk4_1_00.mp4,ACCIDENT-real,t-bone,non_accident,0,weak_clip_pre_event,8.1081,29.723363,241,1280,720,train,World,World::signalized_intersection,0,72,derived_pre_accident_until=2.439;weak_negative=true
nsHYg3ENgk4_2_00__accident,/autodl-fs/data/traffic_accident_rnd/ACCIDENT_dataset/real_videos/nsHYg3ENgk4_2_00.mp4,ACCIDENT-real,t-bone,accident,1,weak_clip_event_window,9.7097,25.02652,243,1280,720,train,World,World::signalized_intersection,104,243,accident_time=6.139467;type=t-bone
nsHYg3ENgk4_2_00__pre_event_non_accident,/autodl-fs/data/traffic_accident_rnd/ACCIDENT_dataset/real_videos/nsHYg3ENgk4_2_00.mp4,ACCIDENT-real,t-bone,non_accident,0,weak_clip_pre_event,9.7097,25.02652,243,1280,720,train,World,World::signalized_intersection,0,79,derived_pre_accident_until=3.139;weak_negative=true
nsHYg3ENgk4_5_00__accident,/autodl-fs/data/traffic_accident_rnd/ACCIDENT_dataset/real_videos/nsHYg3ENgk4_5_00.mp4,ACCIDENT-real,sideswipe,accident,1,weak_clip_event_window,9.843167,29.766843,293,1280,720,train,World,World::signalized_intersection,111,290,accident_time=5.739067;type=sideswipe
nsHYg3ENgk4_5_00__pre_event_non_accident,/autodl-fs/data/traffic_accident_rnd/ACCIDENT_dataset/real_videos/nsHYg3ENgk4_5_00.mp4,ACCIDENT-real,sideswipe,non_accident,0,weak_clip_pre_event,9.843167,29.766843,293,1280,720,train,World,World::signalized_intersection,0,82,derived_pre_accident_until=2.739;weak_negative=true
nsHYg3ENgk4_6_00__accident,/autodl-fs/data/traffic_accident_rnd/ACCIDENT_dataset/real_videos/nsHYg3ENgk4_6_00.mp4,ACCIDENT-real,t-bone,accident,1,weak_clip_event_window,8.575233,29.7368,255,1280,720,train,World,World::signalized_intersection,142,255,accident_time=6.773433;type=t-bone
nsHYg3ENgk4_6_00__pre_event_non_accident,/autodl-fs/data/traffic_accident_rnd/ACCIDENT_dataset/real_videos/nsHYg3ENgk4_6_00.mp4,ACCIDENT-real,t-bone,non_accident,0,weak_clip_pre_event,8.575233,29.7368,255,1280,720,train,World,World::signalized_intersection,0,112,derived_pre_accident_until=3.773;weak_negative=true
nsHYg3ENgk4_7_00__accident,/autodl-fs/data/traffic_accident_rnd/ACCIDENT_dataset/real_videos/nsHYg3ENgk4_7_00.mp4,ACCIDENT-real,t-bone,accident,1,weak_clip_event_window,8.274933,29.728336,246,1280,720,train,World,World::signalized_intersection,119,246,accident_time=5.972633;type=t-bone
nsHYg3ENgk4_7_00__pre_event_non_accident,/autodl-fs/data/traffic_accident_rnd/ACCIDENT_dataset/real_videos/nsHYg3ENgk4_7_00.mp4,ACCIDENT-real,t-bone,non_accident,0,weak_clip_pre_event,8.274933,29.728336,246,1280,720,train,World,World::signalized_intersection,0,88,derived_pre_accident_until=2.973;weak_negative=true
nsHYg3ENgk4_9_00__accident,/autodl-fs/data/traffic_accident_rnd/ACCIDENT_dataset/real_videos/nsHYg3ENgk4_9_00.mp4,ACCIDENT-real,t-bone,accident,1,weak_clip_event_window,7.941267,29.97003,238,1280,720,train,World,World::signalized_intersection,109,238,accident_time=5.638967;type=t-bone
nsHYg3ENgk4_9_00__pre_event_non_accident,/autodl-fs/data/traffic_accident_rnd/ACCIDENT_dataset/real_videos/nsHYg3ENgk4_9_00.mp4,ACCIDENT-real,t-bone,non_accident,0,weak_clip_pre_event,7.941267,29.97003,238,1280,720,train,World,World::signalized_intersection,0,79,derived_pre_accident_until=2.639;weak_negative=true
pA6q7Q2EQrw_20_00__accident,/autodl-fs/data/traffic_accident_rnd/ACCIDENT_dataset/real_videos/pA6q7Q2EQrw_20_00.mp4,ACCIDENT-real,t-bone,accident,1,weak_clip_event_window,7.333333,20.181818,148,1280,720,train,World,World::city_street,0,103,accident_time=1.066667;type=t-bone
pA6q7Q2EQrw_21_00__accident,/autodl-fs/data/traffic_accident_rnd/ACCIDENT_dataset/real_videos/pA6q7Q2EQrw_21_00.mp4,ACCIDENT-real,t-bone,accident,1,weak_clip_event_window,4.066667,25.081967,102,1280,720,train,World,World::signalized_intersection,0,102,accident_time=1.3;type=t-bone
pA6q7Q2EQrw_22_00__accident,/autodl-fs/data/traffic_accident_rnd/ACCIDENT_dataset/real_videos/pA6q7Q2EQrw_22_00.mp4,ACCIDENT-real,rear-end,accident,1,weak_clip_event_window,12.666667,12.552632,159,1280,720,train,World,World::city_street,0,71,accident_time=1.633333;type=rear-end
pA6q7Q2EQrw_25_00__accident,/autodl-fs/data/traffic_accident_rnd/ACCIDENT_dataset/real_videos/pA6q7Q2EQrw_25_00.mp4,ACCIDENT-real,t-bone,accident,1,weak_clip_event_window,7.4,14.72973,109,1280,720,train,World,World::signalized_intersection,0,76,accident_time=1.166667;type=t-bone
pA6q7Q2EQrw_3_00__accident,/autodl-fs/data/traffic_accident_rnd/ACCIDENT_dataset/real_videos/pA6q7Q2EQrw_3_00.mp4,ACCIDENT-real,t-bone,accident,1,weak_clip_event_window,8.4,24.880952,209,1280,720,train,World,World::simple_intersection,33,183,accident_time=3.333333;type=t-bone
pA6q7Q2EQrw_32_00__accident,/autodl-fs/data/traffic_accident_rnd/ACCIDENT_dataset/real_videos/pA6q7Q2EQrw_32_00.mp4,ACCIDENT-real,single,accident,1,weak_clip_event_window,8.4,24.52381,206,1280,720,train,World,World::city_street,0,144,accident_time=1.866667;type=single
pA6q7Q2EQrw_8_00__accident,/autodl-fs/data/traffic_accident_rnd/ACCIDENT_dataset/real_videos/pA6q7Q2EQrw_8_00.mp4,ACCIDENT-real,sideswipe,accident,1,weak_clip_event_window,9.533333,24.755245,236,1280,720,train,World,World::signalized_intersection,9,158,accident_time=2.4;type=sideswipe
rQy2l6gxB8c_0_00__accident,/autodl-fs/data/traffic_accident_rnd/ACCIDENT_dataset/real_videos/rQy2l6gxB8c_0_00.mp4,ACCIDENT-real,t-bone,accident,1,weak_clip_event_window,12.979633,29.815942,387,1280,720,train,World,World::signalized_intersection,113,292,accident_time=5.8058;type=t-bone
rQy2l6gxB8c_0_00__pre_event_non_accident,/autodl-fs/data/traffic_accident_rnd/ACCIDENT_dataset/real_videos/rQy2l6gxB8c_0_00.mp4,ACCIDENT-real,t-bone,non_accident,0,weak_clip_pre_event,12.979633,29.815942,387,1280,720,train,World,World::signalized_intersection,0,84,derived_pre_accident_until=2.806;weak_negative=true
rQy2l6gxB8c_1_00__accident,/autodl-fs/data/traffic_accident_rnd/ACCIDENT_dataset/real_videos/rQy2l6gxB8c_1_00.mp4,ACCIDENT-real,head-on,accident,1,weak_clip_event_window,10.076733,29.870791,301,1280,720,train,World,World::signalized_intersection,18,197,accident_time=2.6026;type=head-on
rQy2l6gxB8c_3_00__accident,/autodl-fs/data/traffic_accident_rnd/ACCIDENT_dataset/real_videos/rQy2l6gxB8c_3_00.mp4,ACCIDENT-real,rear-end,accident,1,weak_clip_event_window,19.386033,25.894931,502,1280,720,train,World,World::city_street,112,268,accident_time=6.339667;type=rear-end
rQy2l6gxB8c_3_00__pre_event_non_accident,/autodl-fs/data/traffic_accident_rnd/ACCIDENT_dataset/real_videos/rQy2l6gxB8c_3_00.mp4,ACCIDENT-real,rear-end,non_accident,0,weak_clip_pre_event,19.386033,25.894931,502,1280,720,train,World,World::city_street,0,86,derived_pre_accident_until=3.340;weak_negative=true
tDN-mwNSJc8_2_00__accident,/autodl-fs/data/traffic_accident_rnd/ACCIDENT_dataset/real_videos/tDN-mwNSJc8_2_00.mp4,ACCIDENT-real,head-on,accident,1,weak_clip_event_window,6.287671,18.607843,117,1280,720,train,World,World::signalized_intersection,43,117,accident_time=4.315068;type=head-on
tDN-mwNSJc8_2_00__pre_event_non_accident,/autodl-fs/data/traffic_accident_rnd/ACCIDENT_dataset/real_videos/tDN-mwNSJc8_2_00.mp4,ACCIDENT-real,head-on,non_accident,0,weak_clip_pre_event,6.287671,18.607843,117,1280,720,train,World,World::signalized_intersection,0,24,derived_pre_accident_until=1.315;weak_negative=true
tDN-mwNSJc8_3_00__accident,/autodl-fs/data/traffic_accident_rnd/ACCIDENT_dataset/real_videos/tDN-mwNSJc8_3_00.mp4,ACCIDENT-real,sideswipe,accident,1,weak_clip_event_window,5.671233,17.985507,102,1280,720,train,World,World::signalized_intersection,20,102,accident_time=3.123288;type=sideswipe
tDN-mwNSJc8_4_00__accident,/autodl-fs/data/traffic_accident_rnd/ACCIDENT_dataset/real_videos/tDN-mwNSJc8_4_00.mp4,ACCIDENT-real,t-bone,accident,1,weak_clip_event_window,6.328767,19.593074,124,1280,720,train,World,World::signalized_intersection,17,124,accident_time=2.876712;type=t-bone
tDN-mwNSJc8_5_00__accident,/autodl-fs/data/traffic_accident_rnd/ACCIDENT_dataset/real_videos/tDN-mwNSJc8_5_00.mp4,ACCIDENT-real,sideswipe,accident,1,weak_clip_event_window,5.342466,18.34359,98,1280,720,train,World,World::signalized_intersection,0,98,accident_time=1.890411;type=sideswipe
tDN-mwNSJc8_8_00__accident,/autodl-fs/data/traffic_accident_rnd/ACCIDENT_dataset/real_videos/tDN-mwNSJc8_8_00.mp4,ACCIDENT-real,sideswipe,accident,1,weak_clip_event_window,6.452055,19.063694,123,1280,720,train,World,World::signalized_intersection,10,123,accident_time=2.506849;type=sideswipe
tDN-mwNSJc8_9_00__accident,/autodl-fs/data/traffic_accident_rnd/ACCIDENT_dataset/real_videos/tDN-mwNSJc8_9_00.mp4,ACCIDENT-real,t-bone,accident,1,weak_clip_event_window,8.547945,18.951923,162,1280,720,train,World,World::signalized_intersection,50,162,accident_time=4.643836;type=t-bone
tDN-mwNSJc8_9_00__pre_event_non_accident,/autodl-fs/data/traffic_accident_rnd/ACCIDENT_dataset/real_videos/tDN-mwNSJc8_9_00.mp4,ACCIDENT-real,t-bone,non_accident,0,weak_clip_pre_event,8.547945,18.951923,162,1280,720,train,World,World::signalized_intersection,0,31,derived_pre_accident_until=1.644;weak_negative=true
upawiSphDM8_2_00__accident,/autodl-fs/data/traffic_accident_rnd/ACCIDENT_dataset/real_videos/upawiSphDM8_2_00.mp4,ACCIDENT-real,t-bone,accident,1,weak_clip_event_window,5.166667,27.870968,144,640,356,train,World,World::signalized_intersection,0,143,accident_time=1.133333;type=t-bone
wScVipt0pWk_10_00__accident,/autodl-fs/data/traffic_accident_rnd/ACCIDENT_dataset/real_videos/wScVipt0pWk_10_00.mp4,ACCIDENT-real,t-bone,accident,1,weak_clip_event_window,3.36,20.238095,68,1280,720,train,World,World::signalized_intersection,0,68,accident_time=1.2799999999999998;type=t-bone
wScVipt0pWk_12_00__accident,/autodl-fs/data/traffic_accident_rnd/ACCIDENT_dataset/real_videos/wScVipt0pWk_12_00.mp4,ACCIDENT-real,rear-end,accident,1,weak_clip_event_window,6.16,19.642857,121,1280,720,train,World,World::city_street,13,121,accident_time=2.64;type=rear-end
wScVipt0pWk_13_00__accident,/autodl-fs/data/traffic_accident_rnd/ACCIDENT_dataset/real_videos/wScVipt0pWk_13_00.mp4,ACCIDENT-real,rear-end,accident,1,weak_clip_event_window,5.68,12.676056,72,1280,720,train,World,World::signalized_intersection,12,72,accident_time=2.92;type=rear-end
wScVipt0pWk_15_00__accident,/autodl-fs/data/traffic_accident_rnd/ACCIDENT_dataset/real_videos/wScVipt0pWk_15_00.mp4,ACCIDENT-real,t-bone,accident,1,weak_clip_event_window,2.72,16.544118,45,1280,720,train,World,World::roundabout,0,45,accident_time=1.08;type=t-bone
wScVipt0pWk_17_00__accident,/autodl-fs/data/traffic_accident_rnd/ACCIDENT_dataset/real_videos/wScVipt0pWk_17_00.mp4,ACCIDENT-real,t-bone,accident,1,weak_clip_event_window,6.2,19.83871,123,1280,720,train,World,World::simple_intersection,8,123,accident_time=2.44;type=t-bone
wScVipt0pWk_3_00__accident,/autodl-fs/data/traffic_accident_rnd/ACCIDENT_dataset/real_videos/wScVipt0pWk_3_00.mp4,ACCIDENT-real,t-bone,accident,1,weak_clip_event_window,4.56,12.719298,58,1280,720,train,World,World::city_street,0,58,accident_time=1.04;type=t-bone
wScVipt0pWk_7_00__accident,/autodl-fs/data/traffic_accident_rnd/ACCIDENT_dataset/real_videos/wScVipt0pWk_7_00.mp4,ACCIDENT-real,sideswipe,accident,1,weak_clip_event_window,5.12,12.304688,63,1280,720,train,World,World::signalized_intersection,0,63,accident_time=1.64;type=sideswipe
xKT7khciy-c_10_00__accident,/autodl-fs/data/traffic_accident_rnd/ACCIDENT_dataset/real_videos/xKT7khciy-c_10_00.mp4,ACCIDENT-real,single,accident,1,weak_clip_event_window,3.970633,22.666409,90,400,226,train,World,World::city_street,3,90,accident_time=2.1021;type=single
xKT7khciy-c_14_00__accident,/autodl-fs/data/traffic_accident_rnd/ACCIDENT_dataset/real_videos/xKT7khciy-c_14_00.mp4,ACCIDENT-real,t-bone,accident,1,weak_clip_event_window,3.7037,17.280017,64,400,226,train,World,World::signalized_intersection,13,64,accident_time=2.769433;type=t-bone
xKT7khciy-c_16_00__accident,/autodl-fs/data/traffic_accident_rnd/ACCIDENT_dataset/real_videos/xKT7khciy-c_16_00.mp4,ACCIDENT-real,t-bone,accident,1,weak_clip_event_window,9.075733,19.722924,179,400,226,train,World,World::signalized_intersection,16,134,accident_time=2.769434;type=t-bone
xKT7khciy-c_18_00__accident,/autodl-fs/data/traffic_accident_rnd/ACCIDENT_dataset/real_videos/xKT7khciy-c_18_00.mp4,ACCIDENT-real,single,accident,1,weak_clip_event_window,7.574233,10.034019,76,400,226,train,World,World::roundabout,0,54,accident_time=1.4014;type=single
xKT7khciy-c_2_00__accident,/autodl-fs/data/traffic_accident_rnd/ACCIDENT_dataset/real_videos/xKT7khciy-c_2_00.mp4,ACCIDENT-real,t-bone,accident,1,weak_clip_event_window,2.535867,16.956727,43,400,226,train,World,World::signalized_intersection,0,43,accident_time=0.6006;type=t-bone
xKT7khciy-c_20_00__accident,/autodl-fs/data/traffic_accident_rnd/ACCIDENT_dataset/real_videos/xKT7khciy-c_20_00.mp4,ACCIDENT-real,single,accident,1,weak_clip_event_window,6.5065,13.063859,85,400,226,train,World,World::city_street,0,72,accident_time=1.5015;type=single
xKT7khciy-c_22_00__accident,/autodl-fs/data/traffic_accident_rnd/ACCIDENT_dataset/real_videos/xKT7khciy-c_22_00.mp4,ACCIDENT-real,t-bone,accident,1,weak_clip_event_window,8.975633,18.605929,167,400,226,train,World,World::signalized_intersection,9,120,accident_time=2.4691330000000002;type=t-bone
xKT7khciy-c_5_00__accident,/autodl-fs/data/traffic_accident_rnd/ACCIDENT_dataset/real_videos/xKT7khciy-c_5_00.mp4,ACCIDENT-real,sideswipe,accident,1,weak_clip_event_window,11.9119,19.812121,236,400,226,train,World,World::signalized_intersection,51,170,accident_time=4.571233;type=sideswipe
xKT7khciy-c_5_00__pre_event_non_accident,/autodl-fs/data/traffic_accident_rnd/ACCIDENT_dataset/real_videos/xKT7khciy-c_5_00.mp4,ACCIDENT-real,sideswipe,non_accident,0,weak_clip_pre_event,11.9119,19.812121,236,400,226,train,World,World::signalized_intersection,0,31,derived_pre_accident_until=1.571;weak_negative=true
xKT7khciy-c_8_00__accident,/autodl-fs/data/traffic_accident_rnd/ACCIDENT_dataset/real_videos/xKT7khciy-c_8_00.mp4,ACCIDENT-real,t-bone,accident,1,weak_clip_event_window,4.5045,16.206016,73,400,226,train,World,World::simple_intersection,12,73,accident_time=2.7027;type=t-bone
y4Evv5By6sg_1_00__accident,/autodl-fs/data/traffic_accident_rnd/ACCIDENT_dataset/real_videos/y4Evv5By6sg_1_00.mp4,ACCIDENT-real,t-bone,accident,1,weak_clip_event_window,9.943267,24.840931,247,1280,720,train,World,World::city_street,62,211,accident_time=4.5045;type=t-bone
y4Evv5By6sg_1_00__pre_event_non_accident,/autodl-fs/data/traffic_accident_rnd/ACCIDENT_dataset/real_videos/y4Evv5By6sg_1_00.mp4,ACCIDENT-real,t-bone,non_accident,0,weak_clip_pre_event,9.943267,24.840931,247,1280,720,train,World,World::city_street,0,37,derived_pre_accident_until=1.505;weak_negative=true
y4Evv5By6sg_3_00__accident,/autodl-fs/data/traffic_accident_rnd/ACCIDENT_dataset/real_videos/y4Evv5By6sg_3_00.mp4,ACCIDENT-real,head-on,accident,1,weak_clip_event_window,7.4074,24.840025,184,1280,720,train,World,World::simple_intersection,30,179,accident_time=3.2032;type=head-on
y4Evv5By6sg_4_00__accident,/autodl-fs/data/traffic_accident_rnd/ACCIDENT_dataset/real_videos/y4Evv5By6sg_4_00.mp4,ACCIDENT-real,head-on,accident,1,weak_clip_event_window,6.840167,24.707,169,1280,720,train,World,World::simple_intersection,24,169,accident_time=2.969633;type=head-on
5m8QzQubYOI_00__accident,/autodl-fs/data/traffic_accident_rnd/ACCIDENT_dataset/real_videos/5m8QzQubYOI_00.mp4,ACCIDENT-real,single,accident,1,weak_clip_event_window,20.16,5.753968,116,384,288,test,World,World::tunnel,9,44,accident_time=3.68;type=single
kaggle-fahaddalwai-cctvfootagevideo_1_00__accident,/autodl-fs/data/traffic_accident_rnd/ACCIDENT_dataset/real_videos/kaggle-fahaddalwai-cctvfootagevideo_1_00.mp4,ACCIDENT-real,t-bone,accident,1,weak_clip_event_window,8.033333,25.518672,205,640,360,test,World,World::signalized_intersection,0,151,accident_time=1.933333;type=t-bone
kaggle-fahaddalwai-cctvfootagevideo_3_00__accident,/autodl-fs/data/traffic_accident_rnd/ACCIDENT_dataset/real_videos/kaggle-fahaddalwai-cctvfootagevideo_3_00.mp4,ACCIDENT-real,t-bone,accident,1,weak_clip_event_window,10.433333,29.42492,307,640,360,test,World,World::simple_intersection,67,244,accident_time=4.266667;type=t-bone
kaggle-fahaddalwai-cctvfootagevideo_3_00__pre_event_non_accident,/autodl-fs/data/traffic_accident_rnd/ACCIDENT_dataset/real_videos/kaggle-fahaddalwai-cctvfootagevideo_3_00.mp4,ACCIDENT-real,t-bone,non_accident,0,weak_clip_pre_event,10.433333,29.42492,307,640,360,test,World,World::simple_intersection,0,37,derived_pre_accident_until=1.267;weak_negative=true
kaggle-fahaddalwai-cctvfootagevideo_4_00__accident,/autodl-fs/data/traffic_accident_rnd/ACCIDENT_dataset/real_videos/kaggle-fahaddalwai-cctvfootagevideo_4_00.mp4,ACCIDENT-real,t-bone,accident,1,weak_clip_event_window,19.066667,22.395105,427,640,360,test,World,World::highway,68,203,accident_time=5.066666000000001;type=t-bone
kaggle-fahaddalwai-cctvfootagevideo_4_00__pre_event_non_accident,/autodl-fs/data/traffic_accident_rnd/ACCIDENT_dataset/real_videos/kaggle-fahaddalwai-cctvfootagevideo_4_00.mp4,ACCIDENT-real,t-bone,non_accident,0,weak_clip_pre_event,19.066667,22.395105,427,640,360,test,World,World::highway,0,46,derived_pre_accident_until=2.067;weak_negative=true
kaggle-fahaddalwai-cctvfootagevideo_5_00__accident,/autodl-fs/data/traffic_accident_rnd/ACCIDENT_dataset/real_videos/kaggle-fahaddalwai-cctvfootagevideo_5_00.mp4,ACCIDENT-real,t-bone,accident,1,weak_clip_event_window,7.0,25.285714,177,640,360,test,World,World::simple_intersection,46,177,accident_time=3.833333;type=t-bone
kaggle-fahaddalwai-cctvfootagevideo_6_00__accident,/autodl-fs/data/traffic_accident_rnd/ACCIDENT_dataset/real_videos/kaggle-fahaddalwai-cctvfootagevideo_6_00.mp4,ACCIDENT-real,t-bone,accident,1,weak_clip_event_window,7.9,25.189873,199,640,360,test,World,World::simple_intersection,47,198,accident_time=3.833333;type=t-bone
KUBbn-T3XYI_00__accident,/autodl-fs/data/traffic_accident_rnd/ACCIDENT_dataset/real_videos/KUBbn-T3XYI_00.mp4,ACCIDENT-real,head-on,accident,1,weak_clip_event_window,23.0,13.130435,302,352,288,test,World,World::parking_lot,133,212,accident_time=12.08;type=head-on
KUBbn-T3XYI_00__pre_event_non_accident,/autodl-fs/data/traffic_accident_rnd/ACCIDENT_dataset/real_videos/KUBbn-T3XYI_00.mp4,ACCIDENT-real,head-on,non_accident,0,weak_clip_pre_event,23.0,13.130435,302,352,288,test,World,World::parking_lot,0,119,derived_pre_accident_until=9.080;weak_negative=true
russia1_00__accident,/autodl-fs/data/traffic_accident_rnd/ACCIDENT_dataset/real_videos/russia1_00.mp4,ACCIDENT-real,head-on,accident,1,weak_clip_event_window,11.433333,29.125364,333,2392,1352,test,World,World::signalized_intersection,96,271,accident_time=5.300000000000001;type=head-on
russia1_00__pre_event_non_accident,/autodl-fs/data/traffic_accident_rnd/ACCIDENT_dataset/real_videos/russia1_00.mp4,ACCIDENT-real,head-on,non_accident,0,weak_clip_pre_event,11.433333,29.125364,333,2392,1352,test,World,World::signalized_intersection,0,67,derived_pre_accident_until=2.300;weak_negative=true
russia11_00__accident,/autodl-fs/data/traffic_accident_rnd/ACCIDENT_dataset/real_videos/russia11_00.mp4,ACCIDENT-real,single,accident,1,weak_clip_event_window,13.233333,32.267003,427,2392,1352,test,World,World::signalized_intersection,117,311,accident_time=5.633333;type=single
russia11_00__pre_event_non_accident,/autodl-fs/data/traffic_accident_rnd/ACCIDENT_dataset/real_videos/russia11_00.mp4,ACCIDENT-real,single,non_accident,0,weak_clip_pre_event,13.233333,32.267003,427,2392,1352,test,World,World::signalized_intersection,0,85,derived_pre_accident_until=2.633;weak_negative=true
russia12_00__accident,/autodl-fs/data/traffic_accident_rnd/ACCIDENT_dataset/real_videos/russia12_00.mp4,ACCIDENT-real,single,accident,1,weak_clip_event_window,5.866667,29.488636,173,2392,1352,test,World,World::highway,44,173,accident_time=3.5;type=single
russia13_00__accident,/autodl-fs/data/traffic_accident_rnd/ACCIDENT_dataset/real_videos/russia13_00.mp4,ACCIDENT-real,t-bone,accident,1,weak_clip_event_window,3.666667,34.090909,125,2392,1352,test,World,World::simple_intersection,0,125,accident_time=1.85;type=t-bone
russia14_00__accident,/autodl-fs/data/traffic_accident_rnd/ACCIDENT_dataset/real_videos/russia14_00.mp4,ACCIDENT-real,t-bone,accident,1,weak_clip_event_window,7.516667,23.414634,176,2390,1330,test,World,World::simple_intersection,3,144,accident_time=2.116667;type=t-bone
russia15_00__accident,/autodl-fs/data/traffic_accident_rnd/ACCIDENT_dataset/real_videos/russia15_00.mp4,ACCIDENT-real,t-bone,accident,1,weak_clip_event_window,7.066667,26.886792,190,2390,1330,test,World,World::signalized_intersection,30,190,accident_time=3.116667;type=t-bone
russia16_00__accident,/autodl-fs/data/traffic_accident_rnd/ACCIDENT_dataset/real_videos/russia16_00.mp4,ACCIDENT-real,t-bone,accident,1,weak_clip_event_window,9.333333,25.5,238,2390,1330,test,World,World::simple_intersection,57,210,accident_time=4.233333;type=t-bone
russia16_00__pre_event_non_accident,/autodl-fs/data/traffic_accident_rnd/ACCIDENT_dataset/real_videos/russia16_00.mp4,ACCIDENT-real,t-bone,non_accident,0,weak_clip_pre_event,9.333333,25.5,238,2390,1330,test,World,World::simple_intersection,0,31,derived_pre_accident_until=1.233;weak_negative=true
russia17_00__accident,/autodl-fs/data/traffic_accident_rnd/ACCIDENT_dataset/real_videos/russia17_00.mp4,ACCIDENT-real,sideswipe,accident,1,weak_clip_event_window,8.35,27.185629,227,2390,1330,test,World,World::signalized_intersection,34,197,accident_time=3.25;type=sideswipe
russia18_00__accident,/autodl-fs/data/traffic_accident_rnd/ACCIDENT_dataset/real_videos/russia18_00.mp4,ACCIDENT-real,rear-end,accident,1,weak_clip_event_window,9.883333,20.236088,200,2390,1330,test,World,World::signalized_intersection,66,187,accident_time=5.233333999999999;type=rear-end
russia18_00__pre_event_non_accident,/autodl-fs/data/traffic_accident_rnd/ACCIDENT_dataset/real_videos/russia18_00.mp4,ACCIDENT-real,rear-end,non_accident,0,weak_clip_pre_event,9.883333,20.236088,200,2390,1330,test,World,World::signalized_intersection,0,45,derived_pre_accident_until=2.233;weak_negative=true
russia19_00__accident,/autodl-fs/data/traffic_accident_rnd/ACCIDENT_dataset/real_videos/russia19_00.mp4,ACCIDENT-real,t-bone,accident,1,weak_clip_event_window,9.333333,27.75,259,2390,1330,test,World,World::signalized_intersection,60,227,accident_time=4.183333;type=t-bone
russia19_00__pre_event_non_accident,/autodl-fs/data/traffic_accident_rnd/ACCIDENT_dataset/real_videos/russia19_00.mp4,ACCIDENT-real,t-bone,non_accident,0,weak_clip_pre_event,9.333333,27.75,259,2390,1330,test,World,World::signalized_intersection,0,33,derived_pre_accident_until=1.183;weak_negative=true
russia2_00__accident,/autodl-fs/data/traffic_accident_rnd/ACCIDENT_dataset/real_videos/russia2_00.mp4,ACCIDENT-real,t-bone,accident,1,weak_clip_event_window,8.716667,30.286807,264,2386,1332,test,World,World::signalized_intersection,2,184,accident_time=2.083333;type=t-bone
russia20_00__accident,/autodl-fs/data/traffic_accident_rnd/ACCIDENT_dataset/real_videos/russia20_00.mp4,ACCIDENT-real,rear-end,accident,1,weak_clip_event_window,6.15,27.317073,168,2390,1330,test,World,World::signalized_intersection,0,150,accident_time=1.516667;type=rear-end
russia21_00__accident,/autodl-fs/data/traffic_accident_rnd/ACCIDENT_dataset/real_videos/russia21_00.mp4,ACCIDENT-real,head-on,accident,1,weak_clip_event_window,14.533333,19.541284,284,1786,1246,test,World,World::simple_intersection,69,186,accident_time=5.516667;type=head-on
russia21_00__pre_event_non_accident,/autodl-fs/data/traffic_accident_rnd/ACCIDENT_dataset/real_videos/russia21_00.mp4,ACCIDENT-real,head-on,non_accident,0,weak_clip_pre_event,14.533333,19.541284,284,1786,1246,test,World,World::simple_intersection,0,49,derived_pre_accident_until=2.517;weak_negative=true
russia22_00__accident,/autodl-fs/data/traffic_accident_rnd/ACCIDENT_dataset/real_videos/russia22_00.mp4,ACCIDENT-real,sideswipe,accident,1,weak_clip_event_window,4.233333,25.03937,106,1786,1246,test,World,World::signalized_intersection,0,106,accident_time=1.766667;type=sideswipe
russia23_00__accident,/autodl-fs/data/traffic_accident_rnd/ACCIDENT_dataset/real_videos/russia23_00.mp4,ACCIDENT-real,t-bone,accident,1,weak_clip_event_window,4.5,30.0,135,2368,1234,test,World,World::signalized_intersection,35,135,accident_time=3.166667;type=t-bone
russia3_00__accident,/autodl-fs/data/traffic_accident_rnd/ACCIDENT_dataset/real_videos/russia3_00.mp4,ACCIDENT-real,t-bone,accident,1,weak_clip_event_window,11.133333,30.179641,336,2386,1332,test,World,World::signalized_intersection,64,245,accident_time=4.116667;type=t-bone
russia3_00__pre_event_non_accident,/autodl-fs/data/traffic_accident_rnd/ACCIDENT_dataset/real_videos/russia3_00.mp4,ACCIDENT-real,t-bone,non_accident,0,weak_clip_pre_event,11.133333,30.179641,336,2386,1332,test,World,World::signalized_intersection,0,34,derived_pre_accident_until=1.117;weak_negative=true
russia4_00__accident,/autodl-fs/data/traffic_accident_rnd/ACCIDENT_dataset/real_videos/russia4_00.mp4,ACCIDENT-real,t-bone,accident,1,weak_clip_event_window,17.266667,25.830116,446,2386,1332,test,World,World::highway,75,230,accident_time=4.933333;type=t-bone
russia4_00__pre_event_non_accident,/autodl-fs/data/traffic_accident_rnd/ACCIDENT_dataset/real_videos/russia4_00.mp4,ACCIDENT-real,t-bone,non_accident,0,weak_clip_pre_event,17.266667,25.830116,446,2386,1332,test,World,World::highway,0,50,derived_pre_accident_until=1.933;weak_negative=true
russia6_00__accident,/autodl-fs/data/traffic_accident_rnd/ACCIDENT_dataset/real_videos/russia6_00.mp4,ACCIDENT-real,head-on,accident,1,weak_clip_event_window,7.566667,26.299559,199,2386,1332,test,World,World::signalized_intersection,49,199,accident_time=3.866667;type=head-on
russia7_00__accident,/autodl-fs/data/traffic_accident_rnd/ACCIDENT_dataset/real_videos/russia7_00.mp4,ACCIDENT-real,t-bone,accident,1,weak_clip_event_window,15.133333,22.599119,342,2392,1352,test,World,World::simple_intersection,64,199,accident_time=4.833333;type=t-bone
russia7_00__pre_event_non_accident,/autodl-fs/data/traffic_accident_rnd/ACCIDENT_dataset/real_videos/russia7_00.mp4,ACCIDENT-real,t-bone,non_accident,0,weak_clip_pre_event,15.133333,22.599119,342,2392,1352,test,World,World::simple_intersection,0,41,derived_pre_accident_until=1.833;weak_negative=true
russia8_00__accident,/autodl-fs/data/traffic_accident_rnd/ACCIDENT_dataset/real_videos/russia8_00.mp4,ACCIDENT-real,sideswipe,accident,1,weak_clip_event_window,8.566667,30.233463,259,2392,1352,test,World,World::simple_intersection,29,210,accident_time=2.933333;type=sideswipe
video13_00__accident,/autodl-fs/data/traffic_accident_rnd/ACCIDENT_dataset/real_videos/video13_00.mp4,ACCIDENT-real,sideswipe,accident,1,weak_clip_event_window,17.2,25.639535,441,1280,720,train,World,World::highway,155,309,accident_time=8.033333;type=sideswipe
video13_00__pre_event_non_accident,/autodl-fs/data/traffic_accident_rnd/ACCIDENT_dataset/real_videos/video13_00.mp4,ACCIDENT-real,sideswipe,non_accident,0,weak_clip_pre_event,17.2,25.639535,441,1280,720,train,World,World::highway,0,129,derived_pre_accident_until=5.033;weak_negative=true
video130_00__accident,/autodl-fs/data/traffic_accident_rnd/ACCIDENT_dataset/real_videos/video130_00.mp4,ACCIDENT-real,t-bone,accident,1,weak_clip_event_window,6.833333,25.317073,173,1920,1080,train,World,World::signalized_intersection,65,173,accident_time=4.6;type=t-bone
video130_00__pre_event_non_accident,/autodl-fs/data/traffic_accident_rnd/ACCIDENT_dataset/real_videos/video130_00.mp4,ACCIDENT-real,t-bone,non_accident,0,weak_clip_pre_event,6.833333,25.317073,173,1920,1080,train,World,World::signalized_intersection,0,41,derived_pre_accident_until=1.600;weak_negative=true
video136_00__accident,/autodl-fs/data/traffic_accident_rnd/ACCIDENT_dataset/real_videos/video136_00.mp4,ACCIDENT-real,single,accident,1,weak_clip_event_window,17.25,19.594203,338,960,540,train,World,World::city_street,51,168,accident_time=4.583333;type=single
video136_00__pre_event_non_accident,/autodl-fs/data/traffic_accident_rnd/ACCIDENT_dataset/real_videos/video136_00.mp4,ACCIDENT-real,single,non_accident,0,weak_clip_pre_event,17.25,19.594203,338,960,540,train,World,World::city_street,0,31,derived_pre_accident_until=1.583;weak_negative=true
video187_00__accident,/autodl-fs/data/traffic_accident_rnd/ACCIDENT_dataset/real_videos/video187_00.mp4,ACCIDENT-real,sideswipe,accident,1,weak_clip_event_window,9.52,23.634454,225,632,360,train,World,World::highway,83,225,accident_time=5.52;type=sideswipe
video187_00__pre_event_non_accident,/autodl-fs/data/traffic_accident_rnd/ACCIDENT_dataset/real_videos/video187_00.mp4,ACCIDENT-real,sideswipe,non_accident,0,weak_clip_pre_event,9.52,23.634454,225,632,360,train,World,World::highway,0,60,derived_pre_accident_until=2.520;weak_negative=true
video193_00__accident,/autodl-fs/data/traffic_accident_rnd/ACCIDENT_dataset/real_videos/video193_00.mp4,ACCIDENT-real,t-bone,accident,1,weak_clip_event_window,27.583333,23.202417,640,960,544,train,World,World::simple_intersection,155,294,accident_time=8.666667;type=t-bone
video193_00__pre_event_non_accident,/autodl-fs/data/traffic_accident_rnd/ACCIDENT_dataset/real_videos/video193_00.mp4,ACCIDENT-real,t-bone,non_accident,0,weak_clip_pre_event,27.583333,23.202417,640,960,544,train,World,World::simple_intersection,0,131,derived_pre_accident_until=5.667;weak_negative=true
video24_00__accident,/autodl-fs/data/traffic_accident_rnd/ACCIDENT_dataset/real_videos/video24_00.mp4,ACCIDENT-real,sideswipe,accident,1,weak_clip_event_window,5.28,23.484848,124,1280,720,train,World,World::simple_intersection,41,124,accident_time=3.76;type=sideswipe
video26_00__accident,/autodl-fs/data/traffic_accident_rnd/ACCIDENT_dataset/real_videos/video26_00.mp4,ACCIDENT-real,rear-end,accident,1,weak_clip_event_window,33.24,23.826715,792,1880,1080,train,World,World::highway,206,349,accident_time=10.68;type=rear-end
video26_00__pre_event_non_accident,/autodl-fs/data/traffic_accident_rnd/ACCIDENT_dataset/real_videos/video26_00.mp4,ACCIDENT-real,rear-end,non_accident,0,weak_clip_pre_event,33.24,23.826715,792,1880,1080,train,World,World::highway,0,183,derived_pre_accident_until=7.680;weak_negative=true
video33_00__accident,/autodl-fs/data/traffic_accident_rnd/ACCIDENT_dataset/real_videos/video33_00.mp4,ACCIDENT-real,rear-end,accident,1,weak_clip_event_window,5.3,20.0,106,314,192,train,World,World::highway,13,106,accident_time=2.65;type=rear-end
video38_00__accident,/autodl-fs/data/traffic_accident_rnd/ACCIDENT_dataset/real_videos/video38_00.mp4,ACCIDENT-real,single,accident,1,weak_clip_event_window,4.8,17.708333,85,346,194,train,World,World::city_street,16,85,accident_time=2.9;type=single
video52_00__accident,/autodl-fs/data/traffic_accident_rnd/ACCIDENT_dataset/real_videos/video52_00.mp4,ACCIDENT-real,t-bone,accident,1,weak_clip_event_window,13.633333,18.924205,258,1920,1080,train,World,World::signalized_intersection,39,153,accident_time=4.066667;type=t-bone
video52_00__pre_event_non_accident,/autodl-fs/data/traffic_accident_rnd/ACCIDENT_dataset/real_videos/video52_00.mp4,ACCIDENT-real,t-bone,non_accident,0,weak_clip_pre_event,13.633333,18.924205,258,1920,1080,train,World,World::signalized_intersection,0,20,derived_pre_accident_until=1.067;weak_negative=true
video56_00__accident,/autodl-fs/data/traffic_accident_rnd/ACCIDENT_dataset/real_videos/video56_00.mp4,ACCIDENT-real,t-bone,accident,1,weak_clip_event_window,12.833333,24.0,308,640,368,train,World,World::signalized_intersection,0,123,accident_time=1.125;type=t-bone
video57_00__accident,/autodl-fs/data/traffic_accident_rnd/ACCIDENT_dataset/real_videos/video57_00.mp4,ACCIDENT-real,t-bone,accident,1,weak_clip_event_window,6.966667,25.837321,180,1920,1080,train,World,World::signalized_intersection,18,173,accident_time=2.7;type=t-bone
video60_00__accident,/autodl-fs/data/traffic_accident_rnd/ACCIDENT_dataset/real_videos/video60_00.mp4,ACCIDENT-real,head-on,accident,1,weak_clip_event_window,22.7,25.374449,576,1920,1080,train,World,World::simple_intersection,109,261,accident_time=6.3;type=head-on
video60_00__pre_event_non_accident,/autodl-fs/data/traffic_accident_rnd/ACCIDENT_dataset/real_videos/video60_00.mp4,ACCIDENT-real,head-on,non_accident,0,weak_clip_pre_event,22.7,25.374449,576,1920,1080,train,World,World::simple_intersection,0,84,derived_pre_accident_until=3.300;weak_negative=true
video72_00__accident,/autodl-fs/data/traffic_accident_rnd/ACCIDENT_dataset/real_videos/video72_00.mp4,ACCIDENT-real,sideswipe,accident,1,weak_clip_event_window,8.633333,17.722008,153,1270,720,train,World,World::city_street,0,100,accident_time=1.633333;type=sideswipe
hFaYR4zsGzA_00__accident,/autodl-fs/data/traffic_accident_rnd/ACCIDENT_dataset/real_videos/hFaYR4zsGzA_00.mp4,ACCIDENT-real,head-on,accident,1,weak_clip_event_window,30.0,22.666667,680,1280,720,test,World,World::signalized_intersection,387,523,accident_time=19.08;type=head-on
hFaYR4zsGzA_00__pre_event_non_accident,/autodl-fs/data/traffic_accident_rnd/ACCIDENT_dataset/real_videos/hFaYR4zsGzA_00.mp4,ACCIDENT-real,head-on,non_accident,0,weak_clip_pre_event,30.0,22.666667,680,1280,720,test,World,World::signalized_intersection,0,364,derived_pre_accident_until=16.080;weak_negative=true
4qfPNqggweo_00__accident,/autodl-fs/data/traffic_accident_rnd/ACCIDENT_dataset/real_videos/4qfPNqggweo_00.mp4,ACCIDENT-real,t-bone,accident,1,weak_clip_event_window,51.933333,17.156611,891,480,268,test,World,World::signalized_intersection,73,176,accident_time=6.233333;type=t-bone
4qfPNqggweo_00__pre_event_non_accident,/autodl-fs/data/traffic_accident_rnd/ACCIDENT_dataset/real_videos/4qfPNqggweo_00.mp4,ACCIDENT-real,t-bone,non_accident,0,weak_clip_pre_event,51.933333,17.156611,891,480,268,test,World,World::signalized_intersection,0,55,derived_pre_accident_until=3.233;weak_negative=true
6wze8ucfW1g_00__accident,/autodl-fs/data/traffic_accident_rnd/ACCIDENT_dataset/real_videos/6wze8ucfW1g_00.mp4,ACCIDENT-real,single,accident,1,weak_clip_event_window,30.163467,12.299647,371,1280,720,test,World,World::signalized_intersection,37,111,accident_time=5.005;type=single
6wze8ucfW1g_00__pre_event_non_accident,/autodl-fs/data/traffic_accident_rnd/ACCIDENT_dataset/real_videos/6wze8ucfW1g_00.mp4,ACCIDENT-real,single,non_accident,0,weak_clip_pre_event,30.163467,12.299647,371,1280,720,test,World,World::signalized_intersection,0,25,derived_pre_accident_until=2.005;weak_negative=true
v_i8N0-kt2w_00__accident,/autodl-fs/data/traffic_accident_rnd/ACCIDENT_dataset/real_videos/v_i8N0-kt2w_00.mp4,ACCIDENT-real,t-bone,accident,1,weak_clip_event_window,23.68,24.493243,580,1920,1080,test,World,World::signalized_intersection,221,368,accident_time=11.04;type=t-bone
v_i8N0-kt2w_00__pre_event_non_accident,/autodl-fs/data/traffic_accident_rnd/ACCIDENT_dataset/real_videos/v_i8N0-kt2w_00.mp4,ACCIDENT-real,t-bone,non_accident,0,weak_clip_pre_event,23.68,24.493243,580,1920,1080,test,World,World::signalized_intersection,0,197,derived_pre_accident_until=8.040;weak_negative=true
PVYTq0m-OR0_00__accident,/autodl-fs/data/traffic_accident_rnd/ACCIDENT_dataset/real_videos/PVYTq0m-OR0_00.mp4,ACCIDENT-real,rear-end,accident,1,weak_clip_event_window,8.113208,23.788372,193,1280,720,test,World,World::signalized_intersection,145,193,accident_time=8.113207000000001;type=rear-end
PVYTq0m-OR0_00__pre_event_non_accident,/autodl-fs/data/traffic_accident_rnd/ACCIDENT_dataset/real_videos/PVYTq0m-OR0_00.mp4,ACCIDENT-real,rear-end,non_accident,0,weak_clip_pre_event,8.113208,23.788372,193,1280,720,test,World,World::signalized_intersection,0,122,derived_pre_accident_until=5.113;weak_negative=true
KPyyCBJKS98_00__accident,/autodl-fs/data/traffic_accident_rnd/ACCIDENT_dataset/real_videos/KPyyCBJKS98_00.mp4,ACCIDENT-real,t-bone,accident,1,weak_clip_event_window,26.026,9.913164,258,1920,1080,test,World,World::city_street,164,224,accident_time=18.552;type=t-bone
KPyyCBJKS98_00__pre_event_non_accident,/autodl-fs/data/traffic_accident_rnd/ACCIDENT_dataset/real_videos/KPyyCBJKS98_00.mp4,ACCIDENT-real,t-bone,non_accident,0,weak_clip_pre_event,26.026,9.913164,258,1920,1080,test,World,World::city_street,0,154,derived_pre_accident_until=15.552;weak_negative=true
Hg0kgEuDppk_00__accident,/autodl-fs/data/traffic_accident_rnd/ACCIDENT_dataset/real_videos/Hg0kgEuDppk_00.mp4,ACCIDENT-real,sideswipe,accident,1,weak_clip_event_window,30.122334,16.632177,501,1920,910,test,World,World::city_street,0,84,accident_time=1.017;type=sideswipe
OehnhIPFm4Q_00__accident,/autodl-fs/data/traffic_accident_rnd/ACCIDENT_dataset/real_videos/OehnhIPFm4Q_00.mp4,ACCIDENT-real,single,accident,1,weak_clip_event_window,4.92,20.121951,99,1920,1080,train,UAE,UAE::highway,25,99,accident_time=3.2399999999999998;type=single
OehnhIPFm4Q_01__accident,/autodl-fs/data/traffic_accident_rnd/ACCIDENT_dataset/real_videos/OehnhIPFm4Q_01.mp4,ACCIDENT-real,rear-end,accident,1,weak_clip_event_window,5.92,25.0,148,1920,1080,test,UAE,UAE::highway,17,148,accident_time=2.68;type=rear-end
OehnhIPFm4Q_02__accident,/autodl-fs/data/traffic_accident_rnd/ACCIDENT_dataset/real_videos/OehnhIPFm4Q_02.mp4,ACCIDENT-real,single,accident,1,weak_clip_event_window,5.84,25.0,146,1920,1080,test,UAE,UAE::highway,46,146,accident_time=3.84;type=single
OehnhIPFm4Q_03__accident,/autodl-fs/data/traffic_accident_rnd/ACCIDENT_dataset/real_videos/OehnhIPFm4Q_03.mp4,ACCIDENT-real,single,accident,1,weak_clip_event_window,6.0,25.0,150,1920,1080,train,UAE,UAE::highway,53,150,accident_time=4.12;type=single
OehnhIPFm4Q_03__pre_event_non_accident,/autodl-fs/data/traffic_accident_rnd/ACCIDENT_dataset/real_videos/OehnhIPFm4Q_03.mp4,ACCIDENT-real,single,non_accident,0,weak_clip_pre_event,6.0,25.0,150,1920,1080,train,UAE,UAE::highway,0,28,derived_pre_accident_until=1.120;weak_negative=true
OehnhIPFm4Q_04__accident,/autodl-fs/data/traffic_accident_rnd/ACCIDENT_dataset/real_videos/OehnhIPFm4Q_04.mp4,ACCIDENT-real,t-bone,accident,1,weak_clip_event_window,8.16,25.0,204,1920,1080,test,UAE,UAE::highway,98,204,accident_time=5.92;type=t-bone
OehnhIPFm4Q_04__pre_event_non_accident,/autodl-fs/data/traffic_accident_rnd/ACCIDENT_dataset/real_videos/OehnhIPFm4Q_04.mp4,ACCIDENT-real,t-bone,non_accident,0,weak_clip_pre_event,8.16,25.0,204,1920,1080,test,UAE,UAE::highway,0,73,derived_pre_accident_until=2.920;weak_negative=true
kd7QwQqeJZQ_00__accident,/autodl-fs/data/traffic_accident_rnd/ACCIDENT_dataset/real_videos/kd7QwQqeJZQ_00.mp4,ACCIDENT-real,rear-end,accident,1,weak_clip_event_window,5.04,24.603175,124,1920,1080,test,UAE,UAE::highway,18,124,accident_time=2.7199999999999998;type=rear-end
kd7QwQqeJZQ_01__accident,/autodl-fs/data/traffic_accident_rnd/ACCIDENT_dataset/real_videos/kd7QwQqeJZQ_01.mp4,ACCIDENT-real,single,accident,1,weak_clip_event_window,10.28,22.957198,236,1920,1080,train,UAE,UAE::highway,57,195,accident_time=4.48;type=single
kd7QwQqeJZQ_01__pre_event_non_accident,/autodl-fs/data/traffic_accident_rnd/ACCIDENT_dataset/real_videos/kd7QwQqeJZQ_01.mp4,ACCIDENT-real,single,non_accident,0,weak_clip_pre_event,10.28,22.957198,236,1920,1080,train,UAE,UAE::highway,0,34,derived_pre_accident_until=1.480;weak_negative=true
kd7QwQqeJZQ_02__accident,/autodl-fs/data/traffic_accident_rnd/ACCIDENT_dataset/real_videos/kd7QwQqeJZQ_02.mp4,ACCIDENT-real,rear-end,accident,1,weak_clip_event_window,5.48,25.0,137,1920,1080,train,UAE,UAE::highway,52,137,accident_time=4.08;type=rear-end
kd7QwQqeJZQ_02__pre_event_non_accident,/autodl-fs/data/traffic_accident_rnd/ACCIDENT_dataset/real_videos/kd7QwQqeJZQ_02.mp4,ACCIDENT-real,rear-end,non_accident,0,weak_clip_pre_event,5.48,25.0,137,1920,1080,train,UAE,UAE::highway,0,27,derived_pre_accident_until=1.080;weak_negative=true
Nlb0EeukIEQ_00__accident,/autodl-fs/data/traffic_accident_rnd/ACCIDENT_dataset/real_videos/Nlb0EeukIEQ_00.mp4,ACCIDENT-real,rear-end,accident,1,weak_clip_event_window,5.52,25.0,138,1920,1080,test,UAE,UAE::highway,0,129,accident_time=1.1600000000000001;type=rear-end
KZl-FNCuiGs_00__accident,/autodl-fs/data/traffic_accident_rnd/ACCIDENT_dataset/real_videos/KZl-FNCuiGs_00.mp4,ACCIDENT-real,rear-end,accident,1,weak_clip_event_window,7.48,22.860963,171,1920,1080,test,UAE,UAE::highway,98,171,accident_time=6.32;type=rear-end
KZl-FNCuiGs_00__pre_event_non_accident,/autodl-fs/data/traffic_accident_rnd/ACCIDENT_dataset/real_videos/KZl-FNCuiGs_00.mp4,ACCIDENT-real,rear-end,non_accident,0,weak_clip_pre_event,7.48,22.860963,171,1920,1080,test,UAE,UAE::highway,0,76,derived_pre_accident_until=3.320;weak_negative=true
PoPhUbkrq9g_00__accident,/autodl-fs/data/traffic_accident_rnd/ACCIDENT_dataset/real_videos/PoPhUbkrq9g_00.mp4,ACCIDENT-real,t-bone,accident,1,weak_clip_event_window,2.28,23.245614,53,1280,720,test,UAE,UAE::signalized_intersection,0,53,accident_time=0.16000000000000014;type=t-bone
zYgBOSbkY3A_00__accident,/autodl-fs/data/traffic_accident_rnd/ACCIDENT_dataset/real_videos/zYgBOSbkY3A_00.mp4,ACCIDENT-real,t-bone,accident,1,weak_clip_event_window,3.4,22.058824,75,1920,1080,test,UAE,UAE::signalized_intersection,0,75,accident_time=0.92;type=t-bone
zYgBOSbkY3A_01__accident,/autodl-fs/data/traffic_accident_rnd/ACCIDENT_dataset/real_videos/zYgBOSbkY3A_01.mp4,ACCIDENT-real,t-bone,accident,1,weak_clip_event_window,9.0,25.0,225,1920,1080,test,UAE,UAE::signalized_intersection,46,196,accident_time=3.84;type=t-bone
T636miXHz3U_00__accident,/autodl-fs/data/traffic_accident_rnd/ACCIDENT_dataset/real_videos/T636miXHz3U_00.mp4,ACCIDENT-real,single,accident,1,weak_clip_event_window,6.0,25.0,150,1920,1080,test,UAE,UAE::highway,82,150,accident_time=5.28;type=single
T636miXHz3U_00__pre_event_non_accident,/autodl-fs/data/traffic_accident_rnd/ACCIDENT_dataset/real_videos/T636miXHz3U_00.mp4,ACCIDENT-real,single,non_accident,0,weak_clip_pre_event,6.0,25.0,150,1920,1080,test,UAE,UAE::highway,0,57,derived_pre_accident_until=2.280;weak_negative=true
2unYN0QzOFk_00__accident,/autodl-fs/data/traffic_accident_rnd/ACCIDENT_dataset/real_videos/2unYN0QzOFk_00.mp4,ACCIDENT-real,rear-end,accident,1,weak_clip_event_window,3.52,25.0,88,1280,720,test,UAE,UAE::highway,0,88,accident_time=0.6799999999999999;type=rear-end
1_F0r7KVJ1k_00__accident,/autodl-fs/data/traffic_accident_rnd/ACCIDENT_dataset/real_videos/1_F0r7KVJ1k_00.mp4,ACCIDENT-real,rear-end,accident,1,weak_clip_event_window,11.56,24.740484,286,1280,720,train,UAE,UAE::highway,109,257,accident_time=6.4;type=rear-end
1_F0r7KVJ1k_00__pre_event_non_accident,/autodl-fs/data/traffic_accident_rnd/ACCIDENT_dataset/real_videos/1_F0r7KVJ1k_00.mp4,ACCIDENT-real,rear-end,non_accident,0,weak_clip_pre_event,11.56,24.740484,286,1280,720,train,UAE,UAE::highway,0,84,derived_pre_accident_until=3.400;weak_negative=true
e17Wq4Hpqlk_00__accident,/autodl-fs/data/traffic_accident_rnd/ACCIDENT_dataset/real_videos/e17Wq4Hpqlk_00.mp4,ACCIDENT-real,head-on,accident,1,weak_clip_event_window,4.88,25.0,122,1920,1080,test,UAE,UAE::signalized_intersection,0,122,accident_time=1.3199999999999998;type=head-on
e17Wq4Hpqlk_01__accident,/autodl-fs/data/traffic_accident_rnd/ACCIDENT_dataset/real_videos/e17Wq4Hpqlk_01.mp4,ACCIDENT-real,head-on,accident,1,weak_clip_event_window,3.96,25.0,99,1920,1080,test,UAE,UAE::signalized_intersection,0,99,accident_time=1.2;type=head-on
e17Wq4Hpqlk_02__accident,/autodl-fs/data/traffic_accident_rnd/ACCIDENT_dataset/real_videos/e17Wq4Hpqlk_02.mp4,ACCIDENT-real,head-on,accident,1,weak_clip_event_window,5.96,25.0,149,1920,1080,test,UAE,UAE::signalized_intersection,0,118,accident_time=0.72;type=head-on
OY5bWBGoSwc_00__accident,/autodl-fs/data/traffic_accident_rnd/ACCIDENT_dataset/real_videos/OY5bWBGoSwc_00.mp4,ACCIDENT-real,rear-end,accident,1,weak_clip_event_window,5.033333,24.834437,125,1920,1080,test,UAE,UAE::highway,19,125,accident_time=2.766666;type=rear-end
hdyWKrR5uCk_00__accident,/autodl-fs/data/traffic_accident_rnd/ACCIDENT_dataset/real_videos/hdyWKrR5uCk_00.mp4,ACCIDENT-real,rear-end,accident,1,weak_clip_event_window,5.76,25.0,144,1280,720,test,UAE,UAE::city_street,0,138,accident_time=1.52;type=rear-end
hdyWKrR5uCk_01__accident,/autodl-fs/data/traffic_accident_rnd/ACCIDENT_dataset/real_videos/hdyWKrR5uCk_01.mp4,ACCIDENT-real,t-bone,accident,1,weak_clip_event_window,6.0,25.0,150,1280,720,test,UAE,UAE::signalized_intersection,0,136,accident_time=1.44;type=t-bone
NF5q7ye97l0_00__accident,/autodl-fs/data/traffic_accident_rnd/ACCIDENT_dataset/real_videos/NF5q7ye97l0_00.mp4,ACCIDENT-real,rear-end,accident,1,weak_clip_event_window,6.4,25.0,160,1280,720,test,UAE,UAE::highway,63,160,accident_time=4.52;type=rear-end
NF5q7ye97l0_00__pre_event_non_accident,/autodl-fs/data/traffic_accident_rnd/ACCIDENT_dataset/real_videos/NF5q7ye97l0_00.mp4,ACCIDENT-real,rear-end,non_accident,0,weak_clip_pre_event,6.4,25.0,160,1280,720,test,UAE,UAE::highway,0,38,derived_pre_accident_until=1.520;weak_negative=true
LeRsK6lfpK8_00__accident,/autodl-fs/data/traffic_accident_rnd/ACCIDENT_dataset/real_videos/LeRsK6lfpK8_00.mp4,ACCIDENT-real,t-bone,accident,1,weak_clip_event_window,5.0,25.0,125,1280,720,test,UAE,UAE::signalized_intersection,0,125,accident_time=1.64;type=t-bone
LeRsK6lfpK8_01__accident,/autodl-fs/data/traffic_accident_rnd/ACCIDENT_dataset/real_videos/LeRsK6lfpK8_01.mp4,ACCIDENT-real,t-bone,accident,1,weak_clip_event_window,3.92,25.0,98,1280,720,test,UAE,UAE::signalized_intersection,0,98,accident_time=1.68;type=t-bone
LeRsK6lfpK8_02__accident,/autodl-fs/data/traffic_accident_rnd/ACCIDENT_dataset/real_videos/LeRsK6lfpK8_02.mp4,ACCIDENT-real,t-bone,accident,1,weak_clip_event_window,6.36,25.0,159,1280,720,test,UAE,UAE::signalized_intersection,88,159,accident_time=5.52;type=t-bone
LeRsK6lfpK8_02__pre_event_non_accident,/autodl-fs/data/traffic_accident_rnd/ACCIDENT_dataset/real_videos/LeRsK6lfpK8_02.mp4,ACCIDENT-real,t-bone,non_accident,0,weak_clip_pre_event,6.36,25.0,159,1280,720,test,UAE,UAE::signalized_intersection,0,63,derived_pre_accident_until=2.520;weak_negative=true
nEszisiy2ho_00__accident,/autodl-fs/data/traffic_accident_rnd/ACCIDENT_dataset/real_videos/nEszisiy2ho_00.mp4,ACCIDENT-real,rear-end,accident,1,weak_clip_event_window,8.0,25.0,200,1920,1080,test,UAE,UAE::highway,43,193,accident_time=3.72;type=rear-end
jYai-crKZx8_00__accident,/autodl-fs/data/traffic_accident_rnd/ACCIDENT_dataset/real_videos/jYai-crKZx8_00.mp4,ACCIDENT-real,t-bone,accident,1,weak_clip_event_window,1.36,22.058824,30,1920,1080,test,UAE,UAE::signalized_intersection,0,30,accident_time=0.6;type=t-bone
Y5oIfasCYJM_00__accident,/autodl-fs/data/traffic_accident_rnd/ACCIDENT_dataset/real_videos/Y5oIfasCYJM_00.mp4,ACCIDENT-real,rear-end,accident,1,weak_clip_event_window,3.48,25.0,87,1920,1080,test,UAE,UAE::highway,0,87,accident_time=1.0;type=rear-end
ACcnz_yNp6Q_00__accident,/autodl-fs/data/traffic_accident_rnd/ACCIDENT_dataset/real_videos/ACcnz_yNp6Q_00.mp4,ACCIDENT-real,rear-end,accident,1,weak_clip_event_window,5.8,25.0,145,1280,720,test,UAE,UAE::highway,0,141,accident_time=1.64;type=rear-end
65p17BwHTaw_00__accident,/autodl-fs/data/traffic_accident_rnd/ACCIDENT_dataset/real_videos/65p17BwHTaw_00.mp4,ACCIDENT-real,single,accident,1,weak_clip_event_window,6.0,25.0,150,1280,720,test,UAE,UAE::highway,0,130,accident_time=1.2;type=single
65p17BwHTaw_01__accident,/autodl-fs/data/traffic_accident_rnd/ACCIDENT_dataset/real_videos/65p17BwHTaw_01.mp4,ACCIDENT-real,single,accident,1,weak_clip_event_window,3.16,25.0,79,1280,720,test,UAE,UAE::highway,12,79,accident_time=2.48;type=single
q7UutMH5DTM_00__accident,/autodl-fs/data/traffic_accident_rnd/ACCIDENT_dataset/real_videos/q7UutMH5DTM_00.mp4,ACCIDENT-real,rear-end,accident,1,weak_clip_event_window,7.64,25.0,191,1280,720,test,UAE,UAE::highway,0,115,accident_time=0.6000000000000001;type=rear-end
YueG1zLkV8o_00__accident,/autodl-fs/data/traffic_accident_rnd/ACCIDENT_dataset/real_videos/YueG1zLkV8o_00.mp4,ACCIDENT-real,rear-end,accident,1,weak_clip_event_window,2.48,25.0,62,1920,1080,train,UAE,UAE::highway,4,62,accident_time=2.16;type=rear-end
YueG1zLkV8o_01__accident,/autodl-fs/data/traffic_accident_rnd/ACCIDENT_dataset/real_videos/YueG1zLkV8o_01.mp4,ACCIDENT-real,sideswipe,accident,1,weak_clip_event_window,6.2,25.0,155,1920,1080,test,UAE,UAE::highway,70,155,accident_time=4.8;type=sideswipe
YueG1zLkV8o_01__pre_event_non_accident,/autodl-fs/data/traffic_accident_rnd/ACCIDENT_dataset/real_videos/YueG1zLkV8o_01.mp4,ACCIDENT-real,sideswipe,non_accident,0,weak_clip_pre_event,6.2,25.0,155,1920,1080,test,UAE,UAE::highway,0,45,derived_pre_accident_until=1.800;weak_negative=true
YueG1zLkV8o_02__accident,/autodl-fs/data/traffic_accident_rnd/ACCIDENT_dataset/real_videos/YueG1zLkV8o_02.mp4,ACCIDENT-real,single,accident,1,weak_clip_event_window,7.88,25.0,197,1920,1080,test,UAE,UAE::highway,81,197,accident_time=5.24;type=single
YueG1zLkV8o_02__pre_event_non_accident,/autodl-fs/data/traffic_accident_rnd/ACCIDENT_dataset/real_videos/YueG1zLkV8o_02.mp4,ACCIDENT-real,single,non_accident,0,weak_clip_pre_event,7.88,25.0,197,1920,1080,test,UAE,UAE::highway,0,56,derived_pre_accident_until=2.240;weak_negative=true
U53oza5hHEM_00__accident,/autodl-fs/data/traffic_accident_rnd/ACCIDENT_dataset/real_videos/U53oza5hHEM_00.mp4,ACCIDENT-real,rear-end,accident,1,weak_clip_event_window,5.6,25.0,140,1280,720,test,UAE,UAE::highway,0,136,accident_time=1.44;type=rear-end
X5RwksTFZW8_00__accident,/autodl-fs/data/traffic_accident_rnd/ACCIDENT_dataset/real_videos/X5RwksTFZW8_00.mp4,ACCIDENT-real,t-bone,accident,1,weak_clip_event_window,23.32,6.903945,161,1280,720,test,World,World::parking_lot,18,60,accident_time=4.64;type=t-bone
X5RwksTFZW8_00__pre_event_non_accident,/autodl-fs/data/traffic_accident_rnd/ACCIDENT_dataset/real_videos/X5RwksTFZW8_00.mp4,ACCIDENT-real,t-bone,non_accident,0,weak_clip_pre_event,23.32,6.903945,161,1280,720,test,World,World::parking_lot,0,11,derived_pre_accident_until=1.640;weak_negative=true
987C4_UdnJE_00__accident,/autodl-fs/data/traffic_accident_rnd/ACCIDENT_dataset/real_videos/987C4_UdnJE_00.mp4,ACCIDENT-real,t-bone,accident,1,weak_clip_event_window,3.16,20.886076,66,1280,720,test,UAE,UAE::signalized_intersection,0,66,accident_time=0.8;type=t-bone
987C4_UdnJE_01__accident,/autodl-fs/data/traffic_accident_rnd/ACCIDENT_dataset/real_videos/987C4_UdnJE_01.mp4,ACCIDENT-real,t-bone,accident,1,weak_clip_event_window,4.96,20.16129,100,1280,720,test,UAE,UAE::signalized_intersection,0,100,accident_time=1.92;type=t-bone
eQvvIoDMXzY_00__accident,/autodl-fs/data/traffic_accident_rnd/ACCIDENT_dataset/real_videos/eQvvIoDMXzY_00.mp4,ACCIDENT-real,single,accident,1,weak_clip_event_window,12.954556,22.231562,288,1280,720,test,World,World::highway,104,237,accident_time=6.644433;type=single
eQvvIoDMXzY_00__pre_event_non_accident,/autodl-fs/data/traffic_accident_rnd/ACCIDENT_dataset/real_videos/eQvvIoDMXzY_00.mp4,ACCIDENT-real,single,non_accident,0,weak_clip_pre_event,12.954556,22.231562,288,1280,720,test,World,World::highway,0,81,derived_pre_accident_until=3.644;weak_negative=true
eQvvIoDMXzY_01__accident,/autodl-fs/data/traffic_accident_rnd/ACCIDENT_dataset/real_videos/eQvvIoDMXzY_01.mp4,ACCIDENT-real,single,accident,1,weak_clip_event_window,22.148111,20.272609,449,1280,720,test,World,World::highway,68,190,accident_time=5.390767;type=single
eQvvIoDMXzY_01__pre_event_non_accident,/autodl-fs/data/traffic_accident_rnd/ACCIDENT_dataset/real_videos/eQvvIoDMXzY_01.mp4,ACCIDENT-real,single,non_accident,0,weak_clip_pre_event,22.148111,20.272609,449,1280,720,test,World,World::highway,0,48,derived_pre_accident_until=2.391;weak_negative=true
ZftLPdDo5K8_00__accident,/autodl-fs/data/traffic_accident_rnd/ACCIDENT_dataset/real_videos/ZftLPdDo5K8_00.mp4,ACCIDENT-real,single,accident,1,weak_clip_event_window,30.041667,14.979196,450,960,720,train,Virginia,Virginia::highway,24,114,accident_time=3.625;type=single
