sample_id,source_video_id,video_path,source_dataset,original_label,mapped_label,label_id,label_type,window_type,duration,fps,num_frames,width,height,split,scene_id,camera_id,group_id,start_frame,end_frame,clip_start_sec,clip_end_sec,notes,clip_path,annotation_split,annotation_profile
-2UPLUV7JLg_00__pre_event_non_accident,-2UPLUV7JLg_00,/autodl-fs/data/traffic_accident_rnd/ACCIDENT_dataset/real_videos/-2UPLUV7JLg_00.mp4,ACCIDENT-real,single,non_accident,0,weak_clip_pre_event,pre_event_non_accident,30.0,9.966667,299,960,720,train,Virginia,Virginia::highway,-2UPLUV7JLg_00,0,37,0.0,3.712375,derived_pre_accident_until=3.708;weak_negative=true,/autodl-fs/data/traffic_accident_rnd/ACCIDENT_mmaction_clips/full/train/-2UPLUV7JLg_00__pre_event_non_accident.mp4,train,full
-2UPLUV7JLg_00__accident,-2UPLUV7JLg_00,/autodl-fs/data/traffic_accident_rnd/ACCIDENT_dataset/real_videos/-2UPLUV7JLg_00.mp4,ACCIDENT-real,single,accident,1,weak_clip_event_window,accident_window,30.0,9.966667,299,960,720,train,Virginia,Virginia::highway,-2UPLUV7JLg_00,47,107,4.715719,10.735786,accident_time=6.708;type=single;weak_clip=true,/autodl-fs/data/traffic_accident_rnd/ACCIDENT_mmaction_clips/full/train/-2UPLUV7JLg_00__accident.mp4,train,full
-Qt5bDJNT84_00__accident,-Qt5bDJNT84_00,/autodl-fs/data/traffic_accident_rnd/ACCIDENT_dataset/real_videos/-Qt5bDJNT84_00.mp4,ACCIDENT-real,single,accident,1,weak_clip_event_window,accident_window,3.346154,25.701149,86,1280,720,train,New_York,New_York::highway,-Qt5bDJNT84_00,18,86,0.700358,3.346154,accident_time=2.692;type=single;weak_clip=true,/autodl-fs/data/traffic_accident_rnd/ACCIDENT_mmaction_clips/full/train/-Qt5bDJNT84_00__accident.mp4,train,full
-RE3XseZINA_00__pre_event_non_accident,-RE3XseZINA_00,/autodl-fs/data/traffic_accident_rnd/ACCIDENT_dataset/real_videos/-RE3XseZINA_00.mp4,ACCIDENT-real,rear-end,non_accident,0,weak_clip_pre_event,pre_event_non_accident,30.333333,12.989011,394,1080,720,train,Alabama,Alabama::highway,-RE3XseZINA_00,0,259,0.0,19.939932,derived_pre_accident_until=19.958;weak_negative=true,/autodl-fs/data/traffic_accident_rnd/ACCIDENT_mmaction_clips/full/train/-RE3XseZINA_00__pre_event_non_accident.mp4,train,full
-RE3XseZINA_00__accident,-RE3XseZINA_00,/autodl-fs/data/traffic_accident_rnd/ACCIDENT_dataset/real_videos/-RE3XseZINA_00.mp4,ACCIDENT-real,rear-end,accident,1,weak_clip_event_window,accident_window,30.333333,12.989011,394,1080,720,train,Alabama,Alabama::highway,-RE3XseZINA_00,272,350,20.940778,26.945854,accident_time=22.958;type=rear-end;weak_clip=true,/autodl-fs/data/traffic_accident_rnd/ACCIDENT_mmaction_clips/full/train/-RE3XseZINA_00__accident.mp4,train,full
-dVU8qW4ik8_00__pre_event_non_accident,-dVU8qW4ik8_00,/autodl-fs/data/traffic_accident_rnd/ACCIDENT_dataset/real_videos/-dVU8qW4ik8_00.mp4,ACCIDENT-real,single,non_accident,0,weak_clip_pre_event,pre_event_non_accident,30.041667,14.979196,450,1080,720,train,Tennessee,Tennessee::highway,-dVU8qW4ik8_00,0,24,0.0,1.602222,derived_pre_accident_until=1.625;weak_negative=true,/autodl-fs/data/traffic_accident_rnd/ACCIDENT_mmaction_clips/full/train/-dVU8qW4ik8_00__pre_event_non_accident.mp4,train,full
-dVU8qW4ik8_00__accident,-dVU8qW4ik8_00,/autodl-fs/data/traffic_accident_rnd/ACCIDENT_dataset/real_videos/-dVU8qW4ik8_00.mp4,ACCIDENT-real,single,accident,1,weak_clip_event_window,accident_window,30.041667,14.979196,450,1080,720,train,Tennessee,Tennessee::highway,-dVU8qW4ik8_00,39,129,2.603611,8.611944,accident_time=4.625;type=single;weak_clip=true,/autodl-fs/data/traffic_accident_rnd/ACCIDENT_mmaction_clips/full/train/-dVU8qW4ik8_00__accident.mp4,train,full
-dmYsQc-odI_00__pre_event_non_accident,-dmYsQc-odI_00,/autodl-fs/data/traffic_accident_rnd/ACCIDENT_dataset/real_videos/-dmYsQc-odI_00.mp4,ACCIDENT-real,rear-end,non_accident,0,weak_clip_pre_event,pre_event_non_accident,30.125,8.033195,242,1280,720,train,Arkansas,Arkansas::highway,-dmYsQc-odI_00,0,22,0.0,2.738636,derived_pre_accident_until=2.750;weak_negative=true,/autodl-fs/data/traffic_accident_rnd/ACCIDENT_mmaction_clips/full/train/-dmYsQc-odI_00__pre_event_non_accident.mp4,train,full
-dmYsQc-odI_00__accident,-dmYsQc-odI_00,/autodl-fs/data/traffic_accident_rnd/ACCIDENT_dataset/real_videos/-dmYsQc-odI_00.mp4,ACCIDENT-real,rear-end,accident,1,weak_clip_event_window,accident_window,30.125,8.033195,242,1280,720,train,Arkansas,Arkansas::highway,-dmYsQc-odI_00,30,78,3.734504,9.709711,accident_time=5.75;type=rear-end;weak_clip=true,/autodl-fs/data/traffic_accident_rnd/ACCIDENT_mmaction_clips/full/train/-dmYsQc-odI_00__accident.mp4,train,full
-yLuZ5wxAsc_00__pre_event_non_accident,-yLuZ5wxAsc_00,/autodl-fs/data/traffic_accident_rnd/ACCIDENT_dataset/real_videos/-yLuZ5wxAsc_00.mp4,ACCIDENT-real,t-bone,non_accident,0,weak_clip_pre_event,pre_event_non_accident,30.0,26.166667,785,1280,720,train,Alabama,Alabama::highway,-yLuZ5wxAsc_00,0,74,0.0,2.828025,derived_pre_accident_until=2.833;weak_negative=true,/autodl-fs/data/traffic_accident_rnd/ACCIDENT_mmaction_clips/full/train/-yLuZ5wxAsc_00__pre_event_non_accident.mp4,train,full
-yLuZ5wxAsc_00__accident,-yLuZ5wxAsc_00,/autodl-fs/data/traffic_accident_rnd/ACCIDENT_dataset/real_videos/-yLuZ5wxAsc_00.mp4,ACCIDENT-real,t-bone,accident,1,weak_clip_event_window,accident_window,30.0,26.166667,785,1280,720,train,Alabama,Alabama::highway,-yLuZ5wxAsc_00,101,258,3.859873,9.859873,accident_time=5.833;type=t-bone;weak_clip=true,/autodl-fs/data/traffic_accident_rnd/ACCIDENT_mmaction_clips/full/train/-yLuZ5wxAsc_00__accident.mp4,train,full
-yuVlpyayOI_00__pre_event_non_accident,-yuVlpyayOI_00,/autodl-fs/data/traffic_accident_rnd/ACCIDENT_dataset/real_videos/-yuVlpyayOI_00.mp4,ACCIDENT-real,single,non_accident,0,weak_clip_pre_event,pre_event_non_accident,27.125,18.83871,511,960,720,train,Virginia,Virginia::highway,-yuVlpyayOI_00,0,138,0.0,7.325342,derived_pre_accident_until=7.333;weak_negative=true,/autodl-fs/data/traffic_accident_rnd/ACCIDENT_mmaction_clips/full/train/-yuVlpyayOI_00__pre_event_non_accident.mp4,train,full
-yuVlpyayOI_00__accident,-yuVlpyayOI_00,/autodl-fs/data/traffic_accident_rnd/ACCIDENT_dataset/real_videos/-yuVlpyayOI_00.mp4,ACCIDENT-real,single,accident,1,weak_clip_event_window,accident_window,27.125,18.83871,511,960,720,train,Virginia,Virginia::highway,-yuVlpyayOI_00,157,270,8.333904,14.332192,accident_time=10.333;type=single;weak_clip=true,/autodl-fs/data/traffic_accident_rnd/ACCIDENT_mmaction_clips/full/train/-yuVlpyayOI_00__accident.mp4,train,full
0DB7w7rLGrk_00__accident,0DB7w7rLGrk_00,/autodl-fs/data/traffic_accident_rnd/ACCIDENT_dataset/real_videos/0DB7w7rLGrk_00.mp4,ACCIDENT-real,rear-end,accident,1,weak_clip_event_window,accident_window,29.958333,15.020862,450,960,720,train,Virginia,Virginia::highway,0DB7w7rLGrk_00,0,84,0.0,5.592222,accident_time=1.625;type=rear-end;weak_clip=true,/autodl-fs/data/traffic_accident_rnd/ACCIDENT_mmaction_clips/full/train/0DB7w7rLGrk_00__accident.mp4,train,full
0NixrF6Mt00_0_00__accident,0NixrF6Mt00_0_00,/autodl-fs/data/traffic_accident_rnd/ACCIDENT_dataset/real_videos/0NixrF6Mt00_0_00.mp4,ACCIDENT-real,t-bone,accident,1,weak_clip_event_window,accident_window,3.9039,24.078486,94,1280,720,train,World,World::signalized_intersection,0NixrF6Mt00_0_00,0,94,0.0,3.9039,accident_time=1.1010999999999997;type=t-bone;weak_clip=true,/autodl-fs/data/traffic_accident_rnd/ACCIDENT_mmaction_clips/full/train/0NixrF6Mt00_0_00__accident.mp4,train,full
1BsCOLh_qEs_00__accident,1BsCOLh_qEs_00,/autodl-fs/data/traffic_accident_rnd/ACCIDENT_dataset/real_videos/1BsCOLh_qEs_00.mp4,ACCIDENT-real,single,accident,1,weak_clip_event_window,accident_window,4.966667,15.100671,75,1620,1080,train,Alabama,Alabama::grade_separated_intersection,1BsCOLh_qEs_00,20,75,1.324444,4.966667,accident_time=3.333;type=single;weak_clip=true,/autodl-fs/data/traffic_accident_rnd/ACCIDENT_mmaction_clips/full/train/1BsCOLh_qEs_00__accident.mp4,train,full
1_F0r7KVJ1k_00__pre_event_non_accident,1_F0r7KVJ1k_00,/autodl-fs/data/traffic_accident_rnd/ACCIDENT_dataset/real_videos/1_F0r7KVJ1k_00.mp4,ACCIDENT-real,rear-end,non_accident,0,weak_clip_pre_event,pre_event_non_accident,11.56,24.740484,286,1280,720,train,UAE,UAE::highway,1_F0r7KVJ1k_00,0,84,0.0,3.395245,derived_pre_accident_until=3.400;weak_negative=true,/autodl-fs/data/traffic_accident_rnd/ACCIDENT_mmaction_clips/full/train/1_F0r7KVJ1k_00__pre_event_non_accident.mp4,train,full
1_F0r7KVJ1k_00__accident,1_F0r7KVJ1k_00,/autodl-fs/data/traffic_accident_rnd/ACCIDENT_dataset/real_videos/1_F0r7KVJ1k_00.mp4,ACCIDENT-real,rear-end,accident,1,weak_clip_event_window,accident_window,11.56,24.740484,286,1280,720,train,UAE,UAE::highway,1_F0r7KVJ1k_00,109,257,4.405734,10.387832,accident_time=6.4;type=rear-end;weak_clip=true,/autodl-fs/data/traffic_accident_rnd/ACCIDENT_mmaction_clips/full/train/1_F0r7KVJ1k_00__accident.mp4,train,full
1fpsdsKWH_M_00__pre_event_non_accident,1fpsdsKWH_M_00,/autodl-fs/data/traffic_accident_rnd/ACCIDENT_dataset/real_videos/1fpsdsKWH_M_00.mp4,ACCIDENT-real,rear-end,non_accident,0,weak_clip_pre_event,pre_event_non_accident,30.037037,22.938348,689,1280,720,train,Seattle,Seattle::highway,1fpsdsKWH_M_00,0,51,0.0,2.223351,derived_pre_accident_until=2.222;weak_negative=true,/autodl-fs/data/traffic_accident_rnd/ACCIDENT_mmaction_clips/full/train/1fpsdsKWH_M_00__pre_event_non_accident.mp4,train,full
1fpsdsKWH_M_00__accident,1fpsdsKWH_M_00,/autodl-fs/data/traffic_accident_rnd/ACCIDENT_dataset/real_videos/1fpsdsKWH_M_00.mp4,ACCIDENT-real,rear-end,accident,1,weak_clip_event_window,accident_window,30.037037,22.938348,689,1280,720,train,Seattle,Seattle::highway,1fpsdsKWH_M_00,74,212,3.226039,9.242165,accident_time=5.222;type=rear-end;weak_clip=true,/autodl-fs/data/traffic_accident_rnd/ACCIDENT_mmaction_clips/full/train/1fpsdsKWH_M_00__accident.mp4,train,full
1jCpA4y5NHY_00__accident,1jCpA4y5NHY_00,/autodl-fs/data/traffic_accident_rnd/ACCIDENT_dataset/real_videos/1jCpA4y5NHY_00.mp4,ACCIDENT-real,rear-end,accident,1,weak_clip_event_window,accident_window,30.033333,14.950055,449,1920,1080,train,Georgia,Georgia::highway,1jCpA4y5NHY_00,25,115,1.672235,7.692279,accident_time=3.7;type=rear-end;weak_clip=true,/autodl-fs/data/traffic_accident_rnd/ACCIDENT_mmaction_clips/full/train/1jCpA4y5NHY_00__accident.mp4,train,full
20zWZEGQ7GY_00__pre_event_non_accident,20zWZEGQ7GY_00,/autodl-fs/data/traffic_accident_rnd/ACCIDENT_dataset/real_videos/20zWZEGQ7GY_00.mp4,ACCIDENT-real,t-bone,non_accident,0,weak_clip_pre_event,pre_event_non_accident,29.958333,15.020862,450,960,720,train,Virginia,Virginia::highway,20zWZEGQ7GY_00,0,99,0.0,6.590833,derived_pre_accident_until=6.583;weak_negative=true,/autodl-fs/data/traffic_accident_rnd/ACCIDENT_mmaction_clips/full/train/20zWZEGQ7GY_00__pre_event_non_accident.mp4,train,full
20zWZEGQ7GY_00__accident,20zWZEGQ7GY_00,/autodl-fs/data/traffic_accident_rnd/ACCIDENT_dataset/real_videos/20zWZEGQ7GY_00.mp4,ACCIDENT-real,t-bone,accident,1,weak_clip_event_window,accident_window,29.958333,15.020862,450,960,720,train,Virginia,Virginia::highway,20zWZEGQ7GY_00,114,204,7.589444,13.581111,accident_time=9.583;type=t-bone;weak_clip=true,/autodl-fs/data/traffic_accident_rnd/ACCIDENT_mmaction_clips/full/train/20zWZEGQ7GY_00__accident.mp4,train,full
24IyPsinbH8_00__pre_event_non_accident,24IyPsinbH8_00,/autodl-fs/data/traffic_accident_rnd/ACCIDENT_dataset/real_videos/24IyPsinbH8_00.mp4,ACCIDENT-real,single,non_accident,0,weak_clip_pre_event,pre_event_non_accident,30.0,8.0,240,1280,720,train,Arkansas,Arkansas::highway,24IyPsinbH8_00,0,40,0.0,5.0,derived_pre_accident_until=4.958;weak_negative=true,/autodl-fs/data/traffic_accident_rnd/ACCIDENT_mmaction_clips/full/train/24IyPsinbH8_00__pre_event_non_accident.mp4,train,full
24IyPsinbH8_00__accident,24IyPsinbH8_00,/autodl-fs/data/traffic_accident_rnd/ACCIDENT_dataset/real_videos/24IyPsinbH8_00.mp4,ACCIDENT-real,single,accident,1,weak_clip_event_window,accident_window,30.0,8.0,240,1280,720,train,Arkansas,Arkansas::highway,24IyPsinbH8_00,48,96,6.0,12.0,accident_time=7.958333;type=single;weak_clip=true,/autodl-fs/data/traffic_accident_rnd/ACCIDENT_mmaction_clips/full/train/24IyPsinbH8_00__accident.mp4,train,full
2vEysG50vYY_00__pre_event_non_accident,2vEysG50vYY_00,/autodl-fs/data/traffic_accident_rnd/ACCIDENT_dataset/real_videos/2vEysG50vYY_00.mp4,ACCIDENT-real,single,non_accident,0,weak_clip_pre_event,pre_event_non_accident,29.916667,10.027855,300,960,720,train,Virginia,Virginia::highway,2vEysG50vYY_00,0,23,0.0,2.293611,derived_pre_accident_until=2.292;weak_negative=true,/autodl-fs/data/traffic_accident_rnd/ACCIDENT_mmaction_clips/full/train/2vEysG50vYY_00__pre_event_non_accident.mp4,train,full
2vEysG50vYY_00__accident,2vEysG50vYY_00,/autodl-fs/data/traffic_accident_rnd/ACCIDENT_dataset/real_videos/2vEysG50vYY_00.mp4,ACCIDENT-real,single,accident,1,weak_clip_event_window,accident_window,29.916667,10.027855,300,960,720,train,Virginia,Virginia::highway,2vEysG50vYY_00,33,93,3.290833,9.274167,accident_time=5.292;type=single;weak_clip=true,/autodl-fs/data/traffic_accident_rnd/ACCIDENT_mmaction_clips/full/train/2vEysG50vYY_00__accident.mp4,train,full
2xzko5Nggkc_00__accident,2xzko5Nggkc_00,/autodl-fs/data/traffic_accident_rnd/ACCIDENT_dataset/real_videos/2xzko5Nggkc_00.mp4,ACCIDENT-real,sideswipe,accident,1,weak_clip_event_window,accident_window,30.041667,14.979196,450,960,720,train,Virginia,Virginia::highway,2xzko5Nggkc_00,7,97,0.467315,6.475648,accident_time=2.5;type=sideswipe;weak_clip=true,/autodl-fs/data/traffic_accident_rnd/ACCIDENT_mmaction_clips/full/train/2xzko5Nggkc_00__accident.mp4,train,full
32Ou4XKEmgs_00__accident,32Ou4XKEmgs_00,/autodl-fs/data/traffic_accident_rnd/ACCIDENT_dataset/real_videos/32Ou4XKEmgs_00.mp4,ACCIDENT-real,single,accident,1,weak_clip_event_window,accident_window,23.166667,14.848921,344,960,720,train,Virginia,Virginia::highway,32Ou4XKEmgs_00,0,87,0.0,5.859012,accident_time=1.875;type=single;weak_clip=true,/autodl-fs/data/traffic_accident_rnd/ACCIDENT_mmaction_clips/full/train/32Ou4XKEmgs_00__accident.mp4,train,full
3Jiii8dJ4UY_00__pre_event_non_accident,3Jiii8dJ4UY_00,/autodl-fs/data/traffic_accident_rnd/ACCIDENT_dataset/real_videos/3Jiii8dJ4UY_00.mp4,ACCIDENT-real,single,non_accident,0,weak_clip_pre_event,pre_event_non_accident,29.958333,10.047288,301,960,720,train,Virginia,Virginia::highway,3Jiii8dJ4UY_00,0,22,0.0,2.189646,derived_pre_accident_until=2.167;weak_negative=true,/autodl-fs/data/traffic_accident_rnd/ACCIDENT_mmaction_clips/full/train/3Jiii8dJ4UY_00__pre_event_non_accident.mp4,train,full
3Jiii8dJ4UY_00__accident,3Jiii8dJ4UY_00,/autodl-fs/data/traffic_accident_rnd/ACCIDENT_dataset/real_videos/3Jiii8dJ4UY_00.mp4,ACCIDENT-real,single,accident,1,weak_clip_event_window,accident_window,29.958333,10.047288,301,960,720,train,Virginia,Virginia::highway,3Jiii8dJ4UY_00,32,92,3.184939,9.1567,accident_time=5.167;type=single;weak_clip=true,/autodl-fs/data/traffic_accident_rnd/ACCIDENT_mmaction_clips/full/train/3Jiii8dJ4UY_00__accident.mp4,train,full
3UBcAuDgcOg_00__accident,3UBcAuDgcOg_00,/autodl-fs/data/traffic_accident_rnd/ACCIDENT_dataset/real_videos/3UBcAuDgcOg_00.mp4,ACCIDENT-real,sideswipe,accident,1,weak_clip_event_window,accident_window,17.033333,15.088063,257,1440,1080,train,Alabama,Alabama::highway,3UBcAuDgcOg_00,5,95,0.331388,6.296368,accident_time=2.3000000000000007;type=sideswipe;weak_clip=true,/autodl-fs/data/traffic_accident_rnd/ACCIDENT_mmaction_clips/full/train/3UBcAuDgcOg_00__accident.mp4,train,full
3Xd6PxEvbNk_2_00__pre_event_non_accident,3Xd6PxEvbNk_2_00,/autodl-fs/data/traffic_accident_rnd/ACCIDENT_dataset/real_videos/3Xd6PxEvbNk_2_00.mp4,ACCIDENT-real,t-bone,non_accident,0,weak_clip_pre_event,pre_event_non_accident,11.9119,16.202285,193,480,360,train,World,World::signalized_intersection,3Xd6PxEvbNk_2_00,0,47,0.0,2.900825,derived_pre_accident_until=2.873;weak_negative=true,/autodl-fs/data/traffic_accident_rnd/ACCIDENT_mmaction_clips/full/train/3Xd6PxEvbNk_2_00__pre_event_non_accident.mp4,train,full
3Xd6PxEvbNk_2_00__accident,3Xd6PxEvbNk_2_00,/autodl-fs/data/traffic_accident_rnd/ACCIDENT_dataset/real_videos/3Xd6PxEvbNk_2_00.mp4,ACCIDENT-real,t-bone,accident,1,weak_clip_event_window,accident_window,11.9119,16.202285,193,480,360,train,World,World::signalized_intersection,3Xd6PxEvbNk_2_00,63,160,3.88834,9.87515,accident_time=5.872533;type=t-bone;weak_clip=true,/autodl-fs/data/traffic_accident_rnd/ACCIDENT_mmaction_clips/full/train/3Xd6PxEvbNk_2_00__accident.mp4,train,full
3Xd6PxEvbNk_4_00__accident,3Xd6PxEvbNk_4_00,/autodl-fs/data/traffic_accident_rnd/ACCIDENT_dataset/real_videos/3Xd6PxEvbNk_4_00.mp4,ACCIDENT-real,t-bone,accident,1,weak_clip_event_window,accident_window,9.542867,18.443095,176,480,360,train,World,World::signalized_intersection,3Xd6PxEvbNk_4_00,16,127,0.867533,6.886046,accident_time=2.869533;type=t-bone;weak_clip=true,/autodl-fs/data/traffic_accident_rnd/ACCIDENT_mmaction_clips/full/train/3Xd6PxEvbNk_4_00__accident.mp4,train,full
3Xd6PxEvbNk_5_00__pre_event_non_accident,3Xd6PxEvbNk_5_00,/autodl-fs/data/traffic_accident_rnd/ACCIDENT_dataset/real_videos/3Xd6PxEvbNk_5_00.mp4,ACCIDENT-real,t-bone,non_accident,0,weak_clip_pre_event,pre_event_non_accident,14.748067,22.850453,337,480,360,train,World,World::signalized_intersection,3Xd6PxEvbNk_5_00,0,150,0.0,6.564421,derived_pre_accident_until=6.543;weak_negative=true,/autodl-fs/data/traffic_accident_rnd/ACCIDENT_mmaction_clips/full/train/3Xd6PxEvbNk_5_00__pre_event_non_accident.mp4,train,full
3Xd6PxEvbNk_5_00__accident,3Xd6PxEvbNk_5_00,/autodl-fs/data/traffic_accident_rnd/ACCIDENT_dataset/real_videos/3Xd6PxEvbNk_5_00.mp4,ACCIDENT-real,t-bone,accident,1,weak_clip_event_window,accident_window,14.748067,22.850453,337,480,360,train,World,World::signalized_intersection,3Xd6PxEvbNk_5_00,172,309,7.527203,13.522708,accident_time=9.542867;type=t-bone;weak_clip=true,/autodl-fs/data/traffic_accident_rnd/ACCIDENT_mmaction_clips/full/train/3Xd6PxEvbNk_5_00__accident.mp4,train,full
3Xd6PxEvbNk_9_00__pre_event_non_accident,3Xd6PxEvbNk_9_00,/autodl-fs/data/traffic_accident_rnd/ACCIDENT_dataset/real_videos/3Xd6PxEvbNk_9_00.mp4,ACCIDENT-real,t-bone,non_accident,0,weak_clip_pre_event,pre_event_non_accident,15.281933,16.49006,252,480,360,train,World,World::signalized_intersection,3Xd6PxEvbNk_9_00,0,48,0.0,2.910844,derived_pre_accident_until=2.939;weak_negative=true,/autodl-fs/data/traffic_accident_rnd/ACCIDENT_mmaction_clips/full/train/3Xd6PxEvbNk_9_00__pre_event_non_accident.mp4,train,full
3Xd6PxEvbNk_9_00__accident,3Xd6PxEvbNk_9_00,/autodl-fs/data/traffic_accident_rnd/ACCIDENT_dataset/real_videos/3Xd6PxEvbNk_9_00.mp4,ACCIDENT-real,t-bone,accident,1,weak_clip_event_window,accident_window,15.281933,16.49006,252,480,360,train,World,World::signalized_intersection,3Xd6PxEvbNk_9_00,65,164,3.941769,9.945385,accident_time=5.939267;type=t-bone;weak_clip=true,/autodl-fs/data/traffic_accident_rnd/ACCIDENT_mmaction_clips/full/train/3Xd6PxEvbNk_9_00__accident.mp4,train,full
3gFe7GtkEPk_00__pre_event_non_accident,3gFe7GtkEPk_00,/autodl-fs/data/traffic_accident_rnd/ACCIDENT_dataset/real_videos/3gFe7GtkEPk_00.mp4,ACCIDENT-real,single,non_accident,0,weak_clip_pre_event,pre_event_non_accident,20.016667,30.024979,601,3240,2160,train,Virginia,Virginia::highway,3gFe7GtkEPk_00,0,273,0.0,9.092429,derived_pre_accident_until=9.100;weak_negative=true,/autodl-fs/data/traffic_accident_rnd/ACCIDENT_mmaction_clips/full/train/3gFe7GtkEPk_00__pre_event_non_accident.mp4,train,full
3gFe7GtkEPk_00__accident,3gFe7GtkEPk_00,/autodl-fs/data/traffic_accident_rnd/ACCIDENT_dataset/real_videos/3gFe7GtkEPk_00.mp4,ACCIDENT-real,single,accident,1,weak_clip_event_window,accident_window,20.016667,30.024979,601,3240,2160,train,Virginia,Virginia::highway,3gFe7GtkEPk_00,303,483,10.091597,16.086606,accident_time=12.1;type=single;weak_clip=true,/autodl-fs/data/traffic_accident_rnd/ACCIDENT_mmaction_clips/full/train/3gFe7GtkEPk_00__accident.mp4,train,full
4C5ZiBP7R04_00__pre_event_non_accident,4C5ZiBP7R04_00,/autodl-fs/data/traffic_accident_rnd/ACCIDENT_dataset/real_videos/4C5ZiBP7R04_00.mp4,ACCIDENT-real,single,non_accident,0,weak_clip_pre_event,pre_event_non_accident,15.366667,14.967462,230,1440,1080,train,Virginia,Virginia::highway,4C5ZiBP7R04_00,0,87,0.0,5.812609,derived_pre_accident_until=5.833;weak_negative=true,/autodl-fs/data/traffic_accident_rnd/ACCIDENT_mmaction_clips/full/train/4C5ZiBP7R04_00__pre_event_non_accident.mp4,train,full
4C5ZiBP7R04_00__accident,4C5ZiBP7R04_00,/autodl-fs/data/traffic_accident_rnd/ACCIDENT_dataset/real_videos/4C5ZiBP7R04_00.mp4,ACCIDENT-real,single,accident,1,weak_clip_event_window,accident_window,15.366667,14.967462,230,1440,1080,train,Virginia,Virginia::highway,4C5ZiBP7R04_00,102,192,6.814783,12.827826,accident_time=8.833;type=single;weak_clip=true,/autodl-fs/data/traffic_accident_rnd/ACCIDENT_mmaction_clips/full/train/4C5ZiBP7R04_00__accident.mp4,train,full
4VuF1Be1yLE_00__accident,4VuF1Be1yLE_00,/autodl-fs/data/traffic_accident_rnd/ACCIDENT_dataset/real_videos/4VuF1Be1yLE_00.mp4,ACCIDENT-real,single,accident,1,weak_clip_event_window,accident_window,30.033333,30.0,901,1920,1080,train,Alabama,Alabama::grade_separated_intersection,4VuF1Be1yLE_00,47,227,1.566667,7.566667,accident_time=3.567;type=single;weak_clip=true,/autodl-fs/data/traffic_accident_rnd/ACCIDENT_mmaction_clips/full/train/4VuF1Be1yLE_00__accident.mp4,train,full
4gFiGGeTp5w_0_00__accident,4gFiGGeTp5w_0_00,/autodl-fs/data/traffic_accident_rnd/ACCIDENT_dataset/real_videos/4gFiGGeTp5w_0_00.mp4,ACCIDENT-real,rear-end,accident,1,weak_clip_event_window,accident_window,8.041367,12.933125,104,640,360,train,World,World::signalized_intersection,4gFiGGeTp5w_0_00,1,79,0.077321,6.108346,accident_time=2.068733;type=rear-end;weak_clip=true,/autodl-fs/data/traffic_accident_rnd/ACCIDENT_mmaction_clips/full/train/4gFiGGeTp5w_0_00__accident.mp4,train,full
4gFiGGeTp5w_2_00__pre_event_non_accident,4gFiGGeTp5w_2_00,/autodl-fs/data/traffic_accident_rnd/ACCIDENT_dataset/real_videos/4gFiGGeTp5w_2_00.mp4,ACCIDENT-real,t-bone,non_accident,0,weak_clip_pre_event,pre_event_non_accident,12.3123,29.726371,366,640,360,train,World,World::signalized_intersection,4gFiGGeTp5w_2_00,0,87,0.0,2.926694,derived_pre_accident_until=2.939;weak_negative=true,/autodl-fs/data/traffic_accident_rnd/ACCIDENT_mmaction_clips/full/train/4gFiGGeTp5w_2_00__pre_event_non_accident.mp4,train,full
4gFiGGeTp5w_2_00__accident,4gFiGGeTp5w_2_00,/autodl-fs/data/traffic_accident_rnd/ACCIDENT_dataset/real_videos/4gFiGGeTp5w_2_00.mp4,ACCIDENT-real,t-bone,accident,1,weak_clip_event_window,accident_window,12.3123,29.726371,366,640,360,train,World,World::signalized_intersection,4gFiGGeTp5w_2_00,118,296,3.969539,9.957489,accident_time=5.939267;type=t-bone;weak_clip=true,/autodl-fs/data/traffic_accident_rnd/ACCIDENT_mmaction_clips/full/train/4gFiGGeTp5w_2_00__accident.mp4,train,full
63jg9PMxHZM_00__pre_event_non_accident,63jg9PMxHZM_00,/autodl-fs/data/traffic_accident_rnd/ACCIDENT_dataset/real_videos/63jg9PMxHZM_00.mp4,ACCIDENT-real,rear-end,non_accident,0,weak_clip_pre_event,pre_event_non_accident,29.333333,14.965909,439,960,720,train,Virginia,Virginia::highway,63jg9PMxHZM_00,0,21,0.0,1.403189,derived_pre_accident_until=1.375;weak_negative=true,/autodl-fs/data/traffic_accident_rnd/ACCIDENT_mmaction_clips/full/train/63jg9PMxHZM_00__pre_event_non_accident.mp4,train,full
63jg9PMxHZM_00__accident,63jg9PMxHZM_00,/autodl-fs/data/traffic_accident_rnd/ACCIDENT_dataset/real_videos/63jg9PMxHZM_00.mp4,ACCIDENT-real,rear-end,accident,1,weak_clip_event_window,accident_window,29.333333,14.965909,439,960,720,train,Virginia,Virginia::highway,63jg9PMxHZM_00,35,125,2.338648,8.352316,accident_time=4.375;type=rear-end;weak_clip=true,/autodl-fs/data/traffic_accident_rnd/ACCIDENT_mmaction_clips/full/train/63jg9PMxHZM_00__accident.mp4,train,full
64ZEWTQY7SY_00__accident,64ZEWTQY7SY_00,/autodl-fs/data/traffic_accident_rnd/ACCIDENT_dataset/real_videos/64ZEWTQY7SY_00.mp4,ACCIDENT-real,rear-end,accident,1,weak_clip_event_window,accident_window,30.066667,29.933481,900,1080,720,train,Minnesota,Minnesota::highway,64ZEWTQY7SY_00,40,220,1.336296,7.34963,accident_time=3.333;type=rear-end;weak_clip=true,/autodl-fs/data/traffic_accident_rnd/ACCIDENT_mmaction_clips/full/train/64ZEWTQY7SY_00__accident.mp4,train,full
651RQwxB3WA_12_00__accident,651RQwxB3WA_12_00,/autodl-fs/data/traffic_accident_rnd/ACCIDENT_dataset/real_videos/651RQwxB3WA_12_00.mp4,ACCIDENT-real,head-on,accident,1,weak_clip_event_window,accident_window,13.0,5.0,65,320,160,train,World,World::city_street,651RQwxB3WA_12_00,8,38,1.6,7.6,accident_time=3.5;type=head-on;weak_clip=true,/autodl-fs/data/traffic_accident_rnd/ACCIDENT_mmaction_clips/full/train/651RQwxB3WA_12_00__accident.mp4,train,full
651RQwxB3WA_17_00__accident,651RQwxB3WA_17_00,/autodl-fs/data/traffic_accident_rnd/ACCIDENT_dataset/real_videos/651RQwxB3WA_17_00.mp4,ACCIDENT-real,t-bone,accident,1,weak_clip_event_window,accident_window,4.166667,5.04,21,320,160,train,World,World::signalized_intersection,651RQwxB3WA_17_00,0,21,0.0,4.166667,accident_time=1.833333;type=t-bone;weak_clip=true,/autodl-fs/data/traffic_accident_rnd/ACCIDENT_mmaction_clips/full/train/651RQwxB3WA_17_00__accident.mp4,train,full
651RQwxB3WA_1_00__accident,651RQwxB3WA_1_00,/autodl-fs/data/traffic_accident_rnd/ACCIDENT_dataset/real_videos/651RQwxB3WA_1_00.mp4,ACCIDENT-real,t-bone,accident,1,weak_clip_event_window,accident_window,5.666667,4.588235,26,320,160,train,World,World::signalized_intersection,651RQwxB3WA_1_00,1,26,0.217949,5.666667,accident_time=2.166667;type=t-bone;weak_clip=true,/autodl-fs/data/traffic_accident_rnd/ACCIDENT_mmaction_clips/full/train/651RQwxB3WA_1_00__accident.mp4,train,full
651RQwxB3WA_2_00__pre_event_non_accident,651RQwxB3WA_2_00,/autodl-fs/data/traffic_accident_rnd/ACCIDENT_dataset/real_videos/651RQwxB3WA_2_00.mp4,ACCIDENT-real,rear-end,non_accident,0,weak_clip_pre_event,pre_event_non_accident,8.833333,5.09434,45,320,160,train,World,World::city_street,651RQwxB3WA_2_00,0,8,0.0,1.57037,derived_pre_accident_until=1.500;weak_negative=true,/autodl-fs/data/traffic_accident_rnd/ACCIDENT_mmaction_clips/full/train/651RQwxB3WA_2_00__pre_event_non_accident.mp4,train,full
651RQwxB3WA_2_00__accident,651RQwxB3WA_2_00,/autodl-fs/data/traffic_accident_rnd/ACCIDENT_dataset/real_videos/651RQwxB3WA_2_00.mp4,ACCIDENT-real,rear-end,accident,1,weak_clip_event_window,accident_window,8.833333,5.09434,45,320,160,train,World,World::city_street,651RQwxB3WA_2_00,13,43,2.551852,8.440741,accident_time=4.5;type=rear-end;weak_clip=true,/autodl-fs/data/traffic_accident_rnd/ACCIDENT_mmaction_clips/full/train/651RQwxB3WA_2_00__accident.mp4,train,full
67eBRe-YfEE_2_00__accident,67eBRe-YfEE_2_00,/autodl-fs/data/traffic_accident_rnd/ACCIDENT_dataset/real_videos/67eBRe-YfEE_2_00.mp4,ACCIDENT-real,rear-end,accident,1,weak_clip_event_window,accident_window,7.3073,25.864546,189,1280,720,train,World,World::city_street,67eBRe-YfEE_2_00,0,142,0.0,5.490141,accident_time=1.5014999999999996;type=rear-end;weak_clip=true,/autodl-fs/data/traffic_accident_rnd/ACCIDENT_mmaction_clips/full/train/67eBRe-YfEE_2_00__accident.mp4,train,full
6AzIoSDn5Qs_00__accident,6AzIoSDn5Qs_00,/autodl-fs/data/traffic_accident_rnd/ACCIDENT_dataset/real_videos/6AzIoSDn5Qs_00.mp4,ACCIDENT-real,rear-end,accident,1,weak_clip_event_window,accident_window,18.041667,15.020785,271,960,720,train,New_York,New_York::highway,6AzIoSDn5Qs_00,0,84,0.0,5.592251,accident_time=1.5839999999999996;type=rear-end;weak_clip=true,/autodl-fs/data/traffic_accident_rnd/ACCIDENT_mmaction_clips/full/train/6AzIoSDn5Qs_00__accident.mp4,train,full
6mVcTFd5TzI_0_00__accident,6mVcTFd5TzI_0_00,/autodl-fs/data/traffic_accident_rnd/ACCIDENT_dataset/real_videos/6mVcTFd5TzI_0_00.mp4,ACCIDENT-real,t-bone,accident,1,weak_clip_event_window,accident_window,3.92,25.0,98,320,240,train,World,World::signalized_intersection,6mVcTFd5TzI_0_00,3,98,0.12,3.92,accident_time=2.12;type=t-bone;weak_clip=true,/autodl-fs/data/traffic_accident_rnd/ACCIDENT_mmaction_clips/full/train/6mVcTFd5TzI_0_00__accident.mp4,train,full
6mVcTFd5TzI_12_00__accident,6mVcTFd5TzI_12_00,/autodl-fs/data/traffic_accident_rnd/ACCIDENT_dataset/real_videos/6mVcTFd5TzI_12_00.mp4,ACCIDENT-real,sideswipe,accident,1,weak_clip_event_window,accident_window,3.08,23.701299,73,320,240,train,World,World::signalized_intersection,6mVcTFd5TzI_12_00,0,73,0.0,3.08,accident_time=1.24;type=sideswipe;weak_clip=true,/autodl-fs/data/traffic_accident_rnd/ACCIDENT_mmaction_clips/full/train/6mVcTFd5TzI_12_00__accident.mp4,train,full
6mVcTFd5TzI_16_00__accident,6mVcTFd5TzI_16_00,/autodl-fs/data/traffic_accident_rnd/ACCIDENT_dataset/real_videos/6mVcTFd5TzI_16_00.mp4,ACCIDENT-real,rear-end,accident,1,weak_clip_event_window,accident_window,9.44,24.576271,232,320,240,train,World,World::city_street,6mVcTFd5TzI_16_00,19,166,0.773103,6.754483,accident_time=2.76;type=rear-end;weak_clip=true,/autodl-fs/data/traffic_accident_rnd/ACCIDENT_mmaction_clips/full/train/6mVcTFd5TzI_16_00__accident.mp4,train,full
6mVcTFd5TzI_20_00__accident,6mVcTFd5TzI_20_00,/autodl-fs/data/traffic_accident_rnd/ACCIDENT_dataset/real_videos/6mVcTFd5TzI_20_00.mp4,ACCIDENT-real,sideswipe,accident,1,weak_clip_event_window,accident_window,4.36,24.311927,106,320,240,train,World,World::simple_intersection,6mVcTFd5TzI_20_00,0,106,0.0,4.36,accident_time=1.52;type=sideswipe;weak_clip=true,/autodl-fs/data/traffic_accident_rnd/ACCIDENT_mmaction_clips/full/train/6mVcTFd5TzI_20_00__accident.mp4,train,full
6mVcTFd5TzI_22_00__pre_event_non_accident,6mVcTFd5TzI_22_00,/autodl-fs/data/traffic_accident_rnd/ACCIDENT_dataset/real_videos/6mVcTFd5TzI_22_00.mp4,ACCIDENT-real,t-bone,non_accident,0,weak_clip_pre_event,pre_event_non_accident,7.64,24.34555,186,320,240,train,World,World::simple_intersection,6mVcTFd5TzI_22_00,0,67,0.0,2.752043,derived_pre_accident_until=2.760;weak_negative=true,/autodl-fs/data/traffic_accident_rnd/ACCIDENT_mmaction_clips/full/train/6mVcTFd5TzI_22_00__pre_event_non_accident.mp4,train,full
6mVcTFd5TzI_22_00__accident,6mVcTFd5TzI_22_00,/autodl-fs/data/traffic_accident_rnd/ACCIDENT_dataset/real_videos/6mVcTFd5TzI_22_00.mp4,ACCIDENT-real,t-bone,accident,1,weak_clip_event_window,accident_window,7.64,24.34555,186,320,240,train,World,World::simple_intersection,6mVcTFd5TzI_22_00,91,186,3.737849,7.64,accident_time=5.76;type=t-bone;weak_clip=true,/autodl-fs/data/traffic_accident_rnd/ACCIDENT_mmaction_clips/full/train/6mVcTFd5TzI_22_00__accident.mp4,train,full
6mVcTFd5TzI_23_00__pre_event_non_accident,6mVcTFd5TzI_23_00,/autodl-fs/data/traffic_accident_rnd/ACCIDENT_dataset/real_videos/6mVcTFd5TzI_23_00.mp4,ACCIDENT-real,t-bone,non_accident,0,weak_clip_pre_event,pre_event_non_accident,6.56,21.493902,141,320,240,train,World,World::signalized_intersection,6mVcTFd5TzI_23_00,0,34,0.0,1.581844,derived_pre_accident_until=1.560;weak_negative=true,/autodl-fs/data/traffic_accident_rnd/ACCIDENT_mmaction_clips/full/train/6mVcTFd5TzI_23_00__pre_event_non_accident.mp4,train,full
6mVcTFd5TzI_23_00__accident,6mVcTFd5TzI_23_00,/autodl-fs/data/traffic_accident_rnd/ACCIDENT_dataset/real_videos/6mVcTFd5TzI_23_00.mp4,ACCIDENT-real,t-bone,accident,1,weak_clip_event_window,accident_window,6.56,21.493902,141,320,240,train,World,World::signalized_intersection,6mVcTFd5TzI_23_00,55,141,2.558865,6.56,accident_time=4.56;type=t-bone;weak_clip=true,/autodl-fs/data/traffic_accident_rnd/ACCIDENT_mmaction_clips/full/train/6mVcTFd5TzI_23_00__accident.mp4,train,full
7CO_LqgfiFg_00__accident,7CO_LqgfiFg_00,/autodl-fs/data/traffic_accident_rnd/ACCIDENT_dataset/real_videos/7CO_LqgfiFg_00.mp4,ACCIDENT-real,sideswipe,accident,1,weak_clip_event_window,accident_window,30.0,14.966667,449,1080,720,train,Alabama,Alabama::highway,7CO_LqgfiFg_00,7,97,0.467706,6.481069,accident_time=2.5;type=sideswipe;weak_clip=true,/autodl-fs/data/traffic_accident_rnd/ACCIDENT_mmaction_clips/full/train/7CO_LqgfiFg_00__accident.mp4,train,full
7UHfU52BUbQ_00__accident,7UHfU52BUbQ_00,/autodl-fs/data/traffic_accident_rnd/ACCIDENT_dataset/real_videos/7UHfU52BUbQ_00.mp4,ACCIDENT-real,single,accident,1,weak_clip_event_window,accident_window,11.833333,15.042254,178,960,720,train,Tennessee,Tennessee::grade_separated_intersection,7UHfU52BUbQ_00,18,108,1.196629,7.179775,accident_time=3.208;type=single;weak_clip=true,/autodl-fs/data/traffic_accident_rnd/ACCIDENT_mmaction_clips/full/train/7UHfU52BUbQ_00__accident.mp4,train,full
7YEUfIVVk9Y_0_00__accident,7YEUfIVVk9Y_0_00,/autodl-fs/data/traffic_accident_rnd/ACCIDENT_dataset/real_videos/7YEUfIVVk9Y_0_00.mp4,ACCIDENT-real,rear-end,accident,1,weak_clip_event_window,accident_window,6.68,24.700599,165,1280,720,train,World,World::city_street,7YEUfIVVk9Y_0_00,0,116,0.0,4.696242,accident_time=0.68;type=rear-end;weak_clip=true,/autodl-fs/data/traffic_accident_rnd/ACCIDENT_mmaction_clips/full/train/7YEUfIVVk9Y_0_00__accident.mp4,train,full
7YEUfIVVk9Y_2_00__accident,7YEUfIVVk9Y_2_00,/autodl-fs/data/traffic_accident_rnd/ACCIDENT_dataset/real_videos/7YEUfIVVk9Y_2_00.mp4,ACCIDENT-real,t-bone,accident,1,weak_clip_event_window,accident_window,8.76,25.0,219,1280,720,train,World,World::signalized_intersection,7YEUfIVVk9Y_2_00,19,169,0.76,6.76,accident_time=2.76;type=t-bone;weak_clip=true,/autodl-fs/data/traffic_accident_rnd/ACCIDENT_mmaction_clips/full/train/7YEUfIVVk9Y_2_00__accident.mp4,train,full
7YEUfIVVk9Y_4_00__accident,7YEUfIVVk9Y_4_00,/autodl-fs/data/traffic_accident_rnd/ACCIDENT_dataset/real_videos/7YEUfIVVk9Y_4_00.mp4,ACCIDENT-real,t-bone,accident,1,weak_clip_event_window,accident_window,4.32,25.0,108,1280,720,train,World,World::signalized_intersection,7YEUfIVVk9Y_4_00,0,108,0.0,4.32,accident_time=0.52;type=t-bone;weak_clip=true,/autodl-fs/data/traffic_accident_rnd/ACCIDENT_mmaction_clips/full/train/7YEUfIVVk9Y_4_00__accident.mp4,train,full
7YEUfIVVk9Y_6_00__accident,7YEUfIVVk9Y_6_00,/autodl-fs/data/traffic_accident_rnd/ACCIDENT_dataset/real_videos/7YEUfIVVk9Y_6_00.mp4,ACCIDENT-real,t-bone,accident,1,weak_clip_event_window,accident_window,4.4,24.772727,109,1280,720,train,World,World::signalized_intersection,7YEUfIVVk9Y_6_00,0,109,0.0,4.4,accident_time=0.56;type=t-bone;weak_clip=true,/autodl-fs/data/traffic_accident_rnd/ACCIDENT_mmaction_clips/full/train/7YEUfIVVk9Y_6_00__accident.mp4,train,full
7ZCKQq8C3X0_00__pre_event_non_accident,7ZCKQq8C3X0_00,/autodl-fs/data/traffic_accident_rnd/ACCIDENT_dataset/real_videos/7ZCKQq8C3X0_00.mp4,ACCIDENT-real,single,non_accident,0,weak_clip_pre_event,pre_event_non_accident,30.033333,29.933407,899,1080,720,train,Minnesota,Minnesota::highway,7ZCKQq8C3X0_00,0,34,0.0,1.135855,derived_pre_accident_until=1.133;weak_negative=true,/autodl-fs/data/traffic_accident_rnd/ACCIDENT_mmaction_clips/full/train/7ZCKQq8C3X0_00__pre_event_non_accident.mp4,train,full
7ZCKQq8C3X0_00__accident,7ZCKQq8C3X0_00,/autodl-fs/data/traffic_accident_rnd/ACCIDENT_dataset/real_videos/7ZCKQq8C3X0_00.mp4,ACCIDENT-real,single,accident,1,weak_clip_event_window,accident_window,30.033333,29.933407,899,1080,720,train,Minnesota,Minnesota::highway,7ZCKQq8C3X0_00,64,244,2.138079,8.151428,accident_time=4.133333;type=single;weak_clip=true,/autodl-fs/data/traffic_accident_rnd/ACCIDENT_mmaction_clips/full/train/7ZCKQq8C3X0_00__accident.mp4,train,full
8UJFstPfuhU_00__accident,8UJFstPfuhU_00,/autodl-fs/data/traffic_accident_rnd/ACCIDENT_dataset/real_videos/8UJFstPfuhU_00.mp4,ACCIDENT-real,single,accident,1,weak_clip_event_window,accident_window,30.033333,30.0,901,1920,1080,train,Alabama,Alabama::highway,8UJFstPfuhU_00,48,228,1.6,7.6,accident_time=3.6;type=single;weak_clip=true,/autodl-fs/data/traffic_accident_rnd/ACCIDENT_mmaction_clips/full/train/8UJFstPfuhU_00__accident.mp4,train,full
93SNo1CTA_w_00__accident,93SNo1CTA_w_00,/autodl-fs/data/traffic_accident_rnd/ACCIDENT_dataset/real_videos/93SNo1CTA_w_00.mp4,ACCIDENT-real,head-on,accident,1,weak_clip_event_window,accident_window,30.0,18.033333,541,1280,720,train,Seattle,Seattle::signalized_intersection,93SNo1CTA_w_00,8,116,0.443623,6.432532,accident_time=2.458333;type=head-on;weak_clip=true,/autodl-fs/data/traffic_accident_rnd/ACCIDENT_mmaction_clips/full/train/93SNo1CTA_w_00__accident.mp4,train,full
9DRFJxKHc6g_2_00__pre_event_non_accident,9DRFJxKHc6g_2_00,/autodl-fs/data/traffic_accident_rnd/ACCIDENT_dataset/real_videos/9DRFJxKHc6g_2_00.mp4,ACCIDENT-real,t-bone,non_accident,0,weak_clip_pre_event,pre_event_non_accident,8.775433,24.272306,213,1280,720,train,World,World::signalized_intersection,9DRFJxKHc6g_2_00,0,52,0.0,2.142359,derived_pre_accident_until=2.138;weak_negative=true,/autodl-fs/data/traffic_accident_rnd/ACCIDENT_mmaction_clips/full/train/9DRFJxKHc6g_2_00__pre_event_non_accident.mp4,train,full
9DRFJxKHc6g_2_00__accident,9DRFJxKHc6g_2_00,/autodl-fs/data/traffic_accident_rnd/ACCIDENT_dataset/real_videos/9DRFJxKHc6g_2_00.mp4,ACCIDENT-real,t-bone,accident,1,weak_clip_event_window,accident_window,8.775433,24.272306,213,1280,720,train,World,World::signalized_intersection,9DRFJxKHc6g_2_00,76,213,3.131141,8.775433,accident_time=5.138467;type=t-bone;weak_clip=true,/autodl-fs/data/traffic_accident_rnd/ACCIDENT_mmaction_clips/full/train/9DRFJxKHc6g_2_00__accident.mp4,train,full
9DRFJxKHc6g_4_00__pre_event_non_accident,9DRFJxKHc6g_4_00,/autodl-fs/data/traffic_accident_rnd/ACCIDENT_dataset/real_videos/9DRFJxKHc6g_4_00.mp4,ACCIDENT-real,head-on,non_accident,0,weak_clip_pre_event,pre_event_non_accident,12.746067,25.027329,319,1280,720,train,World,World::simple_intersection,9DRFJxKHc6g_4_00,0,94,0.0,3.755894,derived_pre_accident_until=3.740;weak_negative=true,/autodl-fs/data/traffic_accident_rnd/ACCIDENT_mmaction_clips/full/train/9DRFJxKHc6g_4_00__pre_event_non_accident.mp4,train,full
9DRFJxKHc6g_4_00__accident,9DRFJxKHc6g_4_00,/autodl-fs/data/traffic_accident_rnd/ACCIDENT_dataset/real_videos/9DRFJxKHc6g_4_00.mp4,ACCIDENT-real,head-on,accident,1,weak_clip_event_window,accident_window,12.746067,25.027329,319,1280,720,train,World,World::simple_intersection,9DRFJxKHc6g_4_00,119,269,4.754802,10.748251,accident_time=6.740067;type=head-on;weak_clip=true,/autodl-fs/data/traffic_accident_rnd/ACCIDENT_mmaction_clips/full/train/9DRFJxKHc6g_4_00__accident.mp4,train,full
9DRFJxKHc6g_5_00__pre_event_non_accident,9DRFJxKHc6g_5_00,/autodl-fs/data/traffic_accident_rnd/ACCIDENT_dataset/real_videos/9DRFJxKHc6g_5_00.mp4,ACCIDENT-real,t-bone,non_accident,0,weak_clip_pre_event,pre_event_non_accident,15.682333,24.486152,384,1280,720,train,World,World::signalized_intersection,9DRFJxKHc6g_5_00,0,172,0.0,7.024378,derived_pre_accident_until=7.043;weak_negative=true,/autodl-fs/data/traffic_accident_rnd/ACCIDENT_mmaction_clips/full/train/9DRFJxKHc6g_5_00__pre_event_non_accident.mp4,train,full
9DRFJxKHc6g_5_00__accident,9DRFJxKHc6g_5_00,/autodl-fs/data/traffic_accident_rnd/ACCIDENT_dataset/real_videos/9DRFJxKHc6g_5_00.mp4,ACCIDENT-real,t-bone,accident,1,weak_clip_event_window,accident_window,15.682333,24.486152,384,1280,720,train,World,World::signalized_intersection,9DRFJxKHc6g_5_00,197,344,8.045364,14.048757,accident_time=10.043367;type=t-bone;weak_clip=true,/autodl-fs/data/traffic_accident_rnd/ACCIDENT_mmaction_clips/full/train/9DRFJxKHc6g_5_00__accident.mp4,train,full
9PeFHB3oBKg_00__pre_event_non_accident,9PeFHB3oBKg_00,/autodl-fs/data/traffic_accident_rnd/ACCIDENT_dataset/real_videos/9PeFHB3oBKg_00.mp4,ACCIDENT-real,rear-end,non_accident,0,weak_clip_pre_event,pre_event_non_accident,30.0,11.233333,337,960,720,train,Alabama,Alabama::highway,9PeFHB3oBKg_00,0,32,0.0,2.848665,derived_pre_accident_until=2.875;weak_negative=true,/autodl-fs/data/traffic_accident_rnd/ACCIDENT_mmaction_clips/full/train/9PeFHB3oBKg_00__pre_event_non_accident.mp4,train,full
9PeFHB3oBKg_00__accident,9PeFHB3oBKg_00,/autodl-fs/data/traffic_accident_rnd/ACCIDENT_dataset/real_videos/9PeFHB3oBKg_00.mp4,ACCIDENT-real,rear-end,accident,1,weak_clip_event_window,accident_window,30.0,11.233333,337,960,720,train,Alabama,Alabama::highway,9PeFHB3oBKg_00,44,111,3.916914,9.881306,accident_time=5.875;type=rear-end;weak_clip=true,/autodl-fs/data/traffic_accident_rnd/ACCIDENT_mmaction_clips/full/train/9PeFHB3oBKg_00__accident.mp4,train,full
9XfMq4ikGTU_00__pre_event_non_accident,9XfMq4ikGTU_00,/autodl-fs/data/traffic_accident_rnd/ACCIDENT_dataset/real_videos/9XfMq4ikGTU_00.mp4,ACCIDENT-real,rear-end,non_accident,0,weak_clip_pre_event,pre_event_non_accident,30.0,29.466667,884,1080,720,train,Minnesota,Minnesota::grade_separated_intersection,9XfMq4ikGTU_00,0,83,0.0,2.816742,derived_pre_accident_until=2.833;weak_negative=true,/autodl-fs/data/traffic_accident_rnd/ACCIDENT_mmaction_clips/full/train/9XfMq4ikGTU_00__pre_event_non_accident.mp4,train,full
9XfMq4ikGTU_00__accident,9XfMq4ikGTU_00,/autodl-fs/data/traffic_accident_rnd/ACCIDENT_dataset/real_videos/9XfMq4ikGTU_00.mp4,ACCIDENT-real,rear-end,accident,1,weak_clip_event_window,accident_window,30.0,29.466667,884,1080,720,train,Minnesota,Minnesota::grade_separated_intersection,9XfMq4ikGTU_00,113,290,3.834842,9.841629,accident_time=5.8333330000000005;type=rear-end;weak_clip=true,/autodl-fs/data/traffic_accident_rnd/ACCIDENT_mmaction_clips/full/train/9XfMq4ikGTU_00__accident.mp4,train,full
9fKAb-gGLRM_1_00__pre_event_non_accident,9fKAb-gGLRM_1_00,/autodl-fs/data/traffic_accident_rnd/ACCIDENT_dataset/real_videos/9fKAb-gGLRM_1_00.mp4,ACCIDENT-real,single,non_accident,0,weak_clip_pre_event,pre_event_non_accident,11.8,9.830508,116,1280,720,train,World,World::simple_intersection,9fKAb-gGLRM_1_00,0,20,0.0,2.034483,derived_pre_accident_until=2.000;weak_negative=true,/autodl-fs/data/traffic_accident_rnd/ACCIDENT_mmaction_clips/full/train/9fKAb-gGLRM_1_00__pre_event_non_accident.mp4,train,full
9fKAb-gGLRM_1_00__accident,9fKAb-gGLRM_1_00,/autodl-fs/data/traffic_accident_rnd/ACCIDENT_dataset/real_videos/9fKAb-gGLRM_1_00.mp4,ACCIDENT-real,single,accident,1,weak_clip_event_window,accident_window,11.8,9.830508,116,1280,720,train,World,World::simple_intersection,9fKAb-gGLRM_1_00,29,88,2.95,8.951724,accident_time=5.0;type=single;weak_clip=true,/autodl-fs/data/traffic_accident_rnd/ACCIDENT_mmaction_clips/full/train/9fKAb-gGLRM_1_00__accident.mp4,train,full
AEzHgZ0xjlk_00__pre_event_non_accident,AEzHgZ0xjlk_00,/autodl-fs/data/traffic_accident_rnd/ACCIDENT_dataset/real_videos/AEzHgZ0xjlk_00.mp4,ACCIDENT-real,single,non_accident,0,weak_clip_pre_event,pre_event_non_accident,30.291667,7.658872,232,1280,720,train,Arkansas,Arkansas::highway,AEzHgZ0xjlk_00,0,78,0.0,10.184267,derived_pre_accident_until=10.125;weak_negative=true,/autodl-fs/data/traffic_accident_rnd/ACCIDENT_mmaction_clips/full/train/AEzHgZ0xjlk_00__pre_event_non_accident.mp4,train,full
AEzHgZ0xjlk_00__accident,AEzHgZ0xjlk_00,/autodl-fs/data/traffic_accident_rnd/ACCIDENT_dataset/real_videos/AEzHgZ0xjlk_00.mp4,ACCIDENT-real,single,accident,1,weak_clip_event_window,accident_window,30.291667,7.658872,232,1280,720,train,Arkansas,Arkansas::highway,AEzHgZ0xjlk_00,86,132,11.228807,17.234914,accident_time=13.125;type=single;weak_clip=true,/autodl-fs/data/traffic_accident_rnd/ACCIDENT_mmaction_clips/full/train/AEzHgZ0xjlk_00__accident.mp4,train,full
AJKLxHzIHYY_13_00__accident,AJKLxHzIHYY_13_00,/autodl-fs/data/traffic_accident_rnd/ACCIDENT_dataset/real_videos/AJKLxHzIHYY_13_00.mp4,ACCIDENT-real,t-bone,accident,1,weak_clip_event_window,accident_window,2.6,24.230769,63,480,360,train,World,World::signalized_intersection,AJKLxHzIHYY_13_00,0,63,0.0,2.6,accident_time=1.08;type=t-bone;weak_clip=true,/autodl-fs/data/traffic_accident_rnd/ACCIDENT_mmaction_clips/full/train/AJKLxHzIHYY_13_00__accident.mp4,train,full
AJKLxHzIHYY_15_00__accident,AJKLxHzIHYY_15_00,/autodl-fs/data/traffic_accident_rnd/ACCIDENT_dataset/real_videos/AJKLxHzIHYY_15_00.mp4,ACCIDENT-real,rear-end,accident,1,weak_clip_event_window,accident_window,11.92,24.161074,288,480,360,train,World,World::highway,AJKLxHzIHYY_15_00,14,159,0.579444,6.580833,accident_time=2.56;type=rear-end;weak_clip=true,/autodl-fs/data/traffic_accident_rnd/ACCIDENT_mmaction_clips/full/train/AJKLxHzIHYY_15_00__accident.mp4,train,full
AJKLxHzIHYY_9_00__accident,AJKLxHzIHYY_9_00,/autodl-fs/data/traffic_accident_rnd/ACCIDENT_dataset/real_videos/AJKLxHzIHYY_9_00.mp4,ACCIDENT-real,t-bone,accident,1,weak_clip_event_window,accident_window,5.2,25.0,130,480,360,train,World,World::signalized_intersection,AJKLxHzIHYY_9_00,0,120,0.0,4.8,accident_time=0.8;type=t-bone;weak_clip=true,/autodl-fs/data/traffic_accident_rnd/ACCIDENT_mmaction_clips/full/train/AJKLxHzIHYY_9_00__accident.mp4,train,full
ALFF5620ljk_10_00__pre_event_non_accident,ALFF5620ljk_10_00,/autodl-fs/data/traffic_accident_rnd/ACCIDENT_dataset/real_videos/ALFF5620ljk_10_00.mp4,ACCIDENT-real,t-bone,non_accident,0,weak_clip_pre_event,pre_event_non_accident,11.633333,20.114613,234,540,360,train,World,World::signalized_intersection,ALFF5620ljk_10_00,0,99,0.0,4.921795,derived_pre_accident_until=4.900;weak_negative=true,/autodl-fs/data/traffic_accident_rnd/ACCIDENT_mmaction_clips/full/train/ALFF5620ljk_10_00__pre_event_non_accident.mp4,train,full
ALFF5620ljk_10_00__accident,ALFF5620ljk_10_00,/autodl-fs/data/traffic_accident_rnd/ACCIDENT_dataset/real_videos/ALFF5620ljk_10_00.mp4,ACCIDENT-real,t-bone,accident,1,weak_clip_event_window,accident_window,11.633333,20.114613,234,540,360,train,World,World::signalized_intersection,ALFF5620ljk_10_00,119,234,5.916097,11.633333,accident_time=7.9;type=t-bone;weak_clip=true,/autodl-fs/data/traffic_accident_rnd/ACCIDENT_mmaction_clips/full/train/ALFF5620ljk_10_00__accident.mp4,train,full
ALFF5620ljk_12_00__pre_event_non_accident,ALFF5620ljk_12_00,/autodl-fs/data/traffic_accident_rnd/ACCIDENT_dataset/real_videos/ALFF5620ljk_12_00.mp4,ACCIDENT-real,head-on,non_accident,0,weak_clip_pre_event,pre_event_non_accident,11.133333,15.988024,178,540,360,train,World,World::signalized_intersection,ALFF5620ljk_12_00,0,60,0.0,3.752809,derived_pre_accident_until=3.733;weak_negative=true,/autodl-fs/data/traffic_accident_rnd/ACCIDENT_mmaction_clips/full/train/ALFF5620ljk_12_00__pre_event_non_accident.mp4,train,full
ALFF5620ljk_12_00__accident,ALFF5620ljk_12_00,/autodl-fs/data/traffic_accident_rnd/ACCIDENT_dataset/real_videos/ALFF5620ljk_12_00.mp4,ACCIDENT-real,head-on,accident,1,weak_clip_event_window,accident_window,11.133333,15.988024,178,540,360,train,World,World::signalized_intersection,ALFF5620ljk_12_00,76,172,4.753558,10.758052,accident_time=6.733333;type=head-on;weak_clip=true,/autodl-fs/data/traffic_accident_rnd/ACCIDENT_mmaction_clips/full/train/ALFF5620ljk_12_00__accident.mp4,train,full
ALFF5620ljk_1_00__pre_event_non_accident,ALFF5620ljk_1_00,/autodl-fs/data/traffic_accident_rnd/ACCIDENT_dataset/real_videos/ALFF5620ljk_1_00.mp4,ACCIDENT-real,t-bone,non_accident,0,weak_clip_pre_event,pre_event_non_accident,11.666667,20.057143,234,540,360,train,World,World::signalized_intersection,ALFF5620ljk_1_00,0,120,0.0,5.982906,derived_pre_accident_until=6.000;weak_negative=true,/autodl-fs/data/traffic_accident_rnd/ACCIDENT_mmaction_clips/full/train/ALFF5620ljk_1_00__pre_event_non_accident.mp4,train,full
ALFF5620ljk_1_00__accident,ALFF5620ljk_1_00,/autodl-fs/data/traffic_accident_rnd/ACCIDENT_dataset/real_videos/ALFF5620ljk_1_00.mp4,ACCIDENT-real,t-bone,accident,1,weak_clip_event_window,accident_window,11.666667,20.057143,234,540,360,train,World,World::signalized_intersection,ALFF5620ljk_1_00,141,234,7.029915,11.666667,accident_time=9.0;type=t-bone;weak_clip=true,/autodl-fs/data/traffic_accident_rnd/ACCIDENT_mmaction_clips/full/train/ALFF5620ljk_1_00__accident.mp4,train,full
ALFF5620ljk_2_00__pre_event_non_accident,ALFF5620ljk_2_00,/autodl-fs/data/traffic_accident_rnd/ACCIDENT_dataset/real_videos/ALFF5620ljk_2_00.mp4,ACCIDENT-real,t-bone,non_accident,0,weak_clip_pre_event,pre_event_non_accident,11.833333,20.028169,237,540,360,train,World,World::signalized_intersection,ALFF5620ljk_2_00,0,86,0.0,4.293952,derived_pre_accident_until=4.300;weak_negative=true,/autodl-fs/data/traffic_accident_rnd/ACCIDENT_mmaction_clips/full/train/ALFF5620ljk_2_00__pre_event_non_accident.mp4,train,full
ALFF5620ljk_2_00__accident,ALFF5620ljk_2_00,/autodl-fs/data/traffic_accident_rnd/ACCIDENT_dataset/real_videos/ALFF5620ljk_2_00.mp4,ACCIDENT-real,t-bone,accident,1,weak_clip_event_window,accident_window,11.833333,20.028169,237,540,360,train,World,World::signalized_intersection,ALFF5620ljk_2_00,106,226,5.292546,11.284107,accident_time=7.3;type=t-bone;weak_clip=true,/autodl-fs/data/traffic_accident_rnd/ACCIDENT_mmaction_clips/full/train/ALFF5620ljk_2_00__accident.mp4,train,full
ALFF5620ljk_3_00__pre_event_non_accident,ALFF5620ljk_3_00,/autodl-fs/data/traffic_accident_rnd/ACCIDENT_dataset/real_videos/ALFF5620ljk_3_00.mp4,ACCIDENT-real,t-bone,non_accident,0,weak_clip_pre_event,pre_event_non_accident,11.133333,19.221557,214,540,360,train,World,World::signalized_intersection,ALFF5620ljk_3_00,0,93,0.0,4.838318,derived_pre_accident_until=4.833;weak_negative=true,/autodl-fs/data/traffic_accident_rnd/ACCIDENT_mmaction_clips/full/train/ALFF5620ljk_3_00__pre_event_non_accident.mp4,train,full
ALFF5620ljk_3_00__accident,ALFF5620ljk_3_00,/autodl-fs/data/traffic_accident_rnd/ACCIDENT_dataset/real_videos/ALFF5620ljk_3_00.mp4,ACCIDENT-real,t-bone,accident,1,weak_clip_event_window,accident_window,11.133333,19.221557,214,540,360,train,World,World::signalized_intersection,ALFF5620ljk_3_00,113,214,5.878816,11.133333,accident_time=7.833333;type=t-bone;weak_clip=true,/autodl-fs/data/traffic_accident_rnd/ACCIDENT_mmaction_clips/full/train/ALFF5620ljk_3_00__accident.mp4,train,full
ALFF5620ljk_5_00__pre_event_non_accident,ALFF5620ljk_5_00,/autodl-fs/data/traffic_accident_rnd/ACCIDENT_dataset/real_videos/ALFF5620ljk_5_00.mp4,ACCIDENT-real,t-bone,non_accident,0,weak_clip_pre_event,pre_event_non_accident,15.0,24.6,369,540,360,train,World,World::signalized_intersection,ALFF5620ljk_5_00,0,200,0.0,8.130081,derived_pre_accident_until=8.133;weak_negative=true,/autodl-fs/data/traffic_accident_rnd/ACCIDENT_mmaction_clips/full/train/ALFF5620ljk_5_00__pre_event_non_accident.mp4,train,full
ALFF5620ljk_5_00__accident,ALFF5620ljk_5_00,/autodl-fs/data/traffic_accident_rnd/ACCIDENT_dataset/real_videos/ALFF5620ljk_5_00.mp4,ACCIDENT-real,t-bone,accident,1,weak_clip_event_window,accident_window,15.0,24.6,369,540,360,train,World,World::signalized_intersection,ALFF5620ljk_5_00,225,369,9.146341,15.0,accident_time=11.133333;type=t-bone;weak_clip=true,/autodl-fs/data/traffic_accident_rnd/ACCIDENT_mmaction_clips/full/train/ALFF5620ljk_5_00__accident.mp4,train,full
ALFF5620ljk_7_00__pre_event_non_accident,ALFF5620ljk_7_00,/autodl-fs/data/traffic_accident_rnd/ACCIDENT_dataset/real_videos/ALFF5620ljk_7_00.mp4,ACCIDENT-real,t-bone,non_accident,0,weak_clip_pre_event,pre_event_non_accident,11.166667,19.164179,214,540,360,train,World,World::signalized_intersection,ALFF5620ljk_7_00,0,96,0.0,5.009346,derived_pre_accident_until=5.033;weak_negative=true,/autodl-fs/data/traffic_accident_rnd/ACCIDENT_mmaction_clips/full/train/ALFF5620ljk_7_00__pre_event_non_accident.mp4,train,full
ALFF5620ljk_7_00__accident,ALFF5620ljk_7_00,/autodl-fs/data/traffic_accident_rnd/ACCIDENT_dataset/real_videos/ALFF5620ljk_7_00.mp4,ACCIDENT-real,t-bone,accident,1,weak_clip_event_window,accident_window,11.166667,19.164179,214,540,360,train,World,World::signalized_intersection,ALFF5620ljk_7_00,116,214,6.05296,11.166667,accident_time=8.033333;type=t-bone;weak_clip=true,/autodl-fs/data/traffic_accident_rnd/ACCIDENT_mmaction_clips/full/train/ALFF5620ljk_7_00__accident.mp4,train,full
ALFF5620ljk_8_00__pre_event_non_accident,ALFF5620ljk_8_00,/autodl-fs/data/traffic_accident_rnd/ACCIDENT_dataset/real_videos/ALFF5620ljk_8_00.mp4,ACCIDENT-real,t-bone,non_accident,0,weak_clip_pre_event,pre_event_non_accident,11.9,19.579832,233,540,360,train,World,World::signalized_intersection,ALFF5620ljk_8_00,0,100,0.0,5.107296,derived_pre_accident_until=5.100;weak_negative=true,/autodl-fs/data/traffic_accident_rnd/ACCIDENT_mmaction_clips/full/train/ALFF5620ljk_8_00__pre_event_non_accident.mp4,train,full
ALFF5620ljk_8_00__accident,ALFF5620ljk_8_00,/autodl-fs/data/traffic_accident_rnd/ACCIDENT_dataset/real_videos/ALFF5620ljk_8_00.mp4,ACCIDENT-real,t-bone,accident,1,weak_clip_event_window,accident_window,11.9,19.579832,233,540,360,train,World,World::signalized_intersection,ALFF5620ljk_8_00,120,233,6.128755,11.9,accident_time=8.1;type=t-bone;weak_clip=true,/autodl-fs/data/traffic_accident_rnd/ACCIDENT_mmaction_clips/full/train/ALFF5620ljk_8_00__accident.mp4,train,full
ALFF5620ljk_9_00__pre_event_non_accident,ALFF5620ljk_9_00,/autodl-fs/data/traffic_accident_rnd/ACCIDENT_dataset/real_videos/ALFF5620ljk_9_00.mp4,ACCIDENT-real,t-bone,non_accident,0,weak_clip_pre_event,pre_event_non_accident,20.9,8.229665,172,540,360,train,World,World::signalized_intersection,ALFF5620ljk_9_00,0,61,0.0,7.412209,derived_pre_accident_until=7.433;weak_negative=true,/autodl-fs/data/traffic_accident_rnd/ACCIDENT_mmaction_clips/full/train/ALFF5620ljk_9_00__pre_event_non_accident.mp4,train,full
ALFF5620ljk_9_00__accident,ALFF5620ljk_9_00,/autodl-fs/data/traffic_accident_rnd/ACCIDENT_dataset/real_videos/ALFF5620ljk_9_00.mp4,ACCIDENT-real,t-bone,accident,1,weak_clip_event_window,accident_window,20.9,8.229665,172,540,360,train,World,World::signalized_intersection,ALFF5620ljk_9_00,70,119,8.505814,14.459884,accident_time=10.433333;type=t-bone;weak_clip=true,/autodl-fs/data/traffic_accident_rnd/ACCIDENT_mmaction_clips/full/train/ALFF5620ljk_9_00__accident.mp4,train,full
ApyekBAgfg8_00__pre_event_non_accident,ApyekBAgfg8_00,/autodl-fs/data/traffic_accident_rnd/ACCIDENT_dataset/real_videos/ApyekBAgfg8_00.mp4,ACCIDENT-real,head-on,non_accident,0,weak_clip_pre_event,pre_event_non_accident,30.041667,14.945908,449,1056,720,train,Alabama,Alabama::signalized_intersection,ApyekBAgfg8_00,0,15,0.0,1.003619,derived_pre_accident_until=1.000;weak_negative=true,/autodl-fs/data/traffic_accident_rnd/ACCIDENT_mmaction_clips/full/train/ApyekBAgfg8_00__pre_event_non_accident.mp4,train,full
ApyekBAgfg8_00__accident,ApyekBAgfg8_00,/autodl-fs/data/traffic_accident_rnd/ACCIDENT_dataset/real_videos/ApyekBAgfg8_00.mp4,ACCIDENT-real,head-on,accident,1,weak_clip_event_window,accident_window,30.041667,14.945908,449,1056,720,train,Alabama,Alabama::signalized_intersection,ApyekBAgfg8_00,30,120,2.007238,8.028953,accident_time=4.0;type=head-on;weak_clip=true,/autodl-fs/data/traffic_accident_rnd/ACCIDENT_mmaction_clips/full/train/ApyekBAgfg8_00__accident.mp4,train,full
AuQz_-J2kzc_25_00__accident,AuQz_-J2kzc_25_00,/autodl-fs/data/traffic_accident_rnd/ACCIDENT_dataset/real_videos/AuQz_-J2kzc_25_00.mp4,ACCIDENT-real,t-bone,accident,1,weak_clip_event_window,accident_window,10.236617,21.491475,220,640,360,train,World,World::signalized_intersection,AuQz_-J2kzc_25_00,10,139,0.465301,6.467681,accident_time=2.483638;type=t-bone;weak_clip=true,/autodl-fs/data/traffic_accident_rnd/ACCIDENT_mmaction_clips/full/train/AuQz_-J2kzc_25_00__accident.mp4,train,full
AuQz_-J2kzc_27_00__accident,AuQz_-J2kzc_27_00,/autodl-fs/data/traffic_accident_rnd/ACCIDENT_dataset/real_videos/AuQz_-J2kzc_27_00.mp4,ACCIDENT-real,sideswipe,accident,1,weak_clip_event_window,accident_window,3.893271,29.281293,114,640,360,train,World,World::roundabout,AuQz_-J2kzc_27_00,11,114,0.375666,3.893271,accident_time=2.38295;type=sideswipe;weak_clip=true,/autodl-fs/data/traffic_accident_rnd/ACCIDENT_mmaction_clips/full/train/AuQz_-J2kzc_27_00__accident.mp4,train,full
AuQz_-J2kzc_29_00__accident,AuQz_-J2kzc_29_00,/autodl-fs/data/traffic_accident_rnd/ACCIDENT_dataset/real_videos/AuQz_-J2kzc_29_00.mp4,ACCIDENT-real,t-bone,accident,1,weak_clip_event_window,accident_window,5.13509,29.210784,150,640,360,train,World,World::roundabout,AuQz_-J2kzc_29_00,0,142,0.0,4.861218,accident_time=0.839067;type=t-bone;weak_clip=true,/autodl-fs/data/traffic_accident_rnd/ACCIDENT_mmaction_clips/full/train/AuQz_-J2kzc_29_00__accident.mp4,train,full
AuQz_-J2kzc_5_00__accident,AuQz_-J2kzc_5_00,/autodl-fs/data/traffic_accident_rnd/ACCIDENT_dataset/real_videos/AuQz_-J2kzc_5_00.mp4,ACCIDENT-real,sideswipe,accident,1,weak_clip_event_window,accident_window,8.122168,12.681343,103,640,360,train,World,World::city_street,AuQz_-J2kzc_5_00,20,96,1.57712,7.570176,accident_time=3.557644;type=sideswipe;weak_clip=true,/autodl-fs/data/traffic_accident_rnd/ACCIDENT_mmaction_clips/full/train/AuQz_-J2kzc_5_00__accident.mp4,train,full
BF5W6-8AkGM_00__pre_event_non_accident,BF5W6-8AkGM_00,/autodl-fs/data/traffic_accident_rnd/ACCIDENT_dataset/real_videos/BF5W6-8AkGM_00.mp4,ACCIDENT-real,single,non_accident,0,weak_clip_pre_event,pre_event_non_accident,30.0,11.466667,344,960,720,train,Virginia,Virginia::highway,BF5W6-8AkGM_00,0,16,0.0,1.395349,derived_pre_accident_until=1.417;weak_negative=true,/autodl-fs/data/traffic_accident_rnd/ACCIDENT_mmaction_clips/full/train/BF5W6-8AkGM_00__pre_event_non_accident.mp4,train,full
BF5W6-8AkGM_00__accident,BF5W6-8AkGM_00,/autodl-fs/data/traffic_accident_rnd/ACCIDENT_dataset/real_videos/BF5W6-8AkGM_00.mp4,ACCIDENT-real,single,accident,1,weak_clip_event_window,accident_window,30.0,11.466667,344,960,720,train,Virginia,Virginia::highway,BF5W6-8AkGM_00,28,97,2.44186,8.459302,accident_time=4.416666;type=single;weak_clip=true,/autodl-fs/data/traffic_accident_rnd/ACCIDENT_mmaction_clips/full/train/BF5W6-8AkGM_00__accident.mp4,train,full
BR4WAtlyQEQ_00__pre_event_non_accident,BR4WAtlyQEQ_00,/autodl-fs/data/traffic_accident_rnd/ACCIDENT_dataset/real_videos/BR4WAtlyQEQ_00.mp4,ACCIDENT-real,single,non_accident,0,weak_clip_pre_event,pre_event_non_accident,29.833333,13.307263,397,1080,720,train,Alabama,Alabama::highway,BR4WAtlyQEQ_00,0,39,0.0,2.93073,derived_pre_accident_until=2.917;weak_negative=true,/autodl-fs/data/traffic_accident_rnd/ACCIDENT_mmaction_clips/full/train/BR4WAtlyQEQ_00__pre_event_non_accident.mp4,train,full
BR4WAtlyQEQ_00__accident,BR4WAtlyQEQ_00,/autodl-fs/data/traffic_accident_rnd/ACCIDENT_dataset/real_videos/BR4WAtlyQEQ_00.mp4,ACCIDENT-real,single,accident,1,weak_clip_event_window,accident_window,29.833333,13.307263,397,1080,720,train,Alabama,Alabama::highway,BR4WAtlyQEQ_00,52,132,3.907641,9.919395,accident_time=5.917;type=single;weak_clip=true,/autodl-fs/data/traffic_accident_rnd/ACCIDENT_mmaction_clips/full/train/BR4WAtlyQEQ_00__accident.mp4,train,full
BSNh9UoKY54_1_00__accident,BSNh9UoKY54_1_00,/autodl-fs/data/traffic_accident_rnd/ACCIDENT_dataset/real_videos/BSNh9UoKY54_1_00.mp4,ACCIDENT-real,t-bone,accident,1,weak_clip_event_window,accident_window,4.2,15.0,63,1280,720,train,World,World::signalized_intersection,BSNh9UoKY54_1_00,0,63,0.0,4.2,accident_time=1.2800000000000002;type=t-bone;weak_clip=true,/autodl-fs/data/traffic_accident_rnd/ACCIDENT_mmaction_clips/full/train/BSNh9UoKY54_1_00__accident.mp4,train,full
BVXW2dz2OYA_00__accident,BVXW2dz2OYA_00,/autodl-fs/data/traffic_accident_rnd/ACCIDENT_dataset/real_videos/BVXW2dz2OYA_00.mp4,ACCIDENT-real,single,accident,1,weak_clip_event_window,accident_window,6.875,10.036364,69,960,720,train,Virginia,Virginia::highway,BVXW2dz2OYA_00,14,69,1.394928,6.875,accident_time=3.375;type=single;weak_clip=true,/autodl-fs/data/traffic_accident_rnd/ACCIDENT_mmaction_clips/full/train/BVXW2dz2OYA_00__accident.mp4,train,full
BX8gqiZIIHs_00__pre_event_non_accident,BX8gqiZIIHs_00,/autodl-fs/data/traffic_accident_rnd/ACCIDENT_dataset/real_videos/BX8gqiZIIHs_00.mp4,ACCIDENT-real,single,non_accident,0,weak_clip_pre_event,pre_event_non_accident,9.9,14.848485,147,1920,1080,train,Virginia,Virginia::highway,BX8gqiZIIHs_00,0,62,0.0,4.17551,derived_pre_accident_until=4.200;weak_negative=true,/autodl-fs/data/traffic_accident_rnd/ACCIDENT_mmaction_clips/full/train/BX8gqiZIIHs_00__pre_event_non_accident.mp4,train,full
BX8gqiZIIHs_00__accident,BX8gqiZIIHs_00,/autodl-fs/data/traffic_accident_rnd/ACCIDENT_dataset/real_videos/BX8gqiZIIHs_00.mp4,ACCIDENT-real,single,accident,1,weak_clip_event_window,accident_window,9.9,14.848485,147,1920,1080,train,Virginia,Virginia::highway,BX8gqiZIIHs_00,77,147,5.185714,9.9,accident_time=7.2;type=single;weak_clip=true,/autodl-fs/data/traffic_accident_rnd/ACCIDENT_mmaction_clips/full/train/BX8gqiZIIHs_00__accident.mp4,train,full
BpMHNEa79lo_2_00__pre_event_non_accident,BpMHNEa79lo_2_00,/autodl-fs/data/traffic_accident_rnd/ACCIDENT_dataset/real_videos/BpMHNEa79lo_2_00.mp4,ACCIDENT-real,sideswipe,non_accident,0,weak_clip_pre_event,pre_event_non_accident,12.233333,24.93188,305,1280,720,train,World,World::signalized_intersection,BpMHNEa79lo_2_00,0,132,0.0,5.294426,derived_pre_accident_until=5.300;weak_negative=true,/autodl-fs/data/traffic_accident_rnd/ACCIDENT_mmaction_clips/full/train/BpMHNEa79lo_2_00__pre_event_non_accident.mp4,train,full
BpMHNEa79lo_2_00__accident,BpMHNEa79lo_2_00,/autodl-fs/data/traffic_accident_rnd/ACCIDENT_dataset/real_videos/BpMHNEa79lo_2_00.mp4,ACCIDENT-real,sideswipe,accident,1,weak_clip_event_window,accident_window,12.233333,24.93188,305,1280,720,train,World,World::signalized_intersection,BpMHNEa79lo_2_00,157,305,6.297158,12.233333,accident_time=8.3;type=sideswipe;weak_clip=true,/autodl-fs/data/traffic_accident_rnd/ACCIDENT_mmaction_clips/full/train/BpMHNEa79lo_2_00__accident.mp4,train,full
BpMHNEa79lo_3_00__pre_event_non_accident,BpMHNEa79lo_3_00,/autodl-fs/data/traffic_accident_rnd/ACCIDENT_dataset/real_videos/BpMHNEa79lo_3_00.mp4,ACCIDENT-real,sideswipe,non_accident,0,weak_clip_pre_event,pre_event_non_accident,11.866667,15.926966,189,1280,720,train,World,World::signalized_intersection,BpMHNEa79lo_3_00,0,47,0.0,2.95097,derived_pre_accident_until=2.967;weak_negative=true,/autodl-fs/data/traffic_accident_rnd/ACCIDENT_mmaction_clips/full/train/BpMHNEa79lo_3_00__pre_event_non_accident.mp4,train,full
BpMHNEa79lo_3_00__accident,BpMHNEa79lo_3_00,/autodl-fs/data/traffic_accident_rnd/ACCIDENT_dataset/real_videos/BpMHNEa79lo_3_00.mp4,ACCIDENT-real,sideswipe,accident,1,weak_clip_event_window,accident_window,11.866667,15.926966,189,1280,720,train,World,World::signalized_intersection,BpMHNEa79lo_3_00,63,159,3.955556,9.983069,accident_time=5.966667;type=sideswipe;weak_clip=true,/autodl-fs/data/traffic_accident_rnd/ACCIDENT_mmaction_clips/full/train/BpMHNEa79lo_3_00__accident.mp4,train,full
C5OJEzm0dio_00__pre_event_non_accident,C5OJEzm0dio_00,/autodl-fs/data/traffic_accident_rnd/ACCIDENT_dataset/real_videos/C5OJEzm0dio_00.mp4,ACCIDENT-real,single,non_accident,0,weak_clip_pre_event,pre_event_non_accident,8.958333,14.846512,133,1280,720,train,Georgia,Georgia::highway,C5OJEzm0dio_00,0,41,0.0,2.761591,derived_pre_accident_until=2.792;weak_negative=true,/autodl-fs/data/traffic_accident_rnd/ACCIDENT_mmaction_clips/full/train/C5OJEzm0dio_00__pre_event_non_accident.mp4,train,full
C5OJEzm0dio_00__accident,C5OJEzm0dio_00,/autodl-fs/data/traffic_accident_rnd/ACCIDENT_dataset/real_videos/C5OJEzm0dio_00.mp4,ACCIDENT-real,single,accident,1,weak_clip_event_window,accident_window,8.958333,14.846512,133,1280,720,train,Georgia,Georgia::highway,C5OJEzm0dio_00,56,133,3.77193,8.958333,accident_time=5.791666;type=single;weak_clip=true,/autodl-fs/data/traffic_accident_rnd/ACCIDENT_mmaction_clips/full/train/C5OJEzm0dio_00__accident.mp4,train,full
CVSBJThqVgA_00__pre_event_non_accident,CVSBJThqVgA_00,/autodl-fs/data/traffic_accident_rnd/ACCIDENT_dataset/real_videos/CVSBJThqVgA_00.mp4,ACCIDENT-real,single,non_accident,0,weak_clip_pre_event,pre_event_non_accident,25.7,14.941634,384,1920,1080,train,Alabama,Alabama::grade_separated_intersection,CVSBJThqVgA_00,0,78,0.0,5.220313,derived_pre_accident_until=5.200;weak_negative=true,/autodl-fs/data/traffic_accident_rnd/ACCIDENT_mmaction_clips/full/train/CVSBJThqVgA_00__pre_event_non_accident.mp4,train,full
CVSBJThqVgA_00__accident,CVSBJThqVgA_00,/autodl-fs/data/traffic_accident_rnd/ACCIDENT_dataset/real_videos/CVSBJThqVgA_00.mp4,ACCIDENT-real,single,accident,1,weak_clip_event_window,accident_window,25.7,14.941634,384,1920,1080,train,Alabama,Alabama::grade_separated_intersection,CVSBJThqVgA_00,93,183,6.224219,12.247656,accident_time=8.2;type=single;weak_clip=true,/autodl-fs/data/traffic_accident_rnd/ACCIDENT_mmaction_clips/full/train/CVSBJThqVgA_00__accident.mp4,train,full
CkI203kbHQ8_12_00__pre_event_non_accident,CkI203kbHQ8_12_00,/autodl-fs/data/traffic_accident_rnd/ACCIDENT_dataset/real_videos/CkI203kbHQ8_12_00.mp4,ACCIDENT-real,sideswipe,non_accident,0,weak_clip_pre_event,pre_event_non_accident,7.0,25.0,175,400,296,train,World,World::city_street,CkI203kbHQ8_12_00,0,80,0.0,3.2,derived_pre_accident_until=3.200;weak_negative=true,/autodl-fs/data/traffic_accident_rnd/ACCIDENT_mmaction_clips/full/train/CkI203kbHQ8_12_00__pre_event_non_accident.mp4,train,full
CkI203kbHQ8_12_00__accident,CkI203kbHQ8_12_00,/autodl-fs/data/traffic_accident_rnd/ACCIDENT_dataset/real_videos/CkI203kbHQ8_12_00.mp4,ACCIDENT-real,sideswipe,accident,1,weak_clip_event_window,accident_window,7.0,25.0,175,400,296,train,World,World::city_street,CkI203kbHQ8_12_00,105,175,4.2,7.0,accident_time=6.2;type=sideswipe;weak_clip=true,/autodl-fs/data/traffic_accident_rnd/ACCIDENT_mmaction_clips/full/train/CkI203kbHQ8_12_00__accident.mp4,train,full
CkI203kbHQ8_29_00__pre_event_non_accident,CkI203kbHQ8_29_00,/autodl-fs/data/traffic_accident_rnd/ACCIDENT_dataset/real_videos/CkI203kbHQ8_29_00.mp4,ACCIDENT-real,rear-end,non_accident,0,weak_clip_pre_event,pre_event_non_accident,7.6,13.815789,105,400,296,train,World,World::city_street,CkI203kbHQ8_29_00,0,27,0.0,1.954286,derived_pre_accident_until=1.920;weak_negative=true,/autodl-fs/data/traffic_accident_rnd/ACCIDENT_mmaction_clips/full/train/CkI203kbHQ8_29_00__pre_event_non_accident.mp4,train,full
CkI203kbHQ8_29_00__accident,CkI203kbHQ8_29_00,/autodl-fs/data/traffic_accident_rnd/ACCIDENT_dataset/real_videos/CkI203kbHQ8_29_00.mp4,ACCIDENT-real,rear-end,accident,1,weak_clip_event_window,accident_window,7.6,13.815789,105,400,296,train,World,World::city_street,CkI203kbHQ8_29_00,40,105,2.895238,7.6,accident_time=4.92;type=rear-end;weak_clip=true,/autodl-fs/data/traffic_accident_rnd/ACCIDENT_mmaction_clips/full/train/CkI203kbHQ8_29_00__accident.mp4,train,full
CkI203kbHQ8_32_00__accident,CkI203kbHQ8_32_00,/autodl-fs/data/traffic_accident_rnd/ACCIDENT_dataset/real_videos/CkI203kbHQ8_32_00.mp4,ACCIDENT-real,t-bone,accident,1,weak_clip_event_window,accident_window,2.96,23.986486,71,400,296,train,World,World::parking_lot,CkI203kbHQ8_32_00,0,71,0.0,2.96,accident_time=0.56;type=t-bone;weak_clip=true,/autodl-fs/data/traffic_accident_rnd/ACCIDENT_mmaction_clips/full/train/CkI203kbHQ8_32_00__accident.mp4,train,full
CkI203kbHQ8_5_00__pre_event_non_accident,CkI203kbHQ8_5_00,/autodl-fs/data/traffic_accident_rnd/ACCIDENT_dataset/real_videos/CkI203kbHQ8_5_00.mp4,ACCIDENT-real,rear-end,non_accident,0,weak_clip_pre_event,pre_event_non_accident,4.84,20.247934,98,400,296,train,World,World::parking_lot,CkI203kbHQ8_5_00,0,20,0.0,0.987755,derived_pre_accident_until=1.000;weak_negative=true,/autodl-fs/data/traffic_accident_rnd/ACCIDENT_mmaction_clips/full/train/CkI203kbHQ8_5_00__pre_event_non_accident.mp4,train,full
CkI203kbHQ8_5_00__accident,CkI203kbHQ8_5_00,/autodl-fs/data/traffic_accident_rnd/ACCIDENT_dataset/real_videos/CkI203kbHQ8_5_00.mp4,ACCIDENT-real,rear-end,accident,1,weak_clip_event_window,accident_window,4.84,20.247934,98,400,296,train,World,World::parking_lot,CkI203kbHQ8_5_00,41,98,2.024898,4.84,accident_time=4.0;type=rear-end;weak_clip=true,/autodl-fs/data/traffic_accident_rnd/ACCIDENT_mmaction_clips/full/train/CkI203kbHQ8_5_00__accident.mp4,train,full
CnsDyfXdf8s_0_00__pre_event_non_accident,CnsDyfXdf8s_0_00,/autodl-fs/data/traffic_accident_rnd/ACCIDENT_dataset/real_videos/CnsDyfXdf8s_0_00.mp4,ACCIDENT-real,t-bone,non_accident,0,weak_clip_pre_event,pre_event_non_accident,16.683333,15.824176,264,1280,720,train,World,World::signalized_intersection,CnsDyfXdf8s_0_00,0,88,0.0,5.561111,derived_pre_accident_until=5.542;weak_negative=true,/autodl-fs/data/traffic_accident_rnd/ACCIDENT_mmaction_clips/full/train/CnsDyfXdf8s_0_00__pre_event_non_accident.mp4,train,full
CnsDyfXdf8s_0_00__accident,CnsDyfXdf8s_0_00,/autodl-fs/data/traffic_accident_rnd/ACCIDENT_dataset/real_videos/CnsDyfXdf8s_0_00.mp4,ACCIDENT-real,t-bone,accident,1,weak_clip_event_window,accident_window,16.683333,15.824176,264,1280,720,train,World,World::signalized_intersection,CnsDyfXdf8s_0_00,103,198,6.509028,12.5125,accident_time=8.541867;type=t-bone;weak_clip=true,/autodl-fs/data/traffic_accident_rnd/ACCIDENT_mmaction_clips/full/train/CnsDyfXdf8s_0_00__accident.mp4,train,full
CnsDyfXdf8s_1_00__pre_event_non_accident,CnsDyfXdf8s_1_00,/autodl-fs/data/traffic_accident_rnd/ACCIDENT_dataset/real_videos/CnsDyfXdf8s_1_00.mp4,ACCIDENT-real,t-bone,non_accident,0,weak_clip_pre_event,pre_event_non_accident,14.047367,23.136009,325,1280,720,train,World,World::simple_intersection,CnsDyfXdf8s_1_00,0,43,0.0,1.858575,derived_pre_accident_until=1.872;weak_negative=true,/autodl-fs/data/traffic_accident_rnd/ACCIDENT_mmaction_clips/full/train/CnsDyfXdf8s_1_00__pre_event_non_accident.mp4,train,full
CnsDyfXdf8s_1_00__accident,CnsDyfXdf8s_1_00,/autodl-fs/data/traffic_accident_rnd/ACCIDENT_dataset/real_videos/CnsDyfXdf8s_1_00.mp4,ACCIDENT-real,t-bone,accident,1,weak_clip_event_window,accident_window,14.047367,23.136009,325,1280,720,train,World,World::simple_intersection,CnsDyfXdf8s_1_00,67,206,2.895919,8.903869,accident_time=4.871533;type=t-bone;weak_clip=true,/autodl-fs/data/traffic_accident_rnd/ACCIDENT_mmaction_clips/full/train/CnsDyfXdf8s_1_00__accident.mp4,train,full
CpBPz9n7_Rg_00__pre_event_non_accident,CpBPz9n7_Rg_00,/autodl-fs/data/traffic_accident_rnd/ACCIDENT_dataset/real_videos/CpBPz9n7_Rg_00.mp4,ACCIDENT-real,single,non_accident,0,weak_clip_pre_event,pre_event_non_accident,25.041667,14.815308,371,1280,720,train,Iowa,Iowa::highway,CpBPz9n7_Rg_00,0,22,0.0,1.484951,derived_pre_accident_until=1.458;weak_negative=true,/autodl-fs/data/traffic_accident_rnd/ACCIDENT_mmaction_clips/full/train/CpBPz9n7_Rg_00__pre_event_non_accident.mp4,train,full
CpBPz9n7_Rg_00__accident,CpBPz9n7_Rg_00,/autodl-fs/data/traffic_accident_rnd/ACCIDENT_dataset/real_videos/CpBPz9n7_Rg_00.mp4,ACCIDENT-real,single,accident,1,weak_clip_event_window,accident_window,25.041667,14.815308,371,1280,720,train,Iowa,Iowa::highway,CpBPz9n7_Rg_00,36,125,2.429919,8.437219,accident_time=4.458;type=single;weak_clip=true,/autodl-fs/data/traffic_accident_rnd/ACCIDENT_mmaction_clips/full/train/CpBPz9n7_Rg_00__accident.mp4,train,full
CtYbOZdwGkY_00__accident,CtYbOZdwGkY_00,/autodl-fs/data/traffic_accident_rnd/ACCIDENT_dataset/real_videos/CtYbOZdwGkY_00.mp4,ACCIDENT-real,single,accident,1,weak_clip_event_window,accident_window,30.041667,14.979196,450,960,720,train,Virginia,Virginia::highway,CtYbOZdwGkY_00,6,96,0.400556,6.408889,accident_time=2.375;type=single;weak_clip=true,/autodl-fs/data/traffic_accident_rnd/ACCIDENT_mmaction_clips/full/train/CtYbOZdwGkY_00__accident.mp4,train,full
CvNTYeiVF7s_00__pre_event_non_accident,CvNTYeiVF7s_00,/autodl-fs/data/traffic_accident_rnd/ACCIDENT_dataset/real_videos/CvNTYeiVF7s_00.mp4,ACCIDENT-real,rear-end,non_accident,0,weak_clip_pre_event,pre_event_non_accident,24.375,14.974359,365,1080,720,train,Tennessee,Tennessee::highway,CvNTYeiVF7s_00,0,61,0.0,4.07363,derived_pre_accident_until=4.042;weak_negative=true,/autodl-fs/data/traffic_accident_rnd/ACCIDENT_mmaction_clips/full/train/CvNTYeiVF7s_00__pre_event_non_accident.mp4,train,full
CvNTYeiVF7s_00__accident,CvNTYeiVF7s_00,/autodl-fs/data/traffic_accident_rnd/ACCIDENT_dataset/real_videos/CvNTYeiVF7s_00.mp4,ACCIDENT-real,rear-end,accident,1,weak_clip_event_window,accident_window,24.375,14.974359,365,1080,720,train,Tennessee,Tennessee::highway,CvNTYeiVF7s_00,75,165,5.008562,11.018836,accident_time=7.042;type=rear-end;weak_clip=true,/autodl-fs/data/traffic_accident_rnd/ACCIDENT_mmaction_clips/full/train/CvNTYeiVF7s_00__accident.mp4,train,full
D1eP4Bn4hDQ_0_00__pre_event_non_accident,D1eP4Bn4hDQ_0_00,/autodl-fs/data/traffic_accident_rnd/ACCIDENT_dataset/real_videos/D1eP4Bn4hDQ_0_00.mp4,ACCIDENT-real,t-bone,non_accident,0,weak_clip_pre_event,pre_event_non_accident,17.916667,20.818605,373,1280,720,train,World,World::signalized_intersection,D1eP4Bn4hDQ_0_00,0,43,0.0,2.06546,derived_pre_accident_until=2.083;weak_negative=true,/autodl-fs/data/traffic_accident_rnd/ACCIDENT_mmaction_clips/full/train/D1eP4Bn4hDQ_0_00__pre_event_non_accident.mp4,train,full
D1eP4Bn4hDQ_0_00__accident,D1eP4Bn4hDQ_0_00,/autodl-fs/data/traffic_accident_rnd/ACCIDENT_dataset/real_videos/D1eP4Bn4hDQ_0_00.mp4,ACCIDENT-real,t-bone,accident,1,weak_clip_event_window,accident_window,17.916667,20.818605,373,1280,720,train,World,World::signalized_intersection,D1eP4Bn4hDQ_0_00,64,189,3.074173,9.078418,accident_time=5.083333;type=t-bone;weak_clip=true,/autodl-fs/data/traffic_accident_rnd/ACCIDENT_mmaction_clips/full/train/D1eP4Bn4hDQ_0_00__accident.mp4,train,full
D2AHpCitweI_0_00__accident,D2AHpCitweI_0_00,/autodl-fs/data/traffic_accident_rnd/ACCIDENT_dataset/real_videos/D2AHpCitweI_0_00.mp4,ACCIDENT-real,t-bone,accident,1,weak_clip_event_window,accident_window,6.435754,21.442708,138,1280,720,train,World,World::signalized_intersection,D2AHpCitweI_0_00,0,123,0.0,5.736216,accident_time=1.743017;type=t-bone;weak_clip=true,/autodl-fs/data/traffic_accident_rnd/ACCIDENT_mmaction_clips/full/train/D2AHpCitweI_0_00__accident.mp4,train,full
DEmCJ-_E3tY_00__accident,DEmCJ-_E3tY_00,/autodl-fs/data/traffic_accident_rnd/ACCIDENT_dataset/real_videos/DEmCJ-_E3tY_00.mp4,ACCIDENT-real,single,accident,1,weak_clip_event_window,accident_window,19.766667,15.075885,298,854,384,train,Virginia,Virginia::highway,DEmCJ-_E3tY_00,26,116,1.724609,7.694407,accident_time=3.7;type=single;weak_clip=true,/autodl-fs/data/traffic_accident_rnd/ACCIDENT_mmaction_clips/full/train/DEmCJ-_E3tY_00__accident.mp4,train,full
DHG33zf-bkk_00__pre_event_non_accident,DHG33zf-bkk_00,/autodl-fs/data/traffic_accident_rnd/ACCIDENT_dataset/real_videos/DHG33zf-bkk_00.mp4,ACCIDENT-real,single,non_accident,0,weak_clip_pre_event,pre_event_non_accident,30.041667,14.57975,438,960,720,train,Virginia,Virginia::highway,DHG33zf-bkk_00,0,35,0.0,2.40059,derived_pre_accident_until=2.375;weak_negative=true,/autodl-fs/data/traffic_accident_rnd/ACCIDENT_mmaction_clips/full/train/DHG33zf-bkk_00__pre_event_non_accident.mp4,train,full
DHG33zf-bkk_00__accident,DHG33zf-bkk_00,/autodl-fs/data/traffic_accident_rnd/ACCIDENT_dataset/real_videos/DHG33zf-bkk_00.mp4,ACCIDENT-real,single,accident,1,weak_clip_event_window,accident_window,30.041667,14.57975,438,960,720,train,Virginia,Virginia::highway,DHG33zf-bkk_00,49,136,3.360826,9.328006,accident_time=5.375;type=single;weak_clip=true,/autodl-fs/data/traffic_accident_rnd/ACCIDENT_mmaction_clips/full/train/DHG33zf-bkk_00__accident.mp4,train,full
DksclwuFCXI_00__pre_event_non_accident,DksclwuFCXI_00,/autodl-fs/data/traffic_accident_rnd/ACCIDENT_dataset/real_videos/DksclwuFCXI_00.mp4,ACCIDENT-real,single,non_accident,0,weak_clip_pre_event,pre_event_non_accident,25.708333,14.858995,382,960,720,train,Virginia,Virginia::highway,DksclwuFCXI_00,0,28,0.0,1.88438,derived_pre_accident_until=1.917;weak_negative=true,/autodl-fs/data/traffic_accident_rnd/ACCIDENT_mmaction_clips/full/train/DksclwuFCXI_00__pre_event_non_accident.mp4,train,full
DksclwuFCXI_00__accident,DksclwuFCXI_00,/autodl-fs/data/traffic_accident_rnd/ACCIDENT_dataset/real_videos/DksclwuFCXI_00.mp4,ACCIDENT-real,single,accident,1,weak_clip_event_window,accident_window,25.708333,14.858995,382,960,720,train,Virginia,Virginia::highway,DksclwuFCXI_00,43,132,2.89387,8.883508,accident_time=4.916665999999999;type=single;weak_clip=true,/autodl-fs/data/traffic_accident_rnd/ACCIDENT_mmaction_clips/full/train/DksclwuFCXI_00__accident.mp4,train,full
Dupsb1RMpXM_00__accident,Dupsb1RMpXM_00,/autodl-fs/data/traffic_accident_rnd/ACCIDENT_dataset/real_videos/Dupsb1RMpXM_00.mp4,ACCIDENT-real,rear-end,accident,1,weak_clip_event_window,accident_window,23.033333,14.761216,340,1620,1080,train,Virginia,Virginia::highway,Dupsb1RMpXM_00,26,115,1.761373,7.790686,accident_time=3.8;type=rear-end;weak_clip=true,/autodl-fs/data/traffic_accident_rnd/ACCIDENT_mmaction_clips/full/train/Dupsb1RMpXM_00__accident.mp4,train,full
EAXHuVGCmSA_00__pre_event_non_accident,EAXHuVGCmSA_00,/autodl-fs/data/traffic_accident_rnd/ACCIDENT_dataset/real_videos/EAXHuVGCmSA_00.mp4,ACCIDENT-real,single,non_accident,0,weak_clip_pre_event,pre_event_non_accident,30.041667,14.979196,450,960,720,train,Virginia,Virginia::highway,EAXHuVGCmSA_00,0,31,0.0,2.069537,derived_pre_accident_until=2.042;weak_negative=true,/autodl-fs/data/traffic_accident_rnd/ACCIDENT_mmaction_clips/full/train/EAXHuVGCmSA_00__pre_event_non_accident.mp4,train,full
EAXHuVGCmSA_00__accident,EAXHuVGCmSA_00,/autodl-fs/data/traffic_accident_rnd/ACCIDENT_dataset/real_videos/EAXHuVGCmSA_00.mp4,ACCIDENT-real,single,accident,1,weak_clip_event_window,accident_window,30.041667,14.979196,450,960,720,train,Virginia,Virginia::highway,EAXHuVGCmSA_00,46,136,3.070926,9.079259,accident_time=5.041666;type=single;weak_clip=true,/autodl-fs/data/traffic_accident_rnd/ACCIDENT_mmaction_clips/full/train/EAXHuVGCmSA_00__accident.mp4,train,full
EN-JKUXkwPQ_2_00__accident,EN-JKUXkwPQ_2_00,/autodl-fs/data/traffic_accident_rnd/ACCIDENT_dataset/real_videos/EN-JKUXkwPQ_2_00.mp4,ACCIDENT-real,sideswipe,accident,1,weak_clip_event_window,accident_window,5.04,25.0,126,480,360,train,World,World::signalized_intersection,EN-JKUXkwPQ_2_00,1,126,0.04,5.04,accident_time=2.04;type=sideswipe;weak_clip=true,/autodl-fs/data/traffic_accident_rnd/ACCIDENT_mmaction_clips/full/train/EN-JKUXkwPQ_2_00__accident.mp4,train,full
EYu49m3fAp4_00__pre_event_non_accident,EYu49m3fAp4_00,/autodl-fs/data/traffic_accident_rnd/ACCIDENT_dataset/real_videos/EYu49m3fAp4_00.mp4,ACCIDENT-real,rear-end,non_accident,0,weak_clip_pre_event,pre_event_non_accident,25.6,15.15625,388,1620,1080,train,Alabama,Alabama::highway,EYu49m3fAp4_00,0,43,0.0,2.837113,derived_pre_accident_until=2.833;weak_negative=true,/autodl-fs/data/traffic_accident_rnd/ACCIDENT_mmaction_clips/full/train/EYu49m3fAp4_00__pre_event_non_accident.mp4,train,full
EYu49m3fAp4_00__accident,EYu49m3fAp4_00,/autodl-fs/data/traffic_accident_rnd/ACCIDENT_dataset/real_videos/EYu49m3fAp4_00.mp4,ACCIDENT-real,rear-end,accident,1,weak_clip_event_window,accident_window,25.6,15.15625,388,1620,1080,train,Alabama,Alabama::highway,EYu49m3fAp4_00,58,149,3.826804,9.830928,accident_time=5.833;type=rear-end;weak_clip=true,/autodl-fs/data/traffic_accident_rnd/ACCIDENT_mmaction_clips/full/train/EYu49m3fAp4_00__accident.mp4,train,full
EzI5Rn3z4ew_00__pre_event_non_accident,EzI5Rn3z4ew_00,/autodl-fs/data/traffic_accident_rnd/ACCIDENT_dataset/real_videos/EzI5Rn3z4ew_00.mp4,ACCIDENT-real,rear-end,non_accident,0,weak_clip_pre_event,pre_event_non_accident,30.033333,14.983352,450,1920,1080,train,Virginia,Virginia::highway,EzI5Rn3z4ew_00,0,31,0.0,2.068963,derived_pre_accident_until=2.100;weak_negative=true,/autodl-fs/data/traffic_accident_rnd/ACCIDENT_mmaction_clips/full/train/EzI5Rn3z4ew_00__pre_event_non_accident.mp4,train,full
EzI5Rn3z4ew_00__accident,EzI5Rn3z4ew_00,/autodl-fs/data/traffic_accident_rnd/ACCIDENT_dataset/real_videos/EzI5Rn3z4ew_00.mp4,ACCIDENT-real,rear-end,accident,1,weak_clip_event_window,accident_window,30.033333,14.983352,450,1920,1080,train,Virginia,Virginia::highway,EzI5Rn3z4ew_00,46,136,3.070074,9.076741,accident_time=5.1;type=rear-end;weak_clip=true,/autodl-fs/data/traffic_accident_rnd/ACCIDENT_mmaction_clips/full/train/EzI5Rn3z4ew_00__accident.mp4,train,full
FFkOuMBHngY_00__accident,FFkOuMBHngY_00,/autodl-fs/data/traffic_accident_rnd/ACCIDENT_dataset/real_videos/FFkOuMBHngY_00.mp4,ACCIDENT-real,single,accident,1,weak_clip_event_window,accident_window,30.0,14.966667,449,960,720,train,Virginia,Virginia::highway,FFkOuMBHngY_00,0,87,0.0,5.812918,accident_time=1.833333;type=single;weak_clip=true,/autodl-fs/data/traffic_accident_rnd/ACCIDENT_mmaction_clips/full/train/FFkOuMBHngY_00__accident.mp4,train,full
FGZ7r8JC1MY_00__pre_event_non_accident,FGZ7r8JC1MY_00,/autodl-fs/data/traffic_accident_rnd/ACCIDENT_dataset/real_videos/FGZ7r8JC1MY_00.mp4,ACCIDENT-real,single,non_accident,0,weak_clip_pre_event,pre_event_non_accident,18.958333,14.98022,284,960,720,train,Virginia,Virginia::highway,FGZ7r8JC1MY_00,0,59,0.0,3.938527,derived_pre_accident_until=3.958;weak_negative=true,/autodl-fs/data/traffic_accident_rnd/ACCIDENT_mmaction_clips/full/train/FGZ7r8JC1MY_00__pre_event_non_accident.mp4,train,full
FGZ7r8JC1MY_00__accident,FGZ7r8JC1MY_00,/autodl-fs/data/traffic_accident_rnd/ACCIDENT_dataset/real_videos/FGZ7r8JC1MY_00.mp4,ACCIDENT-real,single,accident,1,weak_clip_event_window,accident_window,18.958333,14.98022,284,960,720,train,Virginia,Virginia::highway,FGZ7r8JC1MY_00,74,164,4.939847,10.94777,accident_time=6.958;type=single;weak_clip=true,/autodl-fs/data/traffic_accident_rnd/ACCIDENT_mmaction_clips/full/train/FGZ7r8JC1MY_00__accident.mp4,train,full
FV6XO5Yg9VU_00__accident,FV6XO5Yg9VU_00,/autodl-fs/data/traffic_accident_rnd/ACCIDENT_dataset/real_videos/FV6XO5Yg9VU_00.mp4,ACCIDENT-real,sideswipe,accident,1,weak_clip_event_window,accident_window,27.833333,15.017964,418,1080,720,train,Alabama,Alabama::highway,FV6XO5Yg9VU_00,3,93,0.199761,6.192584,accident_time=2.167;type=sideswipe;weak_clip=true,/autodl-fs/data/traffic_accident_rnd/ACCIDENT_mmaction_clips/full/train/FV6XO5Yg9VU_00__accident.mp4,train,full
Fb1XWmXZTZw_00__pre_event_non_accident,Fb1XWmXZTZw_00,/autodl-fs/data/traffic_accident_rnd/ACCIDENT_dataset/real_videos/Fb1XWmXZTZw_00.mp4,ACCIDENT-real,single,non_accident,0,weak_clip_pre_event,pre_event_non_accident,26.625,14.985915,399,1280,720,train,Alabama,Alabama::highway,Fb1XWmXZTZw_00,0,76,0.0,5.071429,derived_pre_accident_until=5.083;weak_negative=true,/autodl-fs/data/traffic_accident_rnd/ACCIDENT_mmaction_clips/full/train/Fb1XWmXZTZw_00__pre_event_non_accident.mp4,train,full
Fb1XWmXZTZw_00__accident,Fb1XWmXZTZw_00,/autodl-fs/data/traffic_accident_rnd/ACCIDENT_dataset/real_videos/Fb1XWmXZTZw_00.mp4,ACCIDENT-real,single,accident,1,weak_clip_event_window,accident_window,26.625,14.985915,399,1280,720,train,Alabama,Alabama::highway,Fb1XWmXZTZw_00,91,181,6.072368,12.078008,accident_time=8.083;type=single;weak_clip=true,/autodl-fs/data/traffic_accident_rnd/ACCIDENT_mmaction_clips/full/train/Fb1XWmXZTZw_00__accident.mp4,train,full
Fix7_GpawXw_00__pre_event_non_accident,Fix7_GpawXw_00,/autodl-fs/data/traffic_accident_rnd/ACCIDENT_dataset/real_videos/Fix7_GpawXw_00.mp4,ACCIDENT-real,rear-end,non_accident,0,weak_clip_pre_event,pre_event_non_accident,30.0,27.0,810,1280,720,train,Seattle,Seattle::highway,Fix7_GpawXw_00,0,195,0.0,7.222222,derived_pre_accident_until=7.222;weak_negative=true,/autodl-fs/data/traffic_accident_rnd/ACCIDENT_mmaction_clips/full/train/Fix7_GpawXw_00__pre_event_non_accident.mp4,train,full
Fix7_GpawXw_00__accident,Fix7_GpawXw_00,/autodl-fs/data/traffic_accident_rnd/ACCIDENT_dataset/real_videos/Fix7_GpawXw_00.mp4,ACCIDENT-real,rear-end,accident,1,weak_clip_event_window,accident_window,30.0,27.0,810,1280,720,train,Seattle,Seattle::highway,Fix7_GpawXw_00,222,384,8.222222,14.222222,accident_time=10.222;type=rear-end;weak_clip=true,/autodl-fs/data/traffic_accident_rnd/ACCIDENT_mmaction_clips/full/train/Fix7_GpawXw_00__accident.mp4,train,full
GIm11SfAp8c_00__pre_event_non_accident,GIm11SfAp8c_00,/autodl-fs/data/traffic_accident_rnd/ACCIDENT_dataset/real_videos/GIm11SfAp8c_00.mp4,ACCIDENT-real,single,non_accident,0,weak_clip_pre_event,pre_event_non_accident,30.0,14.833333,445,1080,720,train,Alabama,Alabama::tunnel,GIm11SfAp8c_00,0,93,0.0,6.269663,derived_pre_accident_until=6.250;weak_negative=true,/autodl-fs/data/traffic_accident_rnd/ACCIDENT_mmaction_clips/full/train/GIm11SfAp8c_00__pre_event_non_accident.mp4,train,full
GIm11SfAp8c_00__accident,GIm11SfAp8c_00,/autodl-fs/data/traffic_accident_rnd/ACCIDENT_dataset/real_videos/GIm11SfAp8c_00.mp4,ACCIDENT-real,single,accident,1,weak_clip_event_window,accident_window,30.0,14.833333,445,1080,720,train,Alabama,Alabama::tunnel,GIm11SfAp8c_00,107,196,7.213483,13.213483,accident_time=9.25;type=single;weak_clip=true,/autodl-fs/data/traffic_accident_rnd/ACCIDENT_mmaction_clips/full/train/GIm11SfAp8c_00__accident.mp4,train,full
GnpwLP2THmM_10_00__accident,GnpwLP2THmM_10_00,/autodl-fs/data/traffic_accident_rnd/ACCIDENT_dataset/real_videos/GnpwLP2THmM_10_00.mp4,ACCIDENT-real,t-bone,accident,1,weak_clip_event_window,accident_window,5.472133,29.604542,162,1280,720,train,World,World::signalized_intersection,GnpwLP2THmM_10_00,0,151,0.0,5.100569,accident_time=1.1011;type=t-bone;weak_clip=true,/autodl-fs/data/traffic_accident_rnd/ACCIDENT_mmaction_clips/full/train/GnpwLP2THmM_10_00__accident.mp4,train,full
GnpwLP2THmM_1_00__accident,GnpwLP2THmM_1_00,/autodl-fs/data/traffic_accident_rnd/ACCIDENT_dataset/real_videos/GnpwLP2THmM_1_00.mp4,ACCIDENT-real,t-bone,accident,1,weak_clip_event_window,accident_window,7.040367,29.97003,211,1280,720,train,World,World::signalized_intersection,GnpwLP2THmM_1_00,27,207,0.9009,6.9069,accident_time=2.9029;type=t-bone;weak_clip=true,/autodl-fs/data/traffic_accident_rnd/ACCIDENT_mmaction_clips/full/train/GnpwLP2THmM_1_00__accident.mp4,train,full
GnpwLP2THmM_2_00__accident,GnpwLP2THmM_2_00,/autodl-fs/data/traffic_accident_rnd/ACCIDENT_dataset/real_videos/GnpwLP2THmM_2_00.mp4,ACCIDENT-real,t-bone,accident,1,weak_clip_event_window,accident_window,5.338667,29.595405,158,1280,720,train,World,World::signalized_intersection,GnpwLP2THmM_2_00,0,157,0.0,5.304878,accident_time=1.3013;type=t-bone;weak_clip=true,/autodl-fs/data/traffic_accident_rnd/ACCIDENT_mmaction_clips/full/train/GnpwLP2THmM_2_00__accident.mp4,train,full
GnpwLP2THmM_3_00__accident,GnpwLP2THmM_3_00,/autodl-fs/data/traffic_accident_rnd/ACCIDENT_dataset/real_videos/GnpwLP2THmM_3_00.mp4,ACCIDENT-real,t-bone,accident,1,weak_clip_event_window,accident_window,6.6066,29.97003,198,1280,720,train,World,World::signalized_intersection,GnpwLP2THmM_3_00,1,181,0.033367,6.039367,accident_time=2.035367;type=t-bone;weak_clip=true,/autodl-fs/data/traffic_accident_rnd/ACCIDENT_mmaction_clips/full/train/GnpwLP2THmM_3_00__accident.mp4,train,full
GnpwLP2THmM_4_00__accident,GnpwLP2THmM_4_00,/autodl-fs/data/traffic_accident_rnd/ACCIDENT_dataset/real_videos/GnpwLP2THmM_4_00.mp4,ACCIDENT-real,t-bone,accident,1,weak_clip_event_window,accident_window,6.2062,29.647772,184,1280,720,train,World,World::signalized_intersection,GnpwLP2THmM_4_00,0,178,0.0,6.003824,accident_time=2.002;type=t-bone;weak_clip=true,/autodl-fs/data/traffic_accident_rnd/ACCIDENT_mmaction_clips/full/train/GnpwLP2THmM_4_00__accident.mp4,train,full
GnpwLP2THmM_5_00__accident,GnpwLP2THmM_5_00,/autodl-fs/data/traffic_accident_rnd/ACCIDENT_dataset/real_videos/GnpwLP2THmM_5_00.mp4,ACCIDENT-real,t-bone,accident,1,weak_clip_event_window,accident_window,3.003,15.318015,46,1280,720,train,World,World::signalized_intersection,GnpwLP2THmM_5_00,3,46,0.195848,3.003,accident_time=2.2022;type=t-bone;weak_clip=true,/autodl-fs/data/traffic_accident_rnd/ACCIDENT_mmaction_clips/full/train/GnpwLP2THmM_5_00__accident.mp4,train,full
GnpwLP2THmM_6_00__accident,GnpwLP2THmM_6_00,/autodl-fs/data/traffic_accident_rnd/ACCIDENT_dataset/real_videos/GnpwLP2THmM_6_00.mp4,ACCIDENT-real,t-bone,accident,1,weak_clip_event_window,accident_window,5.772433,29.623556,171,1280,720,train,World,World::signalized_intersection,GnpwLP2THmM_6_00,0,159,0.0,5.36735,accident_time=1.368033;type=t-bone;weak_clip=true,/autodl-fs/data/traffic_accident_rnd/ACCIDENT_mmaction_clips/full/train/GnpwLP2THmM_6_00__accident.mp4,train,full
GnpwLP2THmM_7_00__accident,GnpwLP2THmM_7_00,/autodl-fs/data/traffic_accident_rnd/ACCIDENT_dataset/real_videos/GnpwLP2THmM_7_00.mp4,ACCIDENT-real,t-bone,accident,1,weak_clip_event_window,accident_window,4.270933,29.501748,126,1280,720,train,World,World::signalized_intersection,GnpwLP2THmM_7_00,0,126,0.0,4.270933,accident_time=1.668333;type=t-bone;weak_clip=true,/autodl-fs/data/traffic_accident_rnd/ACCIDENT_mmaction_clips/full/train/GnpwLP2THmM_7_00__accident.mp4,train,full
GnpwLP2THmM_9_00__accident,GnpwLP2THmM_9_00,/autodl-fs/data/traffic_accident_rnd/ACCIDENT_dataset/real_videos/GnpwLP2THmM_9_00.mp4,ACCIDENT-real,t-bone,accident,1,weak_clip_event_window,accident_window,7.574233,29.97003,227,1280,720,train,World,World::signalized_intersection,GnpwLP2THmM_9_00,13,193,0.433767,6.439767,accident_time=2.435767;type=t-bone;weak_clip=true,/autodl-fs/data/traffic_accident_rnd/ACCIDENT_mmaction_clips/full/train/GnpwLP2THmM_9_00__accident.mp4,train,full
H6FXwjTkWYI_00__pre_event_non_accident,H6FXwjTkWYI_00,/autodl-fs/data/traffic_accident_rnd/ACCIDENT_dataset/real_videos/H6FXwjTkWYI_00.mp4,ACCIDENT-real,single,non_accident,0,weak_clip_pre_event,pre_event_non_accident,20.625,7.90303,163,1280,720,train,Arkansas,Arkansas::highway,H6FXwjTkWYI_00,0,40,0.0,5.06135,derived_pre_accident_until=5.083;weak_negative=true,/autodl-fs/data/traffic_accident_rnd/ACCIDENT_mmaction_clips/full/train/H6FXwjTkWYI_00__pre_event_non_accident.mp4,train,full
H6FXwjTkWYI_00__accident,H6FXwjTkWYI_00,/autodl-fs/data/traffic_accident_rnd/ACCIDENT_dataset/real_videos/H6FXwjTkWYI_00.mp4,ACCIDENT-real,single,accident,1,weak_clip_event_window,accident_window,20.625,7.90303,163,1280,720,train,Arkansas,Arkansas::highway,H6FXwjTkWYI_00,48,96,6.07362,12.147239,accident_time=8.083333;type=single;weak_clip=true,/autodl-fs/data/traffic_accident_rnd/ACCIDENT_mmaction_clips/full/train/H6FXwjTkWYI_00__accident.mp4,train,full
HD6QGx9d8ow_0_00__accident,HD6QGx9d8ow_0_00,/autodl-fs/data/traffic_accident_rnd/ACCIDENT_dataset/real_videos/HD6QGx9d8ow_0_00.mp4,ACCIDENT-real,rear-end,accident,1,weak_clip_event_window,accident_window,7.3073,29.696331,217,1280,720,train,World,World::signalized_intersection,HD6QGx9d8ow_0_00,10,188,0.336742,6.330748,accident_time=2.335667;type=rear-end;weak_clip=true,/autodl-fs/data/traffic_accident_rnd/ACCIDENT_mmaction_clips/full/train/HD6QGx9d8ow_0_00__accident.mp4,train,full
HD6QGx9d8ow_1_00__accident,HD6QGx9d8ow_1_00,/autodl-fs/data/traffic_accident_rnd/ACCIDENT_dataset/real_videos/HD6QGx9d8ow_1_00.mp4,ACCIDENT-real,rear-end,accident,1,weak_clip_event_window,accident_window,7.374033,29.698808,219,1280,720,train,World,World::signalized_intersection,HD6QGx9d8ow_1_00,31,209,1.043813,7.037319,accident_time=3.036367;type=rear-end;weak_clip=true,/autodl-fs/data/traffic_accident_rnd/ACCIDENT_mmaction_clips/full/train/HD6QGx9d8ow_1_00__accident.mp4,train,full
HFgLNfSjd6g_00__accident,HFgLNfSjd6g_00,/autodl-fs/data/traffic_accident_rnd/ACCIDENT_dataset/real_videos/HFgLNfSjd6g_00.mp4,ACCIDENT-real,single,accident,1,weak_clip_event_window,accident_window,5.916667,14.873239,88,960,720,train,Virginia,Virginia::grade_separated_intersection,HFgLNfSjd6g_00,8,88,0.537879,5.916667,accident_time=2.583;type=single;weak_clip=true,/autodl-fs/data/traffic_accident_rnd/ACCIDENT_mmaction_clips/full/train/HFgLNfSjd6g_00__accident.mp4,train,full
HLK2xLUfMsM_00__pre_event_non_accident,HLK2xLUfMsM_00,/autodl-fs/data/traffic_accident_rnd/ACCIDENT_dataset/real_videos/HLK2xLUfMsM_00.mp4,ACCIDENT-real,single,non_accident,0,weak_clip_pre_event,pre_event_non_accident,14.541667,15.060172,219,960,720,train,Virginia,Virginia::highway,HLK2xLUfMsM_00,0,97,0.0,6.44083,derived_pre_accident_until=6.458;weak_negative=true,/autodl-fs/data/traffic_accident_rnd/ACCIDENT_mmaction_clips/full/train/HLK2xLUfMsM_00__pre_event_non_accident.mp4,train,full
HLK2xLUfMsM_00__accident,HLK2xLUfMsM_00,/autodl-fs/data/traffic_accident_rnd/ACCIDENT_dataset/real_videos/HLK2xLUfMsM_00.mp4,ACCIDENT-real,single,accident,1,weak_clip_event_window,accident_window,14.541667,15.060172,219,960,720,train,Virginia,Virginia::highway,HLK2xLUfMsM_00,112,202,7.436834,13.412861,accident_time=9.458;type=single;weak_clip=true,/autodl-fs/data/traffic_accident_rnd/ACCIDENT_mmaction_clips/full/train/HLK2xLUfMsM_00__accident.mp4,train,full
HMdWAx9g5eI_00__pre_event_non_accident,HMdWAx9g5eI_00,/autodl-fs/data/traffic_accident_rnd/ACCIDENT_dataset/real_videos/HMdWAx9g5eI_00.mp4,ACCIDENT-real,single,non_accident,0,weak_clip_pre_event,pre_event_non_accident,8.633333,7.876448,68,1920,1080,train,Arkansas,Arkansas::highway,HMdWAx9g5eI_00,0,23,0.0,2.920098,derived_pre_accident_until=2.867;weak_negative=true,/autodl-fs/data/traffic_accident_rnd/ACCIDENT_mmaction_clips/full/train/HMdWAx9g5eI_00__pre_event_non_accident.mp4,train,full
HMdWAx9g5eI_00__accident,HMdWAx9g5eI_00,/autodl-fs/data/traffic_accident_rnd/ACCIDENT_dataset/real_videos/HMdWAx9g5eI_00.mp4,ACCIDENT-real,single,accident,1,weak_clip_event_window,accident_window,8.633333,7.876448,68,1920,1080,train,Arkansas,Arkansas::highway,HMdWAx9g5eI_00,30,68,3.808824,8.633333,accident_time=5.867;type=single;weak_clip=true,/autodl-fs/data/traffic_accident_rnd/ACCIDENT_mmaction_clips/full/train/HMdWAx9g5eI_00__accident.mp4,train,full
HMh6V4MXD38_00__pre_event_non_accident,HMh6V4MXD38_00,/autodl-fs/data/traffic_accident_rnd/ACCIDENT_dataset/real_videos/HMh6V4MXD38_00.mp4,ACCIDENT-real,single,non_accident,0,weak_clip_pre_event,pre_event_non_accident,15.625,15.04,235,960,720,train,Virginia,Virginia::highway,HMh6V4MXD38_00,0,55,0.0,3.656915,derived_pre_accident_until=3.625;weak_negative=true,/autodl-fs/data/traffic_accident_rnd/ACCIDENT_mmaction_clips/full/train/HMh6V4MXD38_00__pre_event_non_accident.mp4,train,full
HMh6V4MXD38_00__accident,HMh6V4MXD38_00,/autodl-fs/data/traffic_accident_rnd/ACCIDENT_dataset/real_videos/HMh6V4MXD38_00.mp4,ACCIDENT-real,single,accident,1,weak_clip_event_window,accident_window,15.625,15.04,235,960,720,train,Virginia,Virginia::highway,HMh6V4MXD38_00,70,160,4.654255,10.638298,accident_time=6.625;type=single;weak_clip=true,/autodl-fs/data/traffic_accident_rnd/ACCIDENT_mmaction_clips/full/train/HMh6V4MXD38_00__accident.mp4,train,full
HSDqCUHuz8Q_0_00__accident,HSDqCUHuz8Q_0_00,/autodl-fs/data/traffic_accident_rnd/ACCIDENT_dataset/real_videos/HSDqCUHuz8Q_0_00.mp4,ACCIDENT-real,rear-end,accident,1,weak_clip_event_window,accident_window,5.533333,25.120482,139,1280,720,train,World,World::city_street,HSDqCUHuz8Q_0_00,17,139,0.676739,5.533333,accident_time=2.666667;type=rear-end;weak_clip=true,/autodl-fs/data/traffic_accident_rnd/ACCIDENT_mmaction_clips/full/train/HSDqCUHuz8Q_0_00__accident.mp4,train,full
HSDqCUHuz8Q_3_00__accident,HSDqCUHuz8Q_3_00,/autodl-fs/data/traffic_accident_rnd/ACCIDENT_dataset/real_videos/HSDqCUHuz8Q_3_00.mp4,ACCIDENT-real,rear-end,accident,1,weak_clip_event_window,accident_window,20.066667,14.302326,287,1280,720,train,World,World::parking_lot,HSDqCUHuz8Q_3_00,26,112,1.817886,7.830894,accident_time=3.833333;type=rear-end;weak_clip=true,/autodl-fs/data/traffic_accident_rnd/ACCIDENT_mmaction_clips/full/train/HSDqCUHuz8Q_3_00__accident.mp4,train,full
HYr1QeHHFkI_00__pre_event_non_accident,HYr1QeHHFkI_00,/autodl-fs/data/traffic_accident_rnd/ACCIDENT_dataset/real_videos/HYr1QeHHFkI_00.mp4,ACCIDENT-real,sideswipe,non_accident,0,weak_clip_pre_event,pre_event_non_accident,30.033333,29.733629,893,1080,720,train,Florida,Florida::highway,HYr1QeHHFkI_00,0,41,0.0,1.37891,derived_pre_accident_until=1.367;weak_negative=true,/autodl-fs/data/traffic_accident_rnd/ACCIDENT_mmaction_clips/full/train/HYr1QeHHFkI_00__pre_event_non_accident.mp4,train,full
HYr1QeHHFkI_00__accident,HYr1QeHHFkI_00,/autodl-fs/data/traffic_accident_rnd/ACCIDENT_dataset/real_videos/HYr1QeHHFkI_00.mp4,ACCIDENT-real,sideswipe,accident,1,weak_clip_event_window,accident_window,30.033333,29.733629,893,1080,720,train,Florida,Florida::highway,HYr1QeHHFkI_00,71,249,2.387869,8.374356,accident_time=4.367;type=sideswipe;weak_clip=true,/autodl-fs/data/traffic_accident_rnd/ACCIDENT_mmaction_clips/full/train/HYr1QeHHFkI_00__accident.mp4,train,full
HxxaCH818LI_00__pre_event_non_accident,HxxaCH818LI_00,/autodl-fs/data/traffic_accident_rnd/ACCIDENT_dataset/real_videos/HxxaCH818LI_00.mp4,ACCIDENT-real,single,non_accident,0,weak_clip_pre_event,pre_event_non_accident,30.133333,7.964602,240,1920,1080,train,Arkansas,Arkansas::highway,HxxaCH818LI_00,0,23,0.0,2.887778,derived_pre_accident_until=2.867;weak_negative=true,/autodl-fs/data/traffic_accident_rnd/ACCIDENT_mmaction_clips/full/train/HxxaCH818LI_00__pre_event_non_accident.mp4,train,full
HxxaCH818LI_00__accident,HxxaCH818LI_00,/autodl-fs/data/traffic_accident_rnd/ACCIDENT_dataset/real_videos/HxxaCH818LI_00.mp4,ACCIDENT-real,single,accident,1,weak_clip_event_window,accident_window,30.133333,7.964602,240,1920,1080,train,Arkansas,Arkansas::highway,HxxaCH818LI_00,31,79,3.892222,9.918889,accident_time=5.867;type=single;weak_clip=true,/autodl-fs/data/traffic_accident_rnd/ACCIDENT_mmaction_clips/full/train/HxxaCH818LI_00__accident.mp4,train,full
IAhGJNVqs1M_10_00__accident,IAhGJNVqs1M_10_00,/autodl-fs/data/traffic_accident_rnd/ACCIDENT_dataset/real_videos/IAhGJNVqs1M_10_00.mp4,ACCIDENT-real,t-bone,accident,1,weak_clip_event_window,accident_window,7.48,18.983957,142,320,240,train,World,World::simple_intersection,IAhGJNVqs1M_10_00,0,92,0.0,4.846197,accident_time=0.8399999999999999;type=t-bone;weak_clip=true,/autodl-fs/data/traffic_accident_rnd/ACCIDENT_mmaction_clips/full/train/IAhGJNVqs1M_10_00__accident.mp4,train,full
IAhGJNVqs1M_14_00__pre_event_non_accident,IAhGJNVqs1M_14_00,/autodl-fs/data/traffic_accident_rnd/ACCIDENT_dataset/real_videos/IAhGJNVqs1M_14_00.mp4,ACCIDENT-real,t-bone,non_accident,0,weak_clip_pre_event,pre_event_non_accident,42.6,22.910798,976,320,240,train,World,World::signalized_intersection,IAhGJNVqs1M_14_00,0,146,0.0,6.372541,derived_pre_accident_until=6.360;weak_negative=true,/autodl-fs/data/traffic_accident_rnd/ACCIDENT_mmaction_clips/full/train/IAhGJNVqs1M_14_00__pre_event_non_accident.mp4,train,full
IAhGJNVqs1M_14_00__accident,IAhGJNVqs1M_14_00,/autodl-fs/data/traffic_accident_rnd/ACCIDENT_dataset/real_videos/IAhGJNVqs1M_14_00.mp4,ACCIDENT-real,t-bone,accident,1,weak_clip_event_window,accident_window,42.6,22.910798,976,320,240,train,World,World::signalized_intersection,IAhGJNVqs1M_14_00,168,306,7.332787,13.356148,accident_time=9.36;type=t-bone;weak_clip=true,/autodl-fs/data/traffic_accident_rnd/ACCIDENT_mmaction_clips/full/train/IAhGJNVqs1M_14_00__accident.mp4,train,full
IAhGJNVqs1M_9_00__accident,IAhGJNVqs1M_9_00,/autodl-fs/data/traffic_accident_rnd/ACCIDENT_dataset/real_videos/IAhGJNVqs1M_9_00.mp4,ACCIDENT-real,t-bone,accident,1,weak_clip_event_window,accident_window,16.12,24.565757,396,320,240,train,World,World::signalized_intersection,IAhGJNVqs1M_9_00,36,183,1.465455,7.449394,accident_time=3.44;type=t-bone;weak_clip=true,/autodl-fs/data/traffic_accident_rnd/ACCIDENT_mmaction_clips/full/train/IAhGJNVqs1M_9_00__accident.mp4,train,full
IbJBE53NXZc_00__pre_event_non_accident,IbJBE53NXZc_00,/autodl-fs/data/traffic_accident_rnd/ACCIDENT_dataset/real_videos/IbJBE53NXZc_00.mp4,ACCIDENT-real,single,non_accident,0,weak_clip_pre_event,pre_event_non_accident,9.833333,14.745763,145,1280,720,train,Iowa,Iowa::highway,IbJBE53NXZc_00,0,53,0.0,3.594253,derived_pre_accident_until=3.625;weak_negative=true,/autodl-fs/data/traffic_accident_rnd/ACCIDENT_mmaction_clips/full/train/IbJBE53NXZc_00__pre_event_non_accident.mp4,train,full
IbJBE53NXZc_00__accident,IbJBE53NXZc_00,/autodl-fs/data/traffic_accident_rnd/ACCIDENT_dataset/real_videos/IbJBE53NXZc_00.mp4,ACCIDENT-real,single,accident,1,weak_clip_event_window,accident_window,9.833333,14.745763,145,1280,720,train,Iowa,Iowa::highway,IbJBE53NXZc_00,69,145,4.67931,9.833333,accident_time=6.625;type=single;weak_clip=true,/autodl-fs/data/traffic_accident_rnd/ACCIDENT_mmaction_clips/full/train/IbJBE53NXZc_00__accident.mp4,train,full
Img4DcUjRmo_00__pre_event_non_accident,Img4DcUjRmo_00,/autodl-fs/data/traffic_accident_rnd/ACCIDENT_dataset/real_videos/Img4DcUjRmo_00.mp4,ACCIDENT-real,rear-end,non_accident,0,weak_clip_pre_event,pre_event_non_accident,30.0,15.0,450,1080,720,train,Alabama,Alabama::highway,Img4DcUjRmo_00,0,42,0.0,2.8,derived_pre_accident_until=2.792;weak_negative=true,/autodl-fs/data/traffic_accident_rnd/ACCIDENT_mmaction_clips/full/train/Img4DcUjRmo_00__pre_event_non_accident.mp4,train,full
Img4DcUjRmo_00__accident,Img4DcUjRmo_00,/autodl-fs/data/traffic_accident_rnd/ACCIDENT_dataset/real_videos/Img4DcUjRmo_00.mp4,ACCIDENT-real,rear-end,accident,1,weak_clip_event_window,accident_window,30.0,15.0,450,1080,720,train,Alabama,Alabama::highway,Img4DcUjRmo_00,57,147,3.8,9.8,accident_time=5.792;type=rear-end;weak_clip=true,/autodl-fs/data/traffic_accident_rnd/ACCIDENT_mmaction_clips/full/train/Img4DcUjRmo_00__accident.mp4,train,full
Iy_GdGD-ySg_00__pre_event_non_accident,Iy_GdGD-ySg_00,/autodl-fs/data/traffic_accident_rnd/ACCIDENT_dataset/real_videos/Iy_GdGD-ySg_00.mp4,ACCIDENT-real,single,non_accident,0,weak_clip_pre_event,pre_event_non_accident,30.041667,14.979196,450,960,720,train,Virginia,Virginia::highway,Iy_GdGD-ySg_00,0,94,0.0,6.27537,derived_pre_accident_until=6.292;weak_negative=true,/autodl-fs/data/traffic_accident_rnd/ACCIDENT_mmaction_clips/full/train/Iy_GdGD-ySg_00__pre_event_non_accident.mp4,train,full
Iy_GdGD-ySg_00__accident,Iy_GdGD-ySg_00,/autodl-fs/data/traffic_accident_rnd/ACCIDENT_dataset/real_videos/Iy_GdGD-ySg_00.mp4,ACCIDENT-real,single,accident,1,weak_clip_event_window,accident_window,30.041667,14.979196,450,960,720,train,Virginia,Virginia::highway,Iy_GdGD-ySg_00,109,199,7.276759,13.285093,accident_time=9.292;type=single;weak_clip=true,/autodl-fs/data/traffic_accident_rnd/ACCIDENT_mmaction_clips/full/train/Iy_GdGD-ySg_00__accident.mp4,train,full
J22LBVPh5kk_00__accident,J22LBVPh5kk_00,/autodl-fs/data/traffic_accident_rnd/ACCIDENT_dataset/real_videos/J22LBVPh5kk_00.mp4,ACCIDENT-real,single,accident,1,weak_clip_event_window,accident_window,19.291667,14.617711,282,960,720,train,Virginia,Virginia::highway,J22LBVPh5kk_00,24,111,1.641844,7.593528,accident_time=3.625;type=single;weak_clip=true,/autodl-fs/data/traffic_accident_rnd/ACCIDENT_mmaction_clips/full/train/J22LBVPh5kk_00__accident.mp4,train,full
J2BlH3gdl0k_00__pre_event_non_accident,J2BlH3gdl0k_00,/autodl-fs/data/traffic_accident_rnd/ACCIDENT_dataset/real_videos/J2BlH3gdl0k_00.mp4,ACCIDENT-real,rear-end,non_accident,0,weak_clip_pre_event,pre_event_non_accident,30.0,14.933333,448,960,720,train,Virginia,Virginia::highway,J2BlH3gdl0k_00,0,80,0.0,5.357143,derived_pre_accident_until=5.333;weak_negative=true,/autodl-fs/data/traffic_accident_rnd/ACCIDENT_mmaction_clips/full/train/J2BlH3gdl0k_00__pre_event_non_accident.mp4,train,full
J2BlH3gdl0k_00__accident,J2BlH3gdl0k_00,/autodl-fs/data/traffic_accident_rnd/ACCIDENT_dataset/real_videos/J2BlH3gdl0k_00.mp4,ACCIDENT-real,rear-end,accident,1,weak_clip_event_window,accident_window,30.0,14.933333,448,960,720,train,Virginia,Virginia::highway,J2BlH3gdl0k_00,94,184,6.294643,12.321429,accident_time=8.333333;type=rear-end;weak_clip=true,/autodl-fs/data/traffic_accident_rnd/ACCIDENT_mmaction_clips/full/train/J2BlH3gdl0k_00__accident.mp4,train,full
JEclWwaL-Ps_00__pre_event_non_accident,JEclWwaL-Ps_00,/autodl-fs/data/traffic_accident_rnd/ACCIDENT_dataset/real_videos/JEclWwaL-Ps_00.mp4,ACCIDENT-real,head-on,non_accident,0,weak_clip_pre_event,pre_event_non_accident,30.033333,21.442841,644,1920,1080,train,Seattle,Seattle::signalized_intersection,JEclWwaL-Ps_00,0,73,0.0,3.4044,derived_pre_accident_until=3.400;weak_negative=true,/autodl-fs/data/traffic_accident_rnd/ACCIDENT_mmaction_clips/full/train/JEclWwaL-Ps_00__pre_event_non_accident.mp4,train,full
JEclWwaL-Ps_00__accident,JEclWwaL-Ps_00,/autodl-fs/data/traffic_accident_rnd/ACCIDENT_dataset/real_videos/JEclWwaL-Ps_00.mp4,ACCIDENT-real,head-on,accident,1,weak_clip_event_window,accident_window,30.033333,21.442841,644,1920,1080,train,Seattle,Seattle::signalized_intersection,JEclWwaL-Ps_00,94,223,4.383747,10.399741,accident_time=6.4;type=head-on;weak_clip=true,/autodl-fs/data/traffic_accident_rnd/ACCIDENT_mmaction_clips/full/train/JEclWwaL-Ps_00__accident.mp4,train,full
JHmNWiEhINQ_00__pre_event_non_accident,JHmNWiEhINQ_00,/autodl-fs/data/traffic_accident_rnd/ACCIDENT_dataset/real_videos/JHmNWiEhINQ_00.mp4,ACCIDENT-real,rear-end,non_accident,0,weak_clip_pre_event,pre_event_non_accident,30.066667,29.900222,899,1920,1080,train,Seattle,Seattle::signalized_intersection,JHmNWiEhINQ_00,0,316,0.0,10.568484,derived_pre_accident_until=10.567;weak_negative=true,/autodl-fs/data/traffic_accident_rnd/ACCIDENT_mmaction_clips/full/train/JHmNWiEhINQ_00__pre_event_non_accident.mp4,train,full
JHmNWiEhINQ_00__accident,JHmNWiEhINQ_00,/autodl-fs/data/traffic_accident_rnd/ACCIDENT_dataset/real_videos/JHmNWiEhINQ_00.mp4,ACCIDENT-real,rear-end,accident,1,weak_clip_event_window,accident_window,30.066667,29.900222,899,1920,1080,train,Seattle,Seattle::signalized_intersection,JHmNWiEhINQ_00,346,526,11.571821,17.591843,accident_time=13.567;type=rear-end;weak_clip=true,/autodl-fs/data/traffic_accident_rnd/ACCIDENT_mmaction_clips/full/train/JHmNWiEhINQ_00__accident.mp4,train,full
JNsoId5gPK8_00__accident,JNsoId5gPK8_00,/autodl-fs/data/traffic_accident_rnd/ACCIDENT_dataset/real_videos/JNsoId5gPK8_00.mp4,ACCIDENT-real,single,accident,1,weak_clip_event_window,accident_window,27.566667,14.981862,413,1620,1080,train,Alabama,Alabama::highway,JNsoId5gPK8_00,0,90,0.0,6.007264,accident_time=2.0330000000000004;type=single;weak_clip=true,/autodl-fs/data/traffic_accident_rnd/ACCIDENT_mmaction_clips/full/train/JNsoId5gPK8_00__accident.mp4,train,full
JsJ_gpjIH1k_00__accident,JsJ_gpjIH1k_00,/autodl-fs/data/traffic_accident_rnd/ACCIDENT_dataset/real_videos/JsJ_gpjIH1k_00.mp4,ACCIDENT-real,rear-end,accident,1,weak_clip_event_window,accident_window,2.083333,14.88,31,960,720,train,Virginia,Virginia::highway,JsJ_gpjIH1k_00,0,31,0.0,2.083333,accident_time=0.875;type=rear-end;weak_clip=true,/autodl-fs/data/traffic_accident_rnd/ACCIDENT_mmaction_clips/full/train/JsJ_gpjIH1k_00__accident.mp4,train,full
KcWnZOH5CK8_00__accident,KcWnZOH5CK8_00,/autodl-fs/data/traffic_accident_rnd/ACCIDENT_dataset/real_videos/KcWnZOH5CK8_00.mp4,ACCIDENT-real,rear-end,accident,1,weak_clip_event_window,accident_window,5.458333,14.656489,80,960,720,train,Virginia,Virginia::highway,KcWnZOH5CK8_00,26,80,1.773958,5.458333,accident_time=3.75;type=rear-end;weak_clip=true,/autodl-fs/data/traffic_accident_rnd/ACCIDENT_mmaction_clips/full/train/KcWnZOH5CK8_00__accident.mp4,train,full
L2cVGFG5rwE_00__pre_event_non_accident,L2cVGFG5rwE_00,/autodl-fs/data/traffic_accident_rnd/ACCIDENT_dataset/real_videos/L2cVGFG5rwE_00.mp4,ACCIDENT-real,rear-end,non_accident,0,weak_clip_pre_event,pre_event_non_accident,30.0,23.166667,695,1280,720,train,Seattle,Seattle::city_street,L2cVGFG5rwE_00,0,53,0.0,2.28777,derived_pre_accident_until=2.296;weak_negative=true,/autodl-fs/data/traffic_accident_rnd/ACCIDENT_mmaction_clips/full/train/L2cVGFG5rwE_00__pre_event_non_accident.mp4,train,full
L2cVGFG5rwE_00__accident,L2cVGFG5rwE_00,/autodl-fs/data/traffic_accident_rnd/ACCIDENT_dataset/real_videos/L2cVGFG5rwE_00.mp4,ACCIDENT-real,rear-end,accident,1,weak_clip_event_window,accident_window,30.0,23.166667,695,1280,720,train,Seattle,Seattle::city_street,L2cVGFG5rwE_00,77,216,3.323741,9.323741,accident_time=5.296296;type=rear-end;weak_clip=true,/autodl-fs/data/traffic_accident_rnd/ACCIDENT_mmaction_clips/full/train/L2cVGFG5rwE_00__accident.mp4,train,full
L821I_3rs6Y_00__accident,L821I_3rs6Y_00,/autodl-fs/data/traffic_accident_rnd/ACCIDENT_dataset/real_videos/L821I_3rs6Y_00.mp4,ACCIDENT-real,single,accident,1,weak_clip_event_window,accident_window,25.633333,12.83485,329,1620,1080,train,Tennessee,Tennessee::highway,L821I_3rs6Y_00,24,101,1.869909,7.8692,accident_time=3.867;type=single;weak_clip=true,/autodl-fs/data/traffic_accident_rnd/ACCIDENT_mmaction_clips/full/train/L821I_3rs6Y_00__accident.mp4,train,full
LQ3ERldwsJQ_00__pre_event_non_accident,LQ3ERldwsJQ_00,/autodl-fs/data/traffic_accident_rnd/ACCIDENT_dataset/real_videos/LQ3ERldwsJQ_00.mp4,ACCIDENT-real,head-on,non_accident,0,weak_clip_pre_event,pre_event_non_accident,30.066667,28.569845,859,1280,720,train,Seattle,Seattle::signalized_intersection,LQ3ERldwsJQ_00,0,150,0.0,5.250291,derived_pre_accident_until=5.267;weak_negative=true,/autodl-fs/data/traffic_accident_rnd/ACCIDENT_mmaction_clips/full/train/LQ3ERldwsJQ_00__pre_event_non_accident.mp4,train,full
LQ3ERldwsJQ_00__accident,LQ3ERldwsJQ_00,/autodl-fs/data/traffic_accident_rnd/ACCIDENT_dataset/real_videos/LQ3ERldwsJQ_00.mp4,ACCIDENT-real,head-on,accident,1,weak_clip_event_window,accident_window,30.066667,28.569845,859,1280,720,train,Seattle,Seattle::signalized_intersection,LQ3ERldwsJQ_00,179,350,6.265347,12.250679,accident_time=8.267;type=head-on;weak_clip=true,/autodl-fs/data/traffic_accident_rnd/ACCIDENT_mmaction_clips/full/train/LQ3ERldwsJQ_00__accident.mp4,train,full
LklNl33KztU_00__pre_event_non_accident,LklNl33KztU_00,/autodl-fs/data/traffic_accident_rnd/ACCIDENT_dataset/real_videos/LklNl33KztU_00.mp4,ACCIDENT-real,single,non_accident,0,weak_clip_pre_event,pre_event_non_accident,26.633333,15.018773,400,1620,1080,train,Alabama,Alabama::highway,LklNl33KztU_00,0,55,0.0,3.662083,derived_pre_accident_until=3.667;weak_negative=true,/autodl-fs/data/traffic_accident_rnd/ACCIDENT_mmaction_clips/full/train/LklNl33KztU_00__pre_event_non_accident.mp4,train,full
LklNl33KztU_00__accident,LklNl33KztU_00,/autodl-fs/data/traffic_accident_rnd/ACCIDENT_dataset/real_videos/LklNl33KztU_00.mp4,ACCIDENT-real,single,accident,1,weak_clip_event_window,accident_window,26.633333,15.018773,400,1620,1080,train,Alabama,Alabama::highway,LklNl33KztU_00,70,160,4.660833,10.653333,accident_time=6.667;type=single;weak_clip=true,/autodl-fs/data/traffic_accident_rnd/ACCIDENT_mmaction_clips/full/train/LklNl33KztU_00__accident.mp4,train,full
LmWvBPSBxNE_00__pre_event_non_accident,LmWvBPSBxNE_00,/autodl-fs/data/traffic_accident_rnd/ACCIDENT_dataset/real_videos/LmWvBPSBxNE_00.mp4,ACCIDENT-real,single,non_accident,0,weak_clip_pre_event,pre_event_non_accident,29.958333,5.006954,150,1280,720,train,Arkansas,Arkansas::highway,LmWvBPSBxNE_00,0,5,0.0,0.998611,derived_pre_accident_until=1.042;weak_negative=true,/autodl-fs/data/traffic_accident_rnd/ACCIDENT_mmaction_clips/full/train/LmWvBPSBxNE_00__pre_event_non_accident.mp4,train,full
LmWvBPSBxNE_00__accident,LmWvBPSBxNE_00,/autodl-fs/data/traffic_accident_rnd/ACCIDENT_dataset/real_videos/LmWvBPSBxNE_00.mp4,ACCIDENT-real,single,accident,1,weak_clip_event_window,accident_window,29.958333,5.006954,150,1280,720,train,Arkansas,Arkansas::highway,LmWvBPSBxNE_00,10,40,1.997222,7.988889,accident_time=4.042;type=single;weak_clip=true,/autodl-fs/data/traffic_accident_rnd/ACCIDENT_mmaction_clips/full/train/LmWvBPSBxNE_00__accident.mp4,train,full
LrMyR9M_g3I_00__accident,LrMyR9M_g3I_00,/autodl-fs/data/traffic_accident_rnd/ACCIDENT_dataset/real_videos/LrMyR9M_g3I_00.mp4,ACCIDENT-real,single,accident,1,weak_clip_event_window,accident_window,30.041667,14.945908,449,960,720,train,Virginia,Virginia::highway,LrMyR9M_g3I_00,28,118,1.873422,7.895137,accident_time=3.875;type=single;weak_clip=true,/autodl-fs/data/traffic_accident_rnd/ACCIDENT_mmaction_clips/full/train/LrMyR9M_g3I_00__accident.mp4,train,full
M7tbQSvMe5o_00__accident,M7tbQSvMe5o_00,/autodl-fs/data/traffic_accident_rnd/ACCIDENT_dataset/real_videos/M7tbQSvMe5o_00.mp4,ACCIDENT-real,single,accident,1,weak_clip_event_window,accident_window,30.0,29.733333,892,1280,720,train,Florida,Florida::highway,M7tbQSvMe5o_00,35,213,1.17713,7.163677,accident_time=3.167;type=single;weak_clip=true,/autodl-fs/data/traffic_accident_rnd/ACCIDENT_mmaction_clips/full/train/M7tbQSvMe5o_00__accident.mp4,train,full
MA3KBCQu9eY_00__pre_event_non_accident,MA3KBCQu9eY_00,/autodl-fs/data/traffic_accident_rnd/ACCIDENT_dataset/real_videos/MA3KBCQu9eY_00.mp4,ACCIDENT-real,single,non_accident,0,weak_clip_pre_event,pre_event_non_accident,30.133333,7.964602,240,1920,1080,train,Arkansas,Arkansas::highway,MA3KBCQu9eY_00,0,89,0.0,11.174444,derived_pre_accident_until=11.233;weak_negative=true,/autodl-fs/data/traffic_accident_rnd/ACCIDENT_mmaction_clips/full/train/MA3KBCQu9eY_00__pre_event_non_accident.mp4,train,full
MA3KBCQu9eY_00__accident,MA3KBCQu9eY_00,/autodl-fs/data/traffic_accident_rnd/ACCIDENT_dataset/real_videos/MA3KBCQu9eY_00.mp4,ACCIDENT-real,single,accident,1,weak_clip_event_window,accident_window,30.133333,7.964602,240,1920,1080,train,Arkansas,Arkansas::highway,MA3KBCQu9eY_00,97,145,12.178889,18.205556,accident_time=14.233;type=single;weak_clip=true,/autodl-fs/data/traffic_accident_rnd/ACCIDENT_mmaction_clips/full/train/MA3KBCQu9eY_00__accident.mp4,train,full
ML52jXyFltw_0_00__accident,ML52jXyFltw_0_00,/autodl-fs/data/traffic_accident_rnd/ACCIDENT_dataset/real_videos/ML52jXyFltw_0_00.mp4,ACCIDENT-real,t-bone,accident,1,weak_clip_event_window,accident_window,2.133333,9.84375,21,320,240,train,World,World::city_street,ML52jXyFltw_0_00,0,21,0.0,2.133333,accident_time=0.866667;type=t-bone;weak_clip=true,/autodl-fs/data/traffic_accident_rnd/ACCIDENT_mmaction_clips/full/train/ML52jXyFltw_0_00__accident.mp4,train,full
MxiC2UdOzE8_0_00__pre_event_non_accident,MxiC2UdOzE8_0_00,/autodl-fs/data/traffic_accident_rnd/ACCIDENT_dataset/real_videos/MxiC2UdOzE8_0_00.mp4,ACCIDENT-real,t-bone,non_accident,0,weak_clip_pre_event,pre_event_non_accident,39.205833,27.164325,1065,1280,720,train,World,World::signalized_intersection,MxiC2UdOzE8_0_00,0,592,0.0,21.79329,derived_pre_accident_until=21.791;weak_negative=true,/autodl-fs/data/traffic_accident_rnd/ACCIDENT_mmaction_clips/full/train/MxiC2UdOzE8_0_00__pre_event_non_accident.mp4,train,full
MxiC2UdOzE8_0_00__accident,MxiC2UdOzE8_0_00,/autodl-fs/data/traffic_accident_rnd/ACCIDENT_dataset/real_videos/MxiC2UdOzE8_0_00.mp4,ACCIDENT-real,t-bone,accident,1,weak_clip_event_window,accident_window,39.205833,27.164325,1065,1280,720,train,World,World::signalized_intersection,MxiC2UdOzE8_0_00,619,782,22.78724,28.787757,accident_time=24.791433;type=t-bone;weak_clip=true,/autodl-fs/data/traffic_accident_rnd/ACCIDENT_mmaction_clips/full/train/MxiC2UdOzE8_0_00__accident.mp4,train,full
N6zJ2inqJn0_0_00__pre_event_non_accident,N6zJ2inqJn0_0_00,/autodl-fs/data/traffic_accident_rnd/ACCIDENT_dataset/real_videos/N6zJ2inqJn0_0_00.mp4,ACCIDENT-real,t-bone,non_accident,0,weak_clip_pre_event,pre_event_non_accident,12.045367,24.905842,300,1280,720,train,World,World::simple_intersection,N6zJ2inqJn0_0_00,0,93,0.0,3.734064,derived_pre_accident_until=3.740;weak_negative=true,/autodl-fs/data/traffic_accident_rnd/ACCIDENT_mmaction_clips/full/train/N6zJ2inqJn0_0_00__pre_event_non_accident.mp4,train,full
N6zJ2inqJn0_0_00__accident,N6zJ2inqJn0_0_00,/autodl-fs/data/traffic_accident_rnd/ACCIDENT_dataset/real_videos/N6zJ2inqJn0_0_00.mp4,ACCIDENT-real,t-bone,accident,1,weak_clip_event_window,accident_window,12.045367,24.905842,300,1280,720,train,World,World::simple_intersection,N6zJ2inqJn0_0_00,118,268,4.737844,10.760528,accident_time=6.740067;type=t-bone;weak_clip=true,/autodl-fs/data/traffic_accident_rnd/ACCIDENT_mmaction_clips/full/train/N6zJ2inqJn0_0_00__accident.mp4,train,full
N6zJ2inqJn0_1_00__accident,N6zJ2inqJn0_1_00,/autodl-fs/data/traffic_accident_rnd/ACCIDENT_dataset/real_videos/N6zJ2inqJn0_1_00.mp4,ACCIDENT-real,head-on,accident,1,weak_clip_event_window,accident_window,9.976633,24.056211,240,1280,720,train,World,World::signalized_intersection,N6zJ2inqJn0_1_00,0,142,0.0,5.902841,accident_time=1.9019;type=head-on;weak_clip=true,/autodl-fs/data/traffic_accident_rnd/ACCIDENT_mmaction_clips/full/train/N6zJ2inqJn0_1_00__accident.mp4,train,full
N6zJ2inqJn0_3_00__accident,N6zJ2inqJn0_3_00,/autodl-fs/data/traffic_accident_rnd/ACCIDENT_dataset/real_videos/N6zJ2inqJn0_3_00.mp4,ACCIDENT-real,t-bone,accident,1,weak_clip_event_window,accident_window,7.340667,25.065843,184,1280,720,train,World,World::simple_intersection,N6zJ2inqJn0_3_00,24,174,0.957478,6.941717,accident_time=2.969633;type=t-bone;weak_clip=true,/autodl-fs/data/traffic_accident_rnd/ACCIDENT_mmaction_clips/full/train/N6zJ2inqJn0_3_00__accident.mp4,train,full
NIwmS3dbHY0_00__accident,NIwmS3dbHY0_00,/autodl-fs/data/traffic_accident_rnd/ACCIDENT_dataset/real_videos/NIwmS3dbHY0_00.mp4,ACCIDENT-real,rear-end,accident,1,weak_clip_event_window,accident_window,6.5,24.307692,158,1280,720,train,Seattle,Seattle::signalized_intersection,NIwmS3dbHY0_00,28,158,1.151899,6.5,accident_time=3.1666659999999998;type=rear-end;weak_clip=true,/autodl-fs/data/traffic_accident_rnd/ACCIDENT_mmaction_clips/full/train/NIwmS3dbHY0_00__accident.mp4,train,full
NxY_zN9UWqA_00__pre_event_non_accident,NxY_zN9UWqA_00,/autodl-fs/data/traffic_accident_rnd/ACCIDENT_dataset/real_videos/NxY_zN9UWqA_00.mp4,ACCIDENT-real,single,non_accident,0,weak_clip_pre_event,pre_event_non_accident,30.041667,14.979196,450,960,720,train,Virginia,Virginia::highway,NxY_zN9UWqA_00,0,87,0.0,5.808056,derived_pre_accident_until=5.792;weak_negative=true,/autodl-fs/data/traffic_accident_rnd/ACCIDENT_mmaction_clips/full/train/NxY_zN9UWqA_00__pre_event_non_accident.mp4,train,full
NxY_zN9UWqA_00__accident,NxY_zN9UWqA_00,/autodl-fs/data/traffic_accident_rnd/ACCIDENT_dataset/real_videos/NxY_zN9UWqA_00.mp4,ACCIDENT-real,single,accident,1,weak_clip_event_window,accident_window,30.041667,14.979196,450,960,720,train,Virginia,Virginia::highway,NxY_zN9UWqA_00,102,192,6.809444,12.817778,accident_time=8.792;type=single;weak_clip=true,/autodl-fs/data/traffic_accident_rnd/ACCIDENT_mmaction_clips/full/train/NxY_zN9UWqA_00__accident.mp4,train,full
NyKEneNoK54_00__accident,NyKEneNoK54_00,/autodl-fs/data/traffic_accident_rnd/ACCIDENT_dataset/real_videos/NyKEneNoK54_00.mp4,ACCIDENT-real,rear-end,accident,1,weak_clip_event_window,accident_window,30.083333,14.925208,449,960,720,train,Virginia,Virginia::highway,NyKEneNoK54_00,0,74,0.0,4.958055,accident_time=0.958;type=rear-end;weak_clip=true,/autodl-fs/data/traffic_accident_rnd/ACCIDENT_mmaction_clips/full/train/NyKEneNoK54_00__accident.mp4,train,full
O1AHOHWpTv8_00__pre_event_non_accident,O1AHOHWpTv8_00,/autodl-fs/data/traffic_accident_rnd/ACCIDENT_dataset/real_videos/O1AHOHWpTv8_00.mp4,ACCIDENT-real,sideswipe,non_accident,0,weak_clip_pre_event,pre_event_non_accident,11.56,17.560554,203,1920,1080,train,Iowa,Iowa::highway,O1AHOHWpTv8_00,0,61,0.0,3.473695,derived_pre_accident_until=3.480;weak_negative=true,/autodl-fs/data/traffic_accident_rnd/ACCIDENT_mmaction_clips/full/train/O1AHOHWpTv8_00__pre_event_non_accident.mp4,train,full
O1AHOHWpTv8_00__accident,O1AHOHWpTv8_00,/autodl-fs/data/traffic_accident_rnd/ACCIDENT_dataset/real_videos/O1AHOHWpTv8_00.mp4,ACCIDENT-real,sideswipe,accident,1,weak_clip_event_window,accident_window,11.56,17.560554,203,1920,1080,train,Iowa,Iowa::highway,O1AHOHWpTv8_00,79,184,4.498719,10.47803,accident_time=6.48;type=sideswipe;weak_clip=true,/autodl-fs/data/traffic_accident_rnd/ACCIDENT_mmaction_clips/full/train/O1AHOHWpTv8_00__accident.mp4,train,full
O8x8fTbKfQo_00__pre_event_non_accident,O8x8fTbKfQo_00,/autodl-fs/data/traffic_accident_rnd/ACCIDENT_dataset/real_videos/O8x8fTbKfQo_00.mp4,ACCIDENT-real,single,non_accident,0,weak_clip_pre_event,pre_event_non_accident,29.958333,10.013908,300,960,720,train,Virginia,Virginia::highway,O8x8fTbKfQo_00,0,28,0.0,2.796111,derived_pre_accident_until=2.833;weak_negative=true,/autodl-fs/data/traffic_accident_rnd/ACCIDENT_mmaction_clips/full/train/O8x8fTbKfQo_00__pre_event_non_accident.mp4,train,full
O8x8fTbKfQo_00__accident,O8x8fTbKfQo_00,/autodl-fs/data/traffic_accident_rnd/ACCIDENT_dataset/real_videos/O8x8fTbKfQo_00.mp4,ACCIDENT-real,single,accident,1,weak_clip_event_window,accident_window,29.958333,10.013908,300,960,720,train,Virginia,Virginia::highway,O8x8fTbKfQo_00,38,98,3.794722,9.786389,accident_time=5.833333;type=single;weak_clip=true,/autodl-fs/data/traffic_accident_rnd/ACCIDENT_mmaction_clips/full/train/O8x8fTbKfQo_00__accident.mp4,train,full
ODXaUnji7LI_00__pre_event_non_accident,ODXaUnji7LI_00,/autodl-fs/data/traffic_accident_rnd/ACCIDENT_dataset/real_videos/ODXaUnji7LI_00.mp4,ACCIDENT-real,single,non_accident,0,weak_clip_pre_event,pre_event_non_accident,29.964286,17.287247,518,1280,720,train,Seattle,Seattle::signalized_intersection,ODXaUnji7LI_00,0,40,0.0,2.313844,derived_pre_accident_until=2.286;weak_negative=true,/autodl-fs/data/traffic_accident_rnd/ACCIDENT_mmaction_clips/full/train/ODXaUnji7LI_00__pre_event_non_accident.mp4,train,full
ODXaUnji7LI_00__accident,ODXaUnji7LI_00,/autodl-fs/data/traffic_accident_rnd/ACCIDENT_dataset/real_videos/ODXaUnji7LI_00.mp4,ACCIDENT-real,single,accident,1,weak_clip_event_window,accident_window,29.964286,17.287247,518,1280,720,train,Seattle,Seattle::signalized_intersection,ODXaUnji7LI_00,56,160,3.239382,9.255378,accident_time=5.2857140000000005;type=single;weak_clip=true,/autodl-fs/data/traffic_accident_rnd/ACCIDENT_mmaction_clips/full/train/ODXaUnji7LI_00__accident.mp4,train,full
OdgIl355A80_00__pre_event_non_accident,OdgIl355A80_00,/autodl-fs/data/traffic_accident_rnd/ACCIDENT_dataset/real_videos/OdgIl355A80_00.mp4,ACCIDENT-real,rear-end,non_accident,0,weak_clip_pre_event,pre_event_non_accident,7.125,15.017544,107,1056,720,train,Louisiana,Louisiana::highway,OdgIl355A80_00,0,24,0.0,1.598131,derived_pre_accident_until=1.583;weak_negative=true,/autodl-fs/data/traffic_accident_rnd/ACCIDENT_mmaction_clips/full/train/OdgIl355A80_00__pre_event_non_accident.mp4,train,full
OdgIl355A80_00__accident,OdgIl355A80_00,/autodl-fs/data/traffic_accident_rnd/ACCIDENT_dataset/real_videos/OdgIl355A80_00.mp4,ACCIDENT-real,rear-end,accident,1,weak_clip_event_window,accident_window,7.125,15.017544,107,1056,720,train,Louisiana,Louisiana::highway,OdgIl355A80_00,39,107,2.596963,7.125,accident_time=4.583333;type=rear-end;weak_clip=true,/autodl-fs/data/traffic_accident_rnd/ACCIDENT_mmaction_clips/full/train/OdgIl355A80_00__accident.mp4,train,full
OehnhIPFm4Q_00__accident,OehnhIPFm4Q_00,/autodl-fs/data/traffic_accident_rnd/ACCIDENT_dataset/real_videos/OehnhIPFm4Q_00.mp4,ACCIDENT-real,single,accident,1,weak_clip_event_window,accident_window,4.92,20.121951,99,1920,1080,train,UAE,UAE::highway,OehnhIPFm4Q_00,25,99,1.242424,4.92,accident_time=3.2399999999999998;type=single;weak_clip=true,/autodl-fs/data/traffic_accident_rnd/ACCIDENT_mmaction_clips/full/train/OehnhIPFm4Q_00__accident.mp4,train,full
OehnhIPFm4Q_03__pre_event_non_accident,OehnhIPFm4Q_03,/autodl-fs/data/traffic_accident_rnd/ACCIDENT_dataset/real_videos/OehnhIPFm4Q_03.mp4,ACCIDENT-real,single,non_accident,0,weak_clip_pre_event,pre_event_non_accident,6.0,25.0,150,1920,1080,train,UAE,UAE::highway,OehnhIPFm4Q_03,0,28,0.0,1.12,derived_pre_accident_until=1.120;weak_negative=true,/autodl-fs/data/traffic_accident_rnd/ACCIDENT_mmaction_clips/full/train/OehnhIPFm4Q_03__pre_event_non_accident.mp4,train,full
OehnhIPFm4Q_03__accident,OehnhIPFm4Q_03,/autodl-fs/data/traffic_accident_rnd/ACCIDENT_dataset/real_videos/OehnhIPFm4Q_03.mp4,ACCIDENT-real,single,accident,1,weak_clip_event_window,accident_window,6.0,25.0,150,1920,1080,train,UAE,UAE::highway,OehnhIPFm4Q_03,53,150,2.12,6.0,accident_time=4.12;type=single;weak_clip=true,/autodl-fs/data/traffic_accident_rnd/ACCIDENT_mmaction_clips/full/train/OehnhIPFm4Q_03__accident.mp4,train,full
OlyJb8yf1dI_00__pre_event_non_accident,OlyJb8yf1dI_00,/autodl-fs/data/traffic_accident_rnd/ACCIDENT_dataset/real_videos/OlyJb8yf1dI_00.mp4,ACCIDENT-real,sideswipe,non_accident,0,weak_clip_pre_event,pre_event_non_accident,30.1,14.950166,450,1440,1080,train,Tennessee,Tennessee::highway,OlyJb8yf1dI_00,0,81,0.0,5.418,derived_pre_accident_until=5.400;weak_negative=true,/autodl-fs/data/traffic_accident_rnd/ACCIDENT_mmaction_clips/full/train/OlyJb8yf1dI_00__pre_event_non_accident.mp4,train,full
OlyJb8yf1dI_00__accident,OlyJb8yf1dI_00,/autodl-fs/data/traffic_accident_rnd/ACCIDENT_dataset/real_videos/OlyJb8yf1dI_00.mp4,ACCIDENT-real,sideswipe,accident,1,weak_clip_event_window,accident_window,30.1,14.950166,450,1440,1080,train,Tennessee,Tennessee::highway,OlyJb8yf1dI_00,96,186,6.421333,12.441333,accident_time=8.4;type=sideswipe;weak_clip=true,/autodl-fs/data/traffic_accident_rnd/ACCIDENT_mmaction_clips/full/train/OlyJb8yf1dI_00__accident.mp4,train,full
P4oEdSFJvfU_00__accident,P4oEdSFJvfU_00,/autodl-fs/data/traffic_accident_rnd/ACCIDENT_dataset/real_videos/P4oEdSFJvfU_00.mp4,ACCIDENT-real,rear-end,accident,1,weak_clip_event_window,accident_window,24.375,15.015385,366,1080,720,train,Alabama,Alabama::highway,P4oEdSFJvfU_00,0,67,0.0,4.46209,accident_time=0.45899999999999963;type=rear-end;weak_clip=true,/autodl-fs/data/traffic_accident_rnd/ACCIDENT_mmaction_clips/full/train/P4oEdSFJvfU_00__accident.mp4,train,full
P74ieG--On8_00__pre_event_non_accident,P74ieG--On8_00,/autodl-fs/data/traffic_accident_rnd/ACCIDENT_dataset/real_videos/P74ieG--On8_00.mp4,ACCIDENT-real,single,non_accident,0,weak_clip_pre_event,pre_event_non_accident,15.592711,15.071145,235,2400,1080,train,Georgia,Georgia::highway,P74ieG--On8_00,0,25,0.0,1.658799,derived_pre_accident_until=1.634;weak_negative=true,/autodl-fs/data/traffic_accident_rnd/ACCIDENT_mmaction_clips/full/train/P74ieG--On8_00__pre_event_non_accident.mp4,train,full
P74ieG--On8_00__accident,P74ieG--On8_00,/autodl-fs/data/traffic_accident_rnd/ACCIDENT_dataset/real_videos/P74ieG--On8_00.mp4,ACCIDENT-real,single,accident,1,weak_clip_event_window,accident_window,15.592711,15.071145,235,2400,1080,train,Georgia,Georgia::highway,P74ieG--On8_00,40,130,2.654078,8.625755,accident_time=4.634;type=single;weak_clip=true,/autodl-fs/data/traffic_accident_rnd/ACCIDENT_mmaction_clips/full/train/P74ieG--On8_00__accident.mp4,train,full
P7BOK9E4kS8_00__pre_event_non_accident,P7BOK9E4kS8_00,/autodl-fs/data/traffic_accident_rnd/ACCIDENT_dataset/real_videos/P7BOK9E4kS8_00.mp4,ACCIDENT-real,sideswipe,non_accident,0,weak_clip_pre_event,pre_event_non_accident,30.041667,14.979196,450,1056,720,train,Louisiana,Louisiana::highway,P7BOK9E4kS8_00,0,59,0.0,3.938796,derived_pre_accident_until=3.958;weak_negative=true,/autodl-fs/data/traffic_accident_rnd/ACCIDENT_mmaction_clips/full/train/P7BOK9E4kS8_00__pre_event_non_accident.mp4,train,full
P7BOK9E4kS8_00__accident,P7BOK9E4kS8_00,/autodl-fs/data/traffic_accident_rnd/ACCIDENT_dataset/real_videos/P7BOK9E4kS8_00.mp4,ACCIDENT-real,sideswipe,accident,1,weak_clip_event_window,accident_window,30.041667,14.979196,450,1056,720,train,Louisiana,Louisiana::highway,P7BOK9E4kS8_00,74,164,4.940185,10.948519,accident_time=6.958333;type=sideswipe;weak_clip=true,/autodl-fs/data/traffic_accident_rnd/ACCIDENT_mmaction_clips/full/train/P7BOK9E4kS8_00__accident.mp4,train,full
PAuYsJns-Fc_00__pre_event_non_accident,PAuYsJns-Fc_00,/autodl-fs/data/traffic_accident_rnd/ACCIDENT_dataset/real_videos/PAuYsJns-Fc_00.mp4,ACCIDENT-real,single,non_accident,0,weak_clip_pre_event,pre_event_non_accident,30.066667,7.982262,240,1920,1080,train,Arkansas,Arkansas::highway,PAuYsJns-Fc_00,0,73,0.0,9.145278,derived_pre_accident_until=9.200;weak_negative=true,/autodl-fs/data/traffic_accident_rnd/ACCIDENT_mmaction_clips/full/train/PAuYsJns-Fc_00__pre_event_non_accident.mp4,train,full
PAuYsJns-Fc_00__accident,PAuYsJns-Fc_00,/autodl-fs/data/traffic_accident_rnd/ACCIDENT_dataset/real_videos/PAuYsJns-Fc_00.mp4,ACCIDENT-real,single,accident,1,weak_clip_event_window,accident_window,30.066667,7.982262,240,1920,1080,train,Arkansas,Arkansas::highway,PAuYsJns-Fc_00,81,129,10.1475,16.160833,accident_time=12.2;type=single;weak_clip=true,/autodl-fs/data/traffic_accident_rnd/ACCIDENT_mmaction_clips/full/train/PAuYsJns-Fc_00__accident.mp4,train,full
PF5pVn8N9wA_11_00__accident,PF5pVn8N9wA_11_00,/autodl-fs/data/traffic_accident_rnd/ACCIDENT_dataset/real_videos/PF5pVn8N9wA_11_00.mp4,ACCIDENT-real,head-on,accident,1,weak_clip_event_window,accident_window,7.745819,24.658463,191,1280,720,train,World,World::city_street,PF5pVn8N9wA_11_00,10,158,0.40554,6.407536,accident_time=2.408027;type=head-on;weak_clip=true,/autodl-fs/data/traffic_accident_rnd/ACCIDENT_mmaction_clips/full/train/PF5pVn8N9wA_11_00__accident.mp4,train,full
PNXLwYc7TFo_00__pre_event_non_accident,PNXLwYc7TFo_00,/autodl-fs/data/traffic_accident_rnd/ACCIDENT_dataset/real_videos/PNXLwYc7TFo_00.mp4,ACCIDENT-real,rear-end,non_accident,0,weak_clip_pre_event,pre_event_non_accident,15.433333,14.967603,231,1280,720,train,Alabama,Alabama::highway,PNXLwYc7TFo_00,0,58,0.0,3.875036,derived_pre_accident_until=3.867;weak_negative=true,/autodl-fs/data/traffic_accident_rnd/ACCIDENT_mmaction_clips/full/train/PNXLwYc7TFo_00__pre_event_non_accident.mp4,train,full
PNXLwYc7TFo_00__accident,PNXLwYc7TFo_00,/autodl-fs/data/traffic_accident_rnd/ACCIDENT_dataset/real_videos/PNXLwYc7TFo_00.mp4,ACCIDENT-real,rear-end,accident,1,weak_clip_event_window,accident_window,15.433333,14.967603,231,1280,720,train,Alabama,Alabama::highway,PNXLwYc7TFo_00,73,163,4.877201,10.890188,accident_time=6.867;type=rear-end;weak_clip=true,/autodl-fs/data/traffic_accident_rnd/ACCIDENT_mmaction_clips/full/train/PNXLwYc7TFo_00__accident.mp4,train,full
QeZz4_zmy1I_00__accident,QeZz4_zmy1I_00,/autodl-fs/data/traffic_accident_rnd/ACCIDENT_dataset/real_videos/QeZz4_zmy1I_00.mp4,ACCIDENT-real,rear-end,accident,1,weak_clip_event_window,accident_window,21.541667,10.027079,216,1056,720,train,Florida,Florida::highway,QeZz4_zmy1I_00,0,54,0.0,5.385417,accident_time=1.4169999999999998;type=rear-end;weak_clip=true,/autodl-fs/data/traffic_accident_rnd/ACCIDENT_mmaction_clips/full/train/QeZz4_zmy1I_00__accident.mp4,train,full
Qi7voHChFxk_00__accident,Qi7voHChFxk_00,/autodl-fs/data/traffic_accident_rnd/ACCIDENT_dataset/real_videos/Qi7voHChFxk_00.mp4,ACCIDENT-real,single,accident,1,weak_clip_event_window,accident_window,6.333333,14.842105,94,1080,720,train,Tennessee,Tennessee::highway,Qi7voHChFxk_00,13,94,0.875887,6.333333,accident_time=2.917;type=single;weak_clip=true,/autodl-fs/data/traffic_accident_rnd/ACCIDENT_mmaction_clips/full/train/Qi7voHChFxk_00__accident.mp4,train,full
QiRO0xdhcdY_00__pre_event_non_accident,QiRO0xdhcdY_00,/autodl-fs/data/traffic_accident_rnd/ACCIDENT_dataset/real_videos/QiRO0xdhcdY_00.mp4,ACCIDENT-real,sideswipe,non_accident,0,weak_clip_pre_event,pre_event_non_accident,30.066667,14.933481,449,1584,1080,train,Wisconsin,Wisconsin::highway,QiRO0xdhcdY_00,0,91,0.0,6.09369,derived_pre_accident_until=6.067;weak_negative=true,/autodl-fs/data/traffic_accident_rnd/ACCIDENT_mmaction_clips/full/train/QiRO0xdhcdY_00__pre_event_non_accident.mp4,train,full
QiRO0xdhcdY_00__accident,QiRO0xdhcdY_00,/autodl-fs/data/traffic_accident_rnd/ACCIDENT_dataset/real_videos/QiRO0xdhcdY_00.mp4,ACCIDENT-real,sideswipe,accident,1,weak_clip_event_window,accident_window,30.066667,14.933481,449,1584,1080,train,Wisconsin,Wisconsin::highway,QiRO0xdhcdY_00,105,195,7.03118,13.057906,accident_time=9.067;type=sideswipe;weak_clip=true,/autodl-fs/data/traffic_accident_rnd/ACCIDENT_mmaction_clips/full/train/QiRO0xdhcdY_00__accident.mp4,train,full
R9u_i3M7YYA_00__pre_event_non_accident,R9u_i3M7YYA_00,/autodl-fs/data/traffic_accident_rnd/ACCIDENT_dataset/real_videos/R9u_i3M7YYA_00.mp4,ACCIDENT-real,single,non_accident,0,weak_clip_pre_event,pre_event_non_accident,24.833333,14.979866,372,1920,1080,train,Virginia,Virginia::highway,R9u_i3M7YYA_00,0,36,0.0,2.403226,derived_pre_accident_until=2.433;weak_negative=true,/autodl-fs/data/traffic_accident_rnd/ACCIDENT_mmaction_clips/full/train/R9u_i3M7YYA_00__pre_event_non_accident.mp4,train,full
R9u_i3M7YYA_00__accident,R9u_i3M7YYA_00,/autodl-fs/data/traffic_accident_rnd/ACCIDENT_dataset/real_videos/R9u_i3M7YYA_00.mp4,ACCIDENT-real,single,accident,1,weak_clip_event_window,accident_window,24.833333,14.979866,372,1920,1080,train,Virginia,Virginia::highway,R9u_i3M7YYA_00,51,141,3.40457,9.412634,accident_time=5.433;type=single;weak_clip=true,/autodl-fs/data/traffic_accident_rnd/ACCIDENT_mmaction_clips/full/train/R9u_i3M7YYA_00__accident.mp4,train,full
RHwcGsU3d08_00__pre_event_non_accident,RHwcGsU3d08_00,/autodl-fs/data/traffic_accident_rnd/ACCIDENT_dataset/real_videos/RHwcGsU3d08_00.mp4,ACCIDENT-real,sideswipe,non_accident,0,weak_clip_pre_event,pre_event_non_accident,29.958333,15.020862,450,960,720,train,Virginia,Virginia::highway,RHwcGsU3d08_00,0,37,0.0,2.463241,derived_pre_accident_until=2.458;weak_negative=true,/autodl-fs/data/traffic_accident_rnd/ACCIDENT_mmaction_clips/full/train/RHwcGsU3d08_00__pre_event_non_accident.mp4,train,full
RHwcGsU3d08_00__accident,RHwcGsU3d08_00,/autodl-fs/data/traffic_accident_rnd/ACCIDENT_dataset/real_videos/RHwcGsU3d08_00.mp4,ACCIDENT-real,sideswipe,accident,1,weak_clip_event_window,accident_window,29.958333,15.020862,450,960,720,train,Virginia,Virginia::highway,RHwcGsU3d08_00,52,142,3.461852,9.453519,accident_time=5.458333;type=sideswipe;weak_clip=true,/autodl-fs/data/traffic_accident_rnd/ACCIDENT_mmaction_clips/full/train/RHwcGsU3d08_00__accident.mp4,train,full
SBIUNqe_XTk_00__pre_event_non_accident,SBIUNqe_XTk_00,/autodl-fs/data/traffic_accident_rnd/ACCIDENT_dataset/real_videos/SBIUNqe_XTk_00.mp4,ACCIDENT-real,single,non_accident,0,weak_clip_pre_event,pre_event_non_accident,29.966667,15.083426,452,720,480,train,Alabama,Alabama::grade_separated_intersection,SBIUNqe_XTk_00,0,37,0.0,2.453024,derived_pre_accident_until=2.467;weak_negative=true,/autodl-fs/data/traffic_accident_rnd/ACCIDENT_mmaction_clips/full/train/SBIUNqe_XTk_00__pre_event_non_accident.mp4,train,full
SBIUNqe_XTk_00__accident,SBIUNqe_XTk_00,/autodl-fs/data/traffic_accident_rnd/ACCIDENT_dataset/real_videos/SBIUNqe_XTk_00.mp4,ACCIDENT-real,single,accident,1,weak_clip_event_window,accident_window,29.966667,15.083426,452,720,480,train,Alabama,Alabama::grade_separated_intersection,SBIUNqe_XTk_00,52,142,3.447493,9.414307,accident_time=5.467;type=single;weak_clip=true,/autodl-fs/data/traffic_accident_rnd/ACCIDENT_mmaction_clips/full/train/SBIUNqe_XTk_00__accident.mp4,train,full
SBTD7z4A1y8_00__accident,SBTD7z4A1y8_00,/autodl-fs/data/traffic_accident_rnd/ACCIDENT_dataset/real_videos/SBTD7z4A1y8_00.mp4,ACCIDENT-real,head-on,accident,1,weak_clip_event_window,accident_window,30.066667,29.933481,900,1920,1080,train,Seattle,Seattle::signalized_intersection,SBTD7z4A1y8_00,0,168,0.0,5.612444,accident_time=1.6;type=head-on;weak_clip=true,/autodl-fs/data/traffic_accident_rnd/ACCIDENT_mmaction_clips/full/train/SBTD7z4A1y8_00__accident.mp4,train,full
SVcqRcsvGak_00__pre_event_non_accident,SVcqRcsvGak_00,/autodl-fs/data/traffic_accident_rnd/ACCIDENT_dataset/real_videos/SVcqRcsvGak_00.mp4,ACCIDENT-real,sideswipe,non_accident,0,weak_clip_pre_event,pre_event_non_accident,30.041667,14.979196,450,960,720,train,Virginia,Virginia::highway,SVcqRcsvGak_00,0,46,0.0,3.070926,derived_pre_accident_until=3.042;weak_negative=true,/autodl-fs/data/traffic_accident_rnd/ACCIDENT_mmaction_clips/full/train/SVcqRcsvGak_00__pre_event_non_accident.mp4,train,full
SVcqRcsvGak_00__accident,SVcqRcsvGak_00,/autodl-fs/data/traffic_accident_rnd/ACCIDENT_dataset/real_videos/SVcqRcsvGak_00.mp4,ACCIDENT-real,sideswipe,accident,1,weak_clip_event_window,accident_window,30.041667,14.979196,450,960,720,train,Virginia,Virginia::highway,SVcqRcsvGak_00,61,151,4.072315,10.080648,accident_time=6.042;type=sideswipe;weak_clip=true,/autodl-fs/data/traffic_accident_rnd/ACCIDENT_mmaction_clips/full/train/SVcqRcsvGak_00__accident.mp4,train,full
Sv7nUzdTUDo_00__pre_event_non_accident,Sv7nUzdTUDo_00,/autodl-fs/data/traffic_accident_rnd/ACCIDENT_dataset/real_videos/Sv7nUzdTUDo_00.mp4,ACCIDENT-real,single,non_accident,0,weak_clip_pre_event,pre_event_non_accident,23.0625,14.95935,345,2400,1080,train,Virginia,Virginia::highway,Sv7nUzdTUDo_00,0,69,0.0,4.6125,derived_pre_accident_until=4.625;weak_negative=true,/autodl-fs/data/traffic_accident_rnd/ACCIDENT_mmaction_clips/full/train/Sv7nUzdTUDo_00__pre_event_non_accident.mp4,train,full
Sv7nUzdTUDo_00__accident,Sv7nUzdTUDo_00,/autodl-fs/data/traffic_accident_rnd/ACCIDENT_dataset/real_videos/Sv7nUzdTUDo_00.mp4,ACCIDENT-real,single,accident,1,weak_clip_event_window,accident_window,23.0625,14.95935,345,2400,1080,train,Virginia,Virginia::highway,Sv7nUzdTUDo_00,84,174,5.615217,11.631522,accident_time=7.625;type=single;weak_clip=true,/autodl-fs/data/traffic_accident_rnd/ACCIDENT_mmaction_clips/full/train/Sv7nUzdTUDo_00__accident.mp4,train,full
SvX1Ifafid0_00__accident,SvX1Ifafid0_00,/autodl-fs/data/traffic_accident_rnd/ACCIDENT_dataset/real_videos/SvX1Ifafid0_00.mp4,ACCIDENT-real,sideswipe,accident,1,weak_clip_event_window,accident_window,22.541667,14.950092,337,960,720,train,Virginia,Virginia::highway,SvX1Ifafid0_00,6,96,0.401335,6.421365,accident_time=2.375;type=sideswipe;weak_clip=true,/autodl-fs/data/traffic_accident_rnd/ACCIDENT_mmaction_clips/full/train/SvX1Ifafid0_00__accident.mp4,train,full
T1WbCBVGCHg_0_00__pre_event_non_accident,T1WbCBVGCHg_0_00,/autodl-fs/data/traffic_accident_rnd/ACCIDENT_dataset/real_videos/T1WbCBVGCHg_0_00.mp4,ACCIDENT-real,t-bone,non_accident,0,weak_clip_pre_event,pre_event_non_accident,12.12,23.59736,286,1280,720,train,World,World::highway,T1WbCBVGCHg_0_00,0,81,0.0,3.432587,derived_pre_accident_until=3.440;weak_negative=true,/autodl-fs/data/traffic_accident_rnd/ACCIDENT_mmaction_clips/full/train/T1WbCBVGCHg_0_00__pre_event_non_accident.mp4,train,full
T1WbCBVGCHg_0_00__accident,T1WbCBVGCHg_0_00,/autodl-fs/data/traffic_accident_rnd/ACCIDENT_dataset/real_videos/T1WbCBVGCHg_0_00.mp4,ACCIDENT-real,t-bone,accident,1,weak_clip_event_window,accident_window,12.12,23.59736,286,1280,720,train,World,World::highway,T1WbCBVGCHg_0_00,105,246,4.44965,10.424895,accident_time=6.44;type=t-bone;weak_clip=true,/autodl-fs/data/traffic_accident_rnd/ACCIDENT_mmaction_clips/full/train/T1WbCBVGCHg_0_00__accident.mp4,train,full
T1WbCBVGCHg_12_00__pre_event_non_accident,T1WbCBVGCHg_12_00,/autodl-fs/data/traffic_accident_rnd/ACCIDENT_dataset/real_videos/T1WbCBVGCHg_12_00.mp4,ACCIDENT-real,single,non_accident,0,weak_clip_pre_event,pre_event_non_accident,15.92,23.052764,367,1280,720,train,World,World::highway,T1WbCBVGCHg_12_00,0,96,0.0,4.16436,derived_pre_accident_until=4.160;weak_negative=true,/autodl-fs/data/traffic_accident_rnd/ACCIDENT_mmaction_clips/full/train/T1WbCBVGCHg_12_00__pre_event_non_accident.mp4,train,full
T1WbCBVGCHg_12_00__accident,T1WbCBVGCHg_12_00,/autodl-fs/data/traffic_accident_rnd/ACCIDENT_dataset/real_videos/T1WbCBVGCHg_12_00.mp4,ACCIDENT-real,single,accident,1,weak_clip_event_window,accident_window,15.92,23.052764,367,1280,720,train,World,World::highway,T1WbCBVGCHg_12_00,119,257,5.162071,11.148338,accident_time=7.16;type=single;weak_clip=true,/autodl-fs/data/traffic_accident_rnd/ACCIDENT_mmaction_clips/full/train/T1WbCBVGCHg_12_00__accident.mp4,train,full
T1WbCBVGCHg_8_00__pre_event_non_accident,T1WbCBVGCHg_8_00,/autodl-fs/data/traffic_accident_rnd/ACCIDENT_dataset/real_videos/T1WbCBVGCHg_8_00.mp4,ACCIDENT-real,t-bone,non_accident,0,weak_clip_pre_event,pre_event_non_accident,21.92,17.883212,392,1280,720,train,World,World::highway,T1WbCBVGCHg_8_00,0,78,0.0,4.361633,derived_pre_accident_until=4.360;weak_negative=true,/autodl-fs/data/traffic_accident_rnd/ACCIDENT_mmaction_clips/full/train/T1WbCBVGCHg_8_00__pre_event_non_accident.mp4,train,full
T1WbCBVGCHg_8_00__accident,T1WbCBVGCHg_8_00,/autodl-fs/data/traffic_accident_rnd/ACCIDENT_dataset/real_videos/T1WbCBVGCHg_8_00.mp4,ACCIDENT-real,t-bone,accident,1,weak_clip_event_window,accident_window,21.92,17.883212,392,1280,720,train,World,World::highway,T1WbCBVGCHg_8_00,96,204,5.368163,11.407347,accident_time=7.36;type=t-bone;weak_clip=true,/autodl-fs/data/traffic_accident_rnd/ACCIDENT_mmaction_clips/full/train/T1WbCBVGCHg_8_00__accident.mp4,train,full
TAx0an0Jo84_00__pre_event_non_accident,TAx0an0Jo84_00,/autodl-fs/data/traffic_accident_rnd/ACCIDENT_dataset/real_videos/TAx0an0Jo84_00.mp4,ACCIDENT-real,single,non_accident,0,weak_clip_pre_event,pre_event_non_accident,30.0,15.066667,452,1080,720,train,Alabama,Alabama::highway,TAx0an0Jo84_00,0,35,0.0,2.323009,derived_pre_accident_until=2.333;weak_negative=true,/autodl-fs/data/traffic_accident_rnd/ACCIDENT_mmaction_clips/full/train/TAx0an0Jo84_00__pre_event_non_accident.mp4,train,full
TAx0an0Jo84_00__accident,TAx0an0Jo84_00,/autodl-fs/data/traffic_accident_rnd/ACCIDENT_dataset/real_videos/TAx0an0Jo84_00.mp4,ACCIDENT-real,single,accident,1,weak_clip_event_window,accident_window,30.0,15.066667,452,1080,720,train,Alabama,Alabama::highway,TAx0an0Jo84_00,50,140,3.318584,9.292035,accident_time=5.333;type=single;weak_clip=true,/autodl-fs/data/traffic_accident_rnd/ACCIDENT_mmaction_clips/full/train/TAx0an0Jo84_00__accident.mp4,train,full
THjJUsS8MXk_00__pre_event_non_accident,THjJUsS8MXk_00,/autodl-fs/data/traffic_accident_rnd/ACCIDENT_dataset/real_videos/THjJUsS8MXk_00.mp4,ACCIDENT-real,rear-end,non_accident,0,weak_clip_pre_event,pre_event_non_accident,30.033333,15.016648,451,1620,1080,train,Virginia,Virginia::highway,THjJUsS8MXk_00,0,60,0.0,3.995565,derived_pre_accident_until=4.000;weak_negative=true,/autodl-fs/data/traffic_accident_rnd/ACCIDENT_mmaction_clips/full/train/THjJUsS8MXk_00__pre_event_non_accident.mp4,train,full
THjJUsS8MXk_00__accident,THjJUsS8MXk_00,/autodl-fs/data/traffic_accident_rnd/ACCIDENT_dataset/real_videos/THjJUsS8MXk_00.mp4,ACCIDENT-real,rear-end,accident,1,weak_clip_event_window,accident_window,30.033333,15.016648,451,1620,1080,train,Virginia,Virginia::highway,THjJUsS8MXk_00,75,165,4.994457,10.987805,accident_time=7.0;type=rear-end;weak_clip=true,/autodl-fs/data/traffic_accident_rnd/ACCIDENT_mmaction_clips/full/train/THjJUsS8MXk_00__accident.mp4,train,full
T_MwU0oQIBs_0_00__accident,T_MwU0oQIBs_0_00,/autodl-fs/data/traffic_accident_rnd/ACCIDENT_dataset/real_videos/T_MwU0oQIBs_0_00.mp4,ACCIDENT-real,t-bone,accident,1,weak_clip_event_window,accident_window,4.7047,15.091292,71,1280,720,train,World,World::simple_intersection,T_MwU0oQIBs_0_00,0,71,0.0,4.7047,accident_time=1.6016;type=t-bone;weak_clip=true,/autodl-fs/data/traffic_accident_rnd/ACCIDENT_mmaction_clips/full/train/T_MwU0oQIBs_0_00__accident.mp4,train,full
Tbl7dpfeXl8_00__pre_event_non_accident,Tbl7dpfeXl8_00,/autodl-fs/data/traffic_accident_rnd/ACCIDENT_dataset/real_videos/Tbl7dpfeXl8_00.mp4,ACCIDENT-real,rear-end,non_accident,0,weak_clip_pre_event,pre_event_non_accident,29.666667,12.910112,383,320,240,train,Virginia,Virginia::highway,Tbl7dpfeXl8_00,0,178,0.0,13.787641,derived_pre_accident_until=13.800;weak_negative=true,/autodl-fs/data/traffic_accident_rnd/ACCIDENT_mmaction_clips/full/train/Tbl7dpfeXl8_00__pre_event_non_accident.mp4,train,full
Tbl7dpfeXl8_00__accident,Tbl7dpfeXl8_00,/autodl-fs/data/traffic_accident_rnd/ACCIDENT_dataset/real_videos/Tbl7dpfeXl8_00.mp4,ACCIDENT-real,rear-end,accident,1,weak_clip_event_window,accident_window,29.666667,12.910112,383,320,240,train,Virginia,Virginia::highway,Tbl7dpfeXl8_00,191,269,14.794604,20.836379,accident_time=16.799999999999997;type=rear-end;weak_clip=true,/autodl-fs/data/traffic_accident_rnd/ACCIDENT_mmaction_clips/full/train/Tbl7dpfeXl8_00__accident.mp4,train,full
TilBcBFe1gc_00__pre_event_non_accident,TilBcBFe1gc_00,/autodl-fs/data/traffic_accident_rnd/ACCIDENT_dataset/real_videos/TilBcBFe1gc_00.mp4,ACCIDENT-real,head-on,non_accident,0,weak_clip_pre_event,pre_event_non_accident,30.0,19.366667,581,1280,720,train,Seattle,Seattle::signalized_intersection,TilBcBFe1gc_00,0,35,0.0,1.807229,derived_pre_accident_until=1.792;weak_negative=true,/autodl-fs/data/traffic_accident_rnd/ACCIDENT_mmaction_clips/full/train/TilBcBFe1gc_00__pre_event_non_accident.mp4,train,full
TilBcBFe1gc_00__accident,TilBcBFe1gc_00,/autodl-fs/data/traffic_accident_rnd/ACCIDENT_dataset/real_videos/TilBcBFe1gc_00.mp4,ACCIDENT-real,head-on,accident,1,weak_clip_event_window,accident_window,30.0,19.366667,581,1280,720,train,Seattle,Seattle::signalized_intersection,TilBcBFe1gc_00,54,170,2.788296,8.777969,accident_time=4.792;type=head-on;weak_clip=true,/autodl-fs/data/traffic_accident_rnd/ACCIDENT_mmaction_clips/full/train/TilBcBFe1gc_00__accident.mp4,train,full
TqwcLiIQq3A_3_00__pre_event_non_accident,TqwcLiIQq3A_3_00,/autodl-fs/data/traffic_accident_rnd/ACCIDENT_dataset/real_videos/TqwcLiIQq3A_3_00.mp4,ACCIDENT-real,t-bone,non_accident,0,weak_clip_pre_event,pre_event_non_accident,98.364933,9.66808,951,480,360,train,World,World::signalized_intersection,TqwcLiIQq3A_3_00,0,851,0.0,88.021618,derived_pre_accident_until=88.024;weak_negative=true,/autodl-fs/data/traffic_accident_rnd/ACCIDENT_mmaction_clips/full/train/TqwcLiIQq3A_3_00__pre_event_non_accident.mp4,train,full
TqwcLiIQq3A_3_00__accident,TqwcLiIQq3A_3_00,/autodl-fs/data/traffic_accident_rnd/ACCIDENT_dataset/real_videos/TqwcLiIQq3A_3_00.mp4,ACCIDENT-real,t-bone,accident,1,weak_clip_event_window,accident_window,98.364933,9.66808,951,480,360,train,World,World::signalized_intersection,TqwcLiIQq3A_3_00,861,919,89.055949,95.055072,accident_time=91.024267;type=t-bone;weak_clip=true,/autodl-fs/data/traffic_accident_rnd/ACCIDENT_mmaction_clips/full/train/TqwcLiIQq3A_3_00__accident.mp4,train,full
TvPX5q1VvE0_0_00__pre_event_non_accident,TvPX5q1VvE0_0_00,/autodl-fs/data/traffic_accident_rnd/ACCIDENT_dataset/real_videos/TvPX5q1VvE0_0_00.mp4,ACCIDENT-real,rear-end,non_accident,0,weak_clip_pre_event,pre_event_non_accident,10.9109,22.088004,241,1280,720,train,World,World::simple_intersection,TvPX5q1VvE0_0_00,0,70,0.0,3.169141,derived_pre_accident_until=3.173;weak_negative=true,/autodl-fs/data/traffic_accident_rnd/ACCIDENT_mmaction_clips/full/train/TvPX5q1VvE0_0_00__pre_event_non_accident.mp4,train,full
TvPX5q1VvE0_0_00__accident,TvPX5q1VvE0_0_00,/autodl-fs/data/traffic_accident_rnd/ACCIDENT_dataset/real_videos/TvPX5q1VvE0_0_00.mp4,ACCIDENT-real,rear-end,accident,1,weak_clip_event_window,accident_window,10.9109,22.088004,241,1280,720,train,World,World::simple_intersection,TvPX5q1VvE0_0_00,92,224,4.165157,10.141251,accident_time=6.172833;type=rear-end;weak_clip=true,/autodl-fs/data/traffic_accident_rnd/ACCIDENT_mmaction_clips/full/train/TvPX5q1VvE0_0_00__accident.mp4,train,full
TvdgqAnb3QM_00__pre_event_non_accident,TvdgqAnb3QM_00,/autodl-fs/data/traffic_accident_rnd/ACCIDENT_dataset/real_videos/TvdgqAnb3QM_00.mp4,ACCIDENT-real,single,non_accident,0,weak_clip_pre_event,pre_event_non_accident,30.041667,14.979196,450,960,720,train,Virginia,Virginia::highway,TvdgqAnb3QM_00,0,107,0.0,7.143241,derived_pre_accident_until=7.125;weak_negative=true,/autodl-fs/data/traffic_accident_rnd/ACCIDENT_mmaction_clips/full/train/TvdgqAnb3QM_00__pre_event_non_accident.mp4,train,full
TvdgqAnb3QM_00__accident,TvdgqAnb3QM_00,/autodl-fs/data/traffic_accident_rnd/ACCIDENT_dataset/real_videos/TvdgqAnb3QM_00.mp4,ACCIDENT-real,single,accident,1,weak_clip_event_window,accident_window,30.041667,14.979196,450,960,720,train,Virginia,Virginia::highway,TvdgqAnb3QM_00,122,212,8.14463,14.152963,accident_time=10.125;type=single;weak_clip=true,/autodl-fs/data/traffic_accident_rnd/ACCIDENT_mmaction_clips/full/train/TvdgqAnb3QM_00__accident.mp4,train,full
Tzh_MXLofUI_00__pre_event_non_accident,Tzh_MXLofUI_00,/autodl-fs/data/traffic_accident_rnd/ACCIDENT_dataset/real_videos/Tzh_MXLofUI_00.mp4,ACCIDENT-real,single,non_accident,0,weak_clip_pre_event,pre_event_non_accident,30.041667,14.912621,448,960,720,train,Virginia,Virginia::highway,Tzh_MXLofUI_00,0,15,0.0,1.005859,derived_pre_accident_until=1.000;weak_negative=true,/autodl-fs/data/traffic_accident_rnd/ACCIDENT_mmaction_clips/full/train/Tzh_MXLofUI_00__pre_event_non_accident.mp4,train,full
Tzh_MXLofUI_00__accident,Tzh_MXLofUI_00,/autodl-fs/data/traffic_accident_rnd/ACCIDENT_dataset/real_videos/Tzh_MXLofUI_00.mp4,ACCIDENT-real,single,accident,1,weak_clip_event_window,accident_window,30.041667,14.912621,448,960,720,train,Virginia,Virginia::highway,Tzh_MXLofUI_00,30,120,2.011719,8.046875,accident_time=4.0;type=single;weak_clip=true,/autodl-fs/data/traffic_accident_rnd/ACCIDENT_mmaction_clips/full/train/Tzh_MXLofUI_00__accident.mp4,train,full
U46ElqUKa_4_00__accident,U46ElqUKa_4_00,/autodl-fs/data/traffic_accident_rnd/ACCIDENT_dataset/real_videos/U46ElqUKa_4_00.mp4,ACCIDENT-real,single,accident,1,weak_clip_event_window,accident_window,27.133333,30.0,814,1920,1080,train,Georgia,Georgia::highway,U46ElqUKa_4_00,0,166,0.0,5.533333,accident_time=1.533;type=single;weak_clip=true,/autodl-fs/data/traffic_accident_rnd/ACCIDENT_mmaction_clips/full/train/U46ElqUKa_4_00__accident.mp4,train,full
U9lXW10TLQw_00__pre_event_non_accident,U9lXW10TLQw_00,/autodl-fs/data/traffic_accident_rnd/ACCIDENT_dataset/real_videos/U9lXW10TLQw_00.mp4,ACCIDENT-real,single,non_accident,0,weak_clip_pre_event,pre_event_non_accident,30.0,8.0,240,1280,720,train,Arkansas,Arkansas::highway,U9lXW10TLQw_00,0,29,0.0,3.625,derived_pre_accident_until=3.667;weak_negative=true,/autodl-fs/data/traffic_accident_rnd/ACCIDENT_mmaction_clips/full/train/U9lXW10TLQw_00__pre_event_non_accident.mp4,train,full
U9lXW10TLQw_00__accident,U9lXW10TLQw_00,/autodl-fs/data/traffic_accident_rnd/ACCIDENT_dataset/real_videos/U9lXW10TLQw_00.mp4,ACCIDENT-real,single,accident,1,weak_clip_event_window,accident_window,30.0,8.0,240,1280,720,train,Arkansas,Arkansas::highway,U9lXW10TLQw_00,37,85,4.625,10.625,accident_time=6.667;type=single;weak_clip=true,/autodl-fs/data/traffic_accident_rnd/ACCIDENT_mmaction_clips/full/train/U9lXW10TLQw_00__accident.mp4,train,full
UCNyjybsbiU_00__accident,UCNyjybsbiU_00,/autodl-fs/data/traffic_accident_rnd/ACCIDENT_dataset/real_videos/UCNyjybsbiU_00.mp4,ACCIDENT-real,single,accident,1,weak_clip_event_window,accident_window,25.6,14.921875,382,1920,1080,train,Kansas,Kansas::grade_separated_intersection,UCNyjybsbiU_00,7,97,0.46911,6.500524,accident_time=2.5;type=single;weak_clip=true,/autodl-fs/data/traffic_accident_rnd/ACCIDENT_mmaction_clips/full/train/UCNyjybsbiU_00__accident.mp4,train,full
UZmfc00aSSQ_00__pre_event_non_accident,UZmfc00aSSQ_00,/autodl-fs/data/traffic_accident_rnd/ACCIDENT_dataset/real_videos/UZmfc00aSSQ_00.mp4,ACCIDENT-real,single,non_accident,0,weak_clip_pre_event,pre_event_non_accident,19.392813,15.057125,292,2400,1080,train,Georgia,Georgia::highway,UZmfc00aSSQ_00,0,103,0.0,6.840616,derived_pre_accident_until=6.851;weak_negative=true,/autodl-fs/data/traffic_accident_rnd/ACCIDENT_mmaction_clips/full/train/UZmfc00aSSQ_00__pre_event_non_accident.mp4,train,full
UZmfc00aSSQ_00__accident,UZmfc00aSSQ_00,/autodl-fs/data/traffic_accident_rnd/ACCIDENT_dataset/real_videos/UZmfc00aSSQ_00.mp4,ACCIDENT-real,single,accident,1,weak_clip_event_window,accident_window,19.392813,15.057125,292,2400,1080,train,Georgia,Georgia::highway,UZmfc00aSSQ_00,118,208,7.836822,13.814058,accident_time=9.851;type=single;weak_clip=true,/autodl-fs/data/traffic_accident_rnd/ACCIDENT_mmaction_clips/full/train/UZmfc00aSSQ_00__accident.mp4,train,full
UarP8qU1S-c_00__pre_event_non_accident,UarP8qU1S-c_00,/autodl-fs/data/traffic_accident_rnd/ACCIDENT_dataset/real_videos/UarP8qU1S-c_00.mp4,ACCIDENT-real,single,non_accident,0,weak_clip_pre_event,pre_event_non_accident,15.233333,14.63895,223,3840,2160,train,Virginia,Virginia::highway,UarP8qU1S-c_00,0,83,0.0,5.669806,derived_pre_accident_until=5.667;weak_negative=true,/autodl-fs/data/traffic_accident_rnd/ACCIDENT_mmaction_clips/full/train/UarP8qU1S-c_00__pre_event_non_accident.mp4,train,full
UarP8qU1S-c_00__accident,UarP8qU1S-c_00,/autodl-fs/data/traffic_accident_rnd/ACCIDENT_dataset/real_videos/UarP8qU1S-c_00.mp4,ACCIDENT-real,single,accident,1,weak_clip_event_window,accident_window,15.233333,14.63895,223,3840,2160,train,Virginia,Virginia::highway,UarP8qU1S-c_00,98,186,6.694469,12.70583,accident_time=8.667;type=single;weak_clip=true,/autodl-fs/data/traffic_accident_rnd/ACCIDENT_mmaction_clips/full/train/UarP8qU1S-c_00__accident.mp4,train,full
UcJKeuDYOzc_16_00__pre_event_non_accident,UcJKeuDYOzc_16_00,/autodl-fs/data/traffic_accident_rnd/ACCIDENT_dataset/real_videos/UcJKeuDYOzc_16_00.mp4,ACCIDENT-real,t-bone,non_accident,0,weak_clip_pre_event,pre_event_non_accident,9.88,25.0,247,450,360,train,World,World::signalized_intersection,UcJKeuDYOzc_16_00,0,76,0.0,3.04,derived_pre_accident_until=3.040;weak_negative=true,/autodl-fs/data/traffic_accident_rnd/ACCIDENT_mmaction_clips/full/train/UcJKeuDYOzc_16_00__pre_event_non_accident.mp4,train,full
UcJKeuDYOzc_16_00__accident,UcJKeuDYOzc_16_00,/autodl-fs/data/traffic_accident_rnd/ACCIDENT_dataset/real_videos/UcJKeuDYOzc_16_00.mp4,ACCIDENT-real,t-bone,accident,1,weak_clip_event_window,accident_window,9.88,25.0,247,450,360,train,World,World::signalized_intersection,UcJKeuDYOzc_16_00,101,247,4.04,9.88,accident_time=6.04;type=t-bone;weak_clip=true,/autodl-fs/data/traffic_accident_rnd/ACCIDENT_mmaction_clips/full/train/UcJKeuDYOzc_16_00__accident.mp4,train,full
UcJKeuDYOzc_19_00__accident,UcJKeuDYOzc_19_00,/autodl-fs/data/traffic_accident_rnd/ACCIDENT_dataset/real_videos/UcJKeuDYOzc_19_00.mp4,ACCIDENT-real,sideswipe,accident,1,weak_clip_event_window,accident_window,9.96,24.598394,245,450,360,train,World,World::city_street,UcJKeuDYOzc_19_00,45,192,1.829388,7.805388,accident_time=3.84;type=sideswipe;weak_clip=true,/autodl-fs/data/traffic_accident_rnd/ACCIDENT_mmaction_clips/full/train/UcJKeuDYOzc_19_00__accident.mp4,train,full
UcJKeuDYOzc_3_00__pre_event_non_accident,UcJKeuDYOzc_3_00,/autodl-fs/data/traffic_accident_rnd/ACCIDENT_dataset/real_videos/UcJKeuDYOzc_3_00.mp4,ACCIDENT-real,t-bone,non_accident,0,weak_clip_pre_event,pre_event_non_accident,14.08,25.0,352,450,360,train,World,World::simple_intersection,UcJKeuDYOzc_3_00,0,121,0.0,4.84,derived_pre_accident_until=4.840;weak_negative=true,/autodl-fs/data/traffic_accident_rnd/ACCIDENT_mmaction_clips/full/train/UcJKeuDYOzc_3_00__pre_event_non_accident.mp4,train,full
UcJKeuDYOzc_3_00__accident,UcJKeuDYOzc_3_00,/autodl-fs/data/traffic_accident_rnd/ACCIDENT_dataset/real_videos/UcJKeuDYOzc_3_00.mp4,ACCIDENT-real,t-bone,accident,1,weak_clip_event_window,accident_window,14.08,25.0,352,450,360,train,World,World::simple_intersection,UcJKeuDYOzc_3_00,146,296,5.84,11.84,accident_time=7.84;type=t-bone;weak_clip=true,/autodl-fs/data/traffic_accident_rnd/ACCIDENT_mmaction_clips/full/train/UcJKeuDYOzc_3_00__accident.mp4,train,full
UcJKeuDYOzc_4_00__accident,UcJKeuDYOzc_4_00,/autodl-fs/data/traffic_accident_rnd/ACCIDENT_dataset/real_videos/UcJKeuDYOzc_4_00.mp4,ACCIDENT-real,t-bone,accident,1,weak_clip_event_window,accident_window,7.36,25.0,184,450,360,train,World,World::signalized_intersection,UcJKeuDYOzc_4_00,27,177,1.08,7.08,accident_time=3.08;type=t-bone;weak_clip=true,/autodl-fs/data/traffic_accident_rnd/ACCIDENT_mmaction_clips/full/train/UcJKeuDYOzc_4_00__accident.mp4,train,full
UcJKeuDYOzc_6_00__pre_event_non_accident,UcJKeuDYOzc_6_00,/autodl-fs/data/traffic_accident_rnd/ACCIDENT_dataset/real_videos/UcJKeuDYOzc_6_00.mp4,ACCIDENT-real,t-bone,non_accident,0,weak_clip_pre_event,pre_event_non_accident,14.64,15.095628,221,450,360,train,World,World::signalized_intersection,UcJKeuDYOzc_6_00,0,91,0.0,6.028235,derived_pre_accident_until=6.000;weak_negative=true,/autodl-fs/data/traffic_accident_rnd/ACCIDENT_mmaction_clips/full/train/UcJKeuDYOzc_6_00__pre_event_non_accident.mp4,train,full
UcJKeuDYOzc_6_00__accident,UcJKeuDYOzc_6_00,/autodl-fs/data/traffic_accident_rnd/ACCIDENT_dataset/real_videos/UcJKeuDYOzc_6_00.mp4,ACCIDENT-real,t-bone,accident,1,weak_clip_event_window,accident_window,14.64,15.095628,221,450,360,train,World,World::signalized_intersection,UcJKeuDYOzc_6_00,106,196,7.0219,12.983891,accident_time=9.0;type=t-bone;weak_clip=true,/autodl-fs/data/traffic_accident_rnd/ACCIDENT_mmaction_clips/full/train/UcJKeuDYOzc_6_00__accident.mp4,train,full
UcJKeuDYOzc_8_00__accident,UcJKeuDYOzc_8_00,/autodl-fs/data/traffic_accident_rnd/ACCIDENT_dataset/real_videos/UcJKeuDYOzc_8_00.mp4,ACCIDENT-real,t-bone,accident,1,weak_clip_event_window,accident_window,7.2,23.75,171,450,360,train,World,World::signalized_intersection,UcJKeuDYOzc_8_00,39,171,1.642105,7.2,accident_time=3.68;type=t-bone;weak_clip=true,/autodl-fs/data/traffic_accident_rnd/ACCIDENT_mmaction_clips/full/train/UcJKeuDYOzc_8_00__accident.mp4,train,full
UcJKeuDYOzc_9_00__pre_event_non_accident,UcJKeuDYOzc_9_00,/autodl-fs/data/traffic_accident_rnd/ACCIDENT_dataset/real_videos/UcJKeuDYOzc_9_00.mp4,ACCIDENT-real,single,non_accident,0,weak_clip_pre_event,pre_event_non_accident,9.84,22.96748,226,450,360,train,World,World::signalized_intersection,UcJKeuDYOzc_9_00,0,66,0.0,2.873628,derived_pre_accident_until=2.880;weak_negative=true,/autodl-fs/data/traffic_accident_rnd/ACCIDENT_mmaction_clips/full/train/UcJKeuDYOzc_9_00__pre_event_non_accident.mp4,train,full
UcJKeuDYOzc_9_00__accident,UcJKeuDYOzc_9_00,/autodl-fs/data/traffic_accident_rnd/ACCIDENT_dataset/real_videos/UcJKeuDYOzc_9_00.mp4,ACCIDENT-real,single,accident,1,weak_clip_event_window,accident_window,9.84,22.96748,226,450,360,train,World,World::signalized_intersection,UcJKeuDYOzc_9_00,89,226,3.875044,9.84,accident_time=5.88;type=single;weak_clip=true,/autodl-fs/data/traffic_accident_rnd/ACCIDENT_mmaction_clips/full/train/UcJKeuDYOzc_9_00__accident.mp4,train,full
UjEFjnXKXXc_00__pre_event_non_accident,UjEFjnXKXXc_00,/autodl-fs/data/traffic_accident_rnd/ACCIDENT_dataset/real_videos/UjEFjnXKXXc_00.mp4,ACCIDENT-real,head-on,non_accident,0,weak_clip_pre_event,pre_event_non_accident,6.666667,13.8,92,1080,720,train,Seattle,Seattle::signalized_intersection,UjEFjnXKXXc_00,0,35,0.0,2.536232,derived_pre_accident_until=2.542;weak_negative=true,/autodl-fs/data/traffic_accident_rnd/ACCIDENT_mmaction_clips/full/train/UjEFjnXKXXc_00__pre_event_non_accident.mp4,train,full
UjEFjnXKXXc_00__accident,UjEFjnXKXXc_00,/autodl-fs/data/traffic_accident_rnd/ACCIDENT_dataset/real_videos/UjEFjnXKXXc_00.mp4,ACCIDENT-real,head-on,accident,1,weak_clip_event_window,accident_window,6.666667,13.8,92,1080,720,train,Seattle,Seattle::signalized_intersection,UjEFjnXKXXc_00,48,92,3.478261,6.666667,accident_time=5.542;type=head-on;weak_clip=true,/autodl-fs/data/traffic_accident_rnd/ACCIDENT_mmaction_clips/full/train/UjEFjnXKXXc_00__accident.mp4,train,full
V0iWmOFca7w_4_00__pre_event_non_accident,V0iWmOFca7w_4_00,/autodl-fs/data/traffic_accident_rnd/ACCIDENT_dataset/real_videos/V0iWmOFca7w_4_00.mp4,ACCIDENT-real,t-bone,non_accident,0,weak_clip_pre_event,pre_event_non_accident,22.689333,18.687195,424,1280,720,train,World,World::signalized_intersection,V0iWmOFca7w_4_00,0,292,0.0,15.625673,derived_pre_accident_until=15.602;weak_negative=true,/autodl-fs/data/traffic_accident_rnd/ACCIDENT_mmaction_clips/full/train/V0iWmOFca7w_4_00__pre_event_non_accident.mp4,train,full
V0iWmOFca7w_4_00__accident,V0iWmOFca7w_4_00,/autodl-fs/data/traffic_accident_rnd/ACCIDENT_dataset/real_videos/V0iWmOFca7w_4_00.mp4,ACCIDENT-real,t-bone,accident,1,weak_clip_event_window,accident_window,22.689333,18.687195,424,1280,720,train,World,World::signalized_intersection,V0iWmOFca7w_4_00,311,423,16.642412,22.635821,accident_time=18.601917;type=t-bone;weak_clip=true,/autodl-fs/data/traffic_accident_rnd/ACCIDENT_mmaction_clips/full/train/V0iWmOFca7w_4_00__accident.mp4,train,full
V3oNEkBwP7M_00__pre_event_non_accident,V3oNEkBwP7M_00,/autodl-fs/data/traffic_accident_rnd/ACCIDENT_dataset/real_videos/V3oNEkBwP7M_00.mp4,ACCIDENT-real,single,non_accident,0,weak_clip_pre_event,pre_event_non_accident,25.133333,29.761273,748,1620,1080,train,Minnesota,Minnesota::highway,V3oNEkBwP7M_00,0,120,0.0,4.032086,derived_pre_accident_until=4.033;weak_negative=true,/autodl-fs/data/traffic_accident_rnd/ACCIDENT_mmaction_clips/full/train/V3oNEkBwP7M_00__pre_event_non_accident.mp4,train,full
V3oNEkBwP7M_00__accident,V3oNEkBwP7M_00,/autodl-fs/data/traffic_accident_rnd/ACCIDENT_dataset/real_videos/V3oNEkBwP7M_00.mp4,ACCIDENT-real,single,accident,1,weak_clip_event_window,accident_window,25.133333,29.761273,748,1620,1080,train,Minnesota,Minnesota::highway,V3oNEkBwP7M_00,149,328,5.006506,11.021034,accident_time=7.033;type=single;weak_clip=true,/autodl-fs/data/traffic_accident_rnd/ACCIDENT_mmaction_clips/full/train/V3oNEkBwP7M_00__accident.mp4,train,full
Vh13EbZJAiA_00__pre_event_non_accident,Vh13EbZJAiA_00,/autodl-fs/data/traffic_accident_rnd/ACCIDENT_dataset/real_videos/Vh13EbZJAiA_00.mp4,ACCIDENT-real,single,non_accident,0,weak_clip_pre_event,pre_event_non_accident,25.966667,30.0,779,1620,1080,train,Minnesota,Minnesota::grade_separated_intersection,Vh13EbZJAiA_00,0,363,0.0,12.1,derived_pre_accident_until=12.100;weak_negative=true,/autodl-fs/data/traffic_accident_rnd/ACCIDENT_mmaction_clips/full/train/Vh13EbZJAiA_00__pre_event_non_accident.mp4,train,full
Vh13EbZJAiA_00__accident,Vh13EbZJAiA_00,/autodl-fs/data/traffic_accident_rnd/ACCIDENT_dataset/real_videos/Vh13EbZJAiA_00.mp4,ACCIDENT-real,single,accident,1,weak_clip_event_window,accident_window,25.966667,30.0,779,1620,1080,train,Minnesota,Minnesota::grade_separated_intersection,Vh13EbZJAiA_00,393,573,13.1,19.1,accident_time=15.1;type=single;weak_clip=true,/autodl-fs/data/traffic_accident_rnd/ACCIDENT_mmaction_clips/full/train/Vh13EbZJAiA_00__accident.mp4,train,full
VpQn6ugiG1M_00__accident,VpQn6ugiG1M_00,/autodl-fs/data/traffic_accident_rnd/ACCIDENT_dataset/real_videos/VpQn6ugiG1M_00.mp4,ACCIDENT-real,sideswipe,accident,1,weak_clip_event_window,accident_window,30.1,14.983389,451,1920,1080,train,Alabama,Alabama::highway,VpQn6ugiG1M_00,0,88,0.0,5.873171,accident_time=1.9;type=sideswipe;weak_clip=true,/autodl-fs/data/traffic_accident_rnd/ACCIDENT_mmaction_clips/full/train/VpQn6ugiG1M_00__accident.mp4,train,full
W0KJ7kxqtQo_00__accident,W0KJ7kxqtQo_00,/autodl-fs/data/traffic_accident_rnd/ACCIDENT_dataset/real_videos/W0KJ7kxqtQo_00.mp4,ACCIDENT-real,head-on,accident,1,weak_clip_event_window,accident_window,21.25,15.058824,320,1280,720,train,Seattle,Seattle::signalized_intersection,W0KJ7kxqtQo_00,25,115,1.660156,7.636719,accident_time=3.667;type=head-on;weak_clip=true,/autodl-fs/data/traffic_accident_rnd/ACCIDENT_mmaction_clips/full/train/W0KJ7kxqtQo_00__accident.mp4,train,full
WR1xUm9CjqY_00__accident,WR1xUm9CjqY_00,/autodl-fs/data/traffic_accident_rnd/ACCIDENT_dataset/real_videos/WR1xUm9CjqY_00.mp4,ACCIDENT-real,rear-end,accident,1,weak_clip_event_window,accident_window,25.3,15.098814,382,1584,1080,train,Wisconsin,Wisconsin::highway,WR1xUm9CjqY_00,0,87,0.0,5.762042,accident_time=1.766;type=rear-end;weak_clip=true,/autodl-fs/data/traffic_accident_rnd/ACCIDENT_mmaction_clips/full/train/WR1xUm9CjqY_00__accident.mp4,train,full
WagIvmw1jcI_01__accident,WagIvmw1jcI_01,/autodl-fs/data/traffic_accident_rnd/ACCIDENT_dataset/real_videos/WagIvmw1jcI_01.mp4,ACCIDENT-real,single,accident,1,weak_clip_event_window,accident_window,4.458333,15.028037,67,1280,720,train,Georgia,Georgia::highway,WagIvmw1jcI_01,5,67,0.332711,4.458333,accident_time=2.3333329999999997;type=single;weak_clip=true,/autodl-fs/data/traffic_accident_rnd/ACCIDENT_mmaction_clips/full/train/WagIvmw1jcI_01__accident.mp4,train,full
WvBtraA2jsA_00__pre_event_non_accident,WvBtraA2jsA_00,/autodl-fs/data/traffic_accident_rnd/ACCIDENT_dataset/real_videos/WvBtraA2jsA_00.mp4,ACCIDENT-real,rear-end,non_accident,0,weak_clip_pre_event,pre_event_non_accident,30.0,8.033333,241,1920,1080,train,Arkansas,Arkansas::highway,WvBtraA2jsA_00,0,22,0.0,2.738589,derived_pre_accident_until=2.733;weak_negative=true,/autodl-fs/data/traffic_accident_rnd/ACCIDENT_mmaction_clips/full/train/WvBtraA2jsA_00__pre_event_non_accident.mp4,train,full
WvBtraA2jsA_00__accident,WvBtraA2jsA_00,/autodl-fs/data/traffic_accident_rnd/ACCIDENT_dataset/real_videos/WvBtraA2jsA_00.mp4,ACCIDENT-real,rear-end,accident,1,weak_clip_event_window,accident_window,30.0,8.033333,241,1920,1080,train,Arkansas,Arkansas::highway,WvBtraA2jsA_00,30,78,3.73444,9.709544,accident_time=5.733;type=rear-end;weak_clip=true,/autodl-fs/data/traffic_accident_rnd/ACCIDENT_mmaction_clips/full/train/WvBtraA2jsA_00__accident.mp4,train,full
XI9xhHUOo5o_00__accident,XI9xhHUOo5o_00,/autodl-fs/data/traffic_accident_rnd/ACCIDENT_dataset/real_videos/XI9xhHUOo5o_00.mp4,ACCIDENT-real,single,accident,1,weak_clip_event_window,accident_window,25.233333,14.940555,377,1920,1080,train,Virginia,Virginia::highway,XI9xhHUOo5o_00,15,105,1.003979,7.027851,accident_time=3.0;type=single;weak_clip=true,/autodl-fs/data/traffic_accident_rnd/ACCIDENT_mmaction_clips/full/train/XI9xhHUOo5o_00__accident.mp4,train,full
XPErIB4xgYg_00__pre_event_non_accident,XPErIB4xgYg_00,/autodl-fs/data/traffic_accident_rnd/ACCIDENT_dataset/real_videos/XPErIB4xgYg_00.mp4,ACCIDENT-real,rear-end,non_accident,0,weak_clip_pre_event,pre_event_non_accident,14.291667,14.90379,213,1280,720,train,Georgia,Georgia::highway,XPErIB4xgYg_00,0,63,0.0,4.227113,derived_pre_accident_until=4.208;weak_negative=true,/autodl-fs/data/traffic_accident_rnd/ACCIDENT_mmaction_clips/full/train/XPErIB4xgYg_00__pre_event_non_accident.mp4,train,full
XPErIB4xgYg_00__accident,XPErIB4xgYg_00,/autodl-fs/data/traffic_accident_rnd/ACCIDENT_dataset/real_videos/XPErIB4xgYg_00.mp4,ACCIDENT-real,rear-end,accident,1,weak_clip_event_window,accident_window,14.291667,14.90379,213,1280,720,train,Georgia,Georgia::highway,XPErIB4xgYg_00,77,167,5.166471,11.205203,accident_time=7.208333;type=rear-end;weak_clip=true,/autodl-fs/data/traffic_accident_rnd/ACCIDENT_mmaction_clips/full/train/XPErIB4xgYg_00__accident.mp4,train,full
XaqA-uzqeNc_00__accident,XaqA-uzqeNc_00,/autodl-fs/data/traffic_accident_rnd/ACCIDENT_dataset/real_videos/XaqA-uzqeNc_00.mp4,ACCIDENT-real,single,accident,1,weak_clip_event_window,accident_window,8.166667,14.938776,122,1080,720,train,Alabama,Alabama::highway,XaqA-uzqeNc_00,4,94,0.26776,6.29235,accident_time=2.25;type=single;weak_clip=true,/autodl-fs/data/traffic_accident_rnd/ACCIDENT_mmaction_clips/full/train/XaqA-uzqeNc_00__accident.mp4,train,full
Xe9CoVqpv9c_2_00__pre_event_non_accident,Xe9CoVqpv9c_2_00,/autodl-fs/data/traffic_accident_rnd/ACCIDENT_dataset/real_videos/Xe9CoVqpv9c_2_00.mp4,ACCIDENT-real,rear-end,non_accident,0,weak_clip_pre_event,pre_event_non_accident,7.0,25.142857,176,1280,720,train,World,World::simple_intersection,Xe9CoVqpv9c_2_00,0,74,0.0,2.943182,derived_pre_accident_until=2.933;weak_negative=true,/autodl-fs/data/traffic_accident_rnd/ACCIDENT_mmaction_clips/full/train/Xe9CoVqpv9c_2_00__pre_event_non_accident.mp4,train,full
Xe9CoVqpv9c_2_00__accident,Xe9CoVqpv9c_2_00,/autodl-fs/data/traffic_accident_rnd/ACCIDENT_dataset/real_videos/Xe9CoVqpv9c_2_00.mp4,ACCIDENT-real,rear-end,accident,1,weak_clip_event_window,accident_window,7.0,25.142857,176,1280,720,train,World,World::simple_intersection,Xe9CoVqpv9c_2_00,99,176,3.9375,7.0,accident_time=5.933333;type=rear-end;weak_clip=true,/autodl-fs/data/traffic_accident_rnd/ACCIDENT_mmaction_clips/full/train/Xe9CoVqpv9c_2_00__accident.mp4,train,full
XqNrTjSsGrg_00__accident,XqNrTjSsGrg_00,/autodl-fs/data/traffic_accident_rnd/ACCIDENT_dataset/real_videos/XqNrTjSsGrg_00.mp4,ACCIDENT-real,rear-end,accident,1,weak_clip_event_window,accident_window,6.666667,29.7,198,1280,720,train,Alabama,Alabama::highway,XqNrTjSsGrg_00,58,198,1.952862,6.666667,accident_time=3.933;type=rear-end;weak_clip=true,/autodl-fs/data/traffic_accident_rnd/ACCIDENT_mmaction_clips/full/train/XqNrTjSsGrg_00__accident.mp4,train,full
Xu1KsH1j2iQ_11_00__pre_event_non_accident,Xu1KsH1j2iQ_11_00,/autodl-fs/data/traffic_accident_rnd/ACCIDENT_dataset/real_videos/Xu1KsH1j2iQ_11_00.mp4,ACCIDENT-real,single,non_accident,0,weak_clip_pre_event,pre_event_non_accident,17.684333,20.074265,355,960,720,train,World,World::city_street,Xu1KsH1j2iQ_11_00,0,70,0.0,3.487052,derived_pre_accident_until=3.506;weak_negative=true,/autodl-fs/data/traffic_accident_rnd/ACCIDENT_mmaction_clips/full/train/Xu1KsH1j2iQ_11_00__pre_event_non_accident.mp4,train,full
Xu1KsH1j2iQ_11_00__accident,Xu1KsH1j2iQ_11_00,/autodl-fs/data/traffic_accident_rnd/ACCIDENT_dataset/real_videos/Xu1KsH1j2iQ_11_00.mp4,ACCIDENT-real,single,accident,1,weak_clip_event_window,accident_window,17.684333,20.074265,355,960,720,train,World,World::city_street,Xu1KsH1j2iQ_11_00,91,211,4.533167,10.51097,accident_time=6.5065;type=single;weak_clip=true,/autodl-fs/data/traffic_accident_rnd/ACCIDENT_mmaction_clips/full/train/Xu1KsH1j2iQ_11_00__accident.mp4,train,full
Xu1KsH1j2iQ_1_00__pre_event_non_accident,Xu1KsH1j2iQ_1_00,/autodl-fs/data/traffic_accident_rnd/ACCIDENT_dataset/real_videos/Xu1KsH1j2iQ_1_00.mp4,ACCIDENT-real,t-bone,non_accident,0,weak_clip_pre_event,pre_event_non_accident,9.142467,24.719806,226,960,720,train,World,World::signalized_intersection,Xu1KsH1j2iQ_1_00,0,47,0.0,1.901309,derived_pre_accident_until=1.905;weak_negative=true,/autodl-fs/data/traffic_accident_rnd/ACCIDENT_mmaction_clips/full/train/Xu1KsH1j2iQ_1_00__pre_event_non_accident.mp4,train,full
Xu1KsH1j2iQ_1_00__accident,Xu1KsH1j2iQ_1_00,/autodl-fs/data/traffic_accident_rnd/ACCIDENT_dataset/real_videos/Xu1KsH1j2iQ_1_00.mp4,ACCIDENT-real,t-bone,accident,1,weak_clip_event_window,accident_window,9.142467,24.719806,226,960,720,train,World,World::signalized_intersection,Xu1KsH1j2iQ_1_00,72,220,2.912644,8.899746,accident_time=4.9049;type=t-bone;weak_clip=true,/autodl-fs/data/traffic_accident_rnd/ACCIDENT_mmaction_clips/full/train/Xu1KsH1j2iQ_1_00__accident.mp4,train,full
Y3OQspLTLok_00__pre_event_non_accident,Y3OQspLTLok_00,/autodl-fs/data/traffic_accident_rnd/ACCIDENT_dataset/real_videos/Y3OQspLTLok_00.mp4,ACCIDENT-real,rear-end,non_accident,0,weak_clip_pre_event,pre_event_non_accident,30.033333,29.933407,899,1080,720,train,Minnesota,Minnesota::grade_separated_intersection,Y3OQspLTLok_00,0,34,0.0,1.135855,derived_pre_accident_until=1.133;weak_negative=true,/autodl-fs/data/traffic_accident_rnd/ACCIDENT_mmaction_clips/full/train/Y3OQspLTLok_00__pre_event_non_accident.mp4,train,full
Y3OQspLTLok_00__accident,Y3OQspLTLok_00,/autodl-fs/data/traffic_accident_rnd/ACCIDENT_dataset/real_videos/Y3OQspLTLok_00.mp4,ACCIDENT-real,rear-end,accident,1,weak_clip_event_window,accident_window,30.033333,29.933407,899,1080,720,train,Minnesota,Minnesota::grade_separated_intersection,Y3OQspLTLok_00,64,244,2.138079,8.151428,accident_time=4.133333;type=rear-end;weak_clip=true,/autodl-fs/data/traffic_accident_rnd/ACCIDENT_mmaction_clips/full/train/Y3OQspLTLok_00__accident.mp4,train,full
YD-7Fnztg_4_00__accident,YD-7Fnztg_4_00,/autodl-fs/data/traffic_accident_rnd/ACCIDENT_dataset/real_videos/YD-7Fnztg_4_00.mp4,ACCIDENT-real,single,accident,1,weak_clip_event_window,accident_window,30.041667,14.979196,450,960,720,train,Virginia,Virginia::highway,YD-7Fnztg_4_00,0,85,0.0,5.674537,accident_time=1.667;type=single;weak_clip=true,/autodl-fs/data/traffic_accident_rnd/ACCIDENT_mmaction_clips/full/train/YD-7Fnztg_4_00__accident.mp4,train,full
YGBuLu9t4Ts_00__accident,YGBuLu9t4Ts_00,/autodl-fs/data/traffic_accident_rnd/ACCIDENT_dataset/real_videos/YGBuLu9t4Ts_00.mp4,ACCIDENT-real,rear-end,accident,1,weak_clip_event_window,accident_window,15.633333,15.095949,236,1920,1080,train,Wisconsin,Wisconsin::highway,YGBuLu9t4Ts_00,14,104,0.927401,6.889266,accident_time=2.933;type=rear-end;weak_clip=true,/autodl-fs/data/traffic_accident_rnd/ACCIDENT_mmaction_clips/full/train/YGBuLu9t4Ts_00__accident.mp4,train,full
YObeSti3p2M_00__pre_event_non_accident,YObeSti3p2M_00,/autodl-fs/data/traffic_accident_rnd/ACCIDENT_dataset/real_videos/YObeSti3p2M_00.mp4,ACCIDENT-real,single,non_accident,0,weak_clip_pre_event,pre_event_non_accident,30.066667,15.0,451,1920,1080,train,Virginia,Virginia::highway,YObeSti3p2M_00,0,61,0.0,4.066667,derived_pre_accident_until=4.067;weak_negative=true,/autodl-fs/data/traffic_accident_rnd/ACCIDENT_mmaction_clips/full/train/YObeSti3p2M_00__pre_event_non_accident.mp4,train,full
YObeSti3p2M_00__accident,YObeSti3p2M_00,/autodl-fs/data/traffic_accident_rnd/ACCIDENT_dataset/real_videos/YObeSti3p2M_00.mp4,ACCIDENT-real,single,accident,1,weak_clip_event_window,accident_window,30.066667,15.0,451,1920,1080,train,Virginia,Virginia::highway,YObeSti3p2M_00,76,166,5.066667,11.066667,accident_time=7.066667;type=single;weak_clip=true,/autodl-fs/data/traffic_accident_rnd/ACCIDENT_mmaction_clips/full/train/YObeSti3p2M_00__accident.mp4,train,full
YP7fpPBpqis_00__pre_event_non_accident,YP7fpPBpqis_00,/autodl-fs/data/traffic_accident_rnd/ACCIDENT_dataset/real_videos/YP7fpPBpqis_00.mp4,ACCIDENT-real,single,non_accident,0,weak_clip_pre_event,pre_event_non_accident,25.233333,14.980185,378,1440,1080,train,Virginia,Virginia::grade_separated_intersection,YP7fpPBpqis_00,0,35,0.0,2.33642,derived_pre_accident_until=2.367;weak_negative=true,/autodl-fs/data/traffic_accident_rnd/ACCIDENT_mmaction_clips/full/train/YP7fpPBpqis_00__pre_event_non_accident.mp4,train,full
YP7fpPBpqis_00__accident,YP7fpPBpqis_00,/autodl-fs/data/traffic_accident_rnd/ACCIDENT_dataset/real_videos/YP7fpPBpqis_00.mp4,ACCIDENT-real,single,accident,1,weak_clip_event_window,accident_window,25.233333,14.980185,378,1440,1080,train,Virginia,Virginia::grade_separated_intersection,YP7fpPBpqis_00,50,140,3.337743,9.345679,accident_time=5.367;type=single;weak_clip=true,/autodl-fs/data/traffic_accident_rnd/ACCIDENT_mmaction_clips/full/train/YP7fpPBpqis_00__accident.mp4,train,full
YTOvt3Ac1z4_0_00__pre_event_non_accident,YTOvt3Ac1z4_0_00,/autodl-fs/data/traffic_accident_rnd/ACCIDENT_dataset/real_videos/YTOvt3Ac1z4_0_00.mp4,ACCIDENT-real,t-bone,non_accident,0,weak_clip_pre_event,pre_event_non_accident,39.272567,27.169093,1067,1280,720,train,World,World::signalized_intersection,YTOvt3Ac1z4_0_00,0,593,0.0,21.826272,derived_pre_accident_until=21.825;weak_negative=true,/autodl-fs/data/traffic_accident_rnd/ACCIDENT_mmaction_clips/full/train/YTOvt3Ac1z4_0_00__pre_event_non_accident.mp4,train,full
YTOvt3Ac1z4_0_00__accident,YTOvt3Ac1z4_0_00,/autodl-fs/data/traffic_accident_rnd/ACCIDENT_dataset/real_videos/YTOvt3Ac1z4_0_00.mp4,ACCIDENT-real,t-bone,accident,1,weak_clip_event_window,accident_window,39.272567,27.169093,1067,1280,720,train,World,World::signalized_intersection,YTOvt3Ac1z4_0_00,620,783,22.820048,28.819512,accident_time=24.8248;type=t-bone;weak_clip=true,/autodl-fs/data/traffic_accident_rnd/ACCIDENT_mmaction_clips/full/train/YTOvt3Ac1z4_0_00__accident.mp4,train,full
YXj8m_rAyaE_00__pre_event_non_accident,YXj8m_rAyaE_00,/autodl-fs/data/traffic_accident_rnd/ACCIDENT_dataset/real_videos/YXj8m_rAyaE_00.mp4,ACCIDENT-real,head-on,non_accident,0,weak_clip_pre_event,pre_event_non_accident,15.916667,17.65445,281,1280,720,train,Seattle,Seattle::signalized_intersection,YXj8m_rAyaE_00,0,149,0.0,8.439798,derived_pre_accident_until=8.417;weak_negative=true,/autodl-fs/data/traffic_accident_rnd/ACCIDENT_mmaction_clips/full/train/YXj8m_rAyaE_00__pre_event_non_accident.mp4,train,full
YXj8m_rAyaE_00__accident,YXj8m_rAyaE_00,/autodl-fs/data/traffic_accident_rnd/ACCIDENT_dataset/real_videos/YXj8m_rAyaE_00.mp4,ACCIDENT-real,head-on,accident,1,weak_clip_event_window,accident_window,15.916667,17.65445,281,1280,720,train,Seattle,Seattle::signalized_intersection,YXj8m_rAyaE_00,167,273,9.459371,15.463523,accident_time=11.416666;type=head-on;weak_clip=true,/autodl-fs/data/traffic_accident_rnd/ACCIDENT_mmaction_clips/full/train/YXj8m_rAyaE_00__accident.mp4,train,full
YnYUC6nonG8_00__accident,YnYUC6nonG8_00,/autodl-fs/data/traffic_accident_rnd/ACCIDENT_dataset/real_videos/YnYUC6nonG8_00.mp4,ACCIDENT-real,single,accident,1,weak_clip_event_window,accident_window,30.1,14.850498,447,1440,1080,train,Alabama,Alabama::grade_separated_intersection,YnYUC6nonG8_00,6,95,0.404027,6.397092,accident_time=2.4;type=single;weak_clip=true,/autodl-fs/data/traffic_accident_rnd/ACCIDENT_mmaction_clips/full/train/YnYUC6nonG8_00__accident.mp4,train,full
YueG1zLkV8o_00__accident,YueG1zLkV8o_00,/autodl-fs/data/traffic_accident_rnd/ACCIDENT_dataset/real_videos/YueG1zLkV8o_00.mp4,ACCIDENT-real,rear-end,accident,1,weak_clip_event_window,accident_window,2.48,25.0,62,1920,1080,train,UAE,UAE::highway,YueG1zLkV8o_00,4,62,0.16,2.48,accident_time=2.16;type=rear-end;weak_clip=true,/autodl-fs/data/traffic_accident_rnd/ACCIDENT_mmaction_clips/full/train/YueG1zLkV8o_00__accident.mp4,train,full
Z52L6jGdSkY_0_00__accident,Z52L6jGdSkY_0_00,/autodl-fs/data/traffic_accident_rnd/ACCIDENT_dataset/real_videos/Z52L6jGdSkY_0_00.mp4,ACCIDENT-real,t-bone,accident,1,weak_clip_event_window,accident_window,5.4054,29.97003,162,1280,720,train,World,World::signalized_intersection,Z52L6jGdSkY_0_00,0,142,0.0,4.738067,accident_time=0.734067;type=t-bone;weak_clip=true,/autodl-fs/data/traffic_accident_rnd/ACCIDENT_mmaction_clips/full/train/Z52L6jGdSkY_0_00__accident.mp4,train,full
Z52L6jGdSkY_11_00__accident,Z52L6jGdSkY_11_00,/autodl-fs/data/traffic_accident_rnd/ACCIDENT_dataset/real_videos/Z52L6jGdSkY_11_00.mp4,ACCIDENT-real,t-bone,accident,1,weak_clip_event_window,accident_window,2.2022,29.97003,66,1280,720,train,World,World::signalized_intersection,Z52L6jGdSkY_11_00,0,66,0.0,2.2022,accident_time=0.967633;type=t-bone;weak_clip=true,/autodl-fs/data/traffic_accident_rnd/ACCIDENT_mmaction_clips/full/train/Z52L6jGdSkY_11_00__accident.mp4,train,full
Z52L6jGdSkY_12_00__accident,Z52L6jGdSkY_12_00,/autodl-fs/data/traffic_accident_rnd/ACCIDENT_dataset/real_videos/Z52L6jGdSkY_12_00.mp4,ACCIDENT-real,t-bone,accident,1,weak_clip_event_window,accident_window,3.370033,29.97003,101,1280,720,train,World,World::signalized_intersection,Z52L6jGdSkY_12_00,5,101,0.166833,3.370033,accident_time=2.168833;type=t-bone;weak_clip=true,/autodl-fs/data/traffic_accident_rnd/ACCIDENT_mmaction_clips/full/train/Z52L6jGdSkY_12_00__accident.mp4,train,full
Z52L6jGdSkY_14_00__accident,Z52L6jGdSkY_14_00,/autodl-fs/data/traffic_accident_rnd/ACCIDENT_dataset/real_videos/Z52L6jGdSkY_14_00.mp4,ACCIDENT-real,sideswipe,accident,1,weak_clip_event_window,accident_window,3.7037,29.97003,111,1280,720,train,World,World::signalized_intersection,Z52L6jGdSkY_14_00,0,111,0.0,3.7037,accident_time=1.468133;type=sideswipe;weak_clip=true,/autodl-fs/data/traffic_accident_rnd/ACCIDENT_mmaction_clips/full/train/Z52L6jGdSkY_14_00__accident.mp4,train,full
Z52L6jGdSkY_15_00__accident,Z52L6jGdSkY_15_00,/autodl-fs/data/traffic_accident_rnd/ACCIDENT_dataset/real_videos/Z52L6jGdSkY_15_00.mp4,ACCIDENT-real,t-bone,accident,1,weak_clip_event_window,accident_window,5.4054,29.97003,162,1280,720,train,World,World::signalized_intersection,Z52L6jGdSkY_15_00,0,162,0.0,5.4054,accident_time=1.868533;type=t-bone;weak_clip=true,/autodl-fs/data/traffic_accident_rnd/ACCIDENT_mmaction_clips/full/train/Z52L6jGdSkY_15_00__accident.mp4,train,full
Z52L6jGdSkY_3_00__accident,Z52L6jGdSkY_3_00,/autodl-fs/data/traffic_accident_rnd/ACCIDENT_dataset/real_videos/Z52L6jGdSkY_3_00.mp4,ACCIDENT-real,t-bone,accident,1,weak_clip_event_window,accident_window,3.670333,29.42512,108,1280,720,train,World,World::signalized_intersection,Z52L6jGdSkY_3_00,0,108,0.0,3.670333,accident_time=1.3013;type=t-bone;weak_clip=true,/autodl-fs/data/traffic_accident_rnd/ACCIDENT_mmaction_clips/full/train/Z52L6jGdSkY_3_00__accident.mp4,train,full
Z52L6jGdSkY_6_00__accident,Z52L6jGdSkY_6_00,/autodl-fs/data/traffic_accident_rnd/ACCIDENT_dataset/real_videos/Z52L6jGdSkY_6_00.mp4,ACCIDENT-real,t-bone,accident,1,weak_clip_event_window,accident_window,3.870533,25.061146,97,1280,720,train,World,World::signalized_intersection,Z52L6jGdSkY_6_00,0,97,0.0,3.870533,accident_time=1.034367;type=t-bone;weak_clip=true,/autodl-fs/data/traffic_accident_rnd/ACCIDENT_mmaction_clips/full/train/Z52L6jGdSkY_6_00__accident.mp4,train,full
Z52L6jGdSkY_7_00__accident,Z52L6jGdSkY_7_00,/autodl-fs/data/traffic_accident_rnd/ACCIDENT_dataset/real_videos/Z52L6jGdSkY_7_00.mp4,ACCIDENT-real,t-bone,accident,1,weak_clip_event_window,accident_window,4.237567,24.778371,105,1280,720,train,World,World::signalized_intersection,Z52L6jGdSkY_7_00,0,105,0.0,4.237567,accident_time=1.868533;type=t-bone;weak_clip=true,/autodl-fs/data/traffic_accident_rnd/ACCIDENT_mmaction_clips/full/train/Z52L6jGdSkY_7_00__accident.mp4,train,full
Z52L6jGdSkY_8_00__accident,Z52L6jGdSkY_8_00,/autodl-fs/data/traffic_accident_rnd/ACCIDENT_dataset/real_videos/Z52L6jGdSkY_8_00.mp4,ACCIDENT-real,t-bone,accident,1,weak_clip_event_window,accident_window,4.371033,24.479337,107,1280,720,train,World,World::signalized_intersection,Z52L6jGdSkY_8_00,0,107,0.0,4.371033,accident_time=1.534867;type=t-bone;weak_clip=true,/autodl-fs/data/traffic_accident_rnd/ACCIDENT_mmaction_clips/full/train/Z52L6jGdSkY_8_00__accident.mp4,train,full
Z52L6jGdSkY_9_00__accident,Z52L6jGdSkY_9_00,/autodl-fs/data/traffic_accident_rnd/ACCIDENT_dataset/real_videos/Z52L6jGdSkY_9_00.mp4,ACCIDENT-real,t-bone,accident,1,weak_clip_event_window,accident_window,3.770433,29.97003,113,1280,720,train,World,World::signalized_intersection,Z52L6jGdSkY_9_00,0,113,0.0,3.770433,accident_time=1.5015;type=t-bone;weak_clip=true,/autodl-fs/data/traffic_accident_rnd/ACCIDENT_mmaction_clips/full/train/Z52L6jGdSkY_9_00__accident.mp4,train,full
ZGDoRBiCxEA_00__pre_event_non_accident,ZGDoRBiCxEA_00,/autodl-fs/data/traffic_accident_rnd/ACCIDENT_dataset/real_videos/ZGDoRBiCxEA_00.mp4,ACCIDENT-real,rear-end,non_accident,0,weak_clip_pre_event,pre_event_non_accident,28.875,14.961039,432,960,720,train,Virginia,Virginia::highway,ZGDoRBiCxEA_00,0,113,0.0,7.552951,derived_pre_accident_until=7.542;weak_negative=true,/autodl-fs/data/traffic_accident_rnd/ACCIDENT_mmaction_clips/full/train/ZGDoRBiCxEA_00__pre_event_non_accident.mp4,train,full
ZGDoRBiCxEA_00__accident,ZGDoRBiCxEA_00,/autodl-fs/data/traffic_accident_rnd/ACCIDENT_dataset/real_videos/ZGDoRBiCxEA_00.mp4,ACCIDENT-real,rear-end,accident,1,weak_clip_event_window,accident_window,28.875,14.961039,432,960,720,train,Virginia,Virginia::highway,ZGDoRBiCxEA_00,128,218,8.555556,14.571181,accident_time=10.542;type=rear-end;weak_clip=true,/autodl-fs/data/traffic_accident_rnd/ACCIDENT_mmaction_clips/full/train/ZGDoRBiCxEA_00__accident.mp4,train,full
ZQOzzKybkTA_00__pre_event_non_accident,ZQOzzKybkTA_00,/autodl-fs/data/traffic_accident_rnd/ACCIDENT_dataset/real_videos/ZQOzzKybkTA_00.mp4,ACCIDENT-real,single,non_accident,0,weak_clip_pre_event,pre_event_non_accident,30.033333,29.36737,882,1080,720,train,Minnesota,Minnesota::grade_separated_intersection,ZQOzzKybkTA_00,0,245,0.0,8.342593,derived_pre_accident_until=8.333;weak_negative=true,/autodl-fs/data/traffic_accident_rnd/ACCIDENT_mmaction_clips/full/train/ZQOzzKybkTA_00__pre_event_non_accident.mp4,train,full
ZQOzzKybkTA_00__accident,ZQOzzKybkTA_00,/autodl-fs/data/traffic_accident_rnd/ACCIDENT_dataset/real_videos/ZQOzzKybkTA_00.mp4,ACCIDENT-real,single,accident,1,weak_clip_event_window,accident_window,30.033333,29.36737,882,1080,720,train,Minnesota,Minnesota::grade_separated_intersection,ZQOzzKybkTA_00,274,450,9.330083,15.323129,accident_time=11.333333;type=single;weak_clip=true,/autodl-fs/data/traffic_accident_rnd/ACCIDENT_mmaction_clips/full/train/ZQOzzKybkTA_00__accident.mp4,train,full
ZTLYOhzf8Jw_00__pre_event_non_accident,ZTLYOhzf8Jw_00,/autodl-fs/data/traffic_accident_rnd/ACCIDENT_dataset/real_videos/ZTLYOhzf8Jw_00.mp4,ACCIDENT-real,rear-end,non_accident,0,weak_clip_pre_event,pre_event_non_accident,20.7,14.927536,309,1920,1080,train,Virginia,Virginia::highway,ZTLYOhzf8Jw_00,0,26,0.0,1.741748,derived_pre_accident_until=1.733;weak_negative=true,/autodl-fs/data/traffic_accident_rnd/ACCIDENT_mmaction_clips/full/train/ZTLYOhzf8Jw_00__pre_event_non_accident.mp4,train,full
ZTLYOhzf8Jw_00__accident,ZTLYOhzf8Jw_00,/autodl-fs/data/traffic_accident_rnd/ACCIDENT_dataset/real_videos/ZTLYOhzf8Jw_00.mp4,ACCIDENT-real,rear-end,accident,1,weak_clip_event_window,accident_window,20.7,14.927536,309,1920,1080,train,Virginia,Virginia::highway,ZTLYOhzf8Jw_00,41,131,2.746602,8.775728,accident_time=4.733;type=rear-end;weak_clip=true,/autodl-fs/data/traffic_accident_rnd/ACCIDENT_mmaction_clips/full/train/ZTLYOhzf8Jw_00__accident.mp4,train,full
ZftLPdDo5K8_00__accident,ZftLPdDo5K8_00,/autodl-fs/data/traffic_accident_rnd/ACCIDENT_dataset/real_videos/ZftLPdDo5K8_00.mp4,ACCIDENT-real,single,accident,1,weak_clip_event_window,accident_window,30.041667,14.979196,450,960,720,train,Virginia,Virginia::highway,ZftLPdDo5K8_00,24,114,1.602222,7.610556,accident_time=3.625;type=single;weak_clip=true,/autodl-fs/data/traffic_accident_rnd/ACCIDENT_mmaction_clips/full/train/ZftLPdDo5K8_00__accident.mp4,train,full
Zq0TjWFlXQI_00__accident,Zq0TjWFlXQI_00,/autodl-fs/data/traffic_accident_rnd/ACCIDENT_dataset/real_videos/Zq0TjWFlXQI_00.mp4,ACCIDENT-real,sideswipe,accident,1,weak_clip_event_window,accident_window,30.041667,14.979196,450,960,720,train,Virginia,Virginia::highway,Zq0TjWFlXQI_00,19,109,1.268426,7.276759,accident_time=3.25;type=sideswipe;weak_clip=true,/autodl-fs/data/traffic_accident_rnd/ACCIDENT_mmaction_clips/full/train/Zq0TjWFlXQI_00__accident.mp4,train,full
ZyHloKpLTDs_00__pre_event_non_accident,ZyHloKpLTDs_00,/autodl-fs/data/traffic_accident_rnd/ACCIDENT_dataset/real_videos/ZyHloKpLTDs_00.mp4,ACCIDENT-real,rear-end,non_accident,0,weak_clip_pre_event,pre_event_non_accident,30.033333,30.0,901,1920,1080,train,Georgia,Georgia::highway,ZyHloKpLTDs_00,0,106,0.0,3.533333,derived_pre_accident_until=3.533;weak_negative=true,/autodl-fs/data/traffic_accident_rnd/ACCIDENT_mmaction_clips/full/train/ZyHloKpLTDs_00__pre_event_non_accident.mp4,train,full
ZyHloKpLTDs_00__accident,ZyHloKpLTDs_00,/autodl-fs/data/traffic_accident_rnd/ACCIDENT_dataset/real_videos/ZyHloKpLTDs_00.mp4,ACCIDENT-real,rear-end,accident,1,weak_clip_event_window,accident_window,30.033333,30.0,901,1920,1080,train,Georgia,Georgia::highway,ZyHloKpLTDs_00,136,316,4.533333,10.533333,accident_time=6.533;type=rear-end;weak_clip=true,/autodl-fs/data/traffic_accident_rnd/ACCIDENT_mmaction_clips/full/train/ZyHloKpLTDs_00__accident.mp4,train,full
_75B7Y8QaX0_00__accident,_75B7Y8QaX0_00,/autodl-fs/data/traffic_accident_rnd/ACCIDENT_dataset/real_videos/_75B7Y8QaX0_00.mp4,ACCIDENT-real,sideswipe,accident,1,weak_clip_event_window,accident_window,12.25,16.0,196,1280,720,train,Georgia,Georgia::highway,_75B7Y8QaX0_00,4,100,0.25,6.25,accident_time=2.25;type=sideswipe;weak_clip=true,/autodl-fs/data/traffic_accident_rnd/ACCIDENT_mmaction_clips/full/train/_75B7Y8QaX0_00__accident.mp4,train,full
_9tp71S2Gwg_00__pre_event_non_accident,_9tp71S2Gwg_00,/autodl-fs/data/traffic_accident_rnd/ACCIDENT_dataset/real_videos/_9tp71S2Gwg_00.mp4,ACCIDENT-real,single,non_accident,0,weak_clip_pre_event,pre_event_non_accident,30.041667,14.646325,440,960,720,train,Virginia,Virginia::highway,_9tp71S2Gwg_00,0,38,0.0,2.594508,derived_pre_accident_until=2.583;weak_negative=true,/autodl-fs/data/traffic_accident_rnd/ACCIDENT_mmaction_clips/full/train/_9tp71S2Gwg_00__pre_event_non_accident.mp4,train,full
_9tp71S2Gwg_00__accident,_9tp71S2Gwg_00,/autodl-fs/data/traffic_accident_rnd/ACCIDENT_dataset/real_videos/_9tp71S2Gwg_00.mp4,ACCIDENT-real,single,accident,1,weak_clip_event_window,accident_window,30.041667,14.646325,440,960,720,train,Virginia,Virginia::highway,_9tp71S2Gwg_00,53,141,3.618655,9.626989,accident_time=5.583333;type=single;weak_clip=true,/autodl-fs/data/traffic_accident_rnd/ACCIDENT_mmaction_clips/full/train/_9tp71S2Gwg_00__accident.mp4,train,full
_9zrXENlky0_00__accident,_9zrXENlky0_00,/autodl-fs/data/traffic_accident_rnd/ACCIDENT_dataset/real_videos/_9zrXENlky0_00.mp4,ACCIDENT-real,single,accident,1,weak_clip_event_window,accident_window,9.875,12.759494,126,960,720,train,Virginia,Virginia::highway,_9zrXENlky0_00,14,91,1.097222,7.131944,accident_time=3.167;type=single;weak_clip=true,/autodl-fs/data/traffic_accident_rnd/ACCIDENT_mmaction_clips/full/train/_9zrXENlky0_00__accident.mp4,train,full
_FjROQyb1C8_1_00__accident,_FjROQyb1C8_1_00,/autodl-fs/data/traffic_accident_rnd/ACCIDENT_dataset/real_videos/_FjROQyb1C8_1_00.mp4,ACCIDENT-real,sideswipe,accident,1,weak_clip_event_window,accident_window,7.5075,21.978022,165,640,360,train,World,World::city_street,_FjROQyb1C8_1_00,20,152,0.91,6.916,accident_time=2.9029;type=sideswipe;weak_clip=true,/autodl-fs/data/traffic_accident_rnd/ACCIDENT_mmaction_clips/full/train/_FjROQyb1C8_1_00__accident.mp4,train,full
aPXUOJ6X43E_00__pre_event_non_accident,aPXUOJ6X43E_00,/autodl-fs/data/traffic_accident_rnd/ACCIDENT_dataset/real_videos/aPXUOJ6X43E_00.mp4,ACCIDENT-real,single,non_accident,0,weak_clip_pre_event,pre_event_non_accident,10.5,10.571429,111,1280,720,train,Arkansas,Arkansas::highway,aPXUOJ6X43E_00,0,18,0.0,1.702703,derived_pre_accident_until=1.708;weak_negative=true,/autodl-fs/data/traffic_accident_rnd/ACCIDENT_mmaction_clips/full/train/aPXUOJ6X43E_00__pre_event_non_accident.mp4,train,full
aPXUOJ6X43E_00__accident,aPXUOJ6X43E_00,/autodl-fs/data/traffic_accident_rnd/ACCIDENT_dataset/real_videos/aPXUOJ6X43E_00.mp4,ACCIDENT-real,single,accident,1,weak_clip_event_window,accident_window,10.5,10.571429,111,1280,720,train,Arkansas,Arkansas::highway,aPXUOJ6X43E_00,29,92,2.743243,8.702703,accident_time=4.708;type=single;weak_clip=true,/autodl-fs/data/traffic_accident_rnd/ACCIDENT_mmaction_clips/full/train/aPXUOJ6X43E_00__accident.mp4,train,full
aTlLIoo3nCE_00__accident,aTlLIoo3nCE_00,/autodl-fs/data/traffic_accident_rnd/ACCIDENT_dataset/real_videos/aTlLIoo3nCE_00.mp4,ACCIDENT-real,single,accident,1,weak_clip_event_window,accident_window,20.733333,30.0,622,1620,1080,train,Minnesota,Minnesota::highway,aTlLIoo3nCE_00,29,209,0.966667,6.966667,accident_time=2.967;type=single;weak_clip=true,/autodl-fs/data/traffic_accident_rnd/ACCIDENT_mmaction_clips/full/train/aTlLIoo3nCE_00__accident.mp4,train,full
acmBtouCwIU_00__pre_event_non_accident,acmBtouCwIU_00,/autodl-fs/data/traffic_accident_rnd/ACCIDENT_dataset/real_videos/acmBtouCwIU_00.mp4,ACCIDENT-real,rear-end,non_accident,0,weak_clip_pre_event,pre_event_non_accident,30.041667,14.846047,446,1080,720,train,Alabama,Alabama::highway,acmBtouCwIU_00,0,54,0.0,3.637332,derived_pre_accident_until=3.625;weak_negative=true,/autodl-fs/data/traffic_accident_rnd/ACCIDENT_mmaction_clips/full/train/acmBtouCwIU_00__pre_event_non_accident.mp4,train,full
acmBtouCwIU_00__accident,acmBtouCwIU_00,/autodl-fs/data/traffic_accident_rnd/ACCIDENT_dataset/real_videos/acmBtouCwIU_00.mp4,ACCIDENT-real,rear-end,accident,1,weak_clip_event_window,accident_window,30.041667,14.846047,446,1080,720,train,Alabama,Alabama::highway,acmBtouCwIU_00,68,157,4.580344,10.575206,accident_time=6.625;type=rear-end;weak_clip=true,/autodl-fs/data/traffic_accident_rnd/ACCIDENT_mmaction_clips/full/train/acmBtouCwIU_00__accident.mp4,train,full
ao3VuM_p4_8_00__accident,ao3VuM_p4_8_00,/autodl-fs/data/traffic_accident_rnd/ACCIDENT_dataset/real_videos/ao3VuM_p4_8_00.mp4,ACCIDENT-real,single,accident,1,weak_clip_event_window,accident_window,25.233333,29.92074,755,1620,1080,train,Minnesota,Minnesota::grade_separated_intersection,ao3VuM_p4_8_00,0,163,0.0,5.447726,accident_time=1.4340000000000002;type=single;weak_clip=true,/autodl-fs/data/traffic_accident_rnd/ACCIDENT_mmaction_clips/full/train/ao3VuM_p4_8_00__accident.mp4,train,full
bDLOyLAi51k_00__pre_event_non_accident,bDLOyLAi51k_00,/autodl-fs/data/traffic_accident_rnd/ACCIDENT_dataset/real_videos/bDLOyLAi51k_00.mp4,ACCIDENT-real,single,non_accident,0,weak_clip_pre_event,pre_event_non_accident,25.72,19.984448,514,1056,720,train,Florida,Florida::grade_separated_intersection,bDLOyLAi51k_00,0,90,0.0,4.503502,derived_pre_accident_until=4.520;weak_negative=true,/autodl-fs/data/traffic_accident_rnd/ACCIDENT_mmaction_clips/full/train/bDLOyLAi51k_00__pre_event_non_accident.mp4,train,full
bDLOyLAi51k_00__accident,bDLOyLAi51k_00,/autodl-fs/data/traffic_accident_rnd/ACCIDENT_dataset/real_videos/bDLOyLAi51k_00.mp4,ACCIDENT-real,single,accident,1,weak_clip_event_window,accident_window,25.72,19.984448,514,1056,720,train,Florida,Florida::grade_separated_intersection,bDLOyLAi51k_00,110,230,5.50428,11.508949,accident_time=7.52;type=single;weak_clip=true,/autodl-fs/data/traffic_accident_rnd/ACCIDENT_mmaction_clips/full/train/bDLOyLAi51k_00__accident.mp4,train,full
bSZkOI7eF8k_1_00__accident,bSZkOI7eF8k_1_00,/autodl-fs/data/traffic_accident_rnd/ACCIDENT_dataset/real_videos/bSZkOI7eF8k_1_00.mp4,ACCIDENT-real,t-bone,accident,1,weak_clip_event_window,accident_window,7.1,30.0,213,1280,720,train,World,World::simple_intersection,bSZkOI7eF8k_1_00,43,213,1.433333,7.1,accident_time=3.433333;type=t-bone;weak_clip=true,/autodl-fs/data/traffic_accident_rnd/ACCIDENT_mmaction_clips/full/train/bSZkOI7eF8k_1_00__accident.mp4,train,full
bSZkOI7eF8k_3_00__pre_event_non_accident,bSZkOI7eF8k_3_00,/autodl-fs/data/traffic_accident_rnd/ACCIDENT_dataset/real_videos/bSZkOI7eF8k_3_00.mp4,ACCIDENT-real,t-bone,non_accident,0,weak_clip_pre_event,pre_event_non_accident,13.666667,28.536585,390,1280,720,train,World,World::signalized_intersection,bSZkOI7eF8k_3_00,0,85,0.0,2.978632,derived_pre_accident_until=2.967;weak_negative=true,/autodl-fs/data/traffic_accident_rnd/ACCIDENT_mmaction_clips/full/train/bSZkOI7eF8k_3_00__pre_event_non_accident.mp4,train,full
bSZkOI7eF8k_3_00__accident,bSZkOI7eF8k_3_00,/autodl-fs/data/traffic_accident_rnd/ACCIDENT_dataset/real_videos/bSZkOI7eF8k_3_00.mp4,ACCIDENT-real,t-bone,accident,1,weak_clip_event_window,accident_window,13.666667,28.536585,390,1280,720,train,World,World::signalized_intersection,bSZkOI7eF8k_3_00,113,284,3.959829,9.952137,accident_time=5.966667;type=t-bone;weak_clip=true,/autodl-fs/data/traffic_accident_rnd/ACCIDENT_mmaction_clips/full/train/bSZkOI7eF8k_3_00__accident.mp4,train,full
bSZkOI7eF8k_4_00__accident,bSZkOI7eF8k_4_00,/autodl-fs/data/traffic_accident_rnd/ACCIDENT_dataset/real_videos/bSZkOI7eF8k_4_00.mp4,ACCIDENT-real,t-bone,accident,1,weak_clip_event_window,accident_window,15.133333,28.0837,425,1280,720,train,World,World::signalized_intersection,bSZkOI7eF8k_4_00,0,146,0.0,5.198745,accident_time=1.2;type=t-bone;weak_clip=true,/autodl-fs/data/traffic_accident_rnd/ACCIDENT_mmaction_clips/full/train/bSZkOI7eF8k_4_00__accident.mp4,train,full
bSZkOI7eF8k_7_00__accident,bSZkOI7eF8k_7_00,/autodl-fs/data/traffic_accident_rnd/ACCIDENT_dataset/real_videos/bSZkOI7eF8k_7_00.mp4,ACCIDENT-real,sideswipe,accident,1,weak_clip_event_window,accident_window,3.966667,30.0,119,1280,720,train,World,World::simple_intersection,bSZkOI7eF8k_7_00,8,119,0.266667,3.966667,accident_time=2.266667;type=sideswipe;weak_clip=true,/autodl-fs/data/traffic_accident_rnd/ACCIDENT_mmaction_clips/full/train/bSZkOI7eF8k_7_00__accident.mp4,train,full
bXaAw1730zE_0_00__accident,bXaAw1730zE_0_00,/autodl-fs/data/traffic_accident_rnd/ACCIDENT_dataset/real_videos/bXaAw1730zE_0_00.mp4,ACCIDENT-real,t-bone,accident,1,weak_clip_event_window,accident_window,6.333333,14.368421,91,1280,720,train,World,World::simple_intersection,bXaAw1730zE_0_00,15,91,1.043956,6.333333,accident_time=3.066667;type=t-bone;weak_clip=true,/autodl-fs/data/traffic_accident_rnd/ACCIDENT_mmaction_clips/full/train/bXaAw1730zE_0_00__accident.mp4,train,full
bn7c9LxpeuA_00__accident,bn7c9LxpeuA_00,/autodl-fs/data/traffic_accident_rnd/ACCIDENT_dataset/real_videos/bn7c9LxpeuA_00.mp4,ACCIDENT-real,rear-end,accident,1,weak_clip_event_window,accident_window,25.166667,15.019868,378,1080,720,train,Alabama,Alabama::highway,bn7c9LxpeuA_00,17,107,1.131834,7.123898,accident_time=3.125;type=rear-end;weak_clip=true,/autodl-fs/data/traffic_accident_rnd/ACCIDENT_mmaction_clips/full/train/bn7c9LxpeuA_00__accident.mp4,train,full
bow1eKeR6oY_00__accident,bow1eKeR6oY_00,/autodl-fs/data/traffic_accident_rnd/ACCIDENT_dataset/real_videos/bow1eKeR6oY_00.mp4,ACCIDENT-real,single,accident,1,weak_clip_event_window,accident_window,30.0,14.966667,449,1080,720,train,Alabama,Alabama::highway,bow1eKeR6oY_00,11,101,0.734967,6.74833,accident_time=2.75;type=single;weak_clip=true,/autodl-fs/data/traffic_accident_rnd/ACCIDENT_mmaction_clips/full/train/bow1eKeR6oY_00__accident.mp4,train,full
bwW_wL4TwZg_1_00__accident,bwW_wL4TwZg_1_00,/autodl-fs/data/traffic_accident_rnd/ACCIDENT_dataset/real_videos/bwW_wL4TwZg_1_00.mp4,ACCIDENT-real,single,accident,1,weak_clip_event_window,accident_window,3.4,24.411765,83,320,240,train,World,World::tunnel,bwW_wL4TwZg_1_00,0,83,0.0,3.4,accident_time=1.28;type=single;weak_clip=true,/autodl-fs/data/traffic_accident_rnd/ACCIDENT_mmaction_clips/full/train/bwW_wL4TwZg_1_00__accident.mp4,train,full
bwW_wL4TwZg_2_00__pre_event_non_accident,bwW_wL4TwZg_2_00,/autodl-fs/data/traffic_accident_rnd/ACCIDENT_dataset/real_videos/bwW_wL4TwZg_2_00.mp4,ACCIDENT-real,single,non_accident,0,weak_clip_pre_event,pre_event_non_accident,11.12,24.820144,276,320,240,train,World,World::tunnel,bwW_wL4TwZg_2_00,0,84,0.0,3.384348,derived_pre_accident_until=3.400;weak_negative=true,/autodl-fs/data/traffic_accident_rnd/ACCIDENT_mmaction_clips/full/train/bwW_wL4TwZg_2_00__pre_event_non_accident.mp4,train,full
bwW_wL4TwZg_2_00__accident,bwW_wL4TwZg_2_00,/autodl-fs/data/traffic_accident_rnd/ACCIDENT_dataset/real_videos/bwW_wL4TwZg_2_00.mp4,ACCIDENT-real,single,accident,1,weak_clip_event_window,accident_window,11.12,24.820144,276,320,240,train,World,World::tunnel,bwW_wL4TwZg_2_00,109,258,4.391594,10.394783,accident_time=6.4;type=single;weak_clip=true,/autodl-fs/data/traffic_accident_rnd/ACCIDENT_mmaction_clips/full/train/bwW_wL4TwZg_2_00__accident.mp4,train,full
c4exlXawFaM_00__pre_event_non_accident,c4exlXawFaM_00,/autodl-fs/data/traffic_accident_rnd/ACCIDENT_dataset/real_videos/c4exlXawFaM_00.mp4,ACCIDENT-real,sideswipe,non_accident,0,weak_clip_pre_event,pre_event_non_accident,30.041667,10.951456,329,960,720,train,Alabama,Alabama::highway,c4exlXawFaM_00,0,16,0.0,1.460993,derived_pre_accident_until=1.417;weak_negative=true,/autodl-fs/data/traffic_accident_rnd/ACCIDENT_mmaction_clips/full/train/c4exlXawFaM_00__pre_event_non_accident.mp4,train,full
c4exlXawFaM_00__accident,c4exlXawFaM_00,/autodl-fs/data/traffic_accident_rnd/ACCIDENT_dataset/real_videos/c4exlXawFaM_00.mp4,ACCIDENT-real,sideswipe,accident,1,weak_clip_event_window,accident_window,30.041667,10.951456,329,960,720,train,Alabama,Alabama::highway,c4exlXawFaM_00,26,92,2.374113,8.400709,accident_time=4.417;type=sideswipe;weak_clip=true,/autodl-fs/data/traffic_accident_rnd/ACCIDENT_mmaction_clips/full/train/c4exlXawFaM_00__accident.mp4,train,full
cFpwh4gBvDc_00__pre_event_non_accident,cFpwh4gBvDc_00,/autodl-fs/data/traffic_accident_rnd/ACCIDENT_dataset/real_videos/cFpwh4gBvDc_00.mp4,ACCIDENT-real,single,non_accident,0,weak_clip_pre_event,pre_event_non_accident,8.708333,14.813397,129,960,720,train,Tennessee,Tennessee::highway,cFpwh4gBvDc_00,0,19,0.0,1.282623,derived_pre_accident_until=1.250;weak_negative=true,/autodl-fs/data/traffic_accident_rnd/ACCIDENT_mmaction_clips/full/train/cFpwh4gBvDc_00__pre_event_non_accident.mp4,train,full
cFpwh4gBvDc_00__accident,cFpwh4gBvDc_00,/autodl-fs/data/traffic_accident_rnd/ACCIDENT_dataset/real_videos/cFpwh4gBvDc_00.mp4,ACCIDENT-real,single,accident,1,weak_clip_event_window,accident_window,8.708333,14.813397,129,960,720,train,Tennessee,Tennessee::highway,cFpwh4gBvDc_00,33,122,2.227713,8.235788,accident_time=4.25;type=single;weak_clip=true,/autodl-fs/data/traffic_accident_rnd/ACCIDENT_mmaction_clips/full/train/cFpwh4gBvDc_00__accident.mp4,train,full
cYmWOy46zF8_00__accident,cYmWOy46zF8_00,/autodl-fs/data/traffic_accident_rnd/ACCIDENT_dataset/real_videos/cYmWOy46zF8_00.mp4,ACCIDENT-real,single,accident,1,weak_clip_event_window,accident_window,19.833333,30.0,595,1920,1080,train,Seattle,Seattle::signalized_intersection,cYmWOy46zF8_00,0,165,0.0,5.5,accident_time=1.5;type=single;weak_clip=true,/autodl-fs/data/traffic_accident_rnd/ACCIDENT_mmaction_clips/full/train/cYmWOy46zF8_00__accident.mp4,train,full
czn7oGEwENs_00__accident,czn7oGEwENs_00,/autodl-fs/data/traffic_accident_rnd/ACCIDENT_dataset/real_videos/czn7oGEwENs_00.mp4,ACCIDENT-real,single,accident,1,weak_clip_event_window,accident_window,15.5,12.709677,197,3168,2160,train,Wisconsin,Wisconsin::grade_separated_intersection,czn7oGEwENs_00,6,82,0.472081,6.451777,accident_time=2.4;type=single;weak_clip=true,/autodl-fs/data/traffic_accident_rnd/ACCIDENT_mmaction_clips/full/train/czn7oGEwENs_00__accident.mp4,train,full
d0uvO8FDM6U_00__pre_event_non_accident,d0uvO8FDM6U_00,/autodl-fs/data/traffic_accident_rnd/ACCIDENT_dataset/real_videos/d0uvO8FDM6U_00.mp4,ACCIDENT-real,single,non_accident,0,weak_clip_pre_event,pre_event_non_accident,8.875,10.028169,89,960,720,train,Virginia,Virginia::highway,d0uvO8FDM6U_00,0,18,0.0,1.794944,derived_pre_accident_until=1.792;weak_negative=true,/autodl-fs/data/traffic_accident_rnd/ACCIDENT_mmaction_clips/full/train/d0uvO8FDM6U_00__pre_event_non_accident.mp4,train,full
d0uvO8FDM6U_00__accident,d0uvO8FDM6U_00,/autodl-fs/data/traffic_accident_rnd/ACCIDENT_dataset/real_videos/d0uvO8FDM6U_00.mp4,ACCIDENT-real,single,accident,1,weak_clip_event_window,accident_window,8.875,10.028169,89,960,720,train,Virginia,Virginia::highway,d0uvO8FDM6U_00,28,88,2.792135,8.775281,accident_time=4.792;type=single;weak_clip=true,/autodl-fs/data/traffic_accident_rnd/ACCIDENT_mmaction_clips/full/train/d0uvO8FDM6U_00__accident.mp4,train,full
dGUCJwW8b1g_00__accident,dGUCJwW8b1g_00,/autodl-fs/data/traffic_accident_rnd/ACCIDENT_dataset/real_videos/dGUCJwW8b1g_00.mp4,ACCIDENT-real,sideswipe,accident,1,weak_clip_event_window,accident_window,25.166667,22.450331,565,1920,1080,train,Alabama,Alabama::highway,dGUCJwW8b1g_00,0,124,0.0,5.523304,accident_time=1.533;type=sideswipe;weak_clip=true,/autodl-fs/data/traffic_accident_rnd/ACCIDENT_mmaction_clips/full/train/dGUCJwW8b1g_00__accident.mp4,train,full
dmwcqNAuZcM_1_00__pre_event_non_accident,dmwcqNAuZcM_1_00,/autodl-fs/data/traffic_accident_rnd/ACCIDENT_dataset/real_videos/dmwcqNAuZcM_1_00.mp4,ACCIDENT-real,t-bone,non_accident,0,weak_clip_pre_event,pre_event_non_accident,52.052,13.870745,722,1276,720,train,World,World::signalized_intersection,dmwcqNAuZcM_1_00,0,314,0.0,22.637573,derived_pre_accident_until=22.659;weak_negative=true,/autodl-fs/data/traffic_accident_rnd/ACCIDENT_mmaction_clips/full/train/dmwcqNAuZcM_1_00__pre_event_non_accident.mp4,train,full
dmwcqNAuZcM_1_00__accident,dmwcqNAuZcM_1_00,/autodl-fs/data/traffic_accident_rnd/ACCIDENT_dataset/real_videos/dmwcqNAuZcM_1_00.mp4,ACCIDENT-real,t-bone,accident,1,weak_clip_event_window,accident_window,52.052,13.870745,722,1276,720,train,World,World::signalized_intersection,dmwcqNAuZcM_1_00,328,411,23.646892,29.630709,accident_time=25.658967;type=t-bone;weak_clip=true,/autodl-fs/data/traffic_accident_rnd/ACCIDENT_mmaction_clips/full/train/dmwcqNAuZcM_1_00__accident.mp4,train,full
eaAiEUwvy20_00__pre_event_non_accident,eaAiEUwvy20_00,/autodl-fs/data/traffic_accident_rnd/ACCIDENT_dataset/real_videos/eaAiEUwvy20_00.mp4,ACCIDENT-real,head-on,non_accident,0,weak_clip_pre_event,pre_event_non_accident,30.033333,29.966704,900,1280,720,train,Seattle,Seattle::signalized_intersection,eaAiEUwvy20_00,0,78,0.0,2.602889,derived_pre_accident_until=2.600;weak_negative=true,/autodl-fs/data/traffic_accident_rnd/ACCIDENT_mmaction_clips/full/train/eaAiEUwvy20_00__pre_event_non_accident.mp4,train,full
eaAiEUwvy20_00__accident,eaAiEUwvy20_00,/autodl-fs/data/traffic_accident_rnd/ACCIDENT_dataset/real_videos/eaAiEUwvy20_00.mp4,ACCIDENT-real,head-on,accident,1,weak_clip_event_window,accident_window,30.033333,29.966704,900,1280,720,train,Seattle,Seattle::signalized_intersection,eaAiEUwvy20_00,108,288,3.604,9.610667,accident_time=5.6;type=head-on;weak_clip=true,/autodl-fs/data/traffic_accident_rnd/ACCIDENT_mmaction_clips/full/train/eaAiEUwvy20_00__accident.mp4,train,full
g59nWt3t9ZM_00__accident,g59nWt3t9ZM_00,/autodl-fs/data/traffic_accident_rnd/ACCIDENT_dataset/real_videos/g59nWt3t9ZM_00.mp4,ACCIDENT-real,single,accident,1,weak_clip_event_window,accident_window,7.5,5.733333,43,1280,720,train,Arkansas,Arkansas::highway,g59nWt3t9ZM_00,2,36,0.348837,6.27907,accident_time=2.25;type=single;weak_clip=true,/autodl-fs/data/traffic_accident_rnd/ACCIDENT_mmaction_clips/full/train/g59nWt3t9ZM_00__accident.mp4,train,full
gS2xiB7q7sk_00__accident,gS2xiB7q7sk_00,/autodl-fs/data/traffic_accident_rnd/ACCIDENT_dataset/real_videos/gS2xiB7q7sk_00.mp4,ACCIDENT-real,single,accident,1,weak_clip_event_window,accident_window,30.041667,14.945908,449,960,720,train,Virginia,Virginia::highway,gS2xiB7q7sk_00,13,103,0.869803,6.891518,accident_time=2.875;type=single;weak_clip=true,/autodl-fs/data/traffic_accident_rnd/ACCIDENT_mmaction_clips/full/train/gS2xiB7q7sk_00__accident.mp4,train,full
gtKsxCrjJ2Q_00__pre_event_non_accident,gtKsxCrjJ2Q_00,/autodl-fs/data/traffic_accident_rnd/ACCIDENT_dataset/real_videos/gtKsxCrjJ2Q_00.mp4,ACCIDENT-real,single,non_accident,0,weak_clip_pre_event,pre_event_non_accident,29.916667,10.061281,301,960,720,train,Virginia,Virginia::highway,gtKsxCrjJ2Q_00,0,40,0.0,3.975637,derived_pre_accident_until=3.958;weak_negative=true,/autodl-fs/data/traffic_accident_rnd/ACCIDENT_mmaction_clips/full/train/gtKsxCrjJ2Q_00__pre_event_non_accident.mp4,train,full
gtKsxCrjJ2Q_00__accident,gtKsxCrjJ2Q_00,/autodl-fs/data/traffic_accident_rnd/ACCIDENT_dataset/real_videos/gtKsxCrjJ2Q_00.mp4,ACCIDENT-real,single,accident,1,weak_clip_event_window,accident_window,29.916667,10.061281,301,960,720,train,Virginia,Virginia::highway,gtKsxCrjJ2Q_00,50,110,4.969546,10.933001,accident_time=6.958;type=single;weak_clip=true,/autodl-fs/data/traffic_accident_rnd/ACCIDENT_mmaction_clips/full/train/gtKsxCrjJ2Q_00__accident.mp4,train,full
h50TQ3i9k5I_0_00__accident,h50TQ3i9k5I_0_00,/autodl-fs/data/traffic_accident_rnd/ACCIDENT_dataset/real_videos/h50TQ3i9k5I_0_00.mp4,ACCIDENT-real,t-bone,accident,1,weak_clip_event_window,accident_window,23.933333,12.534819,300,1280,720,train,World,World::signalized_intersection,h50TQ3i9k5I_0_00,16,91,1.276444,7.259778,accident_time=3.3;type=t-bone;weak_clip=true,/autodl-fs/data/traffic_accident_rnd/ACCIDENT_mmaction_clips/full/train/h50TQ3i9k5I_0_00__accident.mp4,train,full
h50TQ3i9k5I_2_00__pre_event_non_accident,h50TQ3i9k5I_2_00,/autodl-fs/data/traffic_accident_rnd/ACCIDENT_dataset/real_videos/h50TQ3i9k5I_2_00.mp4,ACCIDENT-real,t-bone,non_accident,0,weak_clip_pre_event,pre_event_non_accident,11.9,20.084034,239,1280,720,train,World,World::signalized_intersection,h50TQ3i9k5I_2_00,0,61,0.0,3.037238,derived_pre_accident_until=3.033;weak_negative=true,/autodl-fs/data/traffic_accident_rnd/ACCIDENT_mmaction_clips/full/train/h50TQ3i9k5I_2_00__pre_event_non_accident.mp4,train,full
h50TQ3i9k5I_2_00__accident,h50TQ3i9k5I_2_00,/autodl-fs/data/traffic_accident_rnd/ACCIDENT_dataset/real_videos/h50TQ3i9k5I_2_00.mp4,ACCIDENT-real,t-bone,accident,1,weak_clip_event_window,accident_window,11.9,20.084034,239,1280,720,train,World,World::signalized_intersection,h50TQ3i9k5I_2_00,81,201,4.033054,10.00795,accident_time=6.033333;type=t-bone;weak_clip=true,/autodl-fs/data/traffic_accident_rnd/ACCIDENT_mmaction_clips/full/train/h50TQ3i9k5I_2_00__accident.mp4,train,full
hHLYbcQzL0U_00__pre_event_non_accident,hHLYbcQzL0U_00,/autodl-fs/data/traffic_accident_rnd/ACCIDENT_dataset/real_videos/hHLYbcQzL0U_00.mp4,ACCIDENT-real,single,non_accident,0,weak_clip_pre_event,pre_event_non_accident,7.958333,14.95288,119,960,720,train,Virginia,Virginia::highway,hHLYbcQzL0U_00,0,40,0.0,2.67507,derived_pre_accident_until=2.708;weak_negative=true,/autodl-fs/data/traffic_accident_rnd/ACCIDENT_mmaction_clips/full/train/hHLYbcQzL0U_00__pre_event_non_accident.mp4,train,full
hHLYbcQzL0U_00__accident,hHLYbcQzL0U_00,/autodl-fs/data/traffic_accident_rnd/ACCIDENT_dataset/real_videos/hHLYbcQzL0U_00.mp4,ACCIDENT-real,single,accident,1,weak_clip_event_window,accident_window,7.958333,14.95288,119,960,720,train,Virginia,Virginia::highway,hHLYbcQzL0U_00,55,119,3.678221,7.958333,accident_time=5.708;type=single;weak_clip=true,/autodl-fs/data/traffic_accident_rnd/ACCIDENT_mmaction_clips/full/train/hHLYbcQzL0U_00__accident.mp4,train,full
hQVkdwPxafw_00__pre_event_non_accident,hQVkdwPxafw_00,/autodl-fs/data/traffic_accident_rnd/ACCIDENT_dataset/real_videos/hQVkdwPxafw_00.mp4,ACCIDENT-real,single,non_accident,0,weak_clip_pre_event,pre_event_non_accident,29.958333,10.047288,301,960,720,train,Virginia,Virginia::highway,hQVkdwPxafw_00,0,51,0.0,5.075997,derived_pre_accident_until=5.042;weak_negative=true,/autodl-fs/data/traffic_accident_rnd/ACCIDENT_mmaction_clips/full/train/hQVkdwPxafw_00__pre_event_non_accident.mp4,train,full
hQVkdwPxafw_00__accident,hQVkdwPxafw_00,/autodl-fs/data/traffic_accident_rnd/ACCIDENT_dataset/real_videos/hQVkdwPxafw_00.mp4,ACCIDENT-real,single,accident,1,weak_clip_event_window,accident_window,29.958333,10.047288,301,960,720,train,Virginia,Virginia::highway,hQVkdwPxafw_00,61,121,6.07129,12.043051,accident_time=8.042;type=single;weak_clip=true,/autodl-fs/data/traffic_accident_rnd/ACCIDENT_mmaction_clips/full/train/hQVkdwPxafw_00__accident.mp4,train,full
hSt-aJwZqsY_2_00__accident,hSt-aJwZqsY_2_00,/autodl-fs/data/traffic_accident_rnd/ACCIDENT_dataset/real_videos/hSt-aJwZqsY_2_00.mp4,ACCIDENT-real,head-on,accident,1,weak_clip_event_window,accident_window,7.166667,30.0,215,1280,720,train,World,World::simple_intersection,hSt-aJwZqsY_2_00,21,201,0.7,6.7,accident_time=2.7;type=head-on;weak_clip=true,/autodl-fs/data/traffic_accident_rnd/ACCIDENT_mmaction_clips/full/train/hSt-aJwZqsY_2_00__accident.mp4,train,full
ieFXAiS97A0_1_00__pre_event_non_accident,ieFXAiS97A0_1_00,/autodl-fs/data/traffic_accident_rnd/ACCIDENT_dataset/real_videos/ieFXAiS97A0_1_00.mp4,ACCIDENT-real,sideswipe,non_accident,0,weak_clip_pre_event,pre_event_non_accident,9.743067,14.266555,139,450,338,train,World,World::signalized_intersection,ieFXAiS97A0_1_00,0,28,0.0,1.962632,derived_pre_accident_until=1.938;weak_negative=true,/autodl-fs/data/traffic_accident_rnd/ACCIDENT_mmaction_clips/full/train/ieFXAiS97A0_1_00__pre_event_non_accident.mp4,train,full
ieFXAiS97A0_1_00__accident,ieFXAiS97A0_1_00,/autodl-fs/data/traffic_accident_rnd/ACCIDENT_dataset/real_videos/ieFXAiS97A0_1_00.mp4,ACCIDENT-real,sideswipe,accident,1,weak_clip_event_window,accident_window,9.743067,14.266555,139,450,338,train,World,World::signalized_intersection,ieFXAiS97A0_1_00,41,127,2.873854,8.901939,accident_time=4.938267;type=sideswipe;weak_clip=true,/autodl-fs/data/traffic_accident_rnd/ACCIDENT_mmaction_clips/full/train/ieFXAiS97A0_1_00__accident.mp4,train,full
ig4k6LEEMy0_00__pre_event_non_accident,ig4k6LEEMy0_00,/autodl-fs/data/traffic_accident_rnd/ACCIDENT_dataset/real_videos/ig4k6LEEMy0_00.mp4,ACCIDENT-real,t-bone,non_accident,0,weak_clip_pre_event,pre_event_non_accident,30.125,7.966805,240,1280,720,train,Arkansas,Arkansas::highway,ig4k6LEEMy0_00,0,49,0.0,6.150521,derived_pre_accident_until=6.208;weak_negative=true,/autodl-fs/data/traffic_accident_rnd/ACCIDENT_mmaction_clips/full/train/ig4k6LEEMy0_00__pre_event_non_accident.mp4,train,full
ig4k6LEEMy0_00__accident,ig4k6LEEMy0_00,/autodl-fs/data/traffic_accident_rnd/ACCIDENT_dataset/real_videos/ig4k6LEEMy0_00.mp4,ACCIDENT-real,t-bone,accident,1,weak_clip_event_window,accident_window,30.125,7.966805,240,1280,720,train,Arkansas,Arkansas::highway,ig4k6LEEMy0_00,57,105,7.154687,13.179688,accident_time=9.208;type=t-bone;weak_clip=true,/autodl-fs/data/traffic_accident_rnd/ACCIDENT_mmaction_clips/full/train/ig4k6LEEMy0_00__accident.mp4,train,full
jJ4IJnInYnE_00__pre_event_non_accident,jJ4IJnInYnE_00,/autodl-fs/data/traffic_accident_rnd/ACCIDENT_dataset/real_videos/jJ4IJnInYnE_00.mp4,ACCIDENT-real,single,non_accident,0,weak_clip_pre_event,pre_event_non_accident,24.766667,15.020188,372,1620,1080,train,Tennessee,Tennessee::grade_separated_intersection,jJ4IJnInYnE_00,0,21,0.0,1.398118,derived_pre_accident_until=1.400;weak_negative=true,/autodl-fs/data/traffic_accident_rnd/ACCIDENT_mmaction_clips/full/train/jJ4IJnInYnE_00__pre_event_non_accident.mp4,train,full
jJ4IJnInYnE_00__accident,jJ4IJnInYnE_00,/autodl-fs/data/traffic_accident_rnd/ACCIDENT_dataset/real_videos/jJ4IJnInYnE_00.mp4,ACCIDENT-real,single,accident,1,weak_clip_event_window,accident_window,24.766667,15.020188,372,1620,1080,train,Tennessee,Tennessee::grade_separated_intersection,jJ4IJnInYnE_00,36,126,2.396774,8.38871,accident_time=4.4;type=single;weak_clip=true,/autodl-fs/data/traffic_accident_rnd/ACCIDENT_mmaction_clips/full/train/jJ4IJnInYnE_00__accident.mp4,train,full
jfGiD4S9OiA_00__accident,jfGiD4S9OiA_00,/autodl-fs/data/traffic_accident_rnd/ACCIDENT_dataset/real_videos/jfGiD4S9OiA_00.mp4,ACCIDENT-real,rear-end,accident,1,weak_clip_event_window,accident_window,30.0,9.933333,298,960,720,train,Virginia,Virginia::highway,jfGiD4S9OiA_00,7,67,0.704698,6.744966,accident_time=2.75;type=rear-end;weak_clip=true,/autodl-fs/data/traffic_accident_rnd/ACCIDENT_mmaction_clips/full/train/jfGiD4S9OiA_00__accident.mp4,train,full
jgAGNNIG13E_00__pre_event_non_accident,jgAGNNIG13E_00,/autodl-fs/data/traffic_accident_rnd/ACCIDENT_dataset/real_videos/jgAGNNIG13E_00.mp4,ACCIDENT-real,single,non_accident,0,weak_clip_pre_event,pre_event_non_accident,30.0,14.966667,449,1280,720,train,Alabama,Alabama::grade_separated_intersection,jgAGNNIG13E_00,0,65,0.0,4.342984,derived_pre_accident_until=4.375;weak_negative=true,/autodl-fs/data/traffic_accident_rnd/ACCIDENT_mmaction_clips/full/train/jgAGNNIG13E_00__pre_event_non_accident.mp4,train,full
jgAGNNIG13E_00__accident,jgAGNNIG13E_00,/autodl-fs/data/traffic_accident_rnd/ACCIDENT_dataset/real_videos/jgAGNNIG13E_00.mp4,ACCIDENT-real,single,accident,1,weak_clip_event_window,accident_window,30.0,14.966667,449,1280,720,train,Alabama,Alabama::grade_separated_intersection,jgAGNNIG13E_00,80,170,5.345212,11.358575,accident_time=7.375;type=single;weak_clip=true,/autodl-fs/data/traffic_accident_rnd/ACCIDENT_mmaction_clips/full/train/jgAGNNIG13E_00__accident.mp4,train,full
jnarvwUc5NU_00__pre_event_non_accident,jnarvwUc5NU_00,/autodl-fs/data/traffic_accident_rnd/ACCIDENT_dataset/real_videos/jnarvwUc5NU_00.mp4,ACCIDENT-real,rear-end,non_accident,0,weak_clip_pre_event,pre_event_non_accident,30.041667,14.779473,444,960,720,train,Virginia,Virginia::highway,jnarvwUc5NU_00,0,91,0.0,6.157188,derived_pre_accident_until=6.167;weak_negative=true,/autodl-fs/data/traffic_accident_rnd/ACCIDENT_mmaction_clips/full/train/jnarvwUc5NU_00__pre_event_non_accident.mp4,train,full
jnarvwUc5NU_00__accident,jnarvwUc5NU_00,/autodl-fs/data/traffic_accident_rnd/ACCIDENT_dataset/real_videos/jnarvwUc5NU_00.mp4,ACCIDENT-real,rear-end,accident,1,weak_clip_event_window,accident_window,30.041667,14.779473,444,960,720,train,Virginia,Virginia::highway,jnarvwUc5NU_00,105,194,7.104448,13.126314,accident_time=9.166666;type=rear-end;weak_clip=true,/autodl-fs/data/traffic_accident_rnd/ACCIDENT_mmaction_clips/full/train/jnarvwUc5NU_00__accident.mp4,train,full
jzFOvz-C9q0_00__pre_event_non_accident,jzFOvz-C9q0_00,/autodl-fs/data/traffic_accident_rnd/ACCIDENT_dataset/real_videos/jzFOvz-C9q0_00.mp4,ACCIDENT-real,sideswipe,non_accident,0,weak_clip_pre_event,pre_event_non_accident,27.466667,30.0,824,1080,720,train,Minnesota,Minnesota::highway,jzFOvz-C9q0_00,0,65,0.0,2.166667,derived_pre_accident_until=2.167;weak_negative=true,/autodl-fs/data/traffic_accident_rnd/ACCIDENT_mmaction_clips/full/train/jzFOvz-C9q0_00__pre_event_non_accident.mp4,train,full
jzFOvz-C9q0_00__accident,jzFOvz-C9q0_00,/autodl-fs/data/traffic_accident_rnd/ACCIDENT_dataset/real_videos/jzFOvz-C9q0_00.mp4,ACCIDENT-real,sideswipe,accident,1,weak_clip_event_window,accident_window,27.466667,30.0,824,1080,720,train,Minnesota,Minnesota::highway,jzFOvz-C9q0_00,95,275,3.166667,9.166667,accident_time=5.166667;type=sideswipe;weak_clip=true,/autodl-fs/data/traffic_accident_rnd/ACCIDENT_mmaction_clips/full/train/jzFOvz-C9q0_00__accident.mp4,train,full
k932VZGqE6c_1_00__pre_event_non_accident,k932VZGqE6c_1_00,/autodl-fs/data/traffic_accident_rnd/ACCIDENT_dataset/real_videos/k932VZGqE6c_1_00.mp4,ACCIDENT-real,t-bone,non_accident,0,weak_clip_pre_event,pre_event_non_accident,7.6,30.0,228,320,240,train,World,World::signalized_intersection,k932VZGqE6c_1_00,0,31,0.0,1.033333,derived_pre_accident_until=1.033;weak_negative=true,/autodl-fs/data/traffic_accident_rnd/ACCIDENT_mmaction_clips/full/train/k932VZGqE6c_1_00__pre_event_non_accident.mp4,train,full
k932VZGqE6c_1_00__accident,k932VZGqE6c_1_00,/autodl-fs/data/traffic_accident_rnd/ACCIDENT_dataset/real_videos/k932VZGqE6c_1_00.mp4,ACCIDENT-real,t-bone,accident,1,weak_clip_event_window,accident_window,7.6,30.0,228,320,240,train,World,World::signalized_intersection,k932VZGqE6c_1_00,61,228,2.033333,7.6,accident_time=4.033333;type=t-bone;weak_clip=true,/autodl-fs/data/traffic_accident_rnd/ACCIDENT_mmaction_clips/full/train/k932VZGqE6c_1_00__accident.mp4,train,full
k932VZGqE6c_2_00__pre_event_non_accident,k932VZGqE6c_2_00,/autodl-fs/data/traffic_accident_rnd/ACCIDENT_dataset/real_videos/k932VZGqE6c_2_00.mp4,ACCIDENT-real,rear-end,non_accident,0,weak_clip_pre_event,pre_event_non_accident,8.333333,28.44,237,320,240,train,World,World::signalized_intersection,k932VZGqE6c_2_00,0,75,0.0,2.637131,derived_pre_accident_until=2.633;weak_negative=true,/autodl-fs/data/traffic_accident_rnd/ACCIDENT_mmaction_clips/full/train/k932VZGqE6c_2_00__pre_event_non_accident.mp4,train,full
k932VZGqE6c_2_00__accident,k932VZGqE6c_2_00,/autodl-fs/data/traffic_accident_rnd/ACCIDENT_dataset/real_videos/k932VZGqE6c_2_00.mp4,ACCIDENT-real,rear-end,accident,1,weak_clip_event_window,accident_window,8.333333,28.44,237,320,240,train,World,World::signalized_intersection,k932VZGqE6c_2_00,103,237,3.62166,8.333333,accident_time=5.633333;type=rear-end;weak_clip=true,/autodl-fs/data/traffic_accident_rnd/ACCIDENT_mmaction_clips/full/train/k932VZGqE6c_2_00__accident.mp4,train,full
k932VZGqE6c_3_00__pre_event_non_accident,k932VZGqE6c_3_00,/autodl-fs/data/traffic_accident_rnd/ACCIDENT_dataset/real_videos/k932VZGqE6c_3_00.mp4,ACCIDENT-real,rear-end,non_accident,0,weak_clip_pre_event,pre_event_non_accident,10.166667,22.819672,232,320,240,train,World,World::signalized_intersection,k932VZGqE6c_3_00,0,35,0.0,1.533764,derived_pre_accident_until=1.533;weak_negative=true,/autodl-fs/data/traffic_accident_rnd/ACCIDENT_mmaction_clips/full/train/k932VZGqE6c_3_00__pre_event_non_accident.mp4,train,full
k932VZGqE6c_3_00__accident,k932VZGqE6c_3_00,/autodl-fs/data/traffic_accident_rnd/ACCIDENT_dataset/real_videos/k932VZGqE6c_3_00.mp4,ACCIDENT-real,rear-end,accident,1,weak_clip_event_window,accident_window,10.166667,22.819672,232,320,240,train,World,World::signalized_intersection,k932VZGqE6c_3_00,57,194,2.497845,8.501437,accident_time=4.533333;type=rear-end;weak_clip=true,/autodl-fs/data/traffic_accident_rnd/ACCIDENT_mmaction_clips/full/train/k932VZGqE6c_3_00__accident.mp4,train,full
kOOstkWDxz0_00__pre_event_non_accident,kOOstkWDxz0_00,/autodl-fs/data/traffic_accident_rnd/ACCIDENT_dataset/real_videos/kOOstkWDxz0_00.mp4,ACCIDENT-real,single,non_accident,0,weak_clip_pre_event,pre_event_non_accident,30.125,7.73444,233,1280,720,train,Arkansas,Arkansas::highway,kOOstkWDxz0_00,0,46,0.0,5.947425,derived_pre_accident_until=5.917;weak_negative=true,/autodl-fs/data/traffic_accident_rnd/ACCIDENT_mmaction_clips/full/train/kOOstkWDxz0_00__pre_event_non_accident.mp4,train,full
kOOstkWDxz0_00__accident,kOOstkWDxz0_00,/autodl-fs/data/traffic_accident_rnd/ACCIDENT_dataset/real_videos/kOOstkWDxz0_00.mp4,ACCIDENT-real,single,accident,1,weak_clip_event_window,accident_window,30.125,7.73444,233,1280,720,train,Arkansas,Arkansas::highway,kOOstkWDxz0_00,54,100,6.98176,12.929185,accident_time=8.917;type=single;weak_clip=true,/autodl-fs/data/traffic_accident_rnd/ACCIDENT_mmaction_clips/full/train/kOOstkWDxz0_00__accident.mp4,train,full
kd7QwQqeJZQ_01__pre_event_non_accident,kd7QwQqeJZQ_01,/autodl-fs/data/traffic_accident_rnd/ACCIDENT_dataset/real_videos/kd7QwQqeJZQ_01.mp4,ACCIDENT-real,single,non_accident,0,weak_clip_pre_event,pre_event_non_accident,10.28,22.957198,236,1920,1080,train,UAE,UAE::highway,kd7QwQqeJZQ_01,0,34,0.0,1.481017,derived_pre_accident_until=1.480;weak_negative=true,/autodl-fs/data/traffic_accident_rnd/ACCIDENT_mmaction_clips/full/train/kd7QwQqeJZQ_01__pre_event_non_accident.mp4,train,full
kd7QwQqeJZQ_01__accident,kd7QwQqeJZQ_01,/autodl-fs/data/traffic_accident_rnd/ACCIDENT_dataset/real_videos/kd7QwQqeJZQ_01.mp4,ACCIDENT-real,single,accident,1,weak_clip_event_window,accident_window,10.28,22.957198,236,1920,1080,train,UAE,UAE::highway,kd7QwQqeJZQ_01,57,195,2.482881,8.494068,accident_time=4.48;type=single;weak_clip=true,/autodl-fs/data/traffic_accident_rnd/ACCIDENT_mmaction_clips/full/train/kd7QwQqeJZQ_01__accident.mp4,train,full
kv-u4ZiEGJA_4_00__accident,kv-u4ZiEGJA_4_00,/autodl-fs/data/traffic_accident_rnd/ACCIDENT_dataset/real_videos/kv-u4ZiEGJA_4_00.mp4,ACCIDENT-real,head-on,accident,1,weak_clip_event_window,accident_window,3.6,22.5,81,1280,720,train,World,World::signalized_intersection,kv-u4ZiEGJA_4_00,0,81,0.0,3.6,accident_time=0.766667;type=head-on;weak_clip=true,/autodl-fs/data/traffic_accident_rnd/ACCIDENT_mmaction_clips/full/train/kv-u4ZiEGJA_4_00__accident.mp4,train,full
l4xiNaUc-Bw_00__pre_event_non_accident,l4xiNaUc-Bw_00,/autodl-fs/data/traffic_accident_rnd/ACCIDENT_dataset/real_videos/l4xiNaUc-Bw_00.mp4,ACCIDENT-real,single,non_accident,0,weak_clip_pre_event,pre_event_non_accident,29.916667,15.075209,451,1280,720,train,Seattle,Seattle::highway,l4xiNaUc-Bw_00,0,87,0.0,5.771064,derived_pre_accident_until=5.750;weak_negative=true,/autodl-fs/data/traffic_accident_rnd/ACCIDENT_mmaction_clips/full/train/l4xiNaUc-Bw_00__pre_event_non_accident.mp4,train,full
l4xiNaUc-Bw_00__accident,l4xiNaUc-Bw_00,/autodl-fs/data/traffic_accident_rnd/ACCIDENT_dataset/real_videos/l4xiNaUc-Bw_00.mp4,ACCIDENT-real,single,accident,1,weak_clip_event_window,accident_window,29.916667,15.075209,451,1280,720,train,Seattle,Seattle::highway,l4xiNaUc-Bw_00,102,192,6.766075,12.736142,accident_time=8.75;type=single;weak_clip=true,/autodl-fs/data/traffic_accident_rnd/ACCIDENT_mmaction_clips/full/train/l4xiNaUc-Bw_00__accident.mp4,train,full
lJvJnAxuX5U_0_00__pre_event_non_accident,lJvJnAxuX5U_0_00,/autodl-fs/data/traffic_accident_rnd/ACCIDENT_dataset/real_videos/lJvJnAxuX5U_0_00.mp4,ACCIDENT-real,t-bone,non_accident,0,weak_clip_pre_event,pre_event_non_accident,9.92,22.580645,224,1280,720,train,World,World::signalized_intersection,lJvJnAxuX5U_0_00,0,85,0.0,3.764286,derived_pre_accident_until=3.760;weak_negative=true,/autodl-fs/data/traffic_accident_rnd/ACCIDENT_mmaction_clips/full/train/lJvJnAxuX5U_0_00__pre_event_non_accident.mp4,train,full
lJvJnAxuX5U_0_00__accident,lJvJnAxuX5U_0_00,/autodl-fs/data/traffic_accident_rnd/ACCIDENT_dataset/real_videos/lJvJnAxuX5U_0_00.mp4,ACCIDENT-real,t-bone,accident,1,weak_clip_event_window,accident_window,9.92,22.580645,224,1280,720,train,World,World::signalized_intersection,lJvJnAxuX5U_0_00,108,224,4.782857,9.92,accident_time=6.76;type=t-bone;weak_clip=true,/autodl-fs/data/traffic_accident_rnd/ACCIDENT_mmaction_clips/full/train/lJvJnAxuX5U_0_00__accident.mp4,train,full
lKAtoCazPaE_00__accident,lKAtoCazPaE_00,/autodl-fs/data/traffic_accident_rnd/ACCIDENT_dataset/real_videos/lKAtoCazPaE_00.mp4,ACCIDENT-real,rear-end,accident,1,weak_clip_event_window,accident_window,30.0,26.0,780,1280,720,train,Seattle,Seattle::signalized_intersection,lKAtoCazPaE_00,30,186,1.153846,7.153846,accident_time=3.138;type=rear-end;weak_clip=true,/autodl-fs/data/traffic_accident_rnd/ACCIDENT_mmaction_clips/full/train/lKAtoCazPaE_00__accident.mp4,train,full
lRcaIAGppGs_00__accident,lRcaIAGppGs_00,/autodl-fs/data/traffic_accident_rnd/ACCIDENT_dataset/real_videos/lRcaIAGppGs_00.mp4,ACCIDENT-real,single,accident,1,weak_clip_event_window,accident_window,30.041667,14.945908,449,1280,720,train,Georgia,Georgia::highway,lRcaIAGppGs_00,4,94,0.267632,6.289347,accident_time=2.25;type=single;weak_clip=true,/autodl-fs/data/traffic_accident_rnd/ACCIDENT_mmaction_clips/full/train/lRcaIAGppGs_00__accident.mp4,train,full
lgU3T6kySLw_00__accident,lgU3T6kySLw_00,/autodl-fs/data/traffic_accident_rnd/ACCIDENT_dataset/real_videos/lgU3T6kySLw_00.mp4,ACCIDENT-real,single,accident,1,weak_clip_event_window,accident_window,30.333333,5.934066,180,1280,720,train,Arkansas,Arkansas::highway,lgU3T6kySLw_00,8,44,1.348148,7.414815,accident_time=3.291666;type=single;weak_clip=true,/autodl-fs/data/traffic_accident_rnd/ACCIDENT_mmaction_clips/full/train/lgU3T6kySLw_00__accident.mp4,train,full
lj2jsTChFEo_00__pre_event_non_accident,lj2jsTChFEo_00,/autodl-fs/data/traffic_accident_rnd/ACCIDENT_dataset/real_videos/lj2jsTChFEo_00.mp4,ACCIDENT-real,single,non_accident,0,weak_clip_pre_event,pre_event_non_accident,27.733333,28.665865,795,1620,1080,train,Minnesota,Minnesota::highway,lj2jsTChFEo_00,0,101,0.0,3.523354,derived_pre_accident_until=3.533;weak_negative=true,/autodl-fs/data/traffic_accident_rnd/ACCIDENT_mmaction_clips/full/train/lj2jsTChFEo_00__pre_event_non_accident.mp4,train,full
lj2jsTChFEo_00__accident,lj2jsTChFEo_00,/autodl-fs/data/traffic_accident_rnd/ACCIDENT_dataset/real_videos/lj2jsTChFEo_00.mp4,ACCIDENT-real,single,accident,1,weak_clip_event_window,accident_window,27.733333,28.665865,795,1620,1080,train,Minnesota,Minnesota::highway,lj2jsTChFEo_00,130,302,4.53501,10.535178,accident_time=6.533;type=single;weak_clip=true,/autodl-fs/data/traffic_accident_rnd/ACCIDENT_mmaction_clips/full/train/lj2jsTChFEo_00__accident.mp4,train,full
llupGpa4OMQ_00__pre_event_non_accident,llupGpa4OMQ_00,/autodl-fs/data/traffic_accident_rnd/ACCIDENT_dataset/real_videos/llupGpa4OMQ_00.mp4,ACCIDENT-real,sideswipe,non_accident,0,weak_clip_pre_event,pre_event_non_accident,30.041667,15.911234,478,1280,720,train,Seattle,Seattle::highway,llupGpa4OMQ_00,0,55,0.0,3.456677,derived_pre_accident_until=3.458;weak_negative=true,/autodl-fs/data/traffic_accident_rnd/ACCIDENT_mmaction_clips/full/train/llupGpa4OMQ_00__pre_event_non_accident.mp4,train,full
llupGpa4OMQ_00__accident,llupGpa4OMQ_00,/autodl-fs/data/traffic_accident_rnd/ACCIDENT_dataset/real_videos/llupGpa4OMQ_00.mp4,ACCIDENT-real,sideswipe,accident,1,weak_clip_event_window,accident_window,30.041667,15.911234,478,1280,720,train,Seattle,Seattle::highway,llupGpa4OMQ_00,71,167,4.462256,10.495729,accident_time=6.458;type=sideswipe;weak_clip=true,/autodl-fs/data/traffic_accident_rnd/ACCIDENT_mmaction_clips/full/train/llupGpa4OMQ_00__accident.mp4,train,full
lprYC7noW0w_00__accident,lprYC7noW0w_00,/autodl-fs/data/traffic_accident_rnd/ACCIDENT_dataset/real_videos/lprYC7noW0w_00.mp4,ACCIDENT-real,single,accident,1,weak_clip_event_window,accident_window,24.541667,15.035654,369,1280,720,train,Alabama,Alabama::highway,lprYC7noW0w_00,0,69,0.0,4.589092,accident_time=0.5830000000000002;type=single;weak_clip=true,/autodl-fs/data/traffic_accident_rnd/ACCIDENT_mmaction_clips/full/train/lprYC7noW0w_00__accident.mp4,train,full
mEEMZBZHIrc_00__pre_event_non_accident,mEEMZBZHIrc_00,/autodl-fs/data/traffic_accident_rnd/ACCIDENT_dataset/real_videos/mEEMZBZHIrc_00.mp4,ACCIDENT-real,single,non_accident,0,weak_clip_pre_event,pre_event_non_accident,29.973475,14.61292,438,2400,1080,train,Virginia,Virginia::highway,mEEMZBZHIrc_00,0,151,0.0,10.333321,derived_pre_accident_until=10.329;weak_negative=true,/autodl-fs/data/traffic_accident_rnd/ACCIDENT_mmaction_clips/full/train/mEEMZBZHIrc_00__pre_event_non_accident.mp4,train,full
mEEMZBZHIrc_00__accident,mEEMZBZHIrc_00,/autodl-fs/data/traffic_accident_rnd/ACCIDENT_dataset/real_videos/mEEMZBZHIrc_00.mp4,ACCIDENT-real,single,accident,1,weak_clip_event_window,accident_window,29.973475,14.61292,438,2400,1080,train,Virginia,Virginia::highway,mEEMZBZHIrc_00,166,253,11.35981,17.313445,accident_time=13.328999999999999;type=single;weak_clip=true,/autodl-fs/data/traffic_accident_rnd/ACCIDENT_mmaction_clips/full/train/mEEMZBZHIrc_00__accident.mp4,train,full
mOwuW8t6-GQ_4_00__pre_event_non_accident,mOwuW8t6-GQ_4_00,/autodl-fs/data/traffic_accident_rnd/ACCIDENT_dataset/real_videos/mOwuW8t6-GQ_4_00.mp4,ACCIDENT-real,t-bone,non_accident,0,weak_clip_pre_event,pre_event_non_accident,53.36,20.183658,1077,1280,720,train,World,World::signalized_intersection,mOwuW8t6-GQ_4_00,0,457,0.0,22.64208,derived_pre_accident_until=22.640;weak_negative=true,/autodl-fs/data/traffic_accident_rnd/ACCIDENT_mmaction_clips/full/train/mOwuW8t6-GQ_4_00__pre_event_non_accident.mp4,train,full
mOwuW8t6-GQ_4_00__accident,mOwuW8t6-GQ_4_00,/autodl-fs/data/traffic_accident_rnd/ACCIDENT_dataset/real_videos/mOwuW8t6-GQ_4_00.mp4,ACCIDENT-real,t-bone,accident,1,weak_clip_event_window,accident_window,53.36,20.183658,1077,1280,720,train,World,World::signalized_intersection,mOwuW8t6-GQ_4_00,478,599,23.682526,29.677474,accident_time=25.64;type=t-bone;weak_clip=true,/autodl-fs/data/traffic_accident_rnd/ACCIDENT_mmaction_clips/full/train/mOwuW8t6-GQ_4_00__accident.mp4,train,full
mOwuW8t6-GQ_6_00__pre_event_non_accident,mOwuW8t6-GQ_6_00,/autodl-fs/data/traffic_accident_rnd/ACCIDENT_dataset/real_videos/mOwuW8t6-GQ_6_00.mp4,ACCIDENT-real,t-bone,non_accident,0,weak_clip_pre_event,pre_event_non_accident,20.68,17.988395,372,1280,720,train,World,World::signalized_intersection,mOwuW8t6-GQ_6_00,0,101,0.0,5.614731,derived_pre_accident_until=5.640;weak_negative=true,/autodl-fs/data/traffic_accident_rnd/ACCIDENT_mmaction_clips/full/train/mOwuW8t6-GQ_6_00__pre_event_non_accident.mp4,train,full
mOwuW8t6-GQ_6_00__accident,mOwuW8t6-GQ_6_00,/autodl-fs/data/traffic_accident_rnd/ACCIDENT_dataset/real_videos/mOwuW8t6-GQ_6_00.mp4,ACCIDENT-real,t-bone,accident,1,weak_clip_event_window,accident_window,20.68,17.988395,372,1280,720,train,World,World::signalized_intersection,mOwuW8t6-GQ_6_00,119,227,6.615376,12.619247,accident_time=8.64;type=t-bone;weak_clip=true,/autodl-fs/data/traffic_accident_rnd/ACCIDENT_mmaction_clips/full/train/mOwuW8t6-GQ_6_00__accident.mp4,train,full
mTYWjKznhOY_00__pre_event_non_accident,mTYWjKznhOY_00,/autodl-fs/data/traffic_accident_rnd/ACCIDENT_dataset/real_videos/mTYWjKznhOY_00.mp4,ACCIDENT-real,single,non_accident,0,weak_clip_pre_event,pre_event_non_accident,30.041667,14.979196,450,960,720,train,Virginia,Virginia::highway,mTYWjKznhOY_00,0,23,0.0,1.535463,derived_pre_accident_until=1.542;weak_negative=true,/autodl-fs/data/traffic_accident_rnd/ACCIDENT_mmaction_clips/full/train/mTYWjKznhOY_00__pre_event_non_accident.mp4,train,full
mTYWjKznhOY_00__accident,mTYWjKznhOY_00,/autodl-fs/data/traffic_accident_rnd/ACCIDENT_dataset/real_videos/mTYWjKznhOY_00.mp4,ACCIDENT-real,single,accident,1,weak_clip_event_window,accident_window,30.041667,14.979196,450,960,720,train,Virginia,Virginia::highway,mTYWjKznhOY_00,38,128,2.536852,8.545185,accident_time=4.542;type=single;weak_clip=true,/autodl-fs/data/traffic_accident_rnd/ACCIDENT_mmaction_clips/full/train/mTYWjKznhOY_00__accident.mp4,train,full
maJsgJsapH4_00__pre_event_non_accident,maJsgJsapH4_00,/autodl-fs/data/traffic_accident_rnd/ACCIDENT_dataset/real_videos/maJsgJsapH4_00.mp4,ACCIDENT-real,rear-end,non_accident,0,weak_clip_pre_event,pre_event_non_accident,30.133333,9.955752,300,1920,1080,train,Alabama,Alabama::highway,maJsgJsapH4_00,0,40,0.0,4.017778,derived_pre_accident_until=4.000;weak_negative=true,/autodl-fs/data/traffic_accident_rnd/ACCIDENT_mmaction_clips/full/train/maJsgJsapH4_00__pre_event_non_accident.mp4,train,full
maJsgJsapH4_00__accident,maJsgJsapH4_00,/autodl-fs/data/traffic_accident_rnd/ACCIDENT_dataset/real_videos/maJsgJsapH4_00.mp4,ACCIDENT-real,rear-end,accident,1,weak_clip_event_window,accident_window,30.133333,9.955752,300,1920,1080,train,Alabama,Alabama::highway,maJsgJsapH4_00,50,110,5.022222,11.048889,accident_time=7.0;type=rear-end;weak_clip=true,/autodl-fs/data/traffic_accident_rnd/ACCIDENT_mmaction_clips/full/train/maJsgJsapH4_00__accident.mp4,train,full
mg6PLF8sHWw_0_00__pre_event_non_accident,mg6PLF8sHWw_0_00,/autodl-fs/data/traffic_accident_rnd/ACCIDENT_dataset/real_videos/mg6PLF8sHWw_0_00.mp4,ACCIDENT-real,t-bone,non_accident,0,weak_clip_pre_event,pre_event_non_accident,16.779944,17.997676,302,1280,720,train,World,World::simple_intersection,mg6PLF8sHWw_0_00,0,45,0.0,2.500323,derived_pre_accident_until=2.482;weak_negative=true,/autodl-fs/data/traffic_accident_rnd/ACCIDENT_mmaction_clips/full/train/mg6PLF8sHWw_0_00__pre_event_non_accident.mp4,train,full
mg6PLF8sHWw_0_00__accident,mg6PLF8sHWw_0_00,/autodl-fs/data/traffic_accident_rnd/ACCIDENT_dataset/real_videos/mg6PLF8sHWw_0_00.mp4,ACCIDENT-real,t-bone,accident,1,weak_clip_event_window,accident_window,16.779944,17.997676,302,1280,720,train,World,World::simple_intersection,mg6PLF8sHWw_0_00,63,171,3.500452,9.501227,accident_time=5.481894;type=t-bone;weak_clip=true,/autodl-fs/data/traffic_accident_rnd/ACCIDENT_mmaction_clips/full/train/mg6PLF8sHWw_0_00__accident.mp4,train,full
mhQIf0yVU3g_1_00__accident,mhQIf0yVU3g_1_00,/autodl-fs/data/traffic_accident_rnd/ACCIDENT_dataset/real_videos/mhQIf0yVU3g_1_00.mp4,ACCIDENT-real,t-bone,accident,1,weak_clip_event_window,accident_window,6.6,15.151515,100,1280,720,train,World,World::signalized_intersection,mhQIf0yVU3g_1_00,14,100,0.924,6.6,accident_time=2.933333;type=t-bone;weak_clip=true,/autodl-fs/data/traffic_accident_rnd/ACCIDENT_mmaction_clips/full/train/mhQIf0yVU3g_1_00__accident.mp4,train,full
mhQIf0yVU3g_3_00__accident,mhQIf0yVU3g_3_00,/autodl-fs/data/traffic_accident_rnd/ACCIDENT_dataset/real_videos/mhQIf0yVU3g_3_00.mp4,ACCIDENT-real,head-on,accident,1,weak_clip_event_window,accident_window,6.3,17.936508,113,1280,720,train,World,World::signalized_intersection,mhQIf0yVU3g_3_00,23,113,1.282301,6.3,accident_time=3.266667;type=head-on;weak_clip=true,/autodl-fs/data/traffic_accident_rnd/ACCIDENT_mmaction_clips/full/train/mhQIf0yVU3g_3_00__accident.mp4,train,full
mllfWsyVZ1s_00__pre_event_non_accident,mllfWsyVZ1s_00,/autodl-fs/data/traffic_accident_rnd/ACCIDENT_dataset/real_videos/mllfWsyVZ1s_00.mp4,ACCIDENT-real,single,non_accident,0,weak_clip_pre_event,pre_event_non_accident,30.0,13.033333,391,1280,720,train,Alabama,Alabama::highway,mllfWsyVZ1s_00,0,29,0.0,2.225064,derived_pre_accident_until=2.208;weak_negative=true,/autodl-fs/data/traffic_accident_rnd/ACCIDENT_mmaction_clips/full/train/mllfWsyVZ1s_00__pre_event_non_accident.mp4,train,full
mllfWsyVZ1s_00__accident,mllfWsyVZ1s_00,/autodl-fs/data/traffic_accident_rnd/ACCIDENT_dataset/real_videos/mllfWsyVZ1s_00.mp4,ACCIDENT-real,single,accident,1,weak_clip_event_window,accident_window,30.0,13.033333,391,1280,720,train,Alabama,Alabama::highway,mllfWsyVZ1s_00,42,120,3.222506,9.207161,accident_time=5.208;type=single;weak_clip=true,/autodl-fs/data/traffic_accident_rnd/ACCIDENT_mmaction_clips/full/train/mllfWsyVZ1s_00__accident.mp4,train,full
mlv_VGdtang_00__pre_event_non_accident,mlv_VGdtang_00,/autodl-fs/data/traffic_accident_rnd/ACCIDENT_dataset/real_videos/mlv_VGdtang_00.mp4,ACCIDENT-real,single,non_accident,0,weak_clip_pre_event,pre_event_non_accident,16.2,7.962963,129,1920,1080,train,Arkansas,Arkansas::highway,mlv_VGdtang_00,0,73,0.0,9.167442,derived_pre_accident_until=9.133;weak_negative=true,/autodl-fs/data/traffic_accident_rnd/ACCIDENT_mmaction_clips/full/train/mlv_VGdtang_00__pre_event_non_accident.mp4,train,full
mlv_VGdtang_00__accident,mlv_VGdtang_00,/autodl-fs/data/traffic_accident_rnd/ACCIDENT_dataset/real_videos/mlv_VGdtang_00.mp4,ACCIDENT-real,single,accident,1,weak_clip_event_window,accident_window,16.2,7.962963,129,1920,1080,train,Arkansas,Arkansas::highway,mlv_VGdtang_00,81,129,10.172093,16.2,accident_time=12.133;type=single;weak_clip=true,/autodl-fs/data/traffic_accident_rnd/ACCIDENT_mmaction_clips/full/train/mlv_VGdtang_00__accident.mp4,train,full
mr_it2B6muI_00__pre_event_non_accident,mr_it2B6muI_00,/autodl-fs/data/traffic_accident_rnd/ACCIDENT_dataset/real_videos/mr_it2B6muI_00.mp4,ACCIDENT-real,single,non_accident,0,weak_clip_pre_event,pre_event_non_accident,24.431625,14.816861,362,2400,1080,train,Virginia,Virginia::highway,mr_it2B6muI_00,0,54,0.0,3.644497,derived_pre_accident_until=3.617;weak_negative=true,/autodl-fs/data/traffic_accident_rnd/ACCIDENT_mmaction_clips/full/train/mr_it2B6muI_00__pre_event_non_accident.mp4,train,full
mr_it2B6muI_00__accident,mr_it2B6muI_00,/autodl-fs/data/traffic_accident_rnd/ACCIDENT_dataset/real_videos/mr_it2B6muI_00.mp4,ACCIDENT-real,single,accident,1,weak_clip_event_window,accident_window,24.431625,14.816861,362,2400,1080,train,Virginia,Virginia::highway,mr_it2B6muI_00,68,157,4.589366,10.596036,accident_time=6.617;type=single;weak_clip=true,/autodl-fs/data/traffic_accident_rnd/ACCIDENT_mmaction_clips/full/train/mr_it2B6muI_00__accident.mp4,train,full
nFpT2-RpAS8_1_00__accident,nFpT2-RpAS8_1_00,/autodl-fs/data/traffic_accident_rnd/ACCIDENT_dataset/real_videos/nFpT2-RpAS8_1_00.mp4,ACCIDENT-real,sideswipe,accident,1,weak_clip_event_window,accident_window,25.48,24.764521,631,480,360,train,World,World::city_street,nFpT2-RpAS8_1_00,6,155,0.242282,6.258954,accident_time=2.28;type=sideswipe;weak_clip=true,/autodl-fs/data/traffic_accident_rnd/ACCIDENT_mmaction_clips/full/train/nFpT2-RpAS8_1_00__accident.mp4,train,full
nFpT2-RpAS8_2_00__pre_event_non_accident,nFpT2-RpAS8_2_00,/autodl-fs/data/traffic_accident_rnd/ACCIDENT_dataset/real_videos/nFpT2-RpAS8_2_00.mp4,ACCIDENT-real,single,non_accident,0,weak_clip_pre_event,pre_event_non_accident,14.84,24.326146,361,480,360,train,World,World::city_street,nFpT2-RpAS8_2_00,0,47,0.0,1.932078,derived_pre_accident_until=1.920;weak_negative=true,/autodl-fs/data/traffic_accident_rnd/ACCIDENT_mmaction_clips/full/train/nFpT2-RpAS8_2_00__pre_event_non_accident.mp4,train,full
nFpT2-RpAS8_2_00__accident,nFpT2-RpAS8_2_00,/autodl-fs/data/traffic_accident_rnd/ACCIDENT_dataset/real_videos/nFpT2-RpAS8_2_00.mp4,ACCIDENT-real,single,accident,1,weak_clip_event_window,accident_window,14.84,24.326146,361,480,360,train,World,World::city_street,nFpT2-RpAS8_2_00,71,217,2.91867,8.920443,accident_time=4.92;type=single;weak_clip=true,/autodl-fs/data/traffic_accident_rnd/ACCIDENT_mmaction_clips/full/train/nFpT2-RpAS8_2_00__accident.mp4,train,full
nFpT2-RpAS8_3_00__accident,nFpT2-RpAS8_3_00,/autodl-fs/data/traffic_accident_rnd/ACCIDENT_dataset/real_videos/nFpT2-RpAS8_3_00.mp4,ACCIDENT-real,single,accident,1,weak_clip_event_window,accident_window,9.76,23.97541,234,480,360,train,World,World::city_street,nFpT2-RpAS8_3_00,0,114,0.0,4.754872,accident_time=0.76;type=single;weak_clip=true,/autodl-fs/data/traffic_accident_rnd/ACCIDENT_mmaction_clips/full/train/nFpT2-RpAS8_3_00__accident.mp4,train,full
nS5_c56gJKM_00__pre_event_non_accident,nS5_c56gJKM_00,/autodl-fs/data/traffic_accident_rnd/ACCIDENT_dataset/real_videos/nS5_c56gJKM_00.mp4,ACCIDENT-real,single,non_accident,0,weak_clip_pre_event,pre_event_non_accident,30.041667,14.979196,450,960,720,train,Virginia,Virginia::highway,nS5_c56gJKM_00,0,25,0.0,1.668981,derived_pre_accident_until=1.667;weak_negative=true,/autodl-fs/data/traffic_accident_rnd/ACCIDENT_mmaction_clips/full/train/nS5_c56gJKM_00__pre_event_non_accident.mp4,train,full
nS5_c56gJKM_00__accident,nS5_c56gJKM_00,/autodl-fs/data/traffic_accident_rnd/ACCIDENT_dataset/real_videos/nS5_c56gJKM_00.mp4,ACCIDENT-real,single,accident,1,weak_clip_event_window,accident_window,30.041667,14.979196,450,960,720,train,Virginia,Virginia::highway,nS5_c56gJKM_00,40,130,2.67037,8.678704,accident_time=4.667;type=single;weak_clip=true,/autodl-fs/data/traffic_accident_rnd/ACCIDENT_mmaction_clips/full/train/nS5_c56gJKM_00__accident.mp4,train,full
nSK7cehJiCE_8_00__accident,nSK7cehJiCE_8_00,/autodl-fs/data/traffic_accident_rnd/ACCIDENT_dataset/real_videos/nSK7cehJiCE_8_00.mp4,ACCIDENT-real,t-bone,accident,1,weak_clip_event_window,accident_window,5.84,22.773973,133,1280,720,train,World,World::signalized_intersection,nSK7cehJiCE_8_00,0,129,0.0,5.664361,accident_time=1.68;type=t-bone;weak_clip=true,/autodl-fs/data/traffic_accident_rnd/ACCIDENT_mmaction_clips/full/train/nSK7cehJiCE_8_00__accident.mp4,train,full
nSK7cehJiCE_9_00__accident,nSK7cehJiCE_9_00,/autodl-fs/data/traffic_accident_rnd/ACCIDENT_dataset/real_videos/nSK7cehJiCE_9_00.mp4,ACCIDENT-real,t-bone,accident,1,weak_clip_event_window,accident_window,5.6,24.642857,138,1280,720,train,World,World::simple_intersection,nSK7cehJiCE_9_00,0,138,0.0,5.6,accident_time=1.88;type=t-bone;weak_clip=true,/autodl-fs/data/traffic_accident_rnd/ACCIDENT_mmaction_clips/full/train/nSK7cehJiCE_9_00__accident.mp4,train,full
nbhL6NycXqc_00__pre_event_non_accident,nbhL6NycXqc_00,/autodl-fs/data/traffic_accident_rnd/ACCIDENT_dataset/real_videos/nbhL6NycXqc_00.mp4,ACCIDENT-real,single,non_accident,0,weak_clip_pre_event,pre_event_non_accident,29.958333,15.020862,450,960,720,train,Tennessee,Tennessee::highway,nbhL6NycXqc_00,0,80,0.0,5.325926,derived_pre_accident_until=5.333;weak_negative=true,/autodl-fs/data/traffic_accident_rnd/ACCIDENT_mmaction_clips/full/train/nbhL6NycXqc_00__pre_event_non_accident.mp4,train,full
nbhL6NycXqc_00__accident,nbhL6NycXqc_00,/autodl-fs/data/traffic_accident_rnd/ACCIDENT_dataset/real_videos/nbhL6NycXqc_00.mp4,ACCIDENT-real,single,accident,1,weak_clip_event_window,accident_window,29.958333,15.020862,450,960,720,train,Tennessee,Tennessee::highway,nbhL6NycXqc_00,95,185,6.324537,12.316204,accident_time=8.333;type=single;weak_clip=true,/autodl-fs/data/traffic_accident_rnd/ACCIDENT_mmaction_clips/full/train/nbhL6NycXqc_00__accident.mp4,train,full
nsHYg3ENgk4_1_00__pre_event_non_accident,nsHYg3ENgk4_1_00,/autodl-fs/data/traffic_accident_rnd/ACCIDENT_dataset/real_videos/nsHYg3ENgk4_1_00.mp4,ACCIDENT-real,t-bone,non_accident,0,weak_clip_pre_event,pre_event_non_accident,8.1081,29.723363,241,1280,720,train,World,World::signalized_intersection,nsHYg3ENgk4_1_00,0,72,0.0,2.422337,derived_pre_accident_until=2.439;weak_negative=true,/autodl-fs/data/traffic_accident_rnd/ACCIDENT_mmaction_clips/full/train/nsHYg3ENgk4_1_00__pre_event_non_accident.mp4,train,full
nsHYg3ENgk4_1_00__accident,nsHYg3ENgk4_1_00,/autodl-fs/data/traffic_accident_rnd/ACCIDENT_dataset/real_videos/nsHYg3ENgk4_1_00.mp4,ACCIDENT-real,t-bone,accident,1,weak_clip_event_window,accident_window,8.1081,29.723363,241,1280,720,train,World,World::signalized_intersection,nsHYg3ENgk4_1_00,103,241,3.465288,8.1081,accident_time=5.438767;type=t-bone;weak_clip=true,/autodl-fs/data/traffic_accident_rnd/ACCIDENT_mmaction_clips/full/train/nsHYg3ENgk4_1_00__accident.mp4,train,full
nsHYg3ENgk4_2_00__pre_event_non_accident,nsHYg3ENgk4_2_00,/autodl-fs/data/traffic_accident_rnd/ACCIDENT_dataset/real_videos/nsHYg3ENgk4_2_00.mp4,ACCIDENT-real,t-bone,non_accident,0,weak_clip_pre_event,pre_event_non_accident,9.7097,25.02652,243,1280,720,train,World,World::signalized_intersection,nsHYg3ENgk4_2_00,0,79,0.0,3.156651,derived_pre_accident_until=3.139;weak_negative=true,/autodl-fs/data/traffic_accident_rnd/ACCIDENT_mmaction_clips/full/train/nsHYg3ENgk4_2_00__pre_event_non_accident.mp4,train,full
nsHYg3ENgk4_2_00__accident,nsHYg3ENgk4_2_00,/autodl-fs/data/traffic_accident_rnd/ACCIDENT_dataset/real_videos/nsHYg3ENgk4_2_00.mp4,ACCIDENT-real,t-bone,accident,1,weak_clip_event_window,accident_window,9.7097,25.02652,243,1280,720,train,World,World::signalized_intersection,nsHYg3ENgk4_2_00,104,243,4.155592,9.7097,accident_time=6.139467;type=t-bone;weak_clip=true,/autodl-fs/data/traffic_accident_rnd/ACCIDENT_mmaction_clips/full/train/nsHYg3ENgk4_2_00__accident.mp4,train,full
nsHYg3ENgk4_6_00__pre_event_non_accident,nsHYg3ENgk4_6_00,/autodl-fs/data/traffic_accident_rnd/ACCIDENT_dataset/real_videos/nsHYg3ENgk4_6_00.mp4,ACCIDENT-real,t-bone,non_accident,0,weak_clip_pre_event,pre_event_non_accident,8.575233,29.7368,255,1280,720,train,World,World::signalized_intersection,nsHYg3ENgk4_6_00,0,112,0.0,3.766377,derived_pre_accident_until=3.773;weak_negative=true,/autodl-fs/data/traffic_accident_rnd/ACCIDENT_mmaction_clips/full/train/nsHYg3ENgk4_6_00__pre_event_non_accident.mp4,train,full
nsHYg3ENgk4_6_00__accident,nsHYg3ENgk4_6_00,/autodl-fs/data/traffic_accident_rnd/ACCIDENT_dataset/real_videos/nsHYg3ENgk4_6_00.mp4,ACCIDENT-real,t-bone,accident,1,weak_clip_event_window,accident_window,8.575233,29.7368,255,1280,720,train,World,World::signalized_intersection,nsHYg3ENgk4_6_00,142,255,4.775228,8.575233,accident_time=6.773433;type=t-bone;weak_clip=true,/autodl-fs/data/traffic_accident_rnd/ACCIDENT_mmaction_clips/full/train/nsHYg3ENgk4_6_00__accident.mp4,train,full
nsHYg3ENgk4_7_00__pre_event_non_accident,nsHYg3ENgk4_7_00,/autodl-fs/data/traffic_accident_rnd/ACCIDENT_dataset/real_videos/nsHYg3ENgk4_7_00.mp4,ACCIDENT-real,t-bone,non_accident,0,weak_clip_pre_event,pre_event_non_accident,8.274933,29.728336,246,1280,720,train,World,World::signalized_intersection,nsHYg3ENgk4_7_00,0,88,0.0,2.960139,derived_pre_accident_until=2.973;weak_negative=true,/autodl-fs/data/traffic_accident_rnd/ACCIDENT_mmaction_clips/full/train/nsHYg3ENgk4_7_00__pre_event_non_accident.mp4,train,full
nsHYg3ENgk4_7_00__accident,nsHYg3ENgk4_7_00,/autodl-fs/data/traffic_accident_rnd/ACCIDENT_dataset/real_videos/nsHYg3ENgk4_7_00.mp4,ACCIDENT-real,t-bone,accident,1,weak_clip_event_window,accident_window,8.274933,29.728336,246,1280,720,train,World,World::signalized_intersection,nsHYg3ENgk4_7_00,119,246,4.002915,8.274933,accident_time=5.972633;type=t-bone;weak_clip=true,/autodl-fs/data/traffic_accident_rnd/ACCIDENT_mmaction_clips/full/train/nsHYg3ENgk4_7_00__accident.mp4,train,full
nsHYg3ENgk4_9_00__pre_event_non_accident,nsHYg3ENgk4_9_00,/autodl-fs/data/traffic_accident_rnd/ACCIDENT_dataset/real_videos/nsHYg3ENgk4_9_00.mp4,ACCIDENT-real,t-bone,non_accident,0,weak_clip_pre_event,pre_event_non_accident,7.941267,29.97003,238,1280,720,train,World,World::signalized_intersection,nsHYg3ENgk4_9_00,0,79,0.0,2.635967,derived_pre_accident_until=2.639;weak_negative=true,/autodl-fs/data/traffic_accident_rnd/ACCIDENT_mmaction_clips/full/train/nsHYg3ENgk4_9_00__pre_event_non_accident.mp4,train,full
nsHYg3ENgk4_9_00__accident,nsHYg3ENgk4_9_00,/autodl-fs/data/traffic_accident_rnd/ACCIDENT_dataset/real_videos/nsHYg3ENgk4_9_00.mp4,ACCIDENT-real,t-bone,accident,1,weak_clip_event_window,accident_window,7.941267,29.97003,238,1280,720,train,World,World::signalized_intersection,nsHYg3ENgk4_9_00,109,238,3.636967,7.941267,accident_time=5.638967;type=t-bone;weak_clip=true,/autodl-fs/data/traffic_accident_rnd/ACCIDENT_mmaction_clips/full/train/nsHYg3ENgk4_9_00__accident.mp4,train,full
o45cTuevkJ8_00__accident,o45cTuevkJ8_00,/autodl-fs/data/traffic_accident_rnd/ACCIDENT_dataset/real_videos/o45cTuevkJ8_00.mp4,ACCIDENT-real,single,accident,1,weak_clip_event_window,accident_window,30.083333,8.110803,244,1280,720,train,Arkansas,Arkansas::highway,o45cTuevkJ8_00,7,55,0.863046,6.781079,accident_time=2.833;type=single;weak_clip=true,/autodl-fs/data/traffic_accident_rnd/ACCIDENT_mmaction_clips/full/train/o45cTuevkJ8_00__accident.mp4,train,full
oXMCX36zERc_00__pre_event_non_accident,oXMCX36zERc_00,/autodl-fs/data/traffic_accident_rnd/ACCIDENT_dataset/real_videos/oXMCX36zERc_00.mp4,ACCIDENT-real,single,non_accident,0,weak_clip_pre_event,pre_event_non_accident,27.066667,8.017241,217,1920,1080,train,Arkansas,Arkansas::highway,oXMCX36zERc_00,0,54,0.0,6.735484,derived_pre_accident_until=6.766;weak_negative=true,/autodl-fs/data/traffic_accident_rnd/ACCIDENT_mmaction_clips/full/train/oXMCX36zERc_00__pre_event_non_accident.mp4,train,full
oXMCX36zERc_00__accident,oXMCX36zERc_00,/autodl-fs/data/traffic_accident_rnd/ACCIDENT_dataset/real_videos/oXMCX36zERc_00.mp4,ACCIDENT-real,single,accident,1,weak_clip_event_window,accident_window,27.066667,8.017241,217,1920,1080,train,Arkansas,Arkansas::highway,oXMCX36zERc_00,62,110,7.733333,13.72043,accident_time=9.765999999999998;type=single;weak_clip=true,/autodl-fs/data/traffic_accident_rnd/ACCIDENT_mmaction_clips/full/train/oXMCX36zERc_00__accident.mp4,train,full
obqvQOIyzL4_00__pre_event_non_accident,obqvQOIyzL4_00,/autodl-fs/data/traffic_accident_rnd/ACCIDENT_dataset/real_videos/obqvQOIyzL4_00.mp4,ACCIDENT-real,single,non_accident,0,weak_clip_pre_event,pre_event_non_accident,30.033333,29.933407,899,1080,720,train,Minnesota,Minnesota::highway,obqvQOIyzL4_00,0,207,0.0,6.91535,derived_pre_accident_until=6.900;weak_negative=true,/autodl-fs/data/traffic_accident_rnd/ACCIDENT_mmaction_clips/full/train/obqvQOIyzL4_00__pre_event_non_accident.mp4,train,full
obqvQOIyzL4_00__accident,obqvQOIyzL4_00,/autodl-fs/data/traffic_accident_rnd/ACCIDENT_dataset/real_videos/obqvQOIyzL4_00.mp4,ACCIDENT-real,single,accident,1,weak_clip_event_window,accident_window,30.033333,29.933407,899,1080,720,train,Minnesota,Minnesota::highway,obqvQOIyzL4_00,236,416,7.884168,13.897516,accident_time=9.899999999999999;type=single;weak_clip=true,/autodl-fs/data/traffic_accident_rnd/ACCIDENT_mmaction_clips/full/train/obqvQOIyzL4_00__accident.mp4,train,full
pA6q7Q2EQrw_20_00__accident,pA6q7Q2EQrw_20_00,/autodl-fs/data/traffic_accident_rnd/ACCIDENT_dataset/real_videos/pA6q7Q2EQrw_20_00.mp4,ACCIDENT-real,t-bone,accident,1,weak_clip_event_window,accident_window,7.333333,20.181818,148,1280,720,train,World,World::city_street,pA6q7Q2EQrw_20_00,0,103,0.0,5.103604,accident_time=1.066667;type=t-bone;weak_clip=true,/autodl-fs/data/traffic_accident_rnd/ACCIDENT_mmaction_clips/full/train/pA6q7Q2EQrw_20_00__accident.mp4,train,full
pA6q7Q2EQrw_21_00__accident,pA6q7Q2EQrw_21_00,/autodl-fs/data/traffic_accident_rnd/ACCIDENT_dataset/real_videos/pA6q7Q2EQrw_21_00.mp4,ACCIDENT-real,t-bone,accident,1,weak_clip_event_window,accident_window,4.066667,25.081967,102,1280,720,train,World,World::signalized_intersection,pA6q7Q2EQrw_21_00,0,102,0.0,4.066667,accident_time=1.3;type=t-bone;weak_clip=true,/autodl-fs/data/traffic_accident_rnd/ACCIDENT_mmaction_clips/full/train/pA6q7Q2EQrw_21_00__accident.mp4,train,full
pA6q7Q2EQrw_25_00__accident,pA6q7Q2EQrw_25_00,/autodl-fs/data/traffic_accident_rnd/ACCIDENT_dataset/real_videos/pA6q7Q2EQrw_25_00.mp4,ACCIDENT-real,t-bone,accident,1,weak_clip_event_window,accident_window,7.4,14.72973,109,1280,720,train,World,World::signalized_intersection,pA6q7Q2EQrw_25_00,0,76,0.0,5.159633,accident_time=1.166667;type=t-bone;weak_clip=true,/autodl-fs/data/traffic_accident_rnd/ACCIDENT_mmaction_clips/full/train/pA6q7Q2EQrw_25_00__accident.mp4,train,full
pA6q7Q2EQrw_32_00__accident,pA6q7Q2EQrw_32_00,/autodl-fs/data/traffic_accident_rnd/ACCIDENT_dataset/real_videos/pA6q7Q2EQrw_32_00.mp4,ACCIDENT-real,single,accident,1,weak_clip_event_window,accident_window,8.4,24.52381,206,1280,720,train,World,World::city_street,pA6q7Q2EQrw_32_00,0,144,0.0,5.871845,accident_time=1.866667;type=single;weak_clip=true,/autodl-fs/data/traffic_accident_rnd/ACCIDENT_mmaction_clips/full/train/pA6q7Q2EQrw_32_00__accident.mp4,train,full
pA6q7Q2EQrw_3_00__accident,pA6q7Q2EQrw_3_00,/autodl-fs/data/traffic_accident_rnd/ACCIDENT_dataset/real_videos/pA6q7Q2EQrw_3_00.mp4,ACCIDENT-real,t-bone,accident,1,weak_clip_event_window,accident_window,8.4,24.880952,209,1280,720,train,World,World::simple_intersection,pA6q7Q2EQrw_3_00,33,183,1.326316,7.355024,accident_time=3.333333;type=t-bone;weak_clip=true,/autodl-fs/data/traffic_accident_rnd/ACCIDENT_mmaction_clips/full/train/pA6q7Q2EQrw_3_00__accident.mp4,train,full
pA6q7Q2EQrw_8_00__accident,pA6q7Q2EQrw_8_00,/autodl-fs/data/traffic_accident_rnd/ACCIDENT_dataset/real_videos/pA6q7Q2EQrw_8_00.mp4,ACCIDENT-real,sideswipe,accident,1,weak_clip_event_window,accident_window,9.533333,24.755245,236,1280,720,train,World,World::signalized_intersection,pA6q7Q2EQrw_8_00,9,158,0.363559,6.382486,accident_time=2.4;type=sideswipe;weak_clip=true,/autodl-fs/data/traffic_accident_rnd/ACCIDENT_mmaction_clips/full/train/pA6q7Q2EQrw_8_00__accident.mp4,train,full
pMA26OVWUOY_00__accident,pMA26OVWUOY_00,/autodl-fs/data/traffic_accident_rnd/ACCIDENT_dataset/real_videos/pMA26OVWUOY_00.mp4,ACCIDENT-real,single,accident,1,weak_clip_event_window,accident_window,15.088844,15.044228,227,2400,1080,train,Virginia,Virginia::highway,pMA26OVWUOY_00,22,112,1.462355,7.444716,accident_time=3.437;type=single;weak_clip=true,/autodl-fs/data/traffic_accident_rnd/ACCIDENT_mmaction_clips/full/train/pMA26OVWUOY_00__accident.mp4,train,full
pVzWMPYJOrI_00__accident,pVzWMPYJOrI_00,/autodl-fs/data/traffic_accident_rnd/ACCIDENT_dataset/real_videos/pVzWMPYJOrI_00.mp4,ACCIDENT-real,single,accident,1,weak_clip_event_window,accident_window,8.25,11.393939,94,960,720,train,Virginia,Virginia::highway,pVzWMPYJOrI_00,22,91,1.930851,7.986702,accident_time=3.958333;type=single;weak_clip=true,/autodl-fs/data/traffic_accident_rnd/ACCIDENT_mmaction_clips/full/train/pVzWMPYJOrI_00__accident.mp4,train,full
paIiPXuFj7Q_00__pre_event_non_accident,paIiPXuFj7Q_00,/autodl-fs/data/traffic_accident_rnd/ACCIDENT_dataset/real_videos/paIiPXuFj7Q_00.mp4,ACCIDENT-real,single,non_accident,0,weak_clip_pre_event,pre_event_non_accident,24.566667,8.018996,197,1920,1080,train,Arkansas,Arkansas::highway,paIiPXuFj7Q_00,0,22,0.0,2.743486,derived_pre_accident_until=2.767;weak_negative=true,/autodl-fs/data/traffic_accident_rnd/ACCIDENT_mmaction_clips/full/train/paIiPXuFj7Q_00__pre_event_non_accident.mp4,train,full
paIiPXuFj7Q_00__accident,paIiPXuFj7Q_00,/autodl-fs/data/traffic_accident_rnd/ACCIDENT_dataset/real_videos/paIiPXuFj7Q_00.mp4,ACCIDENT-real,single,accident,1,weak_clip_event_window,accident_window,24.566667,8.018996,197,1920,1080,train,Arkansas,Arkansas::highway,paIiPXuFj7Q_00,30,78,3.741117,9.726904,accident_time=5.7669999999999995;type=single;weak_clip=true,/autodl-fs/data/traffic_accident_rnd/ACCIDENT_mmaction_clips/full/train/paIiPXuFj7Q_00__accident.mp4,train,full
pb5K0aVve9o_00__accident,pb5K0aVve9o_00,/autodl-fs/data/traffic_accident_rnd/ACCIDENT_dataset/real_videos/pb5K0aVve9o_00.mp4,ACCIDENT-real,sideswipe,accident,1,weak_clip_event_window,accident_window,13.133333,29.847716,392,1620,1080,train,Minnesota,Minnesota::highway,pb5K0aVve9o_00,45,224,1.507653,7.504762,accident_time=3.533;type=sideswipe;weak_clip=true,/autodl-fs/data/traffic_accident_rnd/ACCIDENT_mmaction_clips/full/train/pb5K0aVve9o_00__accident.mp4,train,full
r30SzXochSk_00__pre_event_non_accident,r30SzXochSk_00,/autodl-fs/data/traffic_accident_rnd/ACCIDENT_dataset/real_videos/r30SzXochSk_00.mp4,ACCIDENT-real,single,non_accident,0,weak_clip_pre_event,pre_event_non_accident,30.125,6.008299,181,1280,720,train,Arkansas,Arkansas::highway,r30SzXochSk_00,0,42,0.0,6.990331,derived_pre_accident_until=6.958;weak_negative=true,/autodl-fs/data/traffic_accident_rnd/ACCIDENT_mmaction_clips/full/train/r30SzXochSk_00__pre_event_non_accident.mp4,train,full
r30SzXochSk_00__accident,r30SzXochSk_00,/autodl-fs/data/traffic_accident_rnd/ACCIDENT_dataset/real_videos/r30SzXochSk_00.mp4,ACCIDENT-real,single,accident,1,weak_clip_event_window,accident_window,30.125,6.008299,181,1280,720,train,Arkansas,Arkansas::highway,r30SzXochSk_00,48,84,7.98895,13.980663,accident_time=9.958;type=single;weak_clip=true,/autodl-fs/data/traffic_accident_rnd/ACCIDENT_mmaction_clips/full/train/r30SzXochSk_00__accident.mp4,train,full
r4P0kKBitVM_00__pre_event_non_accident,r4P0kKBitVM_00,/autodl-fs/data/traffic_accident_rnd/ACCIDENT_dataset/real_videos/r4P0kKBitVM_00.mp4,ACCIDENT-real,sideswipe,non_accident,0,weak_clip_pre_event,pre_event_non_accident,19.041667,14.967177,285,1280,720,train,Alabama,Alabama::highway,r4P0kKBitVM_00,0,114,0.0,7.616667,derived_pre_accident_until=7.625;weak_negative=true,/autodl-fs/data/traffic_accident_rnd/ACCIDENT_mmaction_clips/full/train/r4P0kKBitVM_00__pre_event_non_accident.mp4,train,full
r4P0kKBitVM_00__accident,r4P0kKBitVM_00,/autodl-fs/data/traffic_accident_rnd/ACCIDENT_dataset/real_videos/r4P0kKBitVM_00.mp4,ACCIDENT-real,sideswipe,accident,1,weak_clip_event_window,accident_window,19.041667,14.967177,285,1280,720,train,Alabama,Alabama::highway,r4P0kKBitVM_00,129,219,8.61886,14.632018,accident_time=10.625000000000002;type=sideswipe;weak_clip=true,/autodl-fs/data/traffic_accident_rnd/ACCIDENT_mmaction_clips/full/train/r4P0kKBitVM_00__accident.mp4,train,full
rAqvr6D_CwU_00__pre_event_non_accident,rAqvr6D_CwU_00,/autodl-fs/data/traffic_accident_rnd/ACCIDENT_dataset/real_videos/rAqvr6D_CwU_00.mp4,ACCIDENT-real,rear-end,non_accident,0,weak_clip_pre_event,pre_event_non_accident,30.066667,15.033259,452,1280,720,train,Georgia,Georgia::highway,rAqvr6D_CwU_00,0,256,0.0,17.028909,derived_pre_accident_until=17.000;weak_negative=true,/autodl-fs/data/traffic_accident_rnd/ACCIDENT_mmaction_clips/full/train/rAqvr6D_CwU_00__pre_event_non_accident.mp4,train,full
rAqvr6D_CwU_00__accident,rAqvr6D_CwU_00,/autodl-fs/data/traffic_accident_rnd/ACCIDENT_dataset/real_videos/rAqvr6D_CwU_00.mp4,ACCIDENT-real,rear-end,accident,1,weak_clip_event_window,accident_window,30.066667,15.033259,452,1280,720,train,Georgia,Georgia::highway,rAqvr6D_CwU_00,271,361,18.026696,24.013422,accident_time=20.0;type=rear-end;weak_clip=true,/autodl-fs/data/traffic_accident_rnd/ACCIDENT_mmaction_clips/full/train/rAqvr6D_CwU_00__accident.mp4,train,full
rNaMkFBhxmI_00__accident,rNaMkFBhxmI_00,/autodl-fs/data/traffic_accident_rnd/ACCIDENT_dataset/real_videos/rNaMkFBhxmI_00.mp4,ACCIDENT-real,single,accident,1,weak_clip_event_window,accident_window,29.958333,12.250348,367,960,720,train,Virginia,Virginia::highway,rNaMkFBhxmI_00,0,65,0.0,5.305972,accident_time=1.333333;type=single;weak_clip=true,/autodl-fs/data/traffic_accident_rnd/ACCIDENT_mmaction_clips/full/train/rNaMkFBhxmI_00__accident.mp4,train,full
rQy2l6gxB8c_1_00__accident,rQy2l6gxB8c_1_00,/autodl-fs/data/traffic_accident_rnd/ACCIDENT_dataset/real_videos/rQy2l6gxB8c_1_00.mp4,ACCIDENT-real,head-on,accident,1,weak_clip_event_window,accident_window,10.076733,29.870791,301,1280,720,train,World,World::signalized_intersection,rQy2l6gxB8c_1_00,18,197,0.602595,6.595071,accident_time=2.6026;type=head-on;weak_clip=true,/autodl-fs/data/traffic_accident_rnd/ACCIDENT_mmaction_clips/full/train/rQy2l6gxB8c_1_00__accident.mp4,train,full
rk8CtIpbG5w_00__pre_event_non_accident,rk8CtIpbG5w_00,/autodl-fs/data/traffic_accident_rnd/ACCIDENT_dataset/real_videos/rk8CtIpbG5w_00.mp4,ACCIDENT-real,single,non_accident,0,weak_clip_pre_event,pre_event_non_accident,30.0,29.766667,893,1080,720,train,Minnesota,Minnesota::highway,rk8CtIpbG5w_00,0,119,0.0,3.99776,derived_pre_accident_until=4.000;weak_negative=true,/autodl-fs/data/traffic_accident_rnd/ACCIDENT_mmaction_clips/full/train/rk8CtIpbG5w_00__pre_event_non_accident.mp4,train,full
rk8CtIpbG5w_00__accident,rk8CtIpbG5w_00,/autodl-fs/data/traffic_accident_rnd/ACCIDENT_dataset/real_videos/rk8CtIpbG5w_00.mp4,ACCIDENT-real,single,accident,1,weak_clip_event_window,accident_window,30.0,29.766667,893,1080,720,train,Minnesota,Minnesota::highway,rk8CtIpbG5w_00,148,327,4.972004,10.985442,accident_time=7.0;type=single;weak_clip=true,/autodl-fs/data/traffic_accident_rnd/ACCIDENT_mmaction_clips/full/train/rk8CtIpbG5w_00__accident.mp4,train,full
sppaLXwUokY_00__pre_event_non_accident,sppaLXwUokY_00,/autodl-fs/data/traffic_accident_rnd/ACCIDENT_dataset/real_videos/sppaLXwUokY_00.mp4,ACCIDENT-real,single,non_accident,0,weak_clip_pre_event,pre_event_non_accident,24.911651,15.013056,374,2400,1080,train,Virginia,Virginia::highway,sppaLXwUokY_00,0,111,0.0,7.393565,derived_pre_accident_until=7.370;weak_negative=true,/autodl-fs/data/traffic_accident_rnd/ACCIDENT_mmaction_clips/full/train/sppaLXwUokY_00__pre_event_non_accident.mp4,train,full
sppaLXwUokY_00__accident,sppaLXwUokY_00,/autodl-fs/data/traffic_accident_rnd/ACCIDENT_dataset/real_videos/sppaLXwUokY_00.mp4,ACCIDENT-real,single,accident,1,weak_clip_event_window,accident_window,24.911651,15.013056,374,2400,1080,train,Virginia,Virginia::highway,sppaLXwUokY_00,126,216,8.392695,14.387477,accident_time=10.37;type=single;weak_clip=true,/autodl-fs/data/traffic_accident_rnd/ACCIDENT_mmaction_clips/full/train/sppaLXwUokY_00__accident.mp4,train,full
swb5GdD__W0_00__accident,swb5GdD__W0_00,/autodl-fs/data/traffic_accident_rnd/ACCIDENT_dataset/real_videos/swb5GdD__W0_00.mp4,ACCIDENT-real,rear-end,accident,1,weak_clip_event_window,accident_window,25.233333,14.504624,366,1920,1080,train,Virginia,Virginia::highway,swb5GdD__W0_00,28,115,1.930419,7.928506,accident_time=3.933;type=rear-end;weak_clip=true,/autodl-fs/data/traffic_accident_rnd/ACCIDENT_mmaction_clips/full/train/swb5GdD__W0_00__accident.mp4,train,full
tDN-mwNSJc8_2_00__pre_event_non_accident,tDN-mwNSJc8_2_00,/autodl-fs/data/traffic_accident_rnd/ACCIDENT_dataset/real_videos/tDN-mwNSJc8_2_00.mp4,ACCIDENT-real,head-on,non_accident,0,weak_clip_pre_event,pre_event_non_accident,6.287671,18.607843,117,1280,720,train,World,World::signalized_intersection,tDN-mwNSJc8_2_00,0,24,0.0,1.289779,derived_pre_accident_until=1.315;weak_negative=true,/autodl-fs/data/traffic_accident_rnd/ACCIDENT_mmaction_clips/full/train/tDN-mwNSJc8_2_00__pre_event_non_accident.mp4,train,full
tDN-mwNSJc8_2_00__accident,tDN-mwNSJc8_2_00,/autodl-fs/data/traffic_accident_rnd/ACCIDENT_dataset/real_videos/tDN-mwNSJc8_2_00.mp4,ACCIDENT-real,head-on,accident,1,weak_clip_event_window,accident_window,6.287671,18.607843,117,1280,720,train,World,World::signalized_intersection,tDN-mwNSJc8_2_00,43,117,2.310854,6.287671,accident_time=4.315068;type=head-on;weak_clip=true,/autodl-fs/data/traffic_accident_rnd/ACCIDENT_mmaction_clips/full/train/tDN-mwNSJc8_2_00__accident.mp4,train,full
tDN-mwNSJc8_3_00__accident,tDN-mwNSJc8_3_00,/autodl-fs/data/traffic_accident_rnd/ACCIDENT_dataset/real_videos/tDN-mwNSJc8_3_00.mp4,ACCIDENT-real,sideswipe,accident,1,weak_clip_event_window,accident_window,5.671233,17.985507,102,1280,720,train,World,World::signalized_intersection,tDN-mwNSJc8_3_00,20,102,1.112006,5.671233,accident_time=3.123288;type=sideswipe;weak_clip=true,/autodl-fs/data/traffic_accident_rnd/ACCIDENT_mmaction_clips/full/train/tDN-mwNSJc8_3_00__accident.mp4,train,full
tDN-mwNSJc8_4_00__accident,tDN-mwNSJc8_4_00,/autodl-fs/data/traffic_accident_rnd/ACCIDENT_dataset/real_videos/tDN-mwNSJc8_4_00.mp4,ACCIDENT-real,t-bone,accident,1,weak_clip_event_window,accident_window,6.328767,19.593074,124,1280,720,train,World,World::signalized_intersection,tDN-mwNSJc8_4_00,17,124,0.867654,6.328767,accident_time=2.876712;type=t-bone;weak_clip=true,/autodl-fs/data/traffic_accident_rnd/ACCIDENT_mmaction_clips/full/train/tDN-mwNSJc8_4_00__accident.mp4,train,full
tDN-mwNSJc8_5_00__accident,tDN-mwNSJc8_5_00,/autodl-fs/data/traffic_accident_rnd/ACCIDENT_dataset/real_videos/tDN-mwNSJc8_5_00.mp4,ACCIDENT-real,sideswipe,accident,1,weak_clip_event_window,accident_window,5.342466,18.34359,98,1280,720,train,World,World::signalized_intersection,tDN-mwNSJc8_5_00,0,98,0.0,5.342466,accident_time=1.890411;type=sideswipe;weak_clip=true,/autodl-fs/data/traffic_accident_rnd/ACCIDENT_mmaction_clips/full/train/tDN-mwNSJc8_5_00__accident.mp4,train,full
tDN-mwNSJc8_8_00__accident,tDN-mwNSJc8_8_00,/autodl-fs/data/traffic_accident_rnd/ACCIDENT_dataset/real_videos/tDN-mwNSJc8_8_00.mp4,ACCIDENT-real,sideswipe,accident,1,weak_clip_event_window,accident_window,6.452055,19.063694,123,1280,720,train,World,World::signalized_intersection,tDN-mwNSJc8_8_00,10,123,0.524557,6.452055,accident_time=2.506849;type=sideswipe;weak_clip=true,/autodl-fs/data/traffic_accident_rnd/ACCIDENT_mmaction_clips/full/train/tDN-mwNSJc8_8_00__accident.mp4,train,full
tHW7Y0dIwkg_00__pre_event_non_accident,tHW7Y0dIwkg_00,/autodl-fs/data/traffic_accident_rnd/ACCIDENT_dataset/real_videos/tHW7Y0dIwkg_00.mp4,ACCIDENT-real,sideswipe,non_accident,0,weak_clip_pre_event,pre_event_non_accident,7.333333,14.727273,108,960,720,train,Virginia,Virginia::highway,tHW7Y0dIwkg_00,0,41,0.0,2.783951,derived_pre_accident_until=2.792;weak_negative=true,/autodl-fs/data/traffic_accident_rnd/ACCIDENT_mmaction_clips/full/train/tHW7Y0dIwkg_00__pre_event_non_accident.mp4,train,full
tHW7Y0dIwkg_00__accident,tHW7Y0dIwkg_00,/autodl-fs/data/traffic_accident_rnd/ACCIDENT_dataset/real_videos/tHW7Y0dIwkg_00.mp4,ACCIDENT-real,sideswipe,accident,1,weak_clip_event_window,accident_window,7.333333,14.727273,108,960,720,train,Virginia,Virginia::highway,tHW7Y0dIwkg_00,56,108,3.802469,7.333333,accident_time=5.791666;type=sideswipe;weak_clip=true,/autodl-fs/data/traffic_accident_rnd/ACCIDENT_mmaction_clips/full/train/tHW7Y0dIwkg_00__accident.mp4,train,full
tJlFR_bbD6s_00__accident,tJlFR_bbD6s_00,/autodl-fs/data/traffic_accident_rnd/ACCIDENT_dataset/real_videos/tJlFR_bbD6s_00.mp4,ACCIDENT-real,rear-end,accident,1,weak_clip_event_window,accident_window,14.666667,14.931818,219,1280,720,train,Georgia,Georgia::highway,tJlFR_bbD6s_00,22,112,1.473364,7.500761,accident_time=3.458;type=rear-end;weak_clip=true,/autodl-fs/data/traffic_accident_rnd/ACCIDENT_mmaction_clips/full/train/tJlFR_bbD6s_00__accident.mp4,train,full
uD3kjTme_dU_00__pre_event_non_accident,uD3kjTme_dU_00,/autodl-fs/data/traffic_accident_rnd/ACCIDENT_dataset/real_videos/uD3kjTme_dU_00.mp4,ACCIDENT-real,single,non_accident,0,weak_clip_pre_event,pre_event_non_accident,8.625,14.84058,128,960,720,train,Virginia,Virginia::highway,uD3kjTme_dU_00,0,45,0.0,3.032227,derived_pre_accident_until=3.000;weak_negative=true,/autodl-fs/data/traffic_accident_rnd/ACCIDENT_mmaction_clips/full/train/uD3kjTme_dU_00__pre_event_non_accident.mp4,train,full
uD3kjTme_dU_00__accident,uD3kjTme_dU_00,/autodl-fs/data/traffic_accident_rnd/ACCIDENT_dataset/real_videos/uD3kjTme_dU_00.mp4,ACCIDENT-real,single,accident,1,weak_clip_event_window,accident_window,8.625,14.84058,128,960,720,train,Virginia,Virginia::highway,uD3kjTme_dU_00,59,128,3.975586,8.625,accident_time=6.0;type=single;weak_clip=true,/autodl-fs/data/traffic_accident_rnd/ACCIDENT_mmaction_clips/full/train/uD3kjTme_dU_00__accident.mp4,train,full
uD3kjTme_dU_01__accident,uD3kjTme_dU_01,/autodl-fs/data/traffic_accident_rnd/ACCIDENT_dataset/real_videos/uD3kjTme_dU_01.mp4,ACCIDENT-real,single,accident,1,weak_clip_event_window,accident_window,3.041667,15.123288,46,960,720,train,Virginia,Virginia::highway,uD3kjTme_dU_01,0,46,0.0,3.041667,accident_time=1.5830000000000002;type=single;weak_clip=true,/autodl-fs/data/traffic_accident_rnd/ACCIDENT_mmaction_clips/full/train/uD3kjTme_dU_01__accident.mp4,train,full
uPwNRl6V9i8_00__pre_event_non_accident,uPwNRl6V9i8_00,/autodl-fs/data/traffic_accident_rnd/ACCIDENT_dataset/real_videos/uPwNRl6V9i8_00.mp4,ACCIDENT-real,single,non_accident,0,weak_clip_pre_event,pre_event_non_accident,29.875,6.025105,180,1280,720,train,Arkansas,Arkansas::highway,uPwNRl6V9i8_00,0,13,0.0,2.157639,derived_pre_accident_until=2.167;weak_negative=true,/autodl-fs/data/traffic_accident_rnd/ACCIDENT_mmaction_clips/full/train/uPwNRl6V9i8_00__pre_event_non_accident.mp4,train,full
uPwNRl6V9i8_00__accident,uPwNRl6V9i8_00,/autodl-fs/data/traffic_accident_rnd/ACCIDENT_dataset/real_videos/uPwNRl6V9i8_00.mp4,ACCIDENT-real,single,accident,1,weak_clip_event_window,accident_window,29.875,6.025105,180,1280,720,train,Arkansas,Arkansas::highway,uPwNRl6V9i8_00,19,55,3.153472,9.128472,accident_time=5.167;type=single;weak_clip=true,/autodl-fs/data/traffic_accident_rnd/ACCIDENT_mmaction_clips/full/train/uPwNRl6V9i8_00__accident.mp4,train,full
ufVELUluHJE_00__accident,ufVELUluHJE_00,/autodl-fs/data/traffic_accident_rnd/ACCIDENT_dataset/real_videos/ufVELUluHJE_00.mp4,ACCIDENT-real,single,accident,1,weak_clip_event_window,accident_window,16.1,14.968944,241,1440,1080,train,Virginia,Virginia::highway,ufVELUluHJE_00,27,117,1.803734,7.816183,accident_time=3.833;type=single;weak_clip=true,/autodl-fs/data/traffic_accident_rnd/ACCIDENT_mmaction_clips/full/train/ufVELUluHJE_00__accident.mp4,train,full
uh5OqU0h4ZM_00__pre_event_non_accident,uh5OqU0h4ZM_00,/autodl-fs/data/traffic_accident_rnd/ACCIDENT_dataset/real_videos/uh5OqU0h4ZM_00.mp4,ACCIDENT-real,head-on,non_accident,0,weak_clip_pre_event,pre_event_non_accident,30.033333,30.0,901,1920,1080,train,Seattle,Seattle::signalized_intersection,uh5OqU0h4ZM_00,0,57,0.0,1.9,derived_pre_accident_until=1.900;weak_negative=true,/autodl-fs/data/traffic_accident_rnd/ACCIDENT_mmaction_clips/full/train/uh5OqU0h4ZM_00__pre_event_non_accident.mp4,train,full
uh5OqU0h4ZM_00__accident,uh5OqU0h4ZM_00,/autodl-fs/data/traffic_accident_rnd/ACCIDENT_dataset/real_videos/uh5OqU0h4ZM_00.mp4,ACCIDENT-real,head-on,accident,1,weak_clip_event_window,accident_window,30.033333,30.0,901,1920,1080,train,Seattle,Seattle::signalized_intersection,uh5OqU0h4ZM_00,87,267,2.9,8.9,accident_time=4.9;type=head-on;weak_clip=true,/autodl-fs/data/traffic_accident_rnd/ACCIDENT_mmaction_clips/full/train/uh5OqU0h4ZM_00__accident.mp4,train,full
uwi_3_tL3us_00__accident,uwi_3_tL3us_00,/autodl-fs/data/traffic_accident_rnd/ACCIDENT_dataset/real_videos/uwi_3_tL3us_00.mp4,ACCIDENT-real,single,accident,1,weak_clip_event_window,accident_window,6.166667,15.081081,93,1920,1080,train,Virginia,Virginia::highway,uwi_3_tL3us_00,16,93,1.060932,6.166667,accident_time=3.067;type=single;weak_clip=true,/autodl-fs/data/traffic_accident_rnd/ACCIDENT_mmaction_clips/full/train/uwi_3_tL3us_00__accident.mp4,train,full
v0VVrqk4l3o_00__pre_event_non_accident,v0VVrqk4l3o_00,/autodl-fs/data/traffic_accident_rnd/ACCIDENT_dataset/real_videos/v0VVrqk4l3o_00.mp4,ACCIDENT-real,sideswipe,non_accident,0,weak_clip_pre_event,pre_event_non_accident,30.0,30.0,900,1280,720,train,Seattle,Seattle::highway,v0VVrqk4l3o_00,0,49,0.0,1.633333,derived_pre_accident_until=1.633;weak_negative=true,/autodl-fs/data/traffic_accident_rnd/ACCIDENT_mmaction_clips/full/train/v0VVrqk4l3o_00__pre_event_non_accident.mp4,train,full
v0VVrqk4l3o_00__accident,v0VVrqk4l3o_00,/autodl-fs/data/traffic_accident_rnd/ACCIDENT_dataset/real_videos/v0VVrqk4l3o_00.mp4,ACCIDENT-real,sideswipe,accident,1,weak_clip_event_window,accident_window,30.0,30.0,900,1280,720,train,Seattle,Seattle::highway,v0VVrqk4l3o_00,79,259,2.633333,8.633333,accident_time=4.633333;type=sideswipe;weak_clip=true,/autodl-fs/data/traffic_accident_rnd/ACCIDENT_mmaction_clips/full/train/v0VVrqk4l3o_00__accident.mp4,train,full
vC6P5GxfX-Q_00__pre_event_non_accident,vC6P5GxfX-Q_00,/autodl-fs/data/traffic_accident_rnd/ACCIDENT_dataset/real_videos/vC6P5GxfX-Q_00.mp4,ACCIDENT-real,single,non_accident,0,weak_clip_pre_event,pre_event_non_accident,30.033333,29.933407,899,1620,1080,train,Minnesota,Minnesota::highway,vC6P5GxfX-Q_00,0,61,0.0,2.037857,derived_pre_accident_until=2.033;weak_negative=true,/autodl-fs/data/traffic_accident_rnd/ACCIDENT_mmaction_clips/full/train/vC6P5GxfX-Q_00__pre_event_non_accident.mp4,train,full
vC6P5GxfX-Q_00__accident,vC6P5GxfX-Q_00,/autodl-fs/data/traffic_accident_rnd/ACCIDENT_dataset/real_videos/vC6P5GxfX-Q_00.mp4,ACCIDENT-real,single,accident,1,weak_clip_event_window,accident_window,30.033333,29.933407,899,1620,1080,train,Minnesota,Minnesota::highway,vC6P5GxfX-Q_00,91,271,3.040082,9.05343,accident_time=5.033;type=single;weak_clip=true,/autodl-fs/data/traffic_accident_rnd/ACCIDENT_mmaction_clips/full/train/vC6P5GxfX-Q_00__accident.mp4,train,full
vUnflRkNPsI_00__accident,vUnflRkNPsI_00,/autodl-fs/data/traffic_accident_rnd/ACCIDENT_dataset/real_videos/vUnflRkNPsI_00.mp4,ACCIDENT-real,sideswipe,accident,1,weak_clip_event_window,accident_window,30.041667,14.979196,450,960,720,train,Tennessee,Tennessee::highway,vUnflRkNPsI_00,26,116,1.735741,7.744074,accident_time=3.75;type=sideswipe;weak_clip=true,/autodl-fs/data/traffic_accident_rnd/ACCIDENT_mmaction_clips/full/train/vUnflRkNPsI_00__accident.mp4,train,full
video130_00__pre_event_non_accident,video130_00,/autodl-fs/data/traffic_accident_rnd/ACCIDENT_dataset/real_videos/video130_00.mp4,ACCIDENT-real,t-bone,non_accident,0,weak_clip_pre_event,pre_event_non_accident,6.833333,25.317073,173,1920,1080,train,World,World::signalized_intersection,video130_00,0,41,0.0,1.619461,derived_pre_accident_until=1.600;weak_negative=true,/autodl-fs/data/traffic_accident_rnd/ACCIDENT_mmaction_clips/full/train/video130_00__pre_event_non_accident.mp4,train,full
video130_00__accident,video130_00,/autodl-fs/data/traffic_accident_rnd/ACCIDENT_dataset/real_videos/video130_00.mp4,ACCIDENT-real,t-bone,accident,1,weak_clip_event_window,accident_window,6.833333,25.317073,173,1920,1080,train,World,World::signalized_intersection,video130_00,65,173,2.567437,6.833333,accident_time=4.6;type=t-bone;weak_clip=true,/autodl-fs/data/traffic_accident_rnd/ACCIDENT_mmaction_clips/full/train/video130_00__accident.mp4,train,full
video13_00__pre_event_non_accident,video13_00,/autodl-fs/data/traffic_accident_rnd/ACCIDENT_dataset/real_videos/video13_00.mp4,ACCIDENT-real,sideswipe,non_accident,0,weak_clip_pre_event,pre_event_non_accident,17.2,25.639535,441,1280,720,train,World,World::highway,video13_00,0,129,0.0,5.031293,derived_pre_accident_until=5.033;weak_negative=true,/autodl-fs/data/traffic_accident_rnd/ACCIDENT_mmaction_clips/full/train/video13_00__pre_event_non_accident.mp4,train,full
video13_00__accident,video13_00,/autodl-fs/data/traffic_accident_rnd/ACCIDENT_dataset/real_videos/video13_00.mp4,ACCIDENT-real,sideswipe,accident,1,weak_clip_event_window,accident_window,17.2,25.639535,441,1280,720,train,World,World::highway,video13_00,155,309,6.045351,12.051701,accident_time=8.033333;type=sideswipe;weak_clip=true,/autodl-fs/data/traffic_accident_rnd/ACCIDENT_mmaction_clips/full/train/video13_00__accident.mp4,train,full
video187_00__pre_event_non_accident,video187_00,/autodl-fs/data/traffic_accident_rnd/ACCIDENT_dataset/real_videos/video187_00.mp4,ACCIDENT-real,sideswipe,non_accident,0,weak_clip_pre_event,pre_event_non_accident,9.52,23.634454,225,632,360,train,World,World::highway,video187_00,0,60,0.0,2.538667,derived_pre_accident_until=2.520;weak_negative=true,/autodl-fs/data/traffic_accident_rnd/ACCIDENT_mmaction_clips/full/train/video187_00__pre_event_non_accident.mp4,train,full
video187_00__accident,video187_00,/autodl-fs/data/traffic_accident_rnd/ACCIDENT_dataset/real_videos/video187_00.mp4,ACCIDENT-real,sideswipe,accident,1,weak_clip_event_window,accident_window,9.52,23.634454,225,632,360,train,World,World::highway,video187_00,83,225,3.511822,9.52,accident_time=5.52;type=sideswipe;weak_clip=true,/autodl-fs/data/traffic_accident_rnd/ACCIDENT_mmaction_clips/full/train/video187_00__accident.mp4,train,full
video193_00__pre_event_non_accident,video193_00,/autodl-fs/data/traffic_accident_rnd/ACCIDENT_dataset/real_videos/video193_00.mp4,ACCIDENT-real,t-bone,non_accident,0,weak_clip_pre_event,pre_event_non_accident,27.583333,23.202417,640,960,544,train,World,World::simple_intersection,video193_00,0,131,0.0,5.645964,derived_pre_accident_until=5.667;weak_negative=true,/autodl-fs/data/traffic_accident_rnd/ACCIDENT_mmaction_clips/full/train/video193_00__pre_event_non_accident.mp4,train,full
video193_00__accident,video193_00,/autodl-fs/data/traffic_accident_rnd/ACCIDENT_dataset/real_videos/video193_00.mp4,ACCIDENT-real,t-bone,accident,1,weak_clip_event_window,accident_window,27.583333,23.202417,640,960,544,train,World,World::simple_intersection,video193_00,155,294,6.680339,12.671094,accident_time=8.666667;type=t-bone;weak_clip=true,/autodl-fs/data/traffic_accident_rnd/ACCIDENT_mmaction_clips/full/train/video193_00__accident.mp4,train,full
video24_00__accident,video24_00,/autodl-fs/data/traffic_accident_rnd/ACCIDENT_dataset/real_videos/video24_00.mp4,ACCIDENT-real,sideswipe,accident,1,weak_clip_event_window,accident_window,5.28,23.484848,124,1280,720,train,World,World::simple_intersection,video24_00,41,124,1.745806,5.28,accident_time=3.76;type=sideswipe;weak_clip=true,/autodl-fs/data/traffic_accident_rnd/ACCIDENT_mmaction_clips/full/train/video24_00__accident.mp4,train,full
video26_00__pre_event_non_accident,video26_00,/autodl-fs/data/traffic_accident_rnd/ACCIDENT_dataset/real_videos/video26_00.mp4,ACCIDENT-real,rear-end,non_accident,0,weak_clip_pre_event,pre_event_non_accident,33.24,23.826715,792,1880,1080,train,World,World::highway,video26_00,0,183,0.0,7.680455,derived_pre_accident_until=7.680;weak_negative=true,/autodl-fs/data/traffic_accident_rnd/ACCIDENT_mmaction_clips/full/train/video26_00__pre_event_non_accident.mp4,train,full
video26_00__accident,video26_00,/autodl-fs/data/traffic_accident_rnd/ACCIDENT_dataset/real_videos/video26_00.mp4,ACCIDENT-real,rear-end,accident,1,weak_clip_event_window,accident_window,33.24,23.826715,792,1880,1080,train,World,World::highway,video26_00,206,349,8.645758,14.647424,accident_time=10.68;type=rear-end;weak_clip=true,/autodl-fs/data/traffic_accident_rnd/ACCIDENT_mmaction_clips/full/train/video26_00__accident.mp4,train,full
video33_00__accident,video33_00,/autodl-fs/data/traffic_accident_rnd/ACCIDENT_dataset/real_videos/video33_00.mp4,ACCIDENT-real,rear-end,accident,1,weak_clip_event_window,accident_window,5.3,20.0,106,314,192,train,World,World::highway,video33_00,13,106,0.65,5.3,accident_time=2.65;type=rear-end;weak_clip=true,/autodl-fs/data/traffic_accident_rnd/ACCIDENT_mmaction_clips/full/train/video33_00__accident.mp4,train,full
video38_00__accident,video38_00,/autodl-fs/data/traffic_accident_rnd/ACCIDENT_dataset/real_videos/video38_00.mp4,ACCIDENT-real,single,accident,1,weak_clip_event_window,accident_window,4.8,17.708333,85,346,194,train,World,World::city_street,video38_00,16,85,0.903529,4.8,accident_time=2.9;type=single;weak_clip=true,/autodl-fs/data/traffic_accident_rnd/ACCIDENT_mmaction_clips/full/train/video38_00__accident.mp4,train,full
video52_00__pre_event_non_accident,video52_00,/autodl-fs/data/traffic_accident_rnd/ACCIDENT_dataset/real_videos/video52_00.mp4,ACCIDENT-real,t-bone,non_accident,0,weak_clip_pre_event,pre_event_non_accident,13.633333,18.924205,258,1920,1080,train,World,World::signalized_intersection,video52_00,0,20,0.0,1.056848,derived_pre_accident_until=1.067;weak_negative=true,/autodl-fs/data/traffic_accident_rnd/ACCIDENT_mmaction_clips/full/train/video52_00__pre_event_non_accident.mp4,train,full
video52_00__accident,video52_00,/autodl-fs/data/traffic_accident_rnd/ACCIDENT_dataset/real_videos/video52_00.mp4,ACCIDENT-real,t-bone,accident,1,weak_clip_event_window,accident_window,13.633333,18.924205,258,1920,1080,train,World,World::signalized_intersection,video52_00,39,153,2.060853,8.084884,accident_time=4.066667;type=t-bone;weak_clip=true,/autodl-fs/data/traffic_accident_rnd/ACCIDENT_mmaction_clips/full/train/video52_00__accident.mp4,train,full
video57_00__accident,video57_00,/autodl-fs/data/traffic_accident_rnd/ACCIDENT_dataset/real_videos/video57_00.mp4,ACCIDENT-real,t-bone,accident,1,weak_clip_event_window,accident_window,6.966667,25.837321,180,1920,1080,train,World,World::signalized_intersection,video57_00,18,173,0.696667,6.695741,accident_time=2.7;type=t-bone;weak_clip=true,/autodl-fs/data/traffic_accident_rnd/ACCIDENT_mmaction_clips/full/train/video57_00__accident.mp4,train,full
video60_00__pre_event_non_accident,video60_00,/autodl-fs/data/traffic_accident_rnd/ACCIDENT_dataset/real_videos/video60_00.mp4,ACCIDENT-real,head-on,non_accident,0,weak_clip_pre_event,pre_event_non_accident,22.7,25.374449,576,1920,1080,train,World,World::simple_intersection,video60_00,0,84,0.0,3.310417,derived_pre_accident_until=3.300;weak_negative=true,/autodl-fs/data/traffic_accident_rnd/ACCIDENT_mmaction_clips/full/train/video60_00__pre_event_non_accident.mp4,train,full
video60_00__accident,video60_00,/autodl-fs/data/traffic_accident_rnd/ACCIDENT_dataset/real_videos/video60_00.mp4,ACCIDENT-real,head-on,accident,1,weak_clip_event_window,accident_window,22.7,25.374449,576,1920,1080,train,World,World::simple_intersection,video60_00,109,261,4.29566,10.285938,accident_time=6.3;type=head-on;weak_clip=true,/autodl-fs/data/traffic_accident_rnd/ACCIDENT_mmaction_clips/full/train/video60_00__accident.mp4,train,full
video72_00__accident,video72_00,/autodl-fs/data/traffic_accident_rnd/ACCIDENT_dataset/real_videos/video72_00.mp4,ACCIDENT-real,sideswipe,accident,1,weak_clip_event_window,accident_window,8.633333,17.722008,153,1270,720,train,World,World::city_street,video72_00,0,100,0.0,5.642702,accident_time=1.633333;type=sideswipe;weak_clip=true,/autodl-fs/data/traffic_accident_rnd/ACCIDENT_mmaction_clips/full/train/video72_00__accident.mp4,train,full
vsgWvWqscHk_00__pre_event_non_accident,vsgWvWqscHk_00,/autodl-fs/data/traffic_accident_rnd/ACCIDENT_dataset/real_videos/vsgWvWqscHk_00.mp4,ACCIDENT-real,single,non_accident,0,weak_clip_pre_event,pre_event_non_accident,30.033333,14.983352,450,1440,1080,train,Tennessee,Tennessee::highway,vsgWvWqscHk_00,0,37,0.0,2.469407,derived_pre_accident_until=2.500;weak_negative=true,/autodl-fs/data/traffic_accident_rnd/ACCIDENT_mmaction_clips/full/train/vsgWvWqscHk_00__pre_event_non_accident.mp4,train,full
vsgWvWqscHk_00__accident,vsgWvWqscHk_00,/autodl-fs/data/traffic_accident_rnd/ACCIDENT_dataset/real_videos/vsgWvWqscHk_00.mp4,ACCIDENT-real,single,accident,1,weak_clip_event_window,accident_window,30.033333,14.983352,450,1440,1080,train,Tennessee,Tennessee::highway,vsgWvWqscHk_00,52,142,3.470519,9.477185,accident_time=5.5;type=single;weak_clip=true,/autodl-fs/data/traffic_accident_rnd/ACCIDENT_mmaction_clips/full/train/vsgWvWqscHk_00__accident.mp4,train,full
wQ_pGHoj2SI_00__pre_event_non_accident,wQ_pGHoj2SI_00,/autodl-fs/data/traffic_accident_rnd/ACCIDENT_dataset/real_videos/wQ_pGHoj2SI_00.mp4,ACCIDENT-real,rear-end,non_accident,0,weak_clip_pre_event,pre_event_non_accident,30.033333,15.016648,451,1620,1080,train,Alabama,Alabama::highway,wQ_pGHoj2SI_00,0,32,0.0,2.130968,derived_pre_accident_until=2.133;weak_negative=true,/autodl-fs/data/traffic_accident_rnd/ACCIDENT_mmaction_clips/full/train/wQ_pGHoj2SI_00__pre_event_non_accident.mp4,train,full
wQ_pGHoj2SI_00__accident,wQ_pGHoj2SI_00,/autodl-fs/data/traffic_accident_rnd/ACCIDENT_dataset/real_videos/wQ_pGHoj2SI_00.mp4,ACCIDENT-real,rear-end,accident,1,weak_clip_event_window,accident_window,30.033333,15.016648,451,1620,1080,train,Alabama,Alabama::highway,wQ_pGHoj2SI_00,47,137,3.12986,9.123208,accident_time=5.133;type=rear-end;weak_clip=true,/autodl-fs/data/traffic_accident_rnd/ACCIDENT_mmaction_clips/full/train/wQ_pGHoj2SI_00__accident.mp4,train,full
wScVipt0pWk_10_00__accident,wScVipt0pWk_10_00,/autodl-fs/data/traffic_accident_rnd/ACCIDENT_dataset/real_videos/wScVipt0pWk_10_00.mp4,ACCIDENT-real,t-bone,accident,1,weak_clip_event_window,accident_window,3.36,20.238095,68,1280,720,train,World,World::signalized_intersection,wScVipt0pWk_10_00,0,68,0.0,3.36,accident_time=1.2799999999999998;type=t-bone;weak_clip=true,/autodl-fs/data/traffic_accident_rnd/ACCIDENT_mmaction_clips/full/train/wScVipt0pWk_10_00__accident.mp4,train,full
wScVipt0pWk_13_00__accident,wScVipt0pWk_13_00,/autodl-fs/data/traffic_accident_rnd/ACCIDENT_dataset/real_videos/wScVipt0pWk_13_00.mp4,ACCIDENT-real,rear-end,accident,1,weak_clip_event_window,accident_window,5.68,12.676056,72,1280,720,train,World,World::signalized_intersection,wScVipt0pWk_13_00,12,72,0.946667,5.68,accident_time=2.92;type=rear-end;weak_clip=true,/autodl-fs/data/traffic_accident_rnd/ACCIDENT_mmaction_clips/full/train/wScVipt0pWk_13_00__accident.mp4,train,full
wScVipt0pWk_15_00__accident,wScVipt0pWk_15_00,/autodl-fs/data/traffic_accident_rnd/ACCIDENT_dataset/real_videos/wScVipt0pWk_15_00.mp4,ACCIDENT-real,t-bone,accident,1,weak_clip_event_window,accident_window,2.72,16.544118,45,1280,720,train,World,World::roundabout,wScVipt0pWk_15_00,0,45,0.0,2.72,accident_time=1.08;type=t-bone;weak_clip=true,/autodl-fs/data/traffic_accident_rnd/ACCIDENT_mmaction_clips/full/train/wScVipt0pWk_15_00__accident.mp4,train,full
wScVipt0pWk_17_00__accident,wScVipt0pWk_17_00,/autodl-fs/data/traffic_accident_rnd/ACCIDENT_dataset/real_videos/wScVipt0pWk_17_00.mp4,ACCIDENT-real,t-bone,accident,1,weak_clip_event_window,accident_window,6.2,19.83871,123,1280,720,train,World,World::simple_intersection,wScVipt0pWk_17_00,8,123,0.403252,6.2,accident_time=2.44;type=t-bone;weak_clip=true,/autodl-fs/data/traffic_accident_rnd/ACCIDENT_mmaction_clips/full/train/wScVipt0pWk_17_00__accident.mp4,train,full
wScVipt0pWk_3_00__accident,wScVipt0pWk_3_00,/autodl-fs/data/traffic_accident_rnd/ACCIDENT_dataset/real_videos/wScVipt0pWk_3_00.mp4,ACCIDENT-real,t-bone,accident,1,weak_clip_event_window,accident_window,4.56,12.719298,58,1280,720,train,World,World::city_street,wScVipt0pWk_3_00,0,58,0.0,4.56,accident_time=1.04;type=t-bone;weak_clip=true,/autodl-fs/data/traffic_accident_rnd/ACCIDENT_mmaction_clips/full/train/wScVipt0pWk_3_00__accident.mp4,train,full
wrKbzGEUOlI_00__pre_event_non_accident,wrKbzGEUOlI_00,/autodl-fs/data/traffic_accident_rnd/ACCIDENT_dataset/real_videos/wrKbzGEUOlI_00.mp4,ACCIDENT-real,single,non_accident,0,weak_clip_pre_event,pre_event_non_accident,30.033333,20.011099,601,1920,1080,train,Alabama,Alabama::highway,wrKbzGEUOlI_00,0,122,0.0,6.096617,derived_pre_accident_until=6.100;weak_negative=true,/autodl-fs/data/traffic_accident_rnd/ACCIDENT_mmaction_clips/full/train/wrKbzGEUOlI_00__pre_event_non_accident.mp4,train,full
wrKbzGEUOlI_00__accident,wrKbzGEUOlI_00,/autodl-fs/data/traffic_accident_rnd/ACCIDENT_dataset/real_videos/wrKbzGEUOlI_00.mp4,ACCIDENT-real,single,accident,1,weak_clip_event_window,accident_window,30.033333,20.011099,601,1920,1080,train,Alabama,Alabama::highway,wrKbzGEUOlI_00,142,262,7.096062,13.092734,accident_time=9.1;type=single;weak_clip=true,/autodl-fs/data/traffic_accident_rnd/ACCIDENT_mmaction_clips/full/train/wrKbzGEUOlI_00__accident.mp4,train,full
xApGBKUGoR4_00__accident,xApGBKUGoR4_00,/autodl-fs/data/traffic_accident_rnd/ACCIDENT_dataset/real_videos/xApGBKUGoR4_00.mp4,ACCIDENT-real,t-bone,accident,1,weak_clip_event_window,accident_window,29.925926,23.758663,711,1280,720,train,Seattle,Seattle::grade_separated_intersection,xApGBKUGoR4_00,44,187,1.851956,7.870813,accident_time=3.889;type=t-bone;weak_clip=true,/autodl-fs/data/traffic_accident_rnd/ACCIDENT_mmaction_clips/full/train/xApGBKUGoR4_00__accident.mp4,train,full
xFWObpD8KiE_00__accident,xFWObpD8KiE_00,/autodl-fs/data/traffic_accident_rnd/ACCIDENT_dataset/real_videos/xFWObpD8KiE_00.mp4,ACCIDENT-real,single,accident,1,weak_clip_event_window,accident_window,30.041667,14.979196,450,1280,720,train,Tennessee,Tennessee::highway,xFWObpD8KiE_00,16,106,1.068148,7.076481,accident_time=3.042;type=single;weak_clip=true,/autodl-fs/data/traffic_accident_rnd/ACCIDENT_mmaction_clips/full/train/xFWObpD8KiE_00__accident.mp4,train,full
xKT7khciy-c_10_00__accident,xKT7khciy-c_10_00,/autodl-fs/data/traffic_accident_rnd/ACCIDENT_dataset/real_videos/xKT7khciy-c_10_00.mp4,ACCIDENT-real,single,accident,1,weak_clip_event_window,accident_window,3.970633,22.666409,90,400,226,train,World,World::city_street,xKT7khciy-c_10_00,3,90,0.132354,3.970633,accident_time=2.1021;type=single;weak_clip=true,/autodl-fs/data/traffic_accident_rnd/ACCIDENT_mmaction_clips/full/train/xKT7khciy-c_10_00__accident.mp4,train,full
xKT7khciy-c_14_00__accident,xKT7khciy-c_14_00,/autodl-fs/data/traffic_accident_rnd/ACCIDENT_dataset/real_videos/xKT7khciy-c_14_00.mp4,ACCIDENT-real,t-bone,accident,1,weak_clip_event_window,accident_window,3.7037,17.280017,64,400,226,train,World,World::signalized_intersection,xKT7khciy-c_14_00,13,64,0.752314,3.7037,accident_time=2.769433;type=t-bone;weak_clip=true,/autodl-fs/data/traffic_accident_rnd/ACCIDENT_mmaction_clips/full/train/xKT7khciy-c_14_00__accident.mp4,train,full
xKT7khciy-c_16_00__accident,xKT7khciy-c_16_00,/autodl-fs/data/traffic_accident_rnd/ACCIDENT_dataset/real_videos/xKT7khciy-c_16_00.mp4,ACCIDENT-real,t-bone,accident,1,weak_clip_event_window,accident_window,9.075733,19.722924,179,400,226,train,World,World::signalized_intersection,xKT7khciy-c_16_00,16,134,0.811239,6.794124,accident_time=2.769434;type=t-bone;weak_clip=true,/autodl-fs/data/traffic_accident_rnd/ACCIDENT_mmaction_clips/full/train/xKT7khciy-c_16_00__accident.mp4,train,full
xKT7khciy-c_18_00__accident,xKT7khciy-c_18_00,/autodl-fs/data/traffic_accident_rnd/ACCIDENT_dataset/real_videos/xKT7khciy-c_18_00.mp4,ACCIDENT-real,single,accident,1,weak_clip_event_window,accident_window,7.574233,10.034019,76,400,226,train,World,World::roundabout,xKT7khciy-c_18_00,0,54,0.0,5.381692,accident_time=1.4014;type=single;weak_clip=true,/autodl-fs/data/traffic_accident_rnd/ACCIDENT_mmaction_clips/full/train/xKT7khciy-c_18_00__accident.mp4,train,full
xKT7khciy-c_20_00__accident,xKT7khciy-c_20_00,/autodl-fs/data/traffic_accident_rnd/ACCIDENT_dataset/real_videos/xKT7khciy-c_20_00.mp4,ACCIDENT-real,single,accident,1,weak_clip_event_window,accident_window,6.5065,13.063859,85,400,226,train,World,World::city_street,xKT7khciy-c_20_00,0,72,0.0,5.511388,accident_time=1.5015;type=single;weak_clip=true,/autodl-fs/data/traffic_accident_rnd/ACCIDENT_mmaction_clips/full/train/xKT7khciy-c_20_00__accident.mp4,train,full
xKT7khciy-c_22_00__accident,xKT7khciy-c_22_00,/autodl-fs/data/traffic_accident_rnd/ACCIDENT_dataset/real_videos/xKT7khciy-c_22_00.mp4,ACCIDENT-real,t-bone,accident,1,weak_clip_event_window,accident_window,8.975633,18.605929,167,400,226,train,World,World::signalized_intersection,xKT7khciy-c_22_00,9,120,0.483717,6.449557,accident_time=2.4691330000000002;type=t-bone;weak_clip=true,/autodl-fs/data/traffic_accident_rnd/ACCIDENT_mmaction_clips/full/train/xKT7khciy-c_22_00__accident.mp4,train,full
xKT7khciy-c_5_00__pre_event_non_accident,xKT7khciy-c_5_00,/autodl-fs/data/traffic_accident_rnd/ACCIDENT_dataset/real_videos/xKT7khciy-c_5_00.mp4,ACCIDENT-real,sideswipe,non_accident,0,weak_clip_pre_event,pre_event_non_accident,11.9119,19.812121,236,400,226,train,World,World::signalized_intersection,xKT7khciy-c_5_00,0,31,0.0,1.564699,derived_pre_accident_until=1.571;weak_negative=true,/autodl-fs/data/traffic_accident_rnd/ACCIDENT_mmaction_clips/full/train/xKT7khciy-c_5_00__pre_event_non_accident.mp4,train,full
xKT7khciy-c_5_00__accident,xKT7khciy-c_5_00,/autodl-fs/data/traffic_accident_rnd/ACCIDENT_dataset/real_videos/xKT7khciy-c_5_00.mp4,ACCIDENT-real,sideswipe,accident,1,weak_clip_event_window,accident_window,11.9119,19.812121,236,400,226,train,World,World::signalized_intersection,xKT7khciy-c_5_00,51,170,2.574182,8.580606,accident_time=4.571233;type=sideswipe;weak_clip=true,/autodl-fs/data/traffic_accident_rnd/ACCIDENT_mmaction_clips/full/train/xKT7khciy-c_5_00__accident.mp4,train,full
xKT7khciy-c_8_00__accident,xKT7khciy-c_8_00,/autodl-fs/data/traffic_accident_rnd/ACCIDENT_dataset/real_videos/xKT7khciy-c_8_00.mp4,ACCIDENT-real,t-bone,accident,1,weak_clip_event_window,accident_window,4.5045,16.206016,73,400,226,train,World,World::simple_intersection,xKT7khciy-c_8_00,12,73,0.740466,4.5045,accident_time=2.7027;type=t-bone;weak_clip=true,/autodl-fs/data/traffic_accident_rnd/ACCIDENT_mmaction_clips/full/train/xKT7khciy-c_8_00__accident.mp4,train,full
xNdcRobqvsc_00__accident,xNdcRobqvsc_00,/autodl-fs/data/traffic_accident_rnd/ACCIDENT_dataset/real_videos/xNdcRobqvsc_00.mp4,ACCIDENT-real,single,accident,1,weak_clip_event_window,accident_window,24.296005,14.899569,362,2400,1080,train,Virginia,Virginia::highway,xNdcRobqvsc_00,23,113,1.543669,7.584112,accident_time=3.537;type=single;weak_clip=true,/autodl-fs/data/traffic_accident_rnd/ACCIDENT_mmaction_clips/full/train/xNdcRobqvsc_00__accident.mp4,train,full
xSMybsal-zs_00__pre_event_non_accident,xSMybsal-zs_00,/autodl-fs/data/traffic_accident_rnd/ACCIDENT_dataset/real_videos/xSMybsal-zs_00.mp4,ACCIDENT-real,single,non_accident,0,weak_clip_pre_event,pre_event_non_accident,10.375,7.807229,81,1280,720,train,Arkansas,Arkansas::highway,xSMybsal-zs_00,0,12,0.0,1.537037,derived_pre_accident_until=1.500;weak_negative=true,/autodl-fs/data/traffic_accident_rnd/ACCIDENT_mmaction_clips/full/train/xSMybsal-zs_00__pre_event_non_accident.mp4,train,full
xSMybsal-zs_00__accident,xSMybsal-zs_00,/autodl-fs/data/traffic_accident_rnd/ACCIDENT_dataset/real_videos/xSMybsal-zs_00.mp4,ACCIDENT-real,single,accident,1,weak_clip_event_window,accident_window,10.375,7.807229,81,1280,720,train,Arkansas,Arkansas::highway,xSMybsal-zs_00,19,66,2.433642,8.453704,accident_time=4.5;type=single;weak_clip=true,/autodl-fs/data/traffic_accident_rnd/ACCIDENT_mmaction_clips/full/train/xSMybsal-zs_00__accident.mp4,train,full
xoq6jahieRg_00__pre_event_non_accident,xoq6jahieRg_00,/autodl-fs/data/traffic_accident_rnd/ACCIDENT_dataset/real_videos/xoq6jahieRg_00.mp4,ACCIDENT-real,rear-end,non_accident,0,weak_clip_pre_event,pre_event_non_accident,20.366667,29.9018,609,1920,1080,train,Alabama,Alabama::highway,xoq6jahieRg_00,0,87,0.0,2.909524,derived_pre_accident_until=2.900;weak_negative=true,/autodl-fs/data/traffic_accident_rnd/ACCIDENT_mmaction_clips/full/train/xoq6jahieRg_00__pre_event_non_accident.mp4,train,full
xoq6jahieRg_00__accident,xoq6jahieRg_00,/autodl-fs/data/traffic_accident_rnd/ACCIDENT_dataset/real_videos/xoq6jahieRg_00.mp4,ACCIDENT-real,rear-end,accident,1,weak_clip_event_window,accident_window,20.366667,29.9018,609,1920,1080,train,Alabama,Alabama::highway,xoq6jahieRg_00,116,296,3.879365,9.89907,accident_time=5.9;type=rear-end;weak_clip=true,/autodl-fs/data/traffic_accident_rnd/ACCIDENT_mmaction_clips/full/train/xoq6jahieRg_00__accident.mp4,train,full
y4Evv5By6sg_1_00__pre_event_non_accident,y4Evv5By6sg_1_00,/autodl-fs/data/traffic_accident_rnd/ACCIDENT_dataset/real_videos/y4Evv5By6sg_1_00.mp4,ACCIDENT-real,t-bone,non_accident,0,weak_clip_pre_event,pre_event_non_accident,9.943267,24.840931,247,1280,720,train,World,World::city_street,y4Evv5By6sg_1_00,0,37,0.0,1.489477,derived_pre_accident_until=1.505;weak_negative=true,/autodl-fs/data/traffic_accident_rnd/ACCIDENT_mmaction_clips/full/train/y4Evv5By6sg_1_00__pre_event_non_accident.mp4,train,full
y4Evv5By6sg_1_00__accident,y4Evv5By6sg_1_00,/autodl-fs/data/traffic_accident_rnd/ACCIDENT_dataset/real_videos/y4Evv5By6sg_1_00.mp4,ACCIDENT-real,t-bone,accident,1,weak_clip_event_window,accident_window,9.943267,24.840931,247,1280,720,train,World,World::city_street,y4Evv5By6sg_1_00,62,211,2.495881,8.494046,accident_time=4.5045;type=t-bone;weak_clip=true,/autodl-fs/data/traffic_accident_rnd/ACCIDENT_mmaction_clips/full/train/y4Evv5By6sg_1_00__accident.mp4,train,full
y4Evv5By6sg_3_00__accident,y4Evv5By6sg_3_00,/autodl-fs/data/traffic_accident_rnd/ACCIDENT_dataset/real_videos/y4Evv5By6sg_3_00.mp4,ACCIDENT-real,head-on,accident,1,weak_clip_event_window,accident_window,7.4074,24.840025,184,1280,720,train,World,World::simple_intersection,y4Evv5By6sg_3_00,30,179,1.207728,7.206112,accident_time=3.2032;type=head-on;weak_clip=true,/autodl-fs/data/traffic_accident_rnd/ACCIDENT_mmaction_clips/full/train/y4Evv5By6sg_3_00__accident.mp4,train,full
y4Evv5By6sg_4_00__accident,y4Evv5By6sg_4_00,/autodl-fs/data/traffic_accident_rnd/ACCIDENT_dataset/real_videos/y4Evv5By6sg_4_00.mp4,ACCIDENT-real,head-on,accident,1,weak_clip_event_window,accident_window,6.840167,24.707,169,1280,720,train,World,World::simple_intersection,y4Evv5By6sg_4_00,24,169,0.971385,6.840167,accident_time=2.969633;type=head-on;weak_clip=true,/autodl-fs/data/traffic_accident_rnd/ACCIDENT_mmaction_clips/full/train/y4Evv5By6sg_4_00__accident.mp4,train,full
yA0g2eWjmNs_00__pre_event_non_accident,yA0g2eWjmNs_00,/autodl-fs/data/traffic_accident_rnd/ACCIDENT_dataset/real_videos/yA0g2eWjmNs_00.mp4,ACCIDENT-real,single,non_accident,0,weak_clip_pre_event,pre_event_non_accident,30.041667,14.945908,449,960,720,train,Virginia,Virginia::highway,yA0g2eWjmNs_00,0,28,0.0,1.873422,derived_pre_accident_until=1.875;weak_negative=true,/autodl-fs/data/traffic_accident_rnd/ACCIDENT_mmaction_clips/full/train/yA0g2eWjmNs_00__pre_event_non_accident.mp4,train,full
yA0g2eWjmNs_00__accident,yA0g2eWjmNs_00,/autodl-fs/data/traffic_accident_rnd/ACCIDENT_dataset/real_videos/yA0g2eWjmNs_00.mp4,ACCIDENT-real,single,accident,1,weak_clip_event_window,accident_window,30.041667,14.945908,449,960,720,train,Virginia,Virginia::highway,yA0g2eWjmNs_00,43,133,2.877042,8.898756,accident_time=4.875;type=single;weak_clip=true,/autodl-fs/data/traffic_accident_rnd/ACCIDENT_mmaction_clips/full/train/yA0g2eWjmNs_00__accident.mp4,train,full
yQyB-0PLYAU_00__accident,yQyB-0PLYAU_00,/autodl-fs/data/traffic_accident_rnd/ACCIDENT_dataset/real_videos/yQyB-0PLYAU_00.mp4,ACCIDENT-real,t-bone,accident,1,weak_clip_event_window,accident_window,30.066667,29.700665,893,1920,1080,train,Georgia,Georgia::highway,yQyB-0PLYAU_00,35,213,1.178425,7.171557,accident_time=3.167;type=t-bone;weak_clip=true,/autodl-fs/data/traffic_accident_rnd/ACCIDENT_mmaction_clips/full/train/yQyB-0PLYAU_00__accident.mp4,train,full
yZNmOYWiGY0_00__accident,yZNmOYWiGY0_00,/autodl-fs/data/traffic_accident_rnd/ACCIDENT_dataset/real_videos/yZNmOYWiGY0_00.mp4,ACCIDENT-real,sideswipe,accident,1,weak_clip_event_window,accident_window,30.083333,13.66205,411,1280,720,train,Virginia,Virginia::highway,yZNmOYWiGY0_00,20,102,1.463909,7.465937,accident_time=3.417;type=sideswipe;weak_clip=true,/autodl-fs/data/traffic_accident_rnd/ACCIDENT_mmaction_clips/full/train/yZNmOYWiGY0_00__accident.mp4,train,full
yj1M5Qp3k4w_00__pre_event_non_accident,yj1M5Qp3k4w_00,/autodl-fs/data/traffic_accident_rnd/ACCIDENT_dataset/real_videos/yj1M5Qp3k4w_00.mp4,ACCIDENT-real,single,non_accident,0,weak_clip_pre_event,pre_event_non_accident,30.041667,14.979196,450,1056,720,train,Wisconsin,Wisconsin::grade_separated_intersection,yj1M5Qp3k4w_00,0,35,0.0,2.336574,derived_pre_accident_until=2.333;weak_negative=true,/autodl-fs/data/traffic_accident_rnd/ACCIDENT_mmaction_clips/full/train/yj1M5Qp3k4w_00__pre_event_non_accident.mp4,train,full
yj1M5Qp3k4w_00__accident,yj1M5Qp3k4w_00,/autodl-fs/data/traffic_accident_rnd/ACCIDENT_dataset/real_videos/yj1M5Qp3k4w_00.mp4,ACCIDENT-real,single,accident,1,weak_clip_event_window,accident_window,30.041667,14.979196,450,1056,720,train,Wisconsin,Wisconsin::grade_separated_intersection,yj1M5Qp3k4w_00,50,140,3.337963,9.346296,accident_time=5.333;type=single;weak_clip=true,/autodl-fs/data/traffic_accident_rnd/ACCIDENT_mmaction_clips/full/train/yj1M5Qp3k4w_00__accident.mp4,train,full
ysTXjULP4u8_00__pre_event_non_accident,ysTXjULP4u8_00,/autodl-fs/data/traffic_accident_rnd/ACCIDENT_dataset/real_videos/ysTXjULP4u8_00.mp4,ACCIDENT-real,single,non_accident,0,weak_clip_pre_event,pre_event_non_accident,29.958333,15.020862,450,960,720,train,Virginia,Virginia::highway,ysTXjULP4u8_00,0,29,0.0,1.930648,derived_pre_accident_until=1.958;weak_negative=true,/autodl-fs/data/traffic_accident_rnd/ACCIDENT_mmaction_clips/full/train/ysTXjULP4u8_00__pre_event_non_accident.mp4,train,full
ysTXjULP4u8_00__accident,ysTXjULP4u8_00,/autodl-fs/data/traffic_accident_rnd/ACCIDENT_dataset/real_videos/ysTXjULP4u8_00.mp4,ACCIDENT-real,single,accident,1,weak_clip_event_window,accident_window,29.958333,15.020862,450,960,720,train,Virginia,Virginia::highway,ysTXjULP4u8_00,44,134,2.929259,8.920926,accident_time=4.958333;type=single;weak_clip=true,/autodl-fs/data/traffic_accident_rnd/ACCIDENT_mmaction_clips/full/train/ysTXjULP4u8_00__accident.mp4,train,full
yxdh-n8LgyY_00__pre_event_non_accident,yxdh-n8LgyY_00,/autodl-fs/data/traffic_accident_rnd/ACCIDENT_dataset/real_videos/yxdh-n8LgyY_00.mp4,ACCIDENT-real,single,non_accident,0,weak_clip_pre_event,pre_event_non_accident,30.041667,8.022191,241,1280,720,train,Arkansas,Arkansas::highway,yxdh-n8LgyY_00,0,12,0.0,1.495851,derived_pre_accident_until=1.458;weak_negative=true,/autodl-fs/data/traffic_accident_rnd/ACCIDENT_mmaction_clips/full/train/yxdh-n8LgyY_00__pre_event_non_accident.mp4,train,full
yxdh-n8LgyY_00__accident,yxdh-n8LgyY_00,/autodl-fs/data/traffic_accident_rnd/ACCIDENT_dataset/real_videos/yxdh-n8LgyY_00.mp4,ACCIDENT-real,single,accident,1,weak_clip_event_window,accident_window,30.041667,8.022191,241,1280,720,train,Arkansas,Arkansas::highway,yxdh-n8LgyY_00,20,68,2.493084,8.476487,accident_time=4.458;type=single;weak_clip=true,/autodl-fs/data/traffic_accident_rnd/ACCIDENT_mmaction_clips/full/train/yxdh-n8LgyY_00__accident.mp4,train,full
zISHd2Jt7Qs_00__pre_event_non_accident,zISHd2Jt7Qs_00,/autodl-fs/data/traffic_accident_rnd/ACCIDENT_dataset/real_videos/zISHd2Jt7Qs_00.mp4,ACCIDENT-real,rear-end,non_accident,0,weak_clip_pre_event,pre_event_non_accident,30.033333,15.083241,453,1620,1080,train,Alabama,Alabama::highway,zISHd2Jt7Qs_00,0,49,0.0,3.248639,derived_pre_accident_until=3.233;weak_negative=true,/autodl-fs/data/traffic_accident_rnd/ACCIDENT_mmaction_clips/full/train/zISHd2Jt7Qs_00__pre_event_non_accident.mp4,train,full
zISHd2Jt7Qs_00__accident,zISHd2Jt7Qs_00,/autodl-fs/data/traffic_accident_rnd/ACCIDENT_dataset/real_videos/zISHd2Jt7Qs_00.mp4,ACCIDENT-real,rear-end,accident,1,weak_clip_event_window,accident_window,30.033333,15.083241,453,1620,1080,train,Alabama,Alabama::highway,zISHd2Jt7Qs_00,64,154,4.24312,10.210007,accident_time=6.233;type=rear-end;weak_clip=true,/autodl-fs/data/traffic_accident_rnd/ACCIDENT_mmaction_clips/full/train/zISHd2Jt7Qs_00__accident.mp4,train,full
zKzNUiaoHZI_00__pre_event_non_accident,zKzNUiaoHZI_00,/autodl-fs/data/traffic_accident_rnd/ACCIDENT_dataset/real_videos/zKzNUiaoHZI_00.mp4,ACCIDENT-real,single,non_accident,0,weak_clip_pre_event,pre_event_non_accident,9.625,14.961039,144,960,720,train,Virginia,Virginia::highway,zKzNUiaoHZI_00,0,54,0.0,3.609375,derived_pre_accident_until=3.625;weak_negative=true,/autodl-fs/data/traffic_accident_rnd/ACCIDENT_mmaction_clips/full/train/zKzNUiaoHZI_00__pre_event_non_accident.mp4,train,full
zKzNUiaoHZI_00__accident,zKzNUiaoHZI_00,/autodl-fs/data/traffic_accident_rnd/ACCIDENT_dataset/real_videos/zKzNUiaoHZI_00.mp4,ACCIDENT-real,single,accident,1,weak_clip_event_window,accident_window,9.625,14.961039,144,960,720,train,Virginia,Virginia::highway,zKzNUiaoHZI_00,69,144,4.611979,9.625,accident_time=6.625;type=single;weak_clip=true,/autodl-fs/data/traffic_accident_rnd/ACCIDENT_mmaction_clips/full/train/zKzNUiaoHZI_00__accident.mp4,train,full
